WKT,fid,u,v,osmid,name,highway,oneway,reversed,length,lanes,ref,access,service,maxspeed,bridge,junction,tunnel,area,width,total_split_CYD
"LINESTRING (-81.959739 26.45594,-81.9598459 26.4560441,-81.9600501 26.4562431,-81.9601406 26.4563313,-81.9601841 26.4563737,-81.9602306 26.4564156)",2267,98027430,5694055621,166094633,Estero Boulevard,tertiary,False,False,72.059,2,,,,25 mph,,,,,,115.5887288696564
"LINESTRING (-81.959739 26.45594,-81.959793 26.4558853,-81.9599432 26.4557332,-81.9599822 26.4557633,-81.9600866 26.455844)",2269,98027430,5694077515,598233640,,service,False,True,49.549,,,,,,,,,,,27.254546379234817
"LINESTRING (-81.959739 26.45594,-81.9596247 26.4558588,-81.9595667 26.4558238,-81.959538 26.4558065,-81.959516 26.4557933,-81.9594584 26.4557586,-81.9592819 26.4556524,-81.9592703 26.4556454)",2268,98027430,5833573709,166094633,Estero Boulevard,tertiary,False,True,57.043,2,,,,25 mph,,,,,,306.57851768516457
"LINESTRING (-81.959739 26.45594,-81.9596799 26.4560013,-81.9596254 26.4560579,-81.9590043 26.4567031)",2266,98027430,8793154921,11007879,Matanzas Street,residential,False,False,112.024,,,,,,,,,,,144.95102012251735
"LINESTRING (-81.9586471 26.4570741,-81.9582706 26.4568632)",2271,98027435,98444340,11041982,Matanzas Court,residential,False,False,44.212,,,,,,,,,,,140.52756621440068
"LINESTRING (-81.9586471 26.4570741,-81.9585555 26.4571404,-81.9584095 26.4574911)",2273,98027435,7013821670,750068062,,service,False,False,53.343,,,private,driveway,,,,,,,130.61273432886338
"LINESTRING (-81.9586471 26.4570741,-81.9588334 26.457179)",2272,98027435,7013821671,11041982,Matanzas Court,residential,False,True,21.909,,,,,,,,,,,302.04265071712115
"LINESTRING (-81.9586471 26.4570741,-81.9590043 26.4567031)",2270,98027435,8793154921,11007879,Matanzas Street,residential,False,True,54.464,,,,,,,,,,,221.55489980958504
"LINESTRING (-81.949508 26.461042,-81.9495214 26.4597937)",2274,98029423,98280281,11029597,Ostego Drive,residential,False,True,138.811,,,,,,,,,,,0.0
"LINESTRING (-81.949508 26.461042,-81.9491881 26.4609713)",2275,98029423,1793687118,168027412,Main Street,residential,False,False,32.801,,,,,,,,,,,0.0
"LINESTRING (-81.949508 26.461042,-81.949926 26.461141,-81.950077 26.4611751,-81.9504499 26.4612594)",2277,98029423,7013893152,168027415,Main Street,residential,False,True,96.83,,,,,,,,,,,0.0
"LINESTRING (-81.949508 26.461042,-81.9495481 26.4627936,-81.9497085 26.4628292,-81.9500282 26.4628329,-81.9501598 26.4628366,-81.9502246 26.4628067,-81.9502748 26.4627413,-81.9504022 26.4624962,-81.9505506 26.4623036,-81.9506007 26.4622344,-81.9506153 26.4621847)",2276,98029423,7328205635,"[796729800, 11008097]",Sea Side Drive,"['residential', 'service']",False,"[False, True]",343.236,,,,,,,,,,,2.765361274197469
"LINESTRING (-81.941712 26.459724,-81.941714 26.45992,-81.941697 26.459987,-81.941647 26.460036,-81.941571 26.460055,-81.941497 26.460041,-81.941485 26.460031,-81.941439 26.459992,-81.941419 26.459918,-81.941448 26.45985,-81.941512 26.459802,-81.941712 26.459724)",2279,98029850,98029850,11008128,Doubloon Way,residential,False,False,106.726,,,,,,,,,,,0.0
"LINESTRING (-81.941712 26.459724,-81.941694 26.458085)",2278,98029850,98029868,11008129,Doubloon Way,residential,False,True,182.258,,,,,,,,,,,0.0
"LINESTRING (-81.940882 26.458097,-81.941141 26.458095,-81.941397 26.458093,-81.941694 26.458085)",2623,98289577,98029868,11030239,Spanish Main Street,residential,True,False,80.848,,,,,,,,,,,0.0
"LINESTRING (-81.941694 26.458085,-81.941953 26.458085,-81.9425759 26.458083)",2283,98029868,98289583,11030239,Spanish Main Street,residential,True,False,87.792,,,,,,,,,,,0.0
"LINESTRING (-81.941694 26.458085,-81.9416941 26.4580185)",2282,98029868,1756886972,11008129,Doubloon Way,residential,False,True,7.394,,,,,,,,,,,0.0
"LINESTRING (-81.9402942 26.4602397,-81.940315 26.4602484,-81.9403313 26.460263,-81.940341 26.4602817,-81.9403429 26.4603035,-81.9403364 26.4603233,-81.9403228 26.4603399,-81.940296 26.4603539,-81.9402731 26.4603562,-81.9402507 26.4603515,-81.9402313 26.46034,-81.9402177 26.4603234,-81.9402111 26.4603037,-81.9402142 26.4602781,-81.9402251 26.46026,-81.9402424 26.4602464,-81.9402638 26.4602388,-81.9402942 26.4602397)",2284,98037982,98037982,11008838,Blackbeard Way,residential,False,False,41.214,,,,,,,,,,,0.0
"LINESTRING (-81.9402942 26.4602397,-81.940339 26.46005,-81.940339 26.459605)",2286,98037982,98037993,11042465,Cortez Way,residential,False,True,71.042,,,,,,,,,,,0.0
"LINESTRING (-81.940339 26.459605,-81.940334 26.458102)",2287,98037993,98037995,11008840,Blackbeard Way,residential,False,False,167.127,,,,,,,,,,,0.0
"LINESTRING (-81.940339 26.459605,-81.940431 26.45956,-81.940645 26.459439,-81.940708 26.459397,-81.940767 26.45935,-81.940818 26.459298,-81.940858 26.459242,-81.940878 26.459178,-81.940884 26.459115,-81.940888 26.45897,-81.940879 26.458229,-81.940882 26.458097)",2288,98037993,98289577,11042464,Cortez Way,residential,False,True,194.029,,,,,,,,,,,0.0
"LINESTRING (-81.940334 26.458102,-81.940339 26.458027)",2290,98037995,98121991,11008840,Blackbeard Way,residential,False,False,8.354,,,,,,,,,,,0.0
"LINESTRING (-81.9395 26.458111,-81.939649 26.458106,-81.940334 26.458102)",2499,98228892,98037995,11030239,Spanish Main Street,residential,True,False,83.035,,,,,,,,,,,0.0
"LINESTRING (-81.940334 26.458102,-81.940882 26.458097)",2292,98037995,98289577,11030239,Spanish Main Street,residential,True,False,54.555,,,,,,,,,,,0.0
"LINESTRING (-81.9288898 26.4414045,-81.9289721 26.4414505,-81.9290953 26.4415194,-81.9291616 26.4415564)",2295,98041592,98178963,11041092,Estero Boulevard,secondary,False,False,31.899,2,CR 865,,,25 mph,,,,,,245.17288370019028
"LINESTRING (-81.9288898 26.4414045,-81.9284612 26.4411649)",2293,98041592,5741904810,11041092,Estero Boulevard,secondary,False,True,50.307,2,CR 865,,,25 mph,,,,,,152.2297657527729
"LINESTRING (-81.9288898 26.4414045,-81.9288371 26.4414639,-81.92883 26.441472,-81.9287425 26.4415561,-81.928727 26.441571,-81.9285858 26.4416879)",2294,98041592,5741904811,11009159,Saint Peters Drive,residential,False,False,43.772,,,,,,,,,,,102.90741157932241
"LINESTRING (-81.927594 26.442294,-81.9275 26.442297,-81.9274058 26.4423281)",2296,98041609,98041614,11009159,Saint Peters Drive,residential,False,False,19.361,,,,,,,,,,,1794.2023668784948
"LINESTRING (-81.927594 26.442294,-81.927749 26.44231,-81.92783 26.442296,-81.927903 26.442253,-81.9281076 26.4420837)",2298,98041609,5741904813,11009159,Saint Peters Drive,residential,False,True,60.184,,,,,,,,,,,605.0070885256414
"LINESTRING (-81.9274058 26.4423281,-81.927346 26.442366,-81.927201 26.442492,-81.9260618 26.4434237)",2299,98041614,98041618,11009159,Saint Peters Drive,residential,False,False,181.025,,,,,,,,,,,1294.4925915862177
"LINESTRING (-81.9260618 26.4434237,-81.9260355 26.4434081,-81.9260049 26.4434015,-81.9259736 26.4434047,-81.9259453 26.4434173,-81.9259236 26.4434377,-81.925911 26.4434635,-81.9259089 26.4434917,-81.9259177 26.4435188,-81.9259364 26.4435415,-81.9259598 26.4435561,-81.9259871 26.4435634,-81.9260156 26.4435629,-81.9260425 26.4435544,-81.9260651 26.4435389,-81.9260813 26.4435179,-81.9260894 26.4434935,-81.9260887 26.443468,-81.9260792 26.4434439,-81.9260618 26.4434237)",2303,98041618,98041618,11028404,Saint Peters Drive,residential,True,False,56.612,,,,,,,,,,,655.5592415746903
"LINESTRING (-81.948484 26.449852,-81.9484915 26.4503472)",2304,98048423,5718334232,11009723,Miramar Street,residential,False,False,55.069,,,,,,,,,,,83.65779919746979
"LINESTRING (-81.948497 26.4507052,-81.9484961 26.4506372,-81.9484942 26.4505228)",2307,98048425,5718334234,11009723,Miramar Street,residential,False,True,20.284,,,,,,,,,,,84.81565371471507
"LINESTRING (-81.948497 26.4507052,-81.9488979 26.4508312)",2305,98048425,5720786974,882352979,Estero Boulevard,secondary,False,False,42.299,2,CR 865,,,25 mph,,,,,,223.2635783204713
"LINESTRING (-81.948497 26.4507052,-81.9483989 26.4506695,-81.9482302 26.450608)",2308,98048425,5723054253,882352979,Estero Boulevard,secondary,False,True,28.676,2,CR 865,,,25 mph,,,,,,86.05219737390905
"LINESTRING (-81.948497 26.4507052,-81.9484973 26.4507633,-81.9485014 26.450991)",2306,98048425,5723054254,11009723,Miramar Street,residential,False,False,31.783,,,,,,,,,,,318.3875096304672
"LINESTRING (-81.948553 26.454381,-81.9485014 26.450991)",2309,98048440,5723054254,11009723,Miramar Street,residential,False,True,376.986,,,,,,,,,,,795.5472251014428
"LINESTRING (-81.926676 26.4401562,-81.9265693 26.4400957,-81.9263372 26.4399641,-81.9262169 26.4398959,-81.9260999 26.4398295,-81.9260258 26.4397874)",2312,98052548,98117718,11041092,Estero Boulevard,secondary,False,True,76.632,2,CR 865,,,25 mph,,,,,,724.6820321236344
"LINESTRING (-81.926676 26.4401562,-81.9266244 26.4402096,-81.926546 26.44029,-81.9265297 26.4403033,-81.9264659 26.4403557,-81.9264061 26.4404047,-81.926368 26.440436,-81.926185 26.440593,-81.925982 26.440755,-81.924548 26.441939,-81.924375 26.442072,-81.924106 26.441816,-81.923876 26.441576)",2310,98052548,98117723,"[11010100, 11042053]","['Mandalay Road', 'Bayside Road']",residential,False,False,387.224,,,,,,,,,,,1400.734174522967
"LINESTRING (-81.926676 26.4401562,-81.9269772 26.440327,-81.927263 26.4404892,-81.9273263 26.4405251)",2311,98052548,98272754,11041092,Estero Boulevard,secondary,False,False,76.647,2,CR 865,,,25 mph,,,,,,1341.5149745535673
"LINESTRING (-81.8848192 26.4070972,-81.884585 26.407009,-81.884497 26.406965,-81.884452 26.406907,-81.884432 26.406839,-81.884419 26.406594,-81.8844258 26.4063622)",1,98053284,98053295,11010162,Little Carlos Court,residential,False,False,104.071,,,,,,,,,,,0.0
"LINESTRING (-81.8848192 26.4070972,-81.884594 26.4076676,-81.884562 26.4077309,-81.8845141 26.4078093)",2,98053284,98153441,11018481,Estrellita Drive,residential,False,False,84.939,,,,,,,,,,,0.0
"LINESTRING (-81.8848192 26.4070972,-81.884947 26.406756,-81.884981 26.406682,-81.885024 26.406613,-81.885076 26.406567,-81.885367 26.406437,-81.885426 26.406398,-81.88545 26.406327,-81.885438 26.40625,-81.885273 26.405877,-81.8852001 26.4057239)",3,98053284,5095138450,11018481,Estrellita Drive,residential,False,True,184.687,,,,,,,,,,,0.0
"LINESTRING (-81.896134 26.40704,-81.8960677 26.4070915,-81.89604 26.407113,-81.895713 26.407333,-81.895585 26.4074,-81.895513 26.407431,-81.895362 26.40748,-81.895206 26.407513,-81.895133 26.407525,-81.895055 26.407529)",228,98272282,98054683,11037503,Buccaneer Drive,residential,True,False,122.974,,,,,20 mph,,,,,,307.1979136453608
"LINESTRING (-81.895055 26.407529,-81.895101 26.407588,-81.895124 26.40765)",6,98054683,98315980,11037501,Buccaneer Drive,residential,False,True,15.267,,,,,20 mph,,,,,,626.7522708378673
"LINESTRING (-81.895055 26.407529,-81.8950173 26.4074905,-81.894985 26.407441,-81.894955 26.407373,-81.8949163 26.4072769,-81.894889 26.407214,-81.894846 26.407138,-81.894797 26.407066,-81.894741 26.406997,-81.894634 26.406897,-81.894517 26.406806,-81.894337 26.40669,-81.894066 26.406527)",5,98054683,98316007,11037501,Buccaneer Drive,residential,False,False,152.828,,,,,20 mph,,,,,,1090.3752056324665
"LINESTRING (-81.9525569 26.4520107,-81.9524901 26.4520449,-81.9522233 26.4521801,-81.952177 26.4522036,-81.952121 26.452232,-81.952017 26.452311)",2313,98055554,98055560,11010335,Palermo Circle,residential,False,False,63.465,,,,,,,,,,,959.4454664746098
"LINESTRING (-81.9525569 26.4520107,-81.9526703 26.4520473,-81.9527128 26.452061)",2314,98055554,98272648,882352979,Estero Boulevard,secondary,False,False,16.498,2,CR 865,,,25 mph,,,,,,221.09400626388543
"LINESTRING (-81.9525569 26.4520107,-81.9523924 26.4519576,-81.9522421 26.451909,-81.9521419 26.4518767)",2315,98055554,98272651,882352979,Estero Boulevard,secondary,False,True,43.92,2,CR 865,,,25 mph,,,,,,114.90862985709971
"LINESTRING (-81.952017 26.452311,-81.951968 26.452364,-81.951841 26.452549,-81.951763 26.45268,-81.95173 26.452749,-81.951682 26.452897,-81.951652 26.453053,-81.951639 26.453206)",2316,98055560,98055574,11010335,Palermo Circle,residential,False,False,108.45,,,,,,,,,,,2666.954881537613
"LINESTRING (-81.952017 26.452311,-81.9518934 26.452257,-81.9512124 26.4520247)",2318,98055560,5711385436,11017725,Santos Road,residential,False,False,86.242,,,,,,,,,,,1013.7859396431893
"LINESTRING (-81.951639 26.453206,-81.951703 26.45516,-81.951695 26.455225,-81.951651 26.455277)",2320,98055574,98055589,11010338,Palermo Circle,residential,False,False,231.894,,,,,,,,,,,5251.578437984891
"LINESTRING (-81.951651 26.455277,-81.9516548 26.4553308,-81.9517045 26.4554009,-81.951822 26.4554616,-81.9520629 26.4555762)",2324,98055589,8192978029,880874066,,service,False,False,55.888,,,,,,,,,,,1146.3883851327557
"LINESTRING (-81.9390591 26.4465554,-81.9386745 26.446369,-81.9382781 26.4461421,-81.937981 26.445972)",2327,98059314,98059337,11010657,Seaview Street,unclassified,False,True,125.49,,,,,,,,,,,32.50985693080927
"LINESTRING (-81.9390591 26.4465554,-81.9391036 26.4464572,-81.9391492 26.4463227)",2326,98059314,2213554502,11010656,Seaview Street,unclassified,False,True,27.414,,,,,,,,,,,0.0
"LINESTRING (-81.9390591 26.4465554,-81.9389785 26.4467315)",2325,98059314,5736734599,11010656,Seaview Street,unclassified,False,False,21.162,,,,,,,,,,,0.0
"LINESTRING (-81.938955 26.446783,-81.9389785 26.4467315)",2328,98059316,5736734599,11010656,Seaview Street,unclassified,False,True,6.186,,,,,,,,,,,0.0
"LINESTRING (-81.938955 26.446783,-81.9388144 26.4466983)",2329,98059316,5736939798,604683570,,service,False,True,16.871,,,,,,,,,,,0.0
"LINESTRING (-81.938955 26.446783,-81.938935 26.446855,-81.938927 26.446924,-81.938934 26.446999,-81.9389419 26.4470395)",2330,98059316,5736939799,11010656,Seaview Street,unclassified,False,False,28.905,,,,,,,,,,,0.0
"LINESTRING (-81.938946 26.447308,-81.9393989 26.4474688)",2331,98059330,98272699,882352979,Estero Boulevard,secondary,False,False,48.506,2,CR 865,,,25 mph,,,,,,0.4496522397069054
"LINESTRING (-81.938946 26.447308,-81.938974 26.447205,-81.9389419 26.4470395)",2332,98059330,5736939799,11010656,Seaview Street,unclassified,False,True,30.465,,,,,,,,,,,0.0
"LINESTRING (-81.938946 26.447308,-81.938789 26.447244,-81.938658 26.447178,-81.9385375 26.4471016)",2333,98059330,5742089180,11041092,Estero Boulevard,secondary,False,True,46.839,2,CR 865,,,25 mph,,,,,,21.67323795387285
"LINESTRING (-81.938946 26.447308,-81.938916 26.4473662,-81.938863 26.4474688)",2334,98059330,5742089181,882352980,Bay Road,unclassified,False,False,19.698,,,,,,,,,,,0.4496522397069054
"LINESTRING (-81.912106 26.432122,-81.912489 26.432113,-81.91256 26.43212,-81.912631 26.432148,-81.912702 26.432194,-81.912755 26.432238,-81.913012 26.432471,-81.913219 26.432645)",9,98062323,98062337,11010922,Oak Ridge Avenue,residential,False,False,133.592,,,,,,,,,,,207.4020955648102
"LINESTRING (-81.912106 26.432122,-81.912109 26.432351)",7,98062323,98203979,11038311,Lazy Way,residential,False,False,25.465,,,,,,,,,,,32.15013513904375
"LINESTRING (-81.912106 26.432122,-81.912105 26.4316748)",8,98062323,98286233,11038311,Lazy Way,residential,False,True,49.727,,,,,,,,,,,35.23025298103605
"LINESTRING (-81.913219 26.432645,-81.913557 26.432923,-81.913639 26.432986)",10,98062337,98062341,11010922,Oak Ridge Avenue,residential,False,False,56.455,,,,,,,,,,,1137.2379620547204
"LINESTRING (-81.913219 26.432645,-81.913415 26.432466,-81.913541 26.432351,-81.913871 26.432065)",12,98062337,98231946,11038625,Dakota Avenue,residential,False,True,91.517,,,,,,,,,,,617.333180546607
"LINESTRING (-81.908071 26.425265,-81.907994 26.425342,-81.907901 26.425489)",16,98074455,98272162,11041705,Gulf Drive,residential,False,True,30.28,,,,,,,,,,,152.16231791681687
"LINESTRING (-81.908071 26.425265,-81.908382 26.425036)",14,98074455,98440048,11041705,Gulf Drive,residential,False,False,40.093,,,,,,,,,,,353.3367299616864
"LINESTRING (-81.908071 26.425265,-81.908038 26.425204,-81.9080176 26.4251749,-81.907998 26.425147,-81.9079877 26.4251351,-81.9079309 26.4250698,-81.907874 26.4250043,-81.9078149 26.4249363)",15,98074455,5789781071,11011944,Gulf Road,residential,False,False,44.711,,,,,,,,,,,183.68293992027097
"LINESTRING (-81.907005 26.424041,-81.9070644 26.4241094)",17,98074465,5789834735,11011944,Gulf Road,residential,False,True,9.635,,,,,,,,,,,14.90597174628392
"LINESTRING (-81.9437075 26.448074,-81.9435458 26.4483827)",2336,98082846,98082848,11012662,Chapel Street,residential,False,False,37.913,,,,,,,,,,,363.49324992606614
"LINESTRING (-81.9435458 26.4483827,-81.9433724 26.448882)",2337,98082848,98082850,11012662,Chapel Street,residential,False,False,58.142,,,,,,,,,,,216.97968827056727
"LINESTRING (-81.9435458 26.4483827,-81.944227 26.4486304)",2340,98082848,98336950,11034551,Cottage Avenue,residential,False,True,73.198,,,,,,,,,,,102.41953889924042
"LINESTRING (-81.9435458 26.4483827,-81.9429218 26.4481549)",2339,98082848,5725934718,11034551,Cottage Avenue,residential,False,False,67.089,,,,,,,,,,,83.40486981263464
"LINESTRING (-81.9433724 26.448882,-81.9433414 26.4488711,-81.9427731 26.4486705)",2344,98082850,98161355,882352979,Estero Boulevard,secondary,False,True,64.132,2,CR 865,,,25 mph,,,,,,141.59661441430384
"LINESTRING (-81.9433724 26.448882,-81.9437055 26.4489991,-81.9440127 26.4491071)",2343,98082850,98272694,882352979,Estero Boulevard,secondary,False,False,68.484,2,CR 865,,,25 mph,,,,,,143.6695112393527
"LINESTRING (-81.9433724 26.448882,-81.9433704 26.4489467,-81.943366 26.44906,-81.9433666 26.4491455)",2342,98082850,5723831270,11012662,Chapel Street,residential,False,False,29.31,,,,,,,,,,,244.36013727692
"LINESTRING (-81.9433715 26.4498836,-81.943385 26.450528)",2345,98082860,98082863,11012662,Chapel Street,residential,False,False,71.667,,,,,,,,,,,4799.970211035261
"LINESTRING (-81.9433715 26.4498836,-81.9432203 26.4498686)",2347,98082860,5723831268,603092379,Avocado Street,service,False,True,15.145,,,,,,,,,,,233.15817585522177
"LINESTRING (-81.9433715 26.4498836,-81.9433666 26.4491455)",2346,98082860,5723831270,11012662,Chapel Street,residential,False,True,82.075,,,,,,,,,,,331.63201635103405
"LINESTRING (-81.9475269 26.4503549,-81.9475273 26.4502873,-81.947505 26.4495477)",2350,98086066,98086072,11012924,Palm Avenue,residential,False,False,89.787,,,,,,,,,,,21.718203177843534
"LINESTRING (-81.9475269 26.4503549,-81.9476039 26.4503822)",2349,98086066,5718334238,882352979,Estero Boulevard,secondary,False,False,8.245,2,CR 865,,,25 mph,,,,,,0.9442697033845016
"LINESTRING (-81.9475269 26.4503549,-81.9474142 26.4503148,-81.9473216 26.450282)",2351,98086066,5723054282,882352979,Estero Boulevard,secondary,False,True,21.987,2,CR 865,,,25 mph,,,,,,0.0
"LINESTRING (-81.946891 26.464432,-81.946872 26.463274,-81.946858 26.461919,-81.946844 26.461111,-81.946826 26.460978,-81.946762 26.460746,-81.946751 26.460679,-81.946745 26.460603,-81.946744 26.460519,-81.946755 26.460379,-81.946761 26.460356,-81.946774 26.460307,-81.946811 26.460235,-81.946917 26.460124,-81.947034 26.460021)",2353,98087989,98123675,11013013,Emily Lane,residential,False,True,501.34,,,,,,,,,,,182.78363544085713
"LINESTRING (-81.912101 26.431476,-81.911187 26.431482,-81.910893 26.43149,-81.910259 26.431486)",20,98087995,98088001,11013014,Pepita Street,residential,False,False,183.429,,,,,,,,,,,123.11478323175075
"LINESTRING (-81.912101 26.431476,-81.912105 26.4316748)",18,98087995,98286233,11038311,Lazy Way,residential,False,False,22.109,,,,,,,,,,,84.21986449710342
"LINESTRING (-81.912101 26.431476,-81.912099 26.430994)",19,98087995,98379275,11038311,Lazy Way,residential,False,True,53.596,,,,,,,,,,,789.5443677013554
"LINESTRING (-81.904909 26.423218,-81.9048059 26.4232811,-81.9047103 26.4233448)",24,98093609,98093611,11013467,Bahia Via,residential,False,False,24.301,,,,,,,,,,,3.516280514508001
"LINESTRING (-81.904909 26.423218,-81.905143 26.423571)",23,98093609,98272222,719594952,Estero Boulevard,secondary,False,True,45.647,2,CR 865,,,25 mph,,,,,,10.746688528995044
"LINESTRING (-81.904909 26.423218,-81.9048436 26.4231214)",22,98093609,1335983175,719594952,Estero Boulevard,secondary,False,False,12.561,2,CR 865,,,25 mph,,,,,,1.146613211252609
"LINESTRING (-81.9047103 26.4233448,-81.9045054 26.4230508)",26,98093611,1390578786,125133582,,service,True,False,38.536,,,,parking_aisle,,,,,,,2.050414213063489
"LINESTRING (-81.9047103 26.4233448,-81.9045607 26.4234512)",25,98093611,1390578798,11013467,Bahia Via,residential,False,False,19.024,,,,,,,,,,,3.066628274801096
"LINESTRING (-81.9045097 26.4234881,-81.9047143 26.4237976,-81.9050092 26.4236417,-81.905143 26.423571)",30,98093613,98272222,125133580,,service,False,True,89.564,,,,parking_aisle,,,,,,,88.46907816233367
"LINESTRING (-81.9045097 26.4234881,-81.9045607 26.4234512)",29,98093613,1390578798,11013467,Bahia Via,residential,False,True,6.529,,,,,,,,,,,78.53176366481107
"LINESTRING (-81.9045097 26.4234881,-81.9035041 26.4242302)",28,98093613,7016372995,11013467,Bahia Via,residential,False,False,129.755,,,,,,,,,,,147.48593462386503
"LINESTRING (-81.902299 26.42512,-81.902394 26.425053,-81.902648 26.424862,-81.9035041 26.4242302)",31,98093619,7016372995,11013467,Bahia Via,residential,False,True,155.534,,,,,,,,,,,213.4724008008534
"LINESTRING (-81.905418 26.426031,-81.905301 26.42612,-81.90502 26.42632,-81.904156 26.426956,-81.90366 26.427316,-81.903605 26.427376,-81.903581 26.42744,-81.903578 26.427511,-81.9036 26.427581,-81.903652 26.427655,-81.903708 26.427751,-81.903729 26.427833,-81.903715 26.42799,-81.903632 26.42854,-81.903571 26.428674,-81.903509 26.428789,-81.90347 26.428874,-81.903439 26.428976,-81.903423 26.429086,-81.903416 26.429231,-81.903427 26.429354,-81.903454 26.429473,-81.903492 26.429574,-81.903569 26.429704,-81.903711 26.429929,-81.903836 26.430186,-81.904004 26.430562,-81.904028 26.430631,-81.904047 26.430767,-81.904064 26.430832,-81.904163 26.431017)",32,98096713,98096766,11013758,Widgeon Terrace,residential,False,False,663.068,,,,,,,,,,,5.215965980600104
"LINESTRING (-81.905418 26.426031,-81.905498 26.42597,-81.905579 26.425893,-81.905642 26.425772,-81.905659 26.425699,-81.90566 26.425623,-81.905671 26.425485)",33,98096713,98420994,11039871,Noddy Tern Drive,residential,False,True,69.198,,,,,,,,,,,60.25340012072535
"LINESTRING (-81.905418 26.426031,-81.905492 26.42614,-81.905527 26.42621,-81.905582 26.426347,-81.905597 26.426417,-81.905603 26.426488,-81.905609 26.426762,-81.905601 26.42705,-81.905605 26.42727,-81.9056173 26.4273515,-81.905622 26.427383,-81.9056551 26.4274199)",34,98096713,6304043722,"[859994986, 859994987]",Bay Village Drive,residential,False,True,159.658,,,private,,,,,,,,5.215965980600104
"LINESTRING (-81.88826 26.40546,-81.888269 26.406148)",36,98098767,98098769,11013927,Sand Dollar Drive,residential,False,False,76.507,,,,,20 mph,,,,,,333.57451402656795
"LINESTRING (-81.888269 26.406148,-81.888156 26.406129,-81.888069 26.406108,-81.887461 26.405937,-81.887294 26.405903,-81.887211 26.405893,-81.887128 26.405889)",38,98098769,98166591,11030442,Lagoon Road,residential,False,False,117.568,,,,,20 mph,,,,,,293.26319073684385
"LINESTRING (-81.888269 26.406148,-81.888418 26.406162,-81.888823 26.40616,-81.889083 26.406153,-81.889455 26.406152)",39,98098769,98285620,11030442,Lagoon Road,residential,False,True,118.212,,,,,20 mph,,,,,,646.5549554745594
"LINESTRING (-81.9467846 26.4500913,-81.9468436 26.4501123)",2354,98103826,3547654570,882352979,Estero Boulevard,secondary,False,False,6.321,2,CR 865,,,25 mph,,,,,,3.574735305669899
"LINESTRING (-81.9467846 26.4500913,-81.9467849 26.4501555,-81.946785 26.4504306)",2356,98103826,5723054291,127686064,Virginia Avenue,residential,False,False,37.729,,,,,,,,,,,141.64045550767523
"LINESTRING (-81.9467846 26.4500913,-81.9464732 26.4499807)",2355,98103826,5723054293,882352979,Estero Boulevard,secondary,False,True,33.352,2,CR 865,,,25 mph,,,,,,17.221680780774484
"LINESTRING (-81.9467855 26.450861,-81.9473105 26.4509963)",2357,98103830,5723054281,11023853,Bayview Drive,residential,False,True,54.388,,,,,,,,,,,1270.514885903847
"LINESTRING (-81.9467855 26.450861,-81.946785 26.4504306)",2358,98103830,5723054291,127686064,Virginia Avenue,residential,False,True,47.858,,,,,,,,,,,1072.6454178208232
"LINESTRING (-81.9467855 26.450861,-81.9467789 26.4537097,-81.946801 26.4538081)",2359,98103830,9072265089,127686064,Virginia Avenue,residential,False,False,327.923,,,,,,,,,,,1709.6677458135964
"LINESTRING (-81.9110969 26.4276028,-81.9108819 26.4277781,-81.910741 26.427893)",40,98105248,98105250,11014442,Aberdeen Avenue,residential,False,False,47.929,,,,,,,,,,,45.29122184447806
"LINESTRING (-81.910741 26.427893,-81.9106792 26.4279487,-81.910609 26.428012,-81.9105906 26.4280275,-81.9104853 26.4281159,-81.910333 26.4282437,-81.909955 26.428561)",41,98105250,98105254,11014442,Aberdeen Avenue,residential,False,False,107.911,,,,,,,,,,,297.2988195882133
"LINESTRING (-81.910741 26.427893,-81.9109032 26.4280472,-81.9109776 26.428118,-81.9110634 26.4281996)",44,98105250,5784803684,11028771,Estero Boulevard,secondary,False,True,46.828,2,CR 865,,,25 mph,,,,,,193.09191303613792
"LINESTRING (-81.910741 26.427893,-81.910583 26.4277419,-81.9105093 26.4276714)",43,98105250,5804668999,11028771,Estero Boulevard,secondary,False,False,33.756,2,CR 865,,,25 mph,,,,,,16.15375671147058
"LINESTRING (-81.909955 26.428561,-81.910242 26.42884)",45,98105254,98241918,11026561,Lauder Street,residential,False,True,42.18,,,,,,,,,,,840.310105564265
"LINESTRING (-81.909955 26.428561,-81.909686 26.428312,-81.909198 26.427845,-81.909125 26.4277835)",47,98105254,98241924,11026561,Lauder Street,residential,False,False,119.622,,,,,,,,,,,748.9182878438367
"LINESTRING (-81.9538424 26.4652131,-81.954109 26.465333,-81.954273 26.46541,-81.95443 26.465494,-81.9545614 26.4655723)",2360,98113243,7016483561,11015138,North Street,residential,False,False,82.053,,,,,,,,,,,0.0
"LINESTRING (-81.9555593 26.4659889,-81.9554217 26.4660382,-81.9553411 26.4660452,-81.9552757 26.466029,-81.9552042 26.4659913,-81.9549805 26.4658309,-81.9547949 26.4657021,-81.9545882 26.4655883,-81.9545707 26.4655779,-81.9545614 26.4655723)",2361,98113261,7016483561,11015138,North Street,residential,False,True,117.097,,,,,,,,,,,0.0
"LINESTRING (-81.9555593 26.4659889,-81.955714 26.466377,-81.9557539 26.4664496,-81.9556427 26.4665216,-81.9555535 26.4665929,-81.9554871 26.466643,-81.955435 26.466688,-81.9554008 26.4667203,-81.955379 26.4667457,-81.955361 26.4667763)",2362,98113261,7506129661,"[776912761, 802446853]",San Carlos Drive,"['residential', 'service']",False,False,108.588,,,private,driveway,,,,,,,0.0
"LINESTRING (-81.9555593 26.4659889,-81.9554961 26.4657941,-81.9554308 26.4656219,-81.9553877 26.4655082,-81.9553783 26.4654834,-81.9553493 26.4654231)",2363,98113261,8900391071,776912761,San Carlos Drive,residential,False,True,66.34,,,,,,,,,,,0.0
"LINESTRING (-81.9260258 26.4397874,-81.9259789 26.4397608,-81.9258521 26.4396889,-81.9256281 26.4395619)",2366,98117718,5816002624,11041092,Estero Boulevard,secondary,False,True,46.868,2,CR 865,,,25 mph,,,,,,107.26454178208232
"LINESTRING (-81.9260258 26.4397874,-81.9259749 26.4398409,-81.9258893 26.4399175)",2364,98117718,5816002665,11015527,Gulf Island Drive,residential,False,False,19.864,,,,,,,,,,,181.86184834945792
"LINESTRING (-81.923876 26.441576,-81.9237631 26.4414694)",2367,98117723,98445065,11042053,Bayside Road,residential,False,False,16.336,,,,,,,,,,,1933.4821481277088
"LINESTRING (-81.923876 26.441576,-81.9249 26.440748,-81.9257478 26.4400385,-81.925819 26.439979,-81.9258522 26.4399499,-81.9258893 26.4399175)",2368,98117723,5816002665,11015527,Gulf Island Drive,residential,False,True,272.394,,,,,,,,,,,857.9139907487904
"LINESTRING (-81.940339 26.458027,-81.940335 26.457461)",2371,98121991,98121994,11015916,Garcia Way,residential,False,False,62.938,,,,,,,,,,,0.0
"LINESTRING (-81.940339 26.458027,-81.939976 26.458029,-81.939897 26.458036,-81.9395071 26.458036,-81.9395 26.458036,-81.9395 26.458111)",2372,98121991,98228892,11030241,Spanish Main Street,residential,True,False,91.901,,,,,,,,,,,0.0
"LINESTRING (-81.940885 26.458026,-81.9406309 26.4580283,-81.940558 26.458029,-81.940339 26.458027)",2800,1756886973,98121991,11030241,Spanish Main Street,residential,True,False,54.357,,,,,,,,,,,0.0
"LINESTRING (-81.9485354 26.4592575,-81.948537 26.460648,-81.948541 26.460825)",2374,98123657,98186987,11021437,Oak Street,residential,False,False,174.303,,,,,,,,,,,0.0
"LINESTRING (-81.947034 26.460021,-81.947249 26.460155,-81.947646 26.460401)",2377,98123675,98428019,168027412,Main Street,residential,False,True,74.141,,,,,,,,,,,0.0
"LINESTRING (-81.947034 26.460021,-81.946393 26.459627)",2375,98123675,98428021,168027412,Main Street,residential,False,False,77.402,,,,,,,,,,,0.0
"LINESTRING (-81.947034 26.460021,-81.9470779 26.4599337,-81.9470913 26.4598881,-81.947094 26.4598568,-81.9470886 26.4598304)",2378,98123675,1793687042,168061306,,service,False,False,22.364,,,,,,,,,,,0.0
"LINESTRING (-81.903186 26.420623,-81.903044 26.4207081,-81.902339 26.421215,-81.899233 26.423503)",50,98124288,98124294,11016085,Ibis Street,residential,False,False,507.532,,,,,,,,,,,4.856244188834579
"LINESTRING (-81.903186 26.420623,-81.903259 26.4207327)",49,98124288,5758643550,136256174,Estero Boulevard,secondary,False,True,14.2,2,CR 865,,,35 mph,,,,,,13.736875923045964
"LINESTRING (-81.903186 26.420623,-81.9029356 26.4202392)",48,98124288,5758643552,136256174,Estero Boulevard,secondary,False,False,49.427,2,CR 865,,,35 mph,,,,,,4.276192799612672
"LINESTRING (-81.953566 26.461952,-81.95319 26.461867,-81.952715 26.4617653)",2381,98125525,98183641,11040499,Main Street,residential,False,False,87.222,,,,,,,,,,,36.42183141625936
"LINESTRING (-81.953566 26.461952,-81.953846 26.462011)",2379,98125525,98214634,11040499,Main Street,residential,False,True,28.634,,,,,,,,,,,0.0
"LINESTRING (-81.953566 26.461952,-81.953513 26.462165,-81.95333 26.462802,-81.9530487 26.4638365)",2380,98125525,8281228439,11016189,South Street,residential,False,False,215.791,,,,,,,,,,,4.676383292951818
"LINESTRING (-81.952886 26.464743,-81.953015 26.464688,-81.95321 26.464597,-81.95352 26.464453,-81.953603 26.464407)",2383,98125540,98214700,"[11026179, 11023987]",San Carlos Court,residential,False,"[False, True]",80.595,,,,,,,,,,,54.07068182475538
"LINESTRING (-81.952886 26.464743,-81.952867 26.464675,-81.952864 26.46461,-81.952886 26.464468,-81.9529736 26.4641215)",2382,98125540,8281228443,11016189,South Street,residential,False,True,70.473,,,,,,,,,,,70.6628494699402
"LINESTRING (-81.952886 26.464743,-81.952709 26.464831,-81.9525195 26.4649193)",2384,98125540,8793196288,11026179,San Carlos Court,residential,False,True,41.42,,,,,,,,,,,116.77468665188337
"LINESTRING (-81.9323217 26.4433229,-81.9322613 26.4433769,-81.9320513 26.4435659,-81.932029 26.443586,-81.931688 26.443877,-81.931592 26.443963,-81.931403 26.44412,-81.931167 26.444324,-81.93108 26.444393,-81.930826 26.444609,-81.9306 26.444794,-81.930353 26.445008,-81.930264 26.445099)",2385,98125669,98125689,11016195,Jefferson Street,residential,False,False,284.643,,,,,,,,,,,350.52640346351825
"LINESTRING (-81.9323217 26.4433229,-81.9322467 26.4432812,-81.9321735 26.4432406,-81.9321177 26.4432096,-81.9319887 26.4431379,-81.9317704 26.4430166,-81.9317064 26.442981)",2387,98125669,5773170175,11041092,Estero Boulevard,secondary,False,True,72.098,2,CR 865,,,25 mph,,,,,,806.3613614663938
"LINESTRING (-81.9323217 26.4433229,-81.932492 26.4434181,-81.9325336 26.4434413)",2386,98125669,5816061048,11041092,Estero Boulevard,secondary,False,False,24.868,2,CR 865,,,25 mph,,,,,,84.96179069261981
"LINESTRING (-81.930264 26.445099,-81.930635 26.445305)",2388,98125689,98383039,11050939,Shell Mound Boulevard,residential,False,True,43.463,,,,,,,,,,,393.17591839971834
"LINESTRING (-81.930264 26.445099,-81.9298079 26.4448478,-81.929759 26.4448209)",2390,98125689,5694073698,11050939,Shell Mound Boulevard,residential,False,False,59.026,,,,,,,,,,,355.22526936845543
"LINESTRING (-81.92342 26.4382,-81.9233648 26.4382519,-81.9231925 26.4384136,-81.9231856 26.4384201,-81.923141 26.438462,-81.922177 26.439344,-81.921497 26.439959)",55,98125738,98125741,11016199,Bayview Avenue,residential,False,False,273.709,,,,,,,,,,,247.83707322045368
"LINESTRING (-81.92342 26.4382,-81.9237906 26.4384564,-81.9238757 26.4385152,-81.9240843 26.4386595,-81.924111 26.438678)",54,98125738,98272072,11028771,Estero Boulevard,secondary,False,True,86.938,2,CR 865,,,25 mph,,,,,,196.5992005058518
"LINESTRING (-81.92342 26.4382,-81.9237989 26.4378689)",53,98125738,1775767030,166092067,,residential,False,False,52.713,,,,,,,,,,,651.9170584330643
"LINESTRING (-81.92342 26.4382,-81.9231909 26.4380354)",52,98125738,5781896148,11028771,Estero Boulevard,secondary,False,False,29.246,2,CR 865,,,25 mph,,,,,,89.28969349979877
"LINESTRING (-81.918062 26.434305,-81.9180505 26.4342965)",56,98128527,5750312072,11028771,Estero Boulevard,secondary,False,False,1.485,2,CR 865,,,25 mph,,,,,,0.0
"LINESTRING (-81.918062 26.434305,-81.9182506 26.4344452)",57,98128527,5750312128,11028771,Estero Boulevard,secondary,False,True,24.406,2,CR 865,,,25 mph,,,,,,1.6412306749302052
"LINESTRING (-81.918062 26.434305,-81.9180067 26.4343639,-81.9179569 26.4344169)",58,98128527,5808110344,11016381,Williams Drive,residential,False,False,16.258,,,,,,,,,,,40.35628851369477
"LINESTRING (-81.91865 26.434986,-81.918459 26.434834,-81.918389 26.434788,-81.918318 26.434761,-81.918245 26.434749,-81.918159 26.434743,-81.918065 26.434742,-81.917989 26.434736,-81.917917 26.434716,-81.91785 26.434684,-81.917773 26.434632)",335,98550561,98128531,11052623,Compass Lane,residential,False,True,99.374,,,,,,,,,,,27.85595624984281
"LINESTRING (-81.917773 26.434632,-81.9176844 26.4347323)",2392,98128531,5808110343,11016381,Williams Drive,residential,False,False,14.22,,,,,,,,,,,42.739445384141376
"LINESTRING (-81.917773 26.434632,-81.917938 26.434437,-81.9179569 26.4344169)",2393,98128531,5808110344,11016381,Williams Drive,residential,False,True,30.126,,,,,,,,,,,59.33161302932619
"LINESTRING (-81.917225 26.435303,-81.916954 26.435134,-81.916457 26.434768)",59,98128539,98128546,11016383,Williams Drive,residential,False,False,96.953,,,,,,,,,,,953.195300342684
"LINESTRING (-81.917225 26.435303,-81.917148 26.435406,-81.916944 26.435664,-81.91675 26.435895,-81.915656 26.437147)",60,98128539,98558374,11053221,Glenview Manor Drive,residential,False,False,257.838,,,,,,,,,,,303.51526180216126
"LINESTRING (-81.917225 26.435303,-81.917368 26.435112,-81.917557 26.434889,-81.917645 26.434777,-81.9176844 26.4347323)",61,98128539,5808110343,11016381,Williams Drive,residential,False,True,78.257,,,,,,,,,,,327.2793826706712
"LINESTRING (-81.916457 26.434768,-81.915719 26.434218,-81.91566 26.434181,-81.915592 26.434158,-81.91552 26.43415,-81.913153 26.434192)",62,98128546,98128554,11016383,Williams Drive,residential,False,False,352.963,,,,,,,,,,,743.0503261156616
"LINESTRING (-81.916457 26.434768,-81.916303 26.434912,-81.915898 26.43536,-81.915764 26.435495,-81.915684 26.435539,-81.915593 26.435559,-81.915513 26.435561,-81.91543 26.43555,-81.915147 26.435469,-81.91457 26.435254,-81.91438 26.435193,-81.914298 26.435174,-81.914213 26.435171,-81.914129 26.43518,-81.914047 26.435202,-81.913973 26.43524,-81.913845 26.435358,-81.913718 26.4355,-81.91365 26.435599,-81.91362 26.435677,-81.913615 26.435759,-81.913629 26.435838,-81.913661 26.43591,-81.913714 26.435972,-81.913916 26.436153,-81.914117 26.436305,-81.914291 26.436419,-81.914483 26.436538,-81.914733 26.436666)",64,98128546,98397814,11038162,Randy Lane,residential,False,False,519.578,,,,,,,,,,,649.6800385405227
"LINESTRING (-81.913153 26.434192,-81.912647 26.434197,-81.912337 26.434192,-81.912084 26.434196,-81.91201 26.434205,-81.911941 26.434231,-81.911881 26.43427,-81.9118699 26.4342869)",66,98128554,7013881500,11016386,Williams Drive,residential,False,False,130.903,,,,,,,,,,,578.9272586226409
"LINESTRING (-81.9478574 26.4504722,-81.9478577 26.4505396,-81.9478614 26.4509144,-81.9478635 26.4511389)",2397,98128726,98128728,165355917,Ohio Avenue,residential,False,False,74.137,,,,,20 mph,,,,,,797.1659731643877
"LINESTRING (-81.9478574 26.4504722,-81.9480386 26.4505382)",2395,98128726,5718334231,882352979,Estero Boulevard,secondary,False,False,19.475,2,CR 865,,,25 mph,,,,,,232.8748949442064
"LINESTRING (-81.9478574 26.4504722,-81.9476039 26.4503822)",2396,98128726,5718334238,882352979,Estero Boulevard,secondary,False,True,27.149,2,CR 865,,,25 mph,,,,,,92.02133085601824
"LINESTRING (-81.9478635 26.4511389,-81.947886 26.453576,-81.9478653 26.4538144)",2399,98128728,98128739,165355917,Ohio Avenue,residential,False,False,297.592,,,,,20 mph,,,,,,2296.1716446752994
"LINESTRING (-81.9478635 26.4511389,-81.9473105 26.4509963)",2398,98128728,5723054281,11023853,Bayview Drive,residential,False,False,57.292,,,,,,,,,,,1043.9351223155375
"LINESTRING (-81.933542 26.444005,-81.9335891 26.4440289,-81.9339826 26.4442289)",2403,98135741,5771853753,11041092,Estero Boulevard,secondary,False,False,50.439,2,CR 865,,,25 mph,,,,,,51.1929074906312
"LINESTRING (-81.933542 26.444005,-81.9333966 26.4439237,-81.9332241 26.4438273)",2404,98135741,5796086067,11041092,Estero Boulevard,secondary,False,True,37.312,2,CR 865,,,25 mph,,,,,,48.45002882841908
"LINESTRING (-81.933542 26.444005,-81.933492 26.4440526,-81.933436 26.444106,-81.9333749 26.4441603)",2402,98135741,5816061892,11017039,Madison Court,residential,False,False,23.982,,,,,,,,,,,63.041244006908165
"LINESTRING (-81.931665 26.445648,-81.931502 26.445788)",2405,98135754,98135757,11017039,Madison Court,residential,False,False,22.488,,,,,,,,,,,682.7294781589801
"LINESTRING (-81.931665 26.445648,-81.931774 26.445685,-81.931853 26.445719,-81.932314 26.44596)",2407,98135754,98316531,11050935,Shell Mound Boulevard,residential,False,True,73.48,,,,,,,,,,,641.2940242699888
"LINESTRING (-81.931665 26.445648,-81.93188 26.445452,-81.932105 26.445254,-81.93246 26.444957,-81.932662 26.444776,-81.933071 26.44443,-81.9333068 26.4442206)",2406,98135754,5816061899,11017039,Madison Court,residential,False,True,227.867,,,,,,,,,,,476.1367566256423
"LINESTRING (-81.931502 26.445788,-81.931332 26.445954,-81.930627 26.446542,-81.929358 26.447585,-81.92927 26.447651)",2410,98135757,98135766,11017039,Madison Court,residential,False,False,303.896,,,,,,,,,,,2254.7137081743217
"LINESTRING (-81.931502 26.445788,-81.930951 26.445485)",2409,98135757,98441272,11050939,Shell Mound Boulevard,residential,False,False,64.378,,,,,,,,,,,662.3602317002573
"LINESTRING (-81.9508397 26.4518976,-81.9512124 26.4520247)",2412,98143912,5711385436,11017725,Santos Road,residential,False,True,39.704,,,,,,,,,,,188.76401022895897
"LINESTRING (-81.918504 26.43662,-81.918624 26.436716,-81.918907 26.436924,-81.918973 26.436977,-81.919334 26.437243)",2414,98150818,98150824,11018277,Coquina Road,residential,False,False,107.852,,,,,,,,,,,222.57785865491823
"LINESTRING (-81.918504 26.43662,-81.918205 26.436959)",2413,98150818,98178525,11042886,Bayland Road,residential,False,True,48.033,,,,,,,,,,,382.2268863628551
"LINESTRING (-81.918504 26.43662,-81.918863 26.4362,-81.919012 26.43604)",2415,98150818,98433177,11042886,Bayland Road,residential,False,False,81.976,,,,,,,,,,,494.482568005684
"LINESTRING (-81.941481 26.4482056,-81.9412753 26.4481329)",2419,98151079,5723831313,882352979,Estero Boulevard,secondary,False,True,22.017,2,CR 865,,,25 mph,,,,,,0.0449652239706904
"LINESTRING (-81.941481 26.4482056,-81.9414721 26.4482723,-81.9414684 26.4483011,-81.941469 26.4486018)",2420,98151079,5723831315,602699917,Gulf Beach Road,unclassified,False,False,44.129,,,,,,,,,,,5.4183094884682115
"LINESTRING (-81.941481 26.4482056,-81.9416705 26.4482736)",2418,98151079,5725934761,882352979,Estero Boulevard,secondary,False,False,20.325,2,CR 865,,,25 mph,,,,,,0.0
"LINESTRING (-81.941481 26.4482056,-81.9414835 26.448071)",2417,98151079,5726231041,11018302,Gulf Beach Road,residential,False,True,14.969,,,,,,,,,,,0.0449652239706904
"LINESTRING (-81.938057 26.446493,-81.937968 26.446373,-81.937919 26.446318,-81.937861 26.446262,-81.937739 26.446164,-81.9377048 26.4461411)",2423,98152964,5736939831,11041092,Estero Boulevard,secondary,False,True,52.902,2,CR 865,,,25 mph,,,,,,62.18690475146504
"LINESTRING (-81.938057 26.446493,-81.938219 26.446758,-81.938229 26.446774,-81.9382959 26.446866)",2422,98152964,5742089187,11041092,Estero Boulevard,secondary,False,False,47.838,2,CR 865,,,25 mph,,,,,,118.55081299872566
"LINESTRING (-81.938057 26.446493,-81.9379947 26.4465281,-81.93794 26.446577,-81.937901 26.446633,-81.9378858 26.4466836)",2421,98152964,5742089201,11018445,Lovers Lane,residential,False,False,28.188,,,,,,,,,,,68.00990125566946
"LINESTRING (-81.937848 26.447942,-81.9378525 26.4473635)",2424,98152978,5742089184,11018445,Lovers Lane,residential,False,True,64.328,,,,,,,,,,,1407.1642015507755
"LINESTRING (-81.884939 26.404842,-81.884836 26.404841,-81.8841963 26.4047774)",69,98153412,98248812,136256174,Estero Boulevard,secondary,False,False,74.361,2,CR 865,,,35 mph,,,,,,0.0
"LINESTRING (-81.884939 26.404842,-81.8849351 26.4049622,-81.884932 26.405055,-81.884938 26.405121,-81.8849446 26.4051462)",68,98153412,1925244888,11018481,Estrellita Drive,residential,False,False,33.936,,,,,,,,,,,0.0
"LINESTRING (-81.884939 26.404842,-81.8849574 26.4047207,-81.8850088 26.4046884,-81.885174 26.4046262,-81.8851049 26.4044691)",71,98153412,5095138426,"[609289146, 523331116]",,service,False,False,56.488,,,,,,,,,,,0.0
"LINESTRING (-81.884939 26.404842,-81.88517 26.404834,-81.8851912 26.4048321)",70,98153412,5797187885,136256174,Estero Boulevard,secondary,False,True,25.146,2,CR 865,,,35 mph,,,,,,0.0
"LINESTRING (-81.906366 26.4242508,-81.9063105 26.4242915)",74,98157371,5754569575,11024325,Flamingo Street,residential,False,False,7.143,,,,,,,,,,,17.24416339275983
"LINESTRING (-81.906366 26.4242508,-81.9067471 26.4246425)",73,98157371,5787669258,11018877,Shelby Lane,residential,False,False,57.768,,,,,,,,,,,79.56596381613694
"LINESTRING (-81.906366 26.4242508,-81.9063948 26.4242293)",75,98157371,5789834753,11024325,Flamingo Street,residential,False,True,3.734,,,,,,,,,,,6.699818371632893
"LINESTRING (-81.9427532 26.449827,-81.9427718 26.4487383,-81.9427731 26.4486705)",2428,98161357,98161355,11019273,Avocado Street,service,True,False,128.612,,,,,,,,,,,229.399083131272
"LINESTRING (-81.9427731 26.4486705,-81.9426358 26.4486181)",2425,98161355,5723831239,882352979,Estero Boulevard,secondary,False,True,14.859,2,CR 865,,,25 mph,,,,,,3.884995351067664
"LINESTRING (-81.9427532 26.449827,-81.9432203 26.4498686)",2427,98161357,5723831268,603092379,Avocado Street,service,False,False,46.732,,,,,,,,,,,463.087848629348
"LINESTRING (-81.887127 26.405423,-81.887128 26.405889)",76,98166589,98166591,11019729,Sea Horse Lane,residential,False,False,51.817,,,,,20 mph,,,,,,592.079586634068
"LINESTRING (-81.887128 26.405889,-81.8867588 26.4059095,-81.8865893 26.4059121)",78,98166591,7556699142,11030442,Lagoon Road,residential,False,False,53.725,,,,,20 mph,,,,,,66.05391401294442
"LINESTRING (-81.9227084 26.4376888,-81.9226493 26.437751,-81.9225879 26.4378155,-81.922498 26.43791,-81.922192 26.438202,-81.921983 26.438387,-81.92185 26.438496,-81.921737 26.438602,-81.921399 26.438939)",82,98170208,98170220,166092078,Gulfview Avenue,residential,False,False,190.707,,,,,,,,,,,2580.576686289916
"LINESTRING (-81.9227084 26.4376888,-81.9227553 26.4377225)",80,98170208,2019424575,11028771,Estero Boulevard,secondary,False,True,5.987,2,CR 865,,,25 mph,,,,,,56.97093877086494
"LINESTRING (-81.9227084 26.4376888,-81.9225176 26.4375539,-81.9223836 26.4374592)",81,98170208,5751752810,11028771,Estero Boulevard,secondary,False,False,41.202,2,CR 865,,,25 mph,,,,,,45.95445889804575
"LINESTRING (-81.935588 26.4450445,-81.9355614 26.4451274,-81.935481 26.445378,-81.9352849 26.4461548,-81.935275 26.446194)",2431,98177750,98177752,11020640,Donora Boulevard,residential,False,False,131.607,,,,,,,,,,,310.01273666592607
"LINESTRING (-81.935588 26.4450445,-81.9359044 26.4452053,-81.9360901 26.4452996)",2432,98177750,1775767049,11041092,Estero Boulevard,secondary,False,False,57.476,2,CR 865,,,25 mph,,,,,,122.75506143998521
"LINESTRING (-81.935588 26.4450445,-81.9352317 26.4448635)",2430,98177750,5737200755,11041092,Estero Boulevard,secondary,False,True,40.785,2,CR 865,,,25 mph,,,,,,184.20003999593385
"LINESTRING (-81.935275 26.446194,-81.935194 26.446542,-81.935052 26.447082)",2433,98177752,98177756,11020640,Donora Boulevard,residential,False,False,101.214,,,,,,,,,,,1686.7804468125148
"LINESTRING (-81.935275 26.446194,-81.935026 26.44619,-81.933639 26.446211,-81.933553 26.446215,-81.933482 26.446211,-81.933408 26.446199,-81.933333 26.446169,-81.933261 26.446128,-81.933191 26.44608)",2435,98177752,98282945,11050937,Shell Mound Boulevard,residential,False,False,211.497,,,,,,,,,,,756.7197542027513
"LINESTRING (-81.935052 26.447082,-81.9352617 26.4470737)",2436,98177756,1775767027,166092088,Sea Horse Drive,service,False,True,20.898,,,,,,,,,,,1566.903159706654
"LINESTRING (-81.935052 26.447082,-81.934962 26.447087,-81.932908 26.44712,-81.932685 26.44712,-81.932599 26.447111,-81.932517 26.447086,-81.932297 26.446982,-81.9322148 26.4469375)",2437,98177756,8776543601,11020640,Donora Boulevard,residential,False,False,287.278,,,,,,,,,,,1642.51218381337
"LINESTRING (-81.929962 26.448315,-81.930016 26.44827,-81.930134 26.448159,-81.930343 26.44799,-81.930967 26.447468,-81.931632 26.446924,-81.9318412 26.4467488,-81.9319441 26.4467988,-81.932105 26.446878,-81.9322148 26.4469375)",2439,98177790,8776543601,11020640,Donora Boulevard,residential,False,True,298.353,,,,,,,,,,,1023.071258393137
"LINESTRING (-81.918205 26.436959,-81.918334 26.437064,-81.918673 26.43732,-81.918859 26.437455,-81.919013 26.437573)",2441,98178525,98178533,11020695,Dolphin Lane,residential,False,False,105.532,,,,,,,,,,,625.5786784922324
"LINESTRING (-81.918205 26.436959,-81.917971 26.437232,-81.917869 26.437345,-81.91774 26.437523)",2442,98178525,98454849,11042886,Bayland Road,residential,False,True,78.018,,,,,,,,,,,268.7796262848028
"LINESTRING (-81.9291616 26.4415564,-81.9291141 26.4416234,-81.9289202 26.4418966,-81.92891 26.441911,-81.928809 26.442044,-81.928754 26.442105,-81.928627 26.44222,-81.928041 26.442706,-81.927325 26.44329,-81.926485 26.443995)",2444,98178963,98178977,11020718,Anchorage Street,residential,False,False,381.881,,,,,,,,,,,1180.4495422905538
"LINESTRING (-81.9291616 26.4415564,-81.9292566 26.4416095,-81.9293293 26.4416502,-81.9294145 26.4416978,-81.9294605 26.4417235,-81.9296217 26.4418136,-81.9297411 26.4418804,-81.9299116 26.4419757,-81.9299579 26.4420016)",2445,98178963,98272750,11041092,Estero Boulevard,secondary,False,False,93.468,2,CR 865,,,25 mph,,,,,,344.7034069593138
"LINESTRING (-81.952715 26.4617653,-81.952491 26.461717)",2448,98183641,98428001,11040499,Main Street,residential,False,False,22.936,,,,,,,,,,,36.86024234997358
"LINESTRING (-81.952715 26.4617653,-81.95273 26.4616889,-81.952746 26.461582,-81.952772 26.461248,-81.9527753 26.4612295)",2449,98183641,1793441076,11021108,Fishermans Wharf,residential,True,False,59.931,,,,,,,,,,,33.08316353643558
"LINESTRING (-81.9534782 26.4586097,-81.9532476 26.4585642)",2451,98183654,98183668,168027416,Fishermans Wharf,residential,False,False,23.507,,,,,,,,,,,1.406769149940176
"LINESTRING (-81.9534782 26.4586097,-81.9536445 26.4586447,-81.9537401 26.4586648,-81.9538527 26.458695)",2452,98183654,98214611,11021110,Fishermans Wharf,residential,False,True,38.483,,,,,,,,,,,5.463274712438904
"LINESTRING (-81.9531265 26.4598787,-81.9532424 26.4594461,-81.9534782 26.4586097)",3160,3529435382,98183654,168027417,Fishermans Wharf,residential,True,False,145.387,,,,,,,,,,,4.670762639955481
"LINESTRING (-81.9532476 26.4585642,-81.9531499 26.4589517,-81.9530646 26.4592857)",2456,98183668,7592299587,11040946,Fishermans Wharf,residential,True,False,82.27,,,,,,,,,,,0.2312497232778371
"LINESTRING (-81.9532476 26.4585642,-81.9531671 26.4585484)",2453,98183668,11458897845,168027416,Fishermans Wharf,residential,False,False,8.204,,,,,,,,,,,29.707881117092807
"LINESTRING (-81.9532476 26.4585642,-81.9532743 26.4584346)",2455,98183668,11458897852,1234537439,,service,False,False,14.654,,,,,,,,,,,0.7322907903798176
"LINESTRING (-81.952557 26.458429,-81.9528029 26.4584771)",2457,98183670,11458897851,168027416,Fishermans Wharf,residential,False,True,25.056,,,,,,,,,,,250.35287750161385
"LINESTRING (-81.9518041 26.4615689,-81.951443 26.461484)",2459,98183672,98409130,168027415,Main Street,residential,False,False,37.165,,,,,,,,,,,20.796416086444378
"LINESTRING (-81.9518041 26.4615689,-81.9521262 26.4616362)",2460,98183672,1793441057,168027415,Main Street,residential,False,True,32.925,,,,,,,,,,,122.48527009616107
"LINESTRING (-81.9518041 26.4615689,-81.9518238 26.4615157)",2458,98183672,1793441128,11021111,Gulf Cove MHP,service,False,False,6.232,,,,,,,,,,,21.67323795387284
"LINESTRING (-81.9405957 26.4489914,-81.9405908 26.4490227,-81.9405982 26.4490484,-81.9406147 26.4490697,-81.940638 26.4490845,-81.9406701 26.4490917)",2462,98186972,98186990,11021439,Oak Street,unclassified,True,False,15.486,,,,,,,roundabout,,,,618.3954839629146
"LINESTRING (-81.940751 26.4490453,-81.9407571 26.449022,-81.9407542 26.448997,-81.9407418 26.4489739,-81.94073 26.448962,-81.940705 26.4489479,-81.9406756 26.4489426,-81.9406455 26.448947,-81.940619 26.448961,-81.9406 26.4489826,-81.9405957 26.4489914)",2804,1769053882,98186972,11021439,Oak Street,unclassified,True,False,26.227,,,,,,,roundabout,,,,5.800513892219081
"LINESTRING (-81.9405957 26.4489914,-81.9403241 26.4488972)",2461,98186972,5720560890,165355993,Oak Street,unclassified,False,False,28.997,,,,,,,,,,,379.3491120287308
"LINESTRING (-81.94862 26.460841,-81.948592 26.461236,-81.94858 26.461473,-81.9486205 26.4641829)",2464,98186975,98186982,11021435,Oak Street,residential,False,False,371.745,,,,,,,,,,,821.4471941085604
"LINESTRING (-81.94862 26.460841,-81.948541 26.460825)",2463,98186975,98186987,168027412,Main Street,residential,False,False,8.063,,,,,,,,,,,0.0
"LINESTRING (-81.94862 26.460841,-81.948785 26.460878,-81.949087 26.460947,-81.9491881 26.4609713)",2465,98186975,1793687118,168027412,Main Street,residential,False,True,58.381,,,,,,,,,,,0.0
"LINESTRING (-81.948541 26.460825,-81.948358 26.460787,-81.948264 26.460758,-81.948175 26.460721,-81.94809 26.460676,-81.947938 26.460585,-81.947737 26.460457)",2469,98186987,98428017,168027412,Main Street,residential,False,False,90.954,,,,,,,,,,,0.0
"LINESTRING (-81.9406701 26.4490917,-81.9406975 26.4490887,-81.9407222 26.449078,-81.9407416 26.4490608,-81.9407507 26.4490461,-81.940751 26.4490453)",2470,98186990,1769053882,11021439,Oak Street,unclassified,True,False,10.161,,,,,,,roundabout,,,,620.3514712056395
"LINESTRING (-81.9406701 26.4490917,-81.9406862 26.4491636,-81.9406929 26.4492235,-81.9406902 26.4492836,-81.9406594 26.4493629,-81.940536 26.4496583,-81.9404689 26.4497568,-81.9402745 26.450028,-81.9402356 26.4500546,-81.9401873 26.4500666,-81.9400961 26.4500642,-81.9400344 26.4500642,-81.9399942 26.4500762,-81.939958 26.4501169,-81.9399486 26.4501602,-81.9399539 26.4502251,-81.9399754 26.4502683,-81.9400076 26.4503163,-81.9400545 26.450357,-81.9401658 26.4504316,-81.9404797 26.4506141)",2471,98186990,1925188152,182172706,,service,False,False,230.925,,,,,,,,,,,4733.151888214815
"LINESTRING (-81.9395387 26.4485582,-81.9384923 26.448187)",2474,98203461,98203467,882352981,Oak Street,unclassified,False,False,112.055,,,,,,,,,,,73.7092433939545
"LINESTRING (-81.9395387 26.4485582,-81.9393381 26.4490099)",2473,98203461,5706749087,599974886,,service,False,False,54.052,,,,,,,,,,,40.592355939540894
"LINESTRING (-81.9395387 26.4485582,-81.939614 26.448591,-81.939802 26.448716,-81.9401476 26.4488359)",2475,98203461,5720560893,165355993,Oak Street,unclassified,False,True,68.55,,,,,,,,,,,437.3205270329437
"LINESTRING (-81.9395387 26.4485582,-81.9397971 26.448016)",2472,98203461,5723414861,11036142,School Street,residential,False,True,65.549,,,,,,,,,,,165.16850895033912
"LINESTRING (-81.9384923 26.448187,-81.9383856 26.4483884)",2476,98203467,98425440,11040297,Bay Road,unclassified,False,False,24.786,,,,,,,,,,,78.64417672473778
"LINESTRING (-81.9384923 26.448187,-81.9386264 26.4479272)",2477,98203467,5742089175,882352980,Bay Road,unclassified,False,True,31.824,,,,,,,,,,,49.82146815952514
"LINESTRING (-81.912109 26.432351,-81.910541 26.432369,-81.910293 26.432368)",84,98203979,98203983,11023045,Avenida Carita,residential,False,False,180.834,,,,,,,,,,,1.7986089588276222
"LINESTRING (-81.912109 26.432351,-81.912116 26.432482,-81.9121318 26.4328927)",85,98203979,98400774,11038311,Lazy Way,residential,False,False,60.278,,,,,,,,,,,1.7986089588276222
"LINESTRING (-81.8975349 26.4200771,-81.898717 26.422451,-81.8988 26.422587)",87,98206415,98206428,182172872,Palmview Boulevard,residential,False,False,306.258,,,,,,,,,,,0.0
"LINESTRING (-81.8988 26.422587,-81.899436 26.422122,-81.899677 26.421937)",89,98206428,98275387,165353733,Albatross Street,residential,False,True,113.368,,,,,,,,,,,0.0
"LINESTRING (-81.8988 26.422587,-81.898274 26.422978,-81.897976 26.423185,-81.897897 26.423169,-81.897841 26.423116,-81.8963966 26.4202244)",88,98206428,98580739,"[11054816, 165353733]","['Bayview Boulevard', 'Albatross Street']",residential,False,False,474.042,,,,,,,,,,,0.0
"LINESTRING (-81.9538527 26.458695,-81.9540057 26.4585421)",2480,98214611,3529441447,719554633,,service,False,False,22.826,,,,,,,,,,,77.49756351348518
"LINESTRING (-81.9538527 26.458695,-81.9538777 26.4587104)",2479,98214611,8278573202,11021110,Fishermans Wharf,residential,False,True,3.021,,,,,,,,,,,5.9803747881018445
"LINESTRING (-81.953846 26.462011,-81.9538339 26.4617445,-81.953822 26.4614054)",2484,98214634,1793441107,168027411,San Carlos Drive,residential,False,True,67.383,,,,,,,,,,,0.0
"LINESTRING (-81.953846 26.462011,-81.953975 26.462694,-81.954036 26.462914,-81.954171 26.463434,-81.954184 26.463519,-81.954187 26.463588,-81.954183 26.463657,-81.954168 26.463735,-81.9541324 26.4638597)",2483,98214634,7132571086,168027411,San Carlos Drive,residential,False,False,209.606,,,,,,,,,,,0.0
"LINESTRING (-81.954097 26.463951,-81.9540941 26.4640677)",2485,98214651,98214653,168027411,San Carlos Drive,residential,False,False,12.98,,,,,,,,,,,0.0
"LINESTRING (-81.954097 26.463951,-81.954048 26.464024,-81.9539911 26.4641133,-81.9539207 26.4641886,-81.9538073 26.4642905,-81.9537295 26.4643428,-81.953603 26.464407)",2486,98214651,98214700,11026178,San Carlos Court,residential,False,False,71.975,,,,,,,,,,,0.0
"LINESTRING (-81.954097 26.463951,-81.954128 26.463875,-81.9541324 26.4638597)",2487,98214651,7132571086,168027411,San Carlos Drive,residential,False,True,10.754,,,,,,,,,,,0.0
"LINESTRING (-81.9540941 26.4640677,-81.9541506 26.4640321,-81.9545113 26.4638686,-81.9546782 26.4638876)",2490,98214653,7132571085,763298083,,service,False,False,63.872,,,private,driveway,,,,,,,0.0
"LINESTRING (-81.9540941 26.4640677,-81.9541184 26.464139,-81.9541523 26.4642045,-81.9541969 26.4642622,-81.9542177 26.4642748)",2489,98214653,7249222044,168027411,San Carlos Drive,residential,False,False,26.618,,,,,,,,,,,0.0
"LINESTRING (-81.9543582 26.4643361,-81.9544558 26.4643676,-81.9546604 26.4644649,-81.9546928 26.464486)",2492,98214660,7132571095,776912761,San Carlos Drive,residential,False,False,37.378,,,,,,,,,,,0.0
"LINESTRING (-81.9543582 26.4643361,-81.9542205 26.4643205,-81.9541943 26.4643197)",2491,98214660,7249222043,11023987,San Carlos Court,residential,False,False,16.426,,,,,,,,,,,0.0
"LINESTRING (-81.9543582 26.4643361,-81.9542511 26.4642949,-81.9542177 26.4642748)",2493,98214660,7249222044,776912761,San Carlos Drive,residential,False,True,15.61,,,,,,,,,,,0.0
"LINESTRING (-81.953603 26.464407,-81.9537813 26.4643508,-81.9539395 26.4643211,-81.9540881 26.4643164,-81.9541943 26.4643197)",2495,98214700,7249222043,11023987,San Carlos Court,residential,False,True,60.286,,,,,,,,,,,0.0
"LINESTRING (-81.9070876 26.4237222,-81.9066806 26.4240156)",91,98218152,98218157,11024325,Flamingo Street,residential,False,False,52.028,,,,,,,,,,,42.17738008450774
"LINESTRING (-81.9066806 26.4240156,-81.906561 26.424105,-81.9065034 26.4241481)",93,98218157,5789834754,11024325,Flamingo Street,residential,False,False,22.987,,,,,,,,,,,48.944646292096664
"LINESTRING (-81.9066806 26.4240156,-81.9064721 26.423774,-81.9063647 26.4236497,-81.9063391 26.4236205)",94,98218157,5789834832,11039461,Court Street,residential,False,False,55.557,,,,,,,,,,,40.60359724553357
"LINESTRING (-81.9051243 26.425102,-81.9033952 26.426358)",95,98218165,98218174,165353732,Flamingo Street,residential,False,False,221.699,,,,,,,,,,,9.95979710950796
"LINESTRING (-81.9051243 26.425102,-81.905291 26.425317,-81.905335 26.425358,-81.905423 26.425439,-81.905493 26.425469)",97,98218165,98565023,11053682,Mound Road,residential,False,True,55.721,,,,,,,,,,,21.448411834019396
"LINESTRING (-81.9051243 26.425102,-81.9054423 26.4248682)",96,98218165,5755082408,165353732,Flamingo Street,residential,False,True,40.97,,,,,,,,,,,36.898462790348674
"LINESTRING (-81.9231208 26.4373857,-81.9230674 26.4374329)",2497,98223874,5781896320,11020040,Gulfview Avenue,residential,False,False,7.471,,,,,,,,,,,0.404687015736215
"LINESTRING (-81.9395 26.458111,-81.939502 26.458824,-81.939499 26.458898)",2498,98228892,98228894,11025401,Barbados Way,residential,False,False,87.516,,,,,,,,,,,0.0
"LINESTRING (-81.914948 26.432989,-81.914534 26.432634,-81.914168 26.432308,-81.913871 26.432065)",99,98231941,98231946,11025601,Palmetto Street,residential,False,False,148.534,,,,,,,,,,,4291.284252907835
"LINESTRING (-81.913871 26.432065,-81.9143322 26.4316495,-81.9143949 26.431593,-81.9144682 26.4315269,-81.914518 26.431482)",103,98231946,98272109,11038625,Dakota Avenue,residential,False,True,91.394,,,,,,,,,,,670.5326611569302
"LINESTRING (-81.913871 26.432065,-81.913274 26.431533,-81.912798 26.431077,-81.912766 26.431047,-81.9127 26.43101,-81.912626 26.430992,-81.91237 26.430993,-81.912209 26.430998,-81.912099 26.430994)",100,98231946,98379275,"[11025601, 11036883]","['Lewis Street', 'Palmetto Street']",residential,False,False,225.765,,,,,,,,,,,1150.4858411670848
"LINESTRING (-81.887306 26.408614,-81.887451 26.408509,-81.887506 26.408481,-81.887592 26.408477,-81.887663 26.408481,-81.887725 26.408498,-81.887757 26.408513,-81.887866 26.408636)",105,98235454,98235466,11025920,Bay Beach Lane,residential,False,False,68.048,,,,,,,,,,,2.1583307505931466
"LINESTRING (-81.887306 26.408614,-81.88722 26.408653,-81.887154 26.408674,-81.887064 26.408681,-81.8869264 26.4086865)",106,98235454,5094979814,11025920,Bay Beach Lane,residential,False,True,39.289,,,,,,,,,,,0.0
"LINESTRING (-81.887306 26.408614,-81.887158 26.4084762)",104,98235454,7013232985,750002469,,service,False,True,21.261,,,,,,,,,,,0.0
"LINESTRING (-81.887866 26.408636,-81.887917 26.408703,-81.887968 26.408756,-81.888042 26.408798,-81.888128 26.408834,-81.888563 26.408957)",107,98235466,98235475,11025920,Bay Beach Lane,residential,False,False,80.406,,,,,,,,,,,217.29444483836207
"LINESTRING (-81.887866 26.408636,-81.8881289 26.4085003,-81.8881622 26.4084142,-81.887897 26.4083397,-81.8877907 26.4083087,-81.8875832 26.408272,-81.8874334 26.4082938,-81.887158 26.4084762)",109,98235466,7013232985,750002469,,service,False,False,149.455,,,,,,,,,,,2.1583307505931466
"LINESTRING (-81.888563 26.408957,-81.888528 26.4090188,-81.8884839 26.4090968,-81.8883729 26.4090955,-81.8879709 26.4090927,-81.8878538 26.4092086,-81.8877752 26.4092969,-81.8877644 26.4093949,-81.8877798 26.4094859,-81.8878214 26.4095163,-81.8882636 26.4095356,-81.8883314 26.4095473,-81.8883899 26.4096094,-81.8884531 26.4096777,-81.8885108 26.4096832,-81.888707 26.4095825)",112,98235475,7208366771,772146191,,service,False,False,223.155,,,,,,,,,,,215.13611408776896
"LINESTRING (-81.888563 26.408957,-81.888684 26.409003,-81.88875 26.409067,-81.888813 26.409167,-81.8888451 26.4092463)",110,98235475,7208366777,11025920,Bay Beach Lane,residential,False,False,44.926,,,,,,,,,,,250.2089887849076
"LINESTRING (-81.893052 26.411553,-81.89317 26.411584)",113,98235542,98235544,11025920,Bay Beach Lane,residential,False,False,12.247,,,,,,,,,,,29.766978268597143
"LINESTRING (-81.893052 26.411553,-81.893002 26.4115893,-81.8927274 26.4117887)",115,98235542,5594768019,585462557,The Palms Driveway,service,False,False,41.616,,,,driveway,,,,,,,22.16785541755044
"LINESTRING (-81.893052 26.411553,-81.892935 26.411516,-81.89277 26.411451,-81.892631 26.411384,-81.892564 26.411347,-81.8922522 26.4111514)",114,98235542,7226537671,11025920,Bay Beach Lane,residential,False,True,91.778,,,,,,,,,,,27.406304010135887
"LINESTRING (-81.89317 26.411584,-81.893209 26.411593,-81.89329 26.41161,-81.893411 26.41163,-81.893523 26.411639,-81.893814 26.4116428)",117,98235544,1775763089,11025920,Bay Beach Lane,residential,False,False,64.732,,,,,,,,,,,15.962654509595145
"LINESTRING (-81.89317 26.411584,-81.8931249 26.411641,-81.893109 26.4116611,-81.8930232 26.4117572,-81.892991 26.4118533,-81.8929964 26.4119205,-81.8930388 26.4120123,-81.8931951 26.4123273)",118,98235544,7011017133,166091712,Harbour Pointe Condos,service,False,False,92.214,,,,,,,,,,,7.599122851046704
"LINESTRING (-81.897108 26.411402,-81.896929 26.411505,-81.896864 26.411537,-81.8968324 26.4115497,-81.896797 26.411564,-81.896715 26.411586,-81.896628 26.411601,-81.8965968 26.4116037)",120,98235590,1775763099,11025920,Bay Beach Lane,residential,False,True,56.362,,,,,,,,,,,20.881850011988693
"LINESTRING (-81.8971374 26.4113229,-81.897108 26.411402)",590,1775763337,98235590,166091704,Bay Beach Lane,residential,True,False,9.27,,,,,,,,,,,3.687148365596626
"LINESTRING (-81.897108 26.411402,-81.897187 26.4113664)",119,98235590,1775763364,165353731,Bay Beach Lane,residential,True,False,8.807,,,,,,,,,,,3.372391797801792
"LINESTRING (-81.898483 26.409758,-81.8984 26.409653)",121,98235630,98235674,136256174,Estero Boulevard,secondary,False,False,14.305,2,CR 865,,,35 mph,,,,,,11.712798484022452
"LINESTRING (-81.8979362 26.4101435,-81.898 26.410066,-81.89806 26.410018,-81.898101 26.409989,-81.898186 26.40993,-81.898316 26.409848,-81.8984062 26.4097994,-81.898483 26.409758)",574,1775763274,98235630,166091698,Bay Beach Lane,residential,True,False,69.877,,,,,,,,,,,23.770544471934343
"LINESTRING (-81.898483 26.409758,-81.898631 26.409946,-81.898791 26.410173,-81.8988467 26.4102624)",123,98235630,5766451157,136256174,Estero Boulevard,secondary,False,True,66.812,2,CR 865,,,35 mph,,,,,,61.884995390518974
"LINESTRING (-81.898483 26.409758,-81.8987194 26.4096016)",122,98235630,5768234124,608940653,,service,False,True,29.27,,,,,,,,,,,11.38904887143348
"LINESTRING (-81.8984 26.409653,-81.8983209 26.4097067,-81.898157 26.409818,-81.897998 26.409931,-81.897844 26.410062,-81.8978318 26.4100816)",126,98235674,1775763180,11025923,Bay Beach Lane,residential,True,False,74.23,,,,,,,,,,,0.8363531658548444
"LINESTRING (-81.8984 26.409653,-81.8980517 26.4092449)",124,98235674,5768540105,136256174,Estero Boulevard,secondary,False,False,57.118,2,CR 865,,,35 mph,,,,,,0.323749612588972
"LINESTRING (-81.95168 26.465456,-81.9514863 26.4653742)",2501,98238389,98304359,11031707,Prescott Street,residential,False,True,21.319,,,,,,,,,,,76.38467422021058
"LINESTRING (-81.95168 26.465456,-81.953871 26.466424,-81.954401 26.466669,-81.954469 26.466707,-81.954533 26.466749,-81.954588 26.466793,-81.954938 26.467129)",2503,98238389,98304387,11031707,Prescott Street,residential,False,False,376.892,,,,,,,,,,,69.2689275268488
"LINESTRING (-81.95168 26.465456,-81.951714 26.465384,-81.951761 26.465319,-81.95182 26.465261,-81.951951 26.465184,-81.9525195 26.4649193)",2502,98238389,8793196288,11026179,San Carlos Court,residential,False,False,105.412,,,,,,,,,,,131.97293235397677
"LINESTRING (-81.911293 26.42985,-81.911165 26.429734,-81.910242 26.42884)",127,98241915,98241918,11026561,Lauder Street,residential,False,False,153.517,,,,,,,,,,,789.4544372534142
"LINESTRING (-81.911293 26.42985,-81.911129 26.429999,-81.911043 26.430065,-81.91093 26.430124,-81.910618 26.430253,-81.910223 26.430401)",128,98241915,98421825,11039928,Sterling Avenue,residential,False,False,124.419,,,,,,,,,,,471.32547766077846
"LINESTRING (-81.911293 26.42985,-81.9113732 26.4297833,-81.9117378 26.4294799)",129,98241915,5806958421,11039928,Sterling Avenue,residential,False,True,60.459,,,,,,,,,,,375.4596201552662
"LINESTRING (-81.910242 26.42884,-81.910199 26.428966,-81.910196 26.429335,-81.910211 26.43023,-81.910223 26.430401)",132,98241918,98421825,11051872,Falkirk Street,residential,False,False,174.265,,,,,,,,,,,799.796438766673
"LINESTRING (-81.909125 26.4277835,-81.908884 26.427549,-81.908816 26.427484,-81.90867 26.427344,-81.908614 26.427298)",133,98241924,98241934,11026561,Lauder Street,residential,False,False,74.208,,,,,,,,,,,1017.6979141286392
"LINESTRING (-81.909125 26.4277835,-81.909121 26.428975,-81.90914 26.430056)",135,98241924,98431359,11040749,Dundee Road,residential,False,False,252.707,,,,,,,,,,,473.77608236718106
"LINESTRING (-81.908614 26.427298,-81.908743 26.427164,-81.9090902 26.4268744,-81.909297 26.426702,-81.90934 26.4266697,-81.909408 26.426618)",138,98241934,98272136,11036937,Lanark Avenue,residential,False,True,109.525,,,,,,,,,,,691.1098717765175
"LINESTRING (-81.908614 26.427298,-81.90829 26.427304,-81.908211 26.427329,-81.908151 26.427383,-81.9081315 26.4274616,-81.9081381 26.4277208,-81.908141 26.428249,-81.90816 26.429341)",137,98241934,98317275,11032812,Indian Bayou Drive,residential,False,False,267.038,,,,,,,,,,,560.8737211984086
"LINESTRING (-81.8942 26.4151995,-81.8941902 26.4152255,-81.8941906 26.4152529,-81.8942004 26.4152772,-81.8942181 26.4152976,-81.8942422 26.415312,-81.89427 26.4153188)",141,98243788,5801434616,11026722,Lenell Road,residential,False,True,17.599,,,,,,,,,,,0.0
"LINESTRING (-81.8942 26.4151995,-81.8942188 26.415178,-81.8942446 26.4151632,-81.8942743 26.415157)",140,98243788,5801434621,11026722,Lenell Road,residential,False,False,9.125,,,,,,,,,,,0.0
"LINESTRING (-81.8942 26.4151995,-81.8940571 26.4151629)",139,98243788,7011017142,749746237,,service,False,False,14.801,,,,,,,,,,,0.0
"LINESTRING (-81.8943634 26.4152698,-81.894348 26.4152917,-81.8943257 26.4153081,-81.8942988 26.4153175,-81.89427 26.4153188)",142,98243793,5801434616,11026722,Lenell Road,residential,False,False,11.5,,,,,,,,,,,0.0
"LINESTRING (-81.8943634 26.4152698,-81.8943704 26.4152431,-81.8943671 26.4152159,-81.8943539 26.4151912,-81.8943323 26.4151718,-81.8943047 26.4151599,-81.8942743 26.415157)",143,98243793,5801434621,11026722,Lenell Road,residential,False,True,18.278,,,,,,,,,,,0.0
"LINESTRING (-81.8943634 26.4152698,-81.894463 26.415306,-81.894547 26.415313,-81.8948983 26.415313)",144,98243793,7148341499,759499757,Lenell Road,residential,False,True,54.089,,,,,,,,,,,0.0
"LINESTRING (-81.900838 26.415216,-81.9007166 26.4152225,-81.9004532 26.4152372)",147,98243801,98243803,11026723,Lenell Road,residential,False,False,38.393,,,,,,,,,,,5.171000756629414
"LINESTRING (-81.900838 26.415216,-81.9008252 26.4151819)",145,98243801,5763946218,136256174,Estero Boulevard,secondary,False,False,4.0,2,CR 865,,,35 mph,,,,,,2.270743810519873
"LINESTRING (-81.900838 26.415216,-81.9008689 26.4152996)",146,98243801,8277500437,136256174,Estero Boulevard,secondary,False,True,9.792,2,CR 865,,,35 mph,,,,,,1.5513002269888243
"LINESTRING (-81.9004532 26.4152372,-81.9004415 26.4148206,-81.9004159 26.4147496)",150,98243803,5801434582,613014390,,service,False,True,54.635,,,,parking_aisle,,,,,,,12.77012360767612
"LINESTRING (-81.9004532 26.4152372,-81.900065 26.4152463)",148,98243803,5802006318,11026723,Lenell Road,residential,False,False,38.672,,,,,,,,,,,34.600739845446384
"LINESTRING (-81.962199 26.458371,-81.9621251 26.4584212,-81.961965 26.45853,-81.9619547 26.4585352,-81.961884 26.458571,-81.961805 26.458597,-81.961731 26.458604,-81.961649 26.458593,-81.961562 26.458564,-81.961468 26.458526,-81.960983 26.458303,-81.960923 26.458263,-81.960863 26.458209,-81.960819 26.458141,-81.960795 26.458062,-81.960794 26.457984,-81.960809 26.457913,-81.960834 26.457849,-81.9610967 26.4573912,-81.96114 26.457317)",2505,98244307,98244343,11026755,Carlos Circle,residential,False,False,260.878,,,,,,,,,,,17.49147212459863
"LINESTRING (-81.962199 26.458371,-81.9618752 26.4580486,-81.9618254 26.4579991)",2506,98244307,5706106368,166094633,Estero Boulevard,tertiary,False,True,55.618,2,,,,25 mph,,,,,,23.269503404832363
"LINESTRING (-81.962199 26.458371,-81.962236 26.4584076)",2504,98244307,5706106397,166094633,Estero Boulevard,tertiary,False,False,5.489,2,,,,25 mph,,,,,,0.6070305236043224
"LINESTRING (-81.96114 26.457317,-81.9612153 26.4573919)",2507,98244343,3712398266,166094633,Estero Boulevard,tertiary,False,False,11.205,2,,,,25 mph,,,,,,39.16471007847147
"LINESTRING (-81.96114 26.457317,-81.9608653 26.4570402)",2508,98244343,5832108827,166094633,Estero Boulevard,tertiary,False,True,41.172,2,,,,25 mph,,,,,,21.740685789828888
"LINESTRING (-81.8841963 26.4047774,-81.8841812 26.404891,-81.8841741 26.404944)",154,98248812,5095138163,523331110,,service,False,False,18.657,,,,,,,,,,,0.0
"LINESTRING (-81.8841963 26.4047774,-81.8842271 26.4046203)",151,98248812,5095138429,523331118,,service,False,False,17.736,,,,,,,,,,,0.0
"LINESTRING (-81.8841963 26.4047774,-81.8837016 26.4047118,-81.8836084 26.4046999)",152,98248812,9629857104,136256174,Estero Boulevard,secondary,False,False,59.183,2,CR 865,,,35 mph,,,,,,0.0
"LINESTRING (-81.9421752 26.4484546,-81.9421746 26.4485223,-81.9421741 26.4486733,-81.9421719 26.4490772)",2512,98254936,5723831291,11027641,Tropical Shore Way,residential,False,False,69.231,,,,,,,,,,,3.5972179176552443
"LINESTRING (-81.9421752 26.4484546,-81.9423782 26.4485267)",2510,98254936,5725934656,882352979,Estero Boulevard,secondary,False,False,21.742,2,CR 865,,,25 mph,,,,,,0.9442697033845016
"LINESTRING (-81.9421752 26.4484546,-81.9420646 26.4484149)",2511,98254936,5725934732,882352979,Estero Boulevard,secondary,False,True,11.863,2,CR 865,,,25 mph,,,,,,0.0
"LINESTRING (-81.9421752 26.4484546,-81.9422254 26.4483807,-81.9423786 26.4483842)",2513,98254936,5725934734,603039732,,service,False,True,24.875,,,,,,,,,,,5.215965980600106
"LINESTRING (-81.94215 26.453273,-81.9421685 26.4497321)",2514,98254965,5723831244,11027641,Tropical Shore Way,residential,False,True,393.735,,,,,,,,,,,2291.8003825450046
"LINESTRING (-81.9567758 26.4570124,-81.957206 26.456243,-81.9566623 26.4560071)",2516,98256726,98291380,"[11027750, 166092631]","['Harbor Court', 'Third Street']",unclassified,False,True,155.821,,,,,,,,,,,1458.1098003095678
"LINESTRING (-81.9567758 26.4570124,-81.9570043 26.457112,-81.9569221 26.4572796)",2517,98256726,5720788163,"[602188085, 602188086]",,service,False,True,45.654,,,,,,,,,,,67.42535334405048
"LINESTRING (-81.9567758 26.4570124,-81.9565502 26.4569141)",2515,98256726,5720788166,602188086,,service,False,False,24.977,,,,,,,,,,,66.95321849235825
"LINESTRING (-81.958309 26.455041,-81.9580144 26.4548736)",2519,98266913,5700557920,166094633,Estero Boulevard,tertiary,False,True,34.736,2,,,,25 mph,,,,,,304.06833405700075
"LINESTRING (-81.958309 26.455041,-81.9582373 26.4551105,-81.958199 26.455148,-81.958121 26.455195,-81.958052 26.455224,-81.957963 26.455249,-81.957777 26.455284,-81.957683 26.455295,-81.957596 26.455295,-81.957509 26.45528,-81.957424 26.455247,-81.957095 26.455029,-81.957047 26.454959,-81.957035 26.454877,-81.957053 26.454803,-81.957089 26.454742,-81.957146 26.4546649)",2520,98266913,5702366486,11028416,Lagoon Street,residential,False,False,182.915,,,,,,,,,,,416.33300874462384
"LINESTRING (-81.958309 26.455041,-81.9583657 26.4550769)",2518,98266913,5702951044,166094633,Estero Boulevard,tertiary,False,False,6.913,2,,,,25 mph,,,,,,83.41049046563099
"LINESTRING (-81.9573143 26.4544372,-81.9569581 26.45421)",2522,98266970,2021400879,725731375,Estero Boulevard,tertiary,False,True,43.539,2,,,,25 mph,,,,,,35.93620699737589
"LINESTRING (-81.9573143 26.4544372,-81.9575279 26.4545725)",2521,98266970,5702366483,166094633,Estero Boulevard,tertiary,False,False,26.048,2,,,,25 mph,,,,,,6.85719665553031
"LINESTRING (-81.9573143 26.4544372,-81.9572584 26.4545128,-81.957146 26.4546649)",2523,98266970,5702366486,11028416,Lagoon Street,residential,False,True,30.36,,,,,,,,,,,338.9703409030507
"LINESTRING (-81.9449283 26.4494322,-81.944928 26.4495002,-81.9449262 26.4496498,-81.9448789 26.4536577)",2525,98268180,98268198,11028505,Fairweather Lane,residential,False,False,469.881,,,,,,,,,,,1970.7808014113964
"LINESTRING (-81.9449283 26.4494322,-81.9451384 26.4495068,-81.9452846 26.4495587,-81.9453863 26.4495948,-81.9455134 26.4496399)",2526,98268180,98272687,882352979,Estero Boulevard,secondary,False,False,62.662,2,CR 865,,,25 mph,,,,,,490.9246946590032
"LINESTRING (-81.9449283 26.4494322,-81.9447333 26.4493629)",2524,98268180,1769083208,882352979,Estero Boulevard,secondary,False,True,20.887,2,CR 865,,,25 mph,,,,,,126.80193159734738
"LINESTRING (-81.9553117 26.4536327,-81.9553412 26.4535293,-81.955357 26.45347,-81.9553652 26.4534086)",2738,98433634,98271969,166092634,San Carlos Boulevard,secondary,True,False,25.522,1,FL 865,,,25 mph,,,,,,5.2474416373795885
"LINESTRING (-81.9553652 26.4534086,-81.955354 26.453353,-81.955247 26.4530787)",2529,98271969,98433640,600753130,San Carlos Boulevard,secondary,True,False,38.589,1,FL 865,,,25 mph,,,,,,14.572104958301544
"LINESTRING (-81.95526 26.453307,-81.9552988 26.4533637,-81.9553652 26.4534086)",2772,98523816,98271969,166092633,,secondary_link,True,False,15.678,1,,,,,,,,,,29.916487638299696
"LINESTRING (-81.9553652 26.4534086,-81.9555099 26.4534638)",2528,98271969,1769042077,455892514,Estero Boulevard,tertiary,False,False,15.658,2,,,,25 mph,,,,,,207.63141820706073
"LINESTRING (-81.9560423 26.4536495,-81.9559611 26.4536165,-81.9558305 26.4535635,-81.9555099 26.4534638)",2530,98271979,1769042077,11028761,Estero Boulevard,tertiary,False,True,56.94,2,,,,25 mph,,,,,,525.37142861235
"LINESTRING (-81.9560423 26.4536495,-81.9561183 26.4536871,-81.9561925 26.4537238,-81.9565111 26.4539159,-81.956596 26.4539769,-81.956729 26.4540725,-81.9567906 26.4541095)",2533,98271979,2021400894,725731375,Estero Boulevard,tertiary,False,False,90.525,2,,,,25 mph,,,,,,528.3391333944155
"LINESTRING (-81.9560423 26.4536495,-81.9560797 26.4535778,-81.9562889 26.4531604,-81.9562485 26.4531486,-81.9555184 26.4529261,-81.9554757 26.4529244)",2532,98271979,4277693469,"[166094632, 11031088, 166092630]","['Old San Carlos Boulevard', 'Estero Boulevard']","['pedestrian', 'unclassified']",False,"[False, True]",144.935,,,permissive,,,,,,,,1222.1435462173768
"LINESTRING (-81.9560423 26.4536495,-81.956001 26.4537257,-81.9557787 26.4541357)",2531,98271979,4277774367,166092638,Old San Carlos Boulevard,unclassified,False,False,60.095,,,,,25 mph,,,,,,729.3022088866228
"LINESTRING (-81.966037 26.462476,-81.966097 26.4627534,-81.9661309 26.4627823)",2534,98272051,1773963620,11028781,Estero Boulevard,tertiary,True,False,36.078,,,,,,,,,,,0.0
"LINESTRING (-81.966037 26.462476,-81.966018 26.462408,-81.9660014 26.4623692)",2535,98272051,1975886853,166094633,Estero Boulevard,tertiary,False,True,12.414,2,,,,25 mph,,,,,,0.0
"LINESTRING (-81.966037 26.462476,-81.9661313 26.4624551,-81.966189 26.4624632,-81.9663012 26.4624045,-81.9663608 26.4623864,-81.9664868 26.4623603,-81.9666886 26.4623102,-81.9668684 26.4622402)",2536,98272051,7189946869,770229563,,service,False,False,87.922,,,,,,,,,,,0.0
"LINESTRING (-81.9247624 26.4390708,-81.9244769 26.4389052,-81.92446 26.4388954,-81.9244066 26.4388645,-81.924304 26.438805,-81.9241893 26.4387295,-81.924111 26.438678)",156,98272065,98272072,11028771,Estero Boulevard,secondary,False,False,78.222,2,CR 865,,,25 mph,,,,,,343.6186209310209
"LINESTRING (-81.9247624 26.4390708,-81.9248575 26.4389837,-81.9249494 26.4388994,-81.9250554 26.4388022)",157,98272065,98358279,11035665,Coconut Drive,residential,False,True,41.75,,,,,,,,,,,694.6621244702021
"LINESTRING (-81.9247624 26.4390708,-81.9246949 26.439123,-81.9245744 26.4392177,-81.924373 26.439375,-81.923938 26.439738,-81.923405 26.440175,-81.922818 26.440673,-81.922714 26.440757)",158,98272065,98358291,166092087,Coconut Drive,residential,False,False,277.066,,,,,,,,,,,1920.5265429711535
"LINESTRING (-81.9247624 26.4390708,-81.9248847 26.4391402)",155,98272065,5781895526,11041092,Estero Boulevard,secondary,False,False,14.416,2,CR 865,,,25 mph,,,,,,372.82353389998445
"LINESTRING (-81.924111 26.438678,-81.9240489 26.4387343,-81.924035 26.438747,-81.9239303 26.4388337)",161,98272072,5815189981,11033962,Sabal Drive,residential,False,False,24.975,,,,,,,,,,,1027.83757213403
"LINESTRING (-81.922039 26.437222,-81.9219759 26.4372771,-81.9214833 26.4377203,-81.9213417 26.4378469)",164,98272073,98525213,614483189,Strandview Avenue,residential,False,False,98.228,,,,,,,,,,,2046.6371342499513
"LINESTRING (-81.922039 26.437222,-81.9219922 26.4371945,-81.9215716 26.4369115)",163,98272073,5750060796,11028771,Estero Boulevard,secondary,False,False,57.956,2,CR 865,,,25 mph,,,,,,20.818898698429727
"LINESTRING (-81.922039 26.437222,-81.9222131 26.4373386)",162,98272073,5751752807,11028771,Estero Boulevard,secondary,False,True,21.647,2,CR 865,,,25 mph,,,,,,0.0
"LINESTRING (-81.9205098 26.4361169,-81.9204531 26.4361824,-81.9203513 26.4362999,-81.9203452 26.4363058)",167,98272079,98309788,11032129,Sanders Drive,service,False,False,26.645,,,,,,,,,,,104.54414573185554
"LINESTRING (-81.9205098 26.4361169,-81.9205945 26.4361775)",165,98272079,5750312026,11028771,Estero Boulevard,secondary,False,True,10.795,2,CR 865,,,25 mph,,,,,,24.88825146777722
"LINESTRING (-81.9205098 26.4361169,-81.9203634 26.4360081,-81.920176 26.4358704,-81.9201075 26.4358201,-81.9199491 26.4357037,-81.9197914 26.4355878)",166,98272079,5812474104,11028771,Estero Boulevard,secondary,False,False,92.616,2,CR 865,,,25 mph,,,,,,28.21567804160832
"LINESTRING (-81.919555 26.435414,-81.9194952 26.4353696)",168,98272090,5750312039,11028771,Estero Boulevard,secondary,False,False,7.735,2,CR 865,,,25 mph,,,,,,1.1016479872819185
"LINESTRING (-81.919555 26.435414,-81.9196492 26.4354833)",169,98272090,5750312186,11028771,Estero Boulevard,secondary,False,True,12.139,2,CR 865,,,25 mph,,,,,,0.1124130599267262
"LINESTRING (-81.919555 26.435414,-81.9194981 26.4354734,-81.919422 26.435553,-81.9193278 26.4356619)",170,98272090,5820587894,11042886,Bayland Road,residential,False,True,35.67,,,,,,,,,,,0.4046870157362148
"LINESTRING (-81.918787 26.434844,-81.9187307 26.4349024,-81.91865 26.434986)",173,98272096,98550561,11052594,Madera Road,residential,False,False,20.866,,,,,,,,,,,9.262836137962257
"LINESTRING (-81.918787 26.434844,-81.9186549 26.4347458)",171,98272096,5750312126,11028771,Estero Boulevard,secondary,False,False,17.095,2,CR 865,,,25 mph,,,,,,4.653900680966473
"LINESTRING (-81.918787 26.434844,-81.9188209 26.4348692)",172,98272096,5812474292,11028771,Estero Boulevard,secondary,False,True,4.387,2,CR 865,,,25 mph,,,,,,3.642183141625936
"LINESTRING (-81.916437 26.433102,-81.9163766 26.4330536)",174,98272103,5807601568,11028771,Estero Boulevard,secondary,False,False,8.07,2,CR 865,,,25 mph,,,,,,0.3822044037508696
"LINESTRING (-81.916437 26.433102,-81.9163584 26.4331284,-81.916317 26.433143,-81.9162898 26.4331456)",176,98272103,5808109809,11033563,Avenida Pescadora,residential,False,False,15.513,,,,,,,,,,,11.870819128262307
"LINESTRING (-81.916437 26.433102,-81.9165332 26.4331744)",175,98272103,5808109819,11028771,Estero Boulevard,secondary,False,True,12.512,2,CR 865,,,25 mph,,,,,,0.4496522397069054
"LINESTRING (-81.914518 26.431482,-81.9145931 26.431411,-81.9148806 26.4311393)",180,98272109,2019424577,11038625,Dakota Avenue,residential,False,True,52.494,,,,,,,,,,,312.8736490410612
"LINESTRING (-81.914518 26.431482,-81.9146636 26.4316067)",177,98272109,5754062420,11028771,Estero Boulevard,secondary,False,True,20.061,2,CR 865,,,25 mph,,,,,,275.6199609813441
"LINESTRING (-81.914518 26.431482,-81.9142493 26.4312529,-81.9139082 26.4309621)",178,98272109,5754063221,11028771,Estero Boulevard,secondary,False,False,83.838,2,CR 865,,,25 mph,,,,,,328.9037513866124
"LINESTRING (-81.9125578 26.429782,-81.9125656 26.4297892)",182,98272120,5784803019,11028771,Estero Boulevard,secondary,False,True,1.115,2,CR 865,,,25 mph,,,,,,71.78698006920747
"LINESTRING (-81.9125578 26.429782,-81.912513 26.4297256)",181,98272120,5784803030,11028771,Estero Boulevard,secondary,False,False,7.696,2,CR 865,,,25 mph,,,,,,25.56272982733758
"LINESTRING (-81.9125578 26.429782,-81.9124653 26.4297869,-81.912253 26.429798,-81.912168 26.429809,-81.9121303 26.4298374,-81.912103 26.429858,-81.912086 26.430025,-81.9120895 26.4302873)",183,98272120,5806958453,11038311,Lazy Way,residential,False,False,95.231,,,,,,,,,,,168.91186384589906
"LINESTRING (-81.91208 26.429181,-81.9121733 26.4291005,-81.9122574 26.429028,-81.9123154 26.4289858,-81.9123965 26.4289268,-81.912409 26.4289177,-81.9124291 26.4289031)",187,98272125,2213576180,11039928,Sterling Avenue,residential,False,True,46.551,,,,,,,,,,,77.59873526741923
"LINESTRING (-81.91208 26.429181,-81.9122937 26.4294497,-81.9124021 26.4295861)",185,98272125,5784803032,11028771,Estero Boulevard,secondary,False,True,55.297,2,CR 865,,,25 mph,,,,,,22.44888806736726
"LINESTRING (-81.91208 26.429181,-81.9119921 26.4290909)",184,98272125,5806958413,11028771,Estero Boulevard,secondary,False,False,13.303,2,CR 865,,,25 mph,,,,,,8.981803488145438
"LINESTRING (-81.91208 26.429181,-81.9120112 26.4292421,-81.911835 26.429399,-81.9117378 26.4294799)",186,98272125,5806958421,11039928,Sterling Avenue,residential,False,False,47.604,,,,,,,,,,,146.08077137478097
"LINESTRING (-81.909408 26.426618,-81.9097114 26.426369,-81.9097404 26.4263452,-81.9097977 26.4262994)",191,98272136,2213482532,11036937,Lanark Avenue,residential,False,True,52.545,,,,,,,,,,,205.125731101294
"LINESTRING (-81.909408 26.426618,-81.909212 26.4264273,-81.9091053 26.4263235)",189,98272136,5787532253,11028771,Estero Boulevard,secondary,False,False,44.507,2,CR 865,,,25 mph,,,,,,143.65826993335997
"LINESTRING (-81.909408 26.426618,-81.9096196 26.4268204)",188,98272136,5804664325,11028771,Estero Boulevard,secondary,False,True,30.83,2,CR 865,,,25 mph,,,,,,146.26625292366003
"LINESTRING (-81.907901 26.425489,-81.907987 26.425506,-81.908072 26.42553,-81.908164 26.425564,-81.9082384 26.4255969)",194,98272162,5787532321,719594952,Estero Boulevard,secondary,False,True,35.819,2,CR 865,,,25 mph,,,,,,41.03076687325514
"LINESTRING (-81.907901 26.425489,-81.907696 26.425464,-81.9075391 26.4254563)",193,98272162,5787669200,719594952,Estero Boulevard,secondary,False,False,36.249,2,CR 865,,,25 mph,,,,,,20.48165951864955
"LINESTRING (-81.906821 26.425303,-81.906731 26.425258,-81.906627 26.425194,-81.906474 26.425079,-81.9063765 26.4249975)",198,98272180,5755082380,719594952,Estero Boulevard,secondary,False,False,56.001,2,CR 865,,,25 mph,,,,,,115.92596804943659
"LINESTRING (-81.906821 26.425303,-81.9069045 26.4253346)",195,98272180,5787669232,719594952,Estero Boulevard,secondary,False,True,9.027,2,CR 865,,driveway,25 mph,,,,,,2.3943981764392723
"LINESTRING (-81.906821 26.425303,-81.9067804 26.4253718,-81.90674 26.425419,-81.9067031 26.4254368)",197,98272180,5804156703,11053682,Mound Road,residential,False,False,19.44,,,,,,,,,,,181.6201602706155
"LINESTRING (-81.90539 26.423895,-81.9052523 26.4237198)",199,98272207,98272215,719594952,Estero Boulevard,secondary,False,False,23.823,2,CR 865,,,25 mph,,,,,,61.53490900389002
"LINESTRING (-81.90539 26.423895,-81.905295 26.423949,-81.9052428 26.4239826,-81.9051523 26.4240411)",201,98272207,98428988,11040603,Driftwood Lane,residential,False,False,28.72,,,,,,,,,,,100.4523103505227
"LINESTRING (-81.90539 26.423895,-81.9054187 26.4239285)",200,98272207,5754569574,719594952,Estero Boulevard,secondary,False,True,4.695,2,CR 865,,,25 mph,,,,,,29.294843416904897
"LINESTRING (-81.9052523 26.4237198,-81.905143 26.423571)",202,98272215,98272222,719594952,Estero Boulevard,secondary,False,False,19.805,2,CR 865,,,25 mph,,,,,,42.896823668038785
"LINESTRING (-81.9052523 26.4237198,-81.9051146 26.4237991,-81.9050075 26.4238608,-81.9051083 26.4239863,-81.9051523 26.4240411)",204,98272215,98428988,125133578,,service,False,False,53.678,,,,parking_aisle,,,,,,,104.4766978958995
"LINESTRING (-81.904361 26.422395,-81.9045411 26.4226655,-81.9046151 26.4227767,-81.9047075 26.4229154,-81.9048436 26.4231214)",210,98272226,1335983175,719594952,Estero Boulevard,secondary,False,True,93.987,2,CR 865,,,25 mph,,,,,,7.149470611339797
"LINESTRING (-81.904361 26.422395,-81.9042251 26.4224689,-81.904142 26.4225292)",209,98272226,1390578781,11034354,Curlew Street,residential,False,False,26.483,,,,,,,,,,,8.52090994244586
"LINESTRING (-81.904361 26.422395,-81.9042837 26.4222778)",208,98272226,1390589104,719594952,Estero Boulevard,secondary,False,False,15.136,2,CR 865,,,25 mph,,,,,,6.6323705356768565
"LINESTRING (-81.903802 26.421548,-81.9038536 26.4216269)",212,98272231,5756963348,719594952,Estero Boulevard,secondary,False,True,10.167,2,CR 865,,,25 mph,,,,,,0.5845479116189772
"LINESTRING (-81.903802 26.421548,-81.903615 26.4212671)",211,98272231,5756963368,136256174,Estero Boulevard,secondary,False,False,36.364,2,CR 865,,,35 mph,,,,,,3.2824613498604114
"LINESTRING (-81.903802 26.421548,-81.9036836 26.4216141,-81.903675 26.421619,-81.903659 26.421631)",213,98272231,5756963382,11034079,Egret Street,residential,False,False,16.987,,,,,,,,,,,21.385460520460423
"LINESTRING (-81.902649 26.4198,-81.902606 26.419723)",214,98272235,98272236,136256174,Estero Boulevard,secondary,False,False,9.573,2,CR 865,,,35 mph,,,,,,0.0
"LINESTRING (-81.902649 26.4198,-81.9026949 26.4198704)",215,98272235,5758996108,136256174,Estero Boulevard,secondary,False,True,9.065,2,CR 865,,,35 mph,,,,,,0.0
"LINESTRING (-81.901985 26.4202499,-81.9024902 26.4198802,-81.902649 26.4198)",1842,5802470186,98272235,11029167,Albatross Street,residential,True,False,83.123,,,,,,,,,,,0.0
"LINESTRING (-81.902606 26.419723,-81.9025521 26.4196253)",216,98272236,5758996155,136256174,Estero Boulevard,secondary,False,False,12.117,2,CR 865,,,35 mph,,,,,,0.0
"LINESTRING (-81.902606 26.419723,-81.9024549 26.4198163,-81.9019319 26.4201934)",218,98272236,5802469980,11029170,Albatross Street,residential,True,False,85.14,,,,,,,,,,,0.0
"LINESTRING (-81.901581 26.417219,-81.9017535 26.4176787)",220,98272245,5802444795,136256174,Estero Boulevard,secondary,False,True,53.926,2,CR 865,,,35 mph,,,,,,46.480552018502834
"LINESTRING (-81.901091 26.4172055,-81.9012305 26.4172368,-81.9014481 26.4172257,-81.9014751 26.4172244,-81.901581 26.417219)",1805,5802444925,98272245,11030306,Island Pines Way,residential,True,False,49.282,,,,,,,,,,,40.02354585631167
"LINESTRING (-81.901581 26.417219,-81.9015628 26.4171689)",219,98272245,5802444936,136256174,Estero Boulevard,secondary,False,False,5.858,2,CR 865,,,35 mph,,,,,,1.2680193159734736
"LINESTRING (-81.899579 26.411833,-81.899549 26.411751)",221,98272259,98272261,136256174,Estero Boulevard,secondary,False,False,9.595,2,CR 865,,,35 mph,,,,,,2.0504142130634895
"LINESTRING (-81.8999605 26.4117618,-81.899923 26.411761,-81.899748 26.411785,-81.899579 26.411833)",1019,5766143315,98272259,11048518,,service,True,False,39.024,,,,,,,,,,,7.112374301563978
"LINESTRING (-81.899579 26.411833,-81.89981 26.412457,-81.8999346 26.4127935,-81.9000612 26.4131354)",222,98272259,5801434578,136256174,Estero Boulevard,secondary,False,True,152.575,2,CR 865,,,35 mph,,,,,,15.742324912138763
"LINESTRING (-81.899549 26.411751,-81.899621 26.41173,-81.8998 26.411687,-81.899936 26.411668,-81.8999532 26.4116682)",225,98272261,5766143316,608672119,,service,True,False,41.418,,,,,,,,,,,7.92512072483421
"LINESTRING (-81.899549 26.411751,-81.8994999 26.4116212)",223,98272261,5799216668,136256174,Estero Boulevard,secondary,False,False,15.239,2,CR 865,,,35 mph,,,,,,0.323749612588972
"LINESTRING (-81.896228 26.407141,-81.8962133 26.4071252,-81.896134 26.40704)",226,98272281,98272282,136256174,Estero Boulevard,secondary,False,False,14.621,2,CR 865,,,35 mph,,,,,,13.084880175470952
"LINESTRING (-81.896228 26.407141,-81.89639 26.40731,-81.8964487 26.4073783)",227,98272281,5768797112,136256174,Estero Boulevard,secondary,False,True,34.352,2,CR 865,,,35 mph,,,,,,10.859101588921769
"LINESTRING (-81.8958076 26.4074187,-81.8961221 26.4072047,-81.896129 26.4072,-81.8961584 26.4071825,-81.896228 26.407141)",1604,5798972596,98272281,11037499,Buccaneer Drive,residential,True,False,52.042,,,,,20 mph,,,,,,25.88310704812875
"LINESTRING (-81.896134 26.40704,-81.89603 26.406933,-81.8957736 26.4067037,-81.895736 26.40667,-81.895666 26.4066114,-81.8955765 26.4065365,-81.8955462 26.4065111,-81.8954102 26.4063973)",229,98272282,5798972465,136256174,Estero Boulevard,secondary,False,False,101.57,2,CR 865,,,35 mph,,,,,,100.4523103505227
"LINESTRING (-81.894552 26.405797,-81.8943946 26.4057054,-81.8943212 26.4056627)",231,98272296,5770662460,136256174,Estero Boulevard,secondary,False,False,27.411,2,CR 865,,,35 mph,,,,,,9.262836137962257
"LINESTRING (-81.894552 26.405797,-81.8945054 26.4058662,-81.8944486 26.4059506)",233,98272296,5797188528,612416988,,service,False,True,19.944,,,,driveway,,,,,,,510.26536161939646
"LINESTRING (-81.894552 26.405797,-81.894587 26.4058193,-81.8946735 26.4058744)",232,98272296,5797188542,136256174,Estero Boulevard,secondary,False,True,14.849,2,CR 865,,,35 mph,,,,,,7.306848895237216
"LINESTRING (-81.892473 26.40486,-81.8925328 26.4047144)",236,98272308,5770662598,609234404,,service,False,True,17.251,,,,driveway,,,,,,,25.78755594719103
"LINESTRING (-81.892473 26.40486,-81.8923424 26.4048212)",234,98272308,5797188340,136256174,Estero Boulevard,secondary,False,False,13.704,2,CR 865,,,35 mph,,,,,,1.1241305992672639
"LINESTRING (-81.892473 26.40486,-81.8925097 26.4048722)",235,98272308,5797188342,136256174,Estero Boulevard,secondary,False,True,3.899,2,CR 865,,,35 mph,,,,,,0.3597217917655244
"LINESTRING (-81.890671 26.404487,-81.8907182 26.4044919)",238,98272332,5770662687,136256174,Estero Boulevard,secondary,False,True,4.732,2,CR 865,,,35 mph,,,,,,5.5756877723656295
"LINESTRING (-81.890671 26.404487,-81.8905963 26.4044806)",237,98272332,5770662691,136256174,Estero Boulevard,secondary,False,False,7.474,2,CR 865,,,35 mph,,,,,,4.406591949127675
"LINESTRING (-81.890671 26.404487,-81.8906576 26.4045855,-81.8906567 26.4045925,-81.8906414 26.4047046)",239,98272332,5820587831,11041761,Redfish Road,residential,False,False,24.376,,,,,20 mph,,,,,,12.297988755983868
"LINESTRING (-81.889438 26.404434,-81.8894534 26.4044337)",241,98272355,5770662655,136256174,Estero Boulevard,secondary,False,True,1.534,2,CR 865,,,35 mph,,,,,,4.56397023302509
"LINESTRING (-81.889438 26.404434,-81.8891334 26.4044377)",240,98272355,5770662664,136256174,Estero Boulevard,secondary,False,False,30.339,2,CR 865,,,35 mph,,,,,,8.234256639632708
"LINESTRING (-81.889438 26.404434,-81.8894395 26.404528,-81.8894435 26.4047763)",242,98272355,5820587794,11029977,Tarpon Road,residential,False,False,38.066,,,,,20 mph,,,,,,19.96455944298661
"LINESTRING (-81.885915 26.40472,-81.8858745 26.4045282)",244,98272390,5095138217,524833407,,service,False,False,21.705,,,,,,,,,,,0.2866533028131522
"LINESTRING (-81.885915 26.40472,-81.8857981 26.4047431)",243,98272390,5797187895,136256174,Estero Boulevard,secondary,False,False,11.923,2,CR 865,,,35 mph,,,,,,0.0
"LINESTRING (-81.885915 26.40472,-81.8860445 26.4046894,-81.8862867 26.4046322)",245,98272390,5797187908,136256174,Estero Boulevard,secondary,False,True,38.285,2,CR 865,,,35 mph,,,,,,1.461369779047443
"LINESTRING (-81.867661 26.394242,-81.86791 26.394838,-81.868593 26.39655,-81.869691 26.399164,-81.869779 26.399335,-81.869939 26.399624,-81.8701241 26.399929,-81.870514 26.400487,-81.870634 26.400637,-81.870877 26.400919,-81.871126 26.401183,-81.871388 26.40144,-81.871565 26.401601,-81.871782 26.401786,-81.8719609 26.4019283)",246,98272501,1623448499,"[127663057, 127663042, 127663046]",Estero Boulevard,secondary,False,True,968.129,2,CR 865,,,35 mph,yes,,,,,0.0
"LINESTRING (-81.9547907 26.4527235,-81.9548923 26.4527757,-81.9549106 26.4527849)",2537,98272631,4277696826,428685325,Estero Boulevard,secondary,True,False,13.751,1,FL 865,,,25 mph,,,,,,7.183194529317816
"LINESTRING (-81.9550734 26.4528249,-81.9550345 26.4527961,-81.9549877 26.4527729,-81.9549352 26.4527553,-81.954871 26.4527412,-81.9547907 26.4527235)",3186,4277696828,98272631,428685323,Estero Boulevard,secondary,True,False,30.746,1,FL 865,,,25 mph,,,,,,7.183194529317816
"LINESTRING (-81.9547907 26.4527235,-81.9545284 26.4526402,-81.9542698 26.4525582)",2538,98272631,5718333006,"[629905656, 629905655]",Estero Boulevard,secondary,False,True,55.018,2,CR 865,,,25 mph,,,,,,154.81526613108758
"LINESTRING (-81.9537883 26.4524082,-81.9537877 26.4524865,-81.9537862 26.4532929,-81.9537854 26.4534247,-81.9537917 26.454194)",2541,98272641,98388856,883771555,Crescent Street,unclassified,False,False,198.576,,,,,,,,,,,268.82459150877355
"LINESTRING (-81.9537883 26.4524082,-81.9539867 26.45247,-81.9542548 26.4525534,-81.9542698 26.4525582)",2539,98272641,5718333006,882352979,Estero Boulevard,secondary,False,False,50.754,2,CR 865,,,25 mph,,,,,,163.92072398515242
"LINESTRING (-81.9537883 26.4524082,-81.9537042 26.4523811,-81.953424 26.4522906)",2540,98272641,5718334122,882352979,Estero Boulevard,secondary,False,True,38.553,2,CR 865,,,25 mph,,,,,,63.378483186688335
"LINESTRING (-81.9527128 26.452061,-81.952714 26.4521162,-81.9527167 26.4523621,-81.952762 26.455888)",2542,98272648,98345053,11034970,Primo Drive,residential,False,False,425.572,,,,,,,,,,,753.1899841210521
"LINESTRING (-81.9527128 26.452061,-81.9528183 26.4520951,-81.9528432 26.4521032)",2543,98272648,11905992715,882352979,Estero Boulevard,secondary,False,False,13.803,2,CR 865,,,25 mph,,,,,,178.12973475989065
"LINESTRING (-81.9521419 26.4518767,-81.9521641 26.4518186,-81.9521706 26.4518014,-81.9522868 26.451497,-81.952307 26.451444)",2546,98272651,98478408,11045285,Avenue A,unclassified,False,False,50.844,,,,,,,,,,,165.0898198083904
"LINESTRING (-81.9521419 26.4518767,-81.9517986 26.4517658)",2545,98272651,5711385178,882352979,Estero Boulevard,secondary,False,True,36.334,2,CR 865,,,25 mph,,,,,,10.027244945463995
"LINESTRING (-81.9506631 26.4513992,-81.9506812 26.4513488,-81.950711 26.4512661,-81.9507369 26.4511943,-81.9507554 26.4511429,-81.9508335 26.450926,-81.9509314 26.4506541)",2550,98272654,1412670505,11045437,Avenue C,unclassified,False,False,87.052,,,,,,,,,,,197.9593985309652
"LINESTRING (-81.9506631 26.4513992,-81.950733 26.4514218)",2548,98272654,5711385445,882352979,Estero Boulevard,secondary,False,False,7.399,2,CR 865,,,25 mph,,,,,,0.0
"LINESTRING (-81.9506631 26.4513992,-81.9504724 26.4513376)",2549,98272654,5711385724,882352979,Estero Boulevard,secondary,False,True,20.183,2,CR 865,,,25 mph,,,,,,0.1348956719120716
"LINESTRING (-81.9499006 26.451153,-81.9496338 26.4510669)",2551,98272657,98272664,882352979,Estero Boulevard,secondary,False,True,28.234,2,CR 865,,,25 mph,,,,,,106.34275469068317
"LINESTRING (-81.9499006 26.451153,-81.9499182 26.4511059,-81.949921 26.4510984,-81.9499751 26.4509537,-81.9500158 26.4508447,-81.9500751 26.450686)",2552,98272657,98513467,11041062,Alva Drive,unclassified,False,False,54.757,,,,,,,,,,,30.46393924014285
"LINESTRING (-81.9499006 26.451153,-81.9503498 26.451298,-81.9504724 26.4513376)",2553,98272657,5711385724,882352979,Estero Boulevard,secondary,False,False,60.513,2,CR 865,,,25 mph,,,,,,4.226731053244912
"LINESTRING (-81.9496338 26.4510669,-81.9494978 26.451023)",2555,98272664,5720786977,882352979,Estero Boulevard,secondary,False,True,14.393,2,CR 865,,,25 mph,,,,,,223.43219791036137
"LINESTRING (-81.9496338 26.4510669,-81.9496262 26.4511502,-81.9496236 26.4511827,-81.9496315 26.4514289)",2556,98272664,5721396194,11029574,Carolina Avenue,residential,False,False,40.304,,,,,,,,,,,106.43268513862456
"LINESTRING (-81.9491218 26.4509016,-81.9491393 26.4508548,-81.9491442 26.4508418,-81.9493016 26.450421,-81.9500751 26.450686)",2558,98272667,98513467,"[600753187, 11045515]","['I Street', 'Avenue E']",unclassified,False,"[False, True]",138.81,,,,,,,,,,,267.3407391177407
"LINESTRING (-81.9491218 26.4509016,-81.9488979 26.4508312)",2557,98272667,5720786974,882352979,Estero Boulevard,secondary,False,True,23.625,2,CR 865,,,25 mph,,,,,,455.2279274792712
"LINESTRING (-81.9491218 26.4509016,-81.9494847 26.4510188,-81.9494978 26.451023)",2559,98272667,5720786977,882352979,Estero Boulevard,secondary,False,False,39.792,2,CR 865,,,25 mph,,,,,,362.14991385994176
"LINESTRING (-81.9461605 26.4498697,-81.9460874 26.4498438)",2561,98272680,3547654566,882352979,Estero Boulevard,secondary,False,True,7.827,2,CR 865,,,25 mph,,,,,,290.0931424469101
"LINESTRING (-81.9461605 26.4498697,-81.9464732 26.4499807)",2560,98272680,5723054293,882352979,Estero Boulevard,secondary,False,False,33.489,2,CR 865,,,25 mph,,,,,,55.32970809593473
"LINESTRING (-81.9461605 26.4498697,-81.9461452 26.4499308,-81.9461344 26.4499751,-81.9461199 26.4501113,-81.9461111 26.450352,-81.9461184 26.452665,-81.9461133 26.4532555,-81.946093 26.4540291,-81.9460487 26.4540173,-81.94599 26.4540173,-81.9459296 26.4540372,-81.9458737 26.4540525,-81.9458272 26.454061)",2562,98272680,8411625776,"[905787052, 11039469]",Pearl Street,"['residential', 'service']",False,False,490.295,,,,,,,,,,,337.48648851201796
"LINESTRING (-81.9455134 26.4496399,-81.9455131 26.4495838,-81.9455075 26.4490348)",2564,98272687,1773568799,165829104,,service,False,True,67.287,,,,,,,,,,,392.788093342971
"LINESTRING (-81.9455134 26.4496399,-81.9456716 26.4496961,-81.9457688 26.4497306)",2565,98272687,1773568800,882352979,Estero Boulevard,secondary,False,False,27.353,2,CR 865,,,25 mph,,,,,,711.8388400270059
"LINESTRING (-81.9455134 26.4496399,-81.9455135 26.4497069,-81.9455128 26.4499217,-81.9455124 26.4500801,-81.9455041 26.4535694)",2563,98272687,8292117455,11036055,Delmar Avenue,residential,False,False,436.942,,,,,,,,,,,774.093192614427
"LINESTRING (-81.9441787 26.449166,-81.9440127 26.4491071)",2568,98272692,98272694,882352979,Estero Boulevard,secondary,False,True,17.777,2,CR 865,,,25 mph,,,,,,9.2853187499476
"LINESTRING (-81.9441787 26.449166,-81.9447333 26.4493629)",2567,98272692,1769083208,882352979,Estero Boulevard,secondary,False,False,59.396,2,CR 865,,,25 mph,,,,,,30.28407834426009
"LINESTRING (-81.9441787 26.449166,-81.9441785 26.4492351,-81.9441776 26.4494319)",2569,98272692,5723831225,11036628,Mango Street,residential,False,False,29.567,,,,,,,,,,,146.69904320437794
"LINESTRING (-81.9440127 26.4491071,-81.9440408 26.4490447,-81.944069 26.4489819,-81.9441294 26.4488475,-81.944227 26.4486304)",2571,98272694,98336950,11036630,Mango Street,residential,False,True,57.139,,,,,,,,,,,29.109361868025797
"LINESTRING (-81.9399625 26.4476689,-81.9398507 26.4476292,-81.9396819 26.4475693,-81.9393989 26.4474688)",2575,98272698,98272699,882352979,Estero Boulevard,secondary,False,True,60.361,2,CR 865,,,25 mph,,,,,,11.645993008408855
"LINESTRING (-81.9399625 26.4476689,-81.9399341 26.4477284,-81.9397971 26.448016)",2574,98272698,5723414861,11036142,School Street,residential,False,False,41.962,,,,,,,,,,,148.2053782073961
"LINESTRING (-81.9399625 26.4476689,-81.9399951 26.4476804)",2573,98272698,8793390779,882352979,Estero Boulevard,secondary,False,False,3.488,2,CR 865,,,25 mph,,,,,,75.42916321083341
"LINESTRING (-81.9393989 26.4474688,-81.939475 26.447328,-81.939524 26.447267,-81.939578 26.447208,-81.939661 26.4471072)",2577,98272699,5736734526,11037614,Pompano Street,unclassified,False,False,48.155,,,,,,,,,,,2.09088291463711
"LINESTRING (-81.937621 26.446085,-81.9375596 26.4460498)",2580,98272728,5736939822,11041092,Estero Boulevard,secondary,False,True,7.259,2,CR 865,,,25 mph,,,,,,6.906658401898069
"LINESTRING (-81.937621 26.446085,-81.9377048 26.4461411)",2579,98272728,5736939831,11041092,Estero Boulevard,secondary,False,False,10.417,2,CR 865,,,25 mph,,,,,,13.219775847383023
"LINESTRING (-81.937621 26.446085,-81.9375836 26.446138,-81.9375508 26.4461844)",2581,98272728,5821266202,615615475,,service,False,True,13.077,,,,driveway,,,,,,,199.51069875795403
"LINESTRING (-81.9348395 26.4446642,-81.935053 26.4447727,-81.9352317 26.4448635)",2584,98272741,5737200755,11041092,Estero Boulevard,secondary,False,False,44.898,2,CR 865,,,25 mph,,,,,,70.10078417030657
"LINESTRING (-81.9348395 26.4446642,-81.9347102 26.4445985)",2582,98272741,5744360272,11041092,Estero Boulevard,secondary,False,True,14.802,2,CR 865,,,25 mph,,,,,,0.0674478359560358
"LINESTRING (-81.9348395 26.4446642,-81.9347715 26.4447209,-81.934695 26.444784,-81.9346402 26.4448302)",2583,98272741,5816062160,11029817,Voorhis Street,residential,False,False,27.101,,,,,,,,,,,30.14918267234802
"LINESTRING (-81.9341549 26.4443164,-81.9342262 26.4443526)",2585,98272744,5771851552,11041092,Estero Boulevard,secondary,False,False,8.16,2,CR 865,,,25 mph,,,,,,0.0
"LINESTRING (-81.9341549 26.4443164,-81.9339826 26.4442289)",2586,98272744,5771853753,11041092,Estero Boulevard,secondary,False,True,19.721,2,CR 865,,,25 mph,,,,,,2.742878662212124
"LINESTRING (-81.9341549 26.4443164,-81.9341014 26.4443797,-81.934091 26.444392,-81.9340285 26.4444524)",2587,98272744,5816061908,11032741,Eucalyptus Court,residential,False,False,19.698,,,,,,,,,,,0.0
"LINESTRING (-81.9328224 26.4436027,-81.9327271 26.4435495)",2589,98272745,5773169806,11041092,Estero Boulevard,secondary,False,True,11.181,2,CR 865,,,25 mph,,,,,,0.3822044037508696
"LINESTRING (-81.9328224 26.4436027,-81.9329268 26.443661)",2588,98272745,5796086069,11041092,Estero Boulevard,secondary,False,False,12.25,2,CR 865,,,25 mph,,,,,,0.3822044037508696
"LINESTRING (-81.9328224 26.4436027,-81.9327835 26.4436612,-81.932681 26.443815,-81.93257 26.443965,-81.9324869 26.4440548)",2590,98272745,5796086093,11041748,Washington Avenue,residential,False,False,60.462,,,,,20 mph,,,,,,720.9724011460523
"LINESTRING (-81.9316135 26.4429294,-81.9315694 26.4429973,-81.9315486 26.4430293,-81.9315026 26.4431002,-81.9314723 26.4431468,-81.9313993 26.4432461,-81.9313036 26.443338,-81.9312249 26.4434104,-81.930876 26.4436864,-81.9306199 26.4438995,-81.930119 26.44431,-81.929988 26.4444142,-81.929883 26.4445076,-81.9298222 26.4445893,-81.9297353 26.4447272,-81.9297001 26.4447884)",2593,98272746,5694073697,11038169,Mid Island Drive,residential,False,False,283.515,,,,,25 mph,,,,,,281.3249237726254
"LINESTRING (-81.9316135 26.4429294,-81.9317064 26.442981)",2591,98272746,5773170175,11041092,Estero Boulevard,secondary,False,False,10.884,2,CR 865,,,25 mph,,,,,,733.450250797919
"LINESTRING (-81.9316135 26.4429294,-81.9314065 26.4428194)",2592,98272746,5816061000,11041092,Estero Boulevard,secondary,False,True,23.966,2,CR 865,,,25 mph,,,,,,164.28044577691796
"LINESTRING (-81.9310314 26.4426202,-81.9311086 26.4425519,-81.9313891 26.4423034)",2596,98272749,2019424537,11042460,,service,False,True,50.092,,,,,,,,,,,0.9105457854064838
"LINESTRING (-81.9310314 26.4426202,-81.9309712 26.4426677,-81.9309471 26.4426866,-81.9308635 26.4427525,-81.9306618 26.4429114)",2597,98272749,5737200859,191356589,Connecticut Street,residential,False,False,49.016,,,,,,,,,,,154.3993378093587
"LINESTRING (-81.9310314 26.4426202,-81.9309748 26.4425876,-81.9309338 26.442564,-81.9307449 26.4424551,-81.9306421 26.4423959)",2595,98272749,5773170246,11041092,Estero Boulevard,secondary,False,True,46.09,2,CR 865,,,25 mph,,,,,,0.843097949450448
"LINESTRING (-81.9310314 26.4426202,-81.9312 26.4427098,-81.9313048 26.4427655)",2594,98272749,5816060990,11041092,Estero Boulevard,secondary,False,False,31.654,2,CR 865,,,25 mph,,,,,,10.488138491163571
"LINESTRING (-81.9299579 26.4420016,-81.9298966 26.4420665,-81.929831 26.442136,-81.9297898 26.4421724,-81.9297517 26.4422061,-81.929745 26.442212,-81.928279 26.443426,-81.928146 26.443532,-81.927461 26.444102,-81.927222 26.444292,-81.9270191 26.4444608)",2598,98272750,98333652,11034329,Andre Mar Drive,residential,False,False,400.64,,,,,,,,,,,663.9789797632021
"LINESTRING (-81.9299579 26.4420016,-81.93006 26.4420604,-81.9302777 26.4421859,-81.9304714 26.4422975)",2599,98272750,5773170258,11041092,Estero Boulevard,secondary,False,False,60.798,2,CR 865,,,25 mph,,,,,,166.28139824361367
"LINESTRING (-81.927989 26.440901,-81.9279353 26.4409546,-81.927913 26.440977,-81.9278464 26.4410344,-81.9277529 26.4411149,-81.92756 26.441281,-81.925585 26.442916,-81.9254798 26.4430016)",2602,98272752,98380902,11036956,Bay Mar Drive,residential,False,False,342.065,,,,,,,,,,,636.2579191852714
"LINESTRING (-81.927989 26.440901,-81.9281234 26.4409761,-81.9282672 26.4410565,-81.9284612 26.4411649)",2603,98272752,5741904810,11041092,Estero Boulevard,secondary,False,False,55.42,2,CR 865,,,25 mph,,,,,,214.50660095217927
"LINESTRING (-81.927989 26.440901,-81.9278457 26.4408197)",2601,98272752,5773679869,11041092,Estero Boulevard,secondary,False,True,16.89,2,CR 865,,,25 mph,,,,,,123.15974845572144
"LINESTRING (-81.9273263 26.4405251,-81.927281 26.4405812,-81.927265 26.440601,-81.9272037 26.4406561,-81.927137 26.440716,-81.9271215 26.4407289,-81.926061 26.441607,-81.925865 26.441765,-81.925003 26.442487,-81.9248729 26.4425955)",2604,98272754,98421246,11039897,Hibiscus Drive,residential,False,False,335.869,,,,,,,,,,,1690.7373865219356
"LINESTRING (-81.9273263 26.4405251,-81.9273853 26.4405585,-81.9275755 26.4406665,-81.9278457 26.4408197)",2605,98272754,5773679869,11041092,Estero Boulevard,secondary,False,False,61.216,2,CR 865,,,25 mph,,,,,,765.1732163092414
"LINESTRING (-81.9253799 26.4394211,-81.925519 26.439286,-81.925724 26.439119)",2609,98272759,98444443,11041993,Hercules Drive,residential,False,True,48.026,,,,,,,,,,,300.5475570200957
"LINESTRING (-81.9253799 26.4394211,-81.9253266 26.4394716,-81.925318 26.43948,-81.925161 26.439616,-81.9250983 26.4396681,-81.923692 26.440837,-81.923514 26.440993,-81.923264 26.441192,-81.923063 26.441363)",2610,98272759,98444458,166092068,Hercules Drive,residential,False,False,316.014,,,,,,,,,,,150.67846552578405
"LINESTRING (-81.9253799 26.4394211,-81.9253298 26.4393927,-81.9252305 26.4393363)",2608,98272759,5781895512,11041092,Estero Boulevard,secondary,False,True,17.612,2,CR 865,,,25 mph,,,,,,226.3774200804416
"LINESTRING (-81.9253799 26.4394211,-81.9256281 26.4395619)",2607,98272759,5816002624,11041092,Estero Boulevard,secondary,False,False,29.254,2,CR 865,,,25 mph,,,,,,3.057635230006958
"LINESTRING (-81.891569 26.405518,-81.891468 26.405853,-81.89143 26.405908,-81.891372 26.405947)",247,98274443,98274447,11028948,Starfish Circle,residential,False,False,53.0,,,,,20 mph,,,,,,2619.8762920403
"LINESTRING (-81.891569 26.405518,-81.891785 26.405567,-81.892011 26.405626,-81.892273 26.405704,-81.89253 26.405792,-81.892833 26.405904,-81.893067 26.406002)",249,98274443,98291437,11037501,Buccaneer Drive,residential,False,True,158.909,,,,,20 mph,,,,,,1140.273114672742
"LINESTRING (-81.891569 26.405518,-81.891095 26.405426,-81.890818 26.405384,-81.890679 26.405367,-81.890568 26.405328)",248,98274443,98388518,11037501,Buccaneer Drive,residential,False,False,102.13,,,,,20 mph,,,,,,503.81847263259874
"LINESTRING (-81.9014988 26.4205854,-81.901421 26.42066,-81.901289 26.420768,-81.90111 26.4209,-81.90071 26.421195,-81.900562 26.421297)",253,98275373,98275382,165353733,Albatross Street,residential,False,False,122.442,,,,,,,,,,,0.1348956719120716
"LINESTRING (-81.9014988 26.4205854,-81.90082 26.419247,-81.900767 26.419182,-81.900699 26.419129,-81.900616 26.419092,-81.900548 26.419076,-81.900477 26.419069,-81.896621 26.419071,-81.896459 26.419084,-81.895513 26.419238,-81.89514 26.419287)",252,98275373,98313024,11032442,Fairview Boulevard,residential,False,False,738.205,,,,,,,,,,,11.128892932745911
"LINESTRING (-81.9019319 26.4201934,-81.9015527 26.4204843,-81.9014988 26.4205854)",1836,5802469980,98275373,11029170,Albatross Street,residential,True,False,62.178,,,,,,,,,,,0.0674478359560358
"LINESTRING (-81.9014988 26.4205854,-81.9015952 26.4205351,-81.901985 26.4202499)",251,98275373,5802470186,11029167,Albatross Street,residential,True,False,61.234,,,,,,,,,,,0.0674478359560358
"LINESTRING (-81.900562 26.421297,-81.899999 26.42171,-81.899677 26.421937)",255,98275382,98275387,165353733,Albatross Street,residential,False,False,113.279,,,,,,,,,,,0.0
"LINESTRING (-81.900562 26.421297,-81.900456 26.421102,-81.8999483 26.4200814)",254,98275382,98538693,11051563,Clearview Boulevard,residential,False,False,148.354,,,,,,,,,,,0.0
"LINESTRING (-81.899677 26.421937,-81.899604 26.421822,-81.8987379 26.4200845)",257,98275387,98316112,11032702,Sunview Boulevard,residential,False,False,226.287,,,,,,,,,,,0.0
"LINESTRING (-81.94966 26.4529842,-81.949674 26.4543198,-81.9496022 26.4543714,-81.9492659 26.4542551)",2612,98280095,98280274,"[11029595, 11029574]","['Carolina Avenue', 'Ostego Drive']",residential,False,False,193.575,,,,,,,,,,,1303.901564702085
"LINESTRING (-81.94966 26.4529842,-81.9496568 26.4527953)",2611,98280095,5720786980,11029574,Carolina Avenue,residential,False,True,21.007,,,,,,,,,,,389.713596153975
"LINESTRING (-81.9492659 26.4542551,-81.9490024 26.4541689)",2614,98280274,98280276,11029595,Ostego Drive,residential,False,False,27.928,,,,,,,,,,,474.90021296644824
"LINESTRING (-81.933191 26.44608,-81.933022 26.446214,-81.932948 26.446251,-81.932863 26.446243,-81.932753 26.44619,-81.932314 26.44596)",2620,98282945,98316531,11050935,Shell Mound Boulevard,residential,False,False,102.497,,,,,,,,,,,908.34248943192
"LINESTRING (-81.933191 26.44608,-81.933323 26.445959,-81.933596 26.445721,-81.9337247 26.4456045)",2619,98282945,5737200782,11029817,Voorhis Street,residential,False,True,74.964,,,,,,,,,,,952.363443699226
"LINESTRING (-81.889452 26.405301,-81.889455 26.406152)",260,98285619,98285620,11029977,Tarpon Road,residential,False,False,94.627,,,,,20 mph,,,,,,698.2649630408537
"LINESTRING (-81.889452 26.405301,-81.889689 26.405302,-81.890568 26.405328)",262,98285619,98388518,11037501,Buccaneer Drive,residential,False,True,111.195,,,,,20 mph,,,,,,499.25450239957365
"LINESTRING (-81.889452 26.405301,-81.8894435 26.4047763)",261,98285619,5820587794,11029977,Tarpon Road,residential,False,True,58.35,,,,,20 mph,,,,,,299.26604813693103
"LINESTRING (-81.889455 26.406152,-81.889654 26.406152,-81.889932 26.406162,-81.890023 26.406172,-81.890198 26.406209,-81.890333 26.40627)",265,98285620,98291458,11030442,Lagoon Road,residential,False,True,89.626,,,,,20 mph,,,,,,1074.2416832717827
"LINESTRING (-81.912105 26.4316748,-81.9123416 26.4316819,-81.912465 26.4317357,-81.9126647 26.4317455)",268,98286233,1412670487,11030025,Easy Street,residential,False,False,57.152,,,,,,,,,,,363.9710054307547
"LINESTRING (-81.940882 26.458097,-81.940885 26.458026)",2622,98289577,1756886973,11042464,Cortez Way,residential,False,True,7.9,,,,,,,,,,,0.0
"LINESTRING (-81.9425759 26.458083,-81.9426302 26.458043)",2625,98289583,98289591,11030239,Spanish Main Street,residential,True,False,7.0,,,,,,,,,,,0.0
"LINESTRING (-81.9425759 26.458083,-81.942574 26.45835,-81.942589 26.459802)",2626,98289583,98481251,168027699,Galleon Way,residential,False,False,191.152,,,,,,,,,,,0.0
"LINESTRING (-81.9426302 26.458043,-81.942509 26.458011,-81.9416941 26.4580185)",2628,98289591,1756886972,11030241,Spanish Main Street,residential,True,False,93.705,,,,,,,,,,,0.0
"LINESTRING (-81.9426302 26.458043,-81.9426927 26.4580302)",2627,98289591,7011867623,168027412,Main Street,residential,False,True,6.383,,,,,,,,,,,0.0
"LINESTRING (-81.9566623 26.4560071,-81.9562481 26.4567825)",2629,98291380,98291386,11030438,Bonita Street,unclassified,False,False,95.573,,,,,,,,,,,1391.1565818172096
"LINESTRING (-81.9566623 26.4560071,-81.9552105 26.4553545,-81.9551362 26.4553211)",2631,98291380,98298112,166092631,Third Street,unclassified,False,True,169.999,,,,,,,,,,,1552.2894619161793
"LINESTRING (-81.9562481 26.4567825,-81.9565502 26.4569141)",2634,98291386,5720788166,602188086,,service,False,True,33.445,,,,,,,,,,,0.0
"LINESTRING (-81.9562481 26.4567825,-81.9558722 26.4566187)",2633,98291386,5720788167,602188086,,service,False,False,41.618,,,,,,,,,,,0.0
"LINESTRING (-81.893067 26.406002,-81.892881 26.406321,-81.892839 26.406374,-81.892783 26.406424,-81.892708 26.406463,-81.892624 26.406484,-81.89226 26.406517,-81.892091 26.406546,-81.892006 26.406572,-81.891679 26.4067,-81.891519 26.406748,-81.891094 26.406866,-81.890838 26.406928,-81.890767 26.406931,-81.890694 26.40692,-81.890617 26.406876,-81.890573 26.406804,-81.89048 26.406565,-81.890376 26.406328,-81.890333 26.40627)",269,98291437,98291458,11030442,Lagoon Road,residential,False,False,354.907,,,,,20 mph,,,,,,1511.685864670646
"LINESTRING (-81.893067 26.406002,-81.893292 26.4061,-81.893611 26.406268,-81.893942 26.406458)",271,98291437,98315998,11037501,Buccaneer Drive,residential,False,True,100.927,,,,,20 mph,,,,,,988.4705185476905
"LINESTRING (-81.890333 26.40627,-81.890357 26.406178,-81.890378 26.406018,-81.890399 26.40593,-81.890428 26.405843,-81.890457 26.405776,-81.890506 26.405638,-81.890549 26.405479,-81.890562 26.405404,-81.890568 26.405328)",274,98291458,98388518,11041761,Redfish Road,residential,False,True,107.716,,,,,20 mph,,,,,,875.2312226305025
"LINESTRING (-81.9551362 26.4553211,-81.9549045 26.4557491,-81.9548672 26.4558181)",2637,98298112,98298114,166092638,Old San Carlos Boulevard,unclassified,False,False,61.411,,,,,25 mph,,,,,,192.7524255951592
"LINESTRING (-81.9551362 26.4553211,-81.9552612 26.4550904,-81.9553977 26.4548386)",2638,98298112,4277774371,166092638,Old San Carlos Boulevard,unclassified,False,True,59.634,,,,,25 mph,,,,,,277.907566750853
"LINESTRING (-81.9551362 26.4553211,-81.9550553 26.4552851,-81.9549751 26.4552494)",2635,98298112,7248969651,11054062,Third Street,unclassified,False,True,17.91,,,,,,,,,,,200.97206853700143
"LINESTRING (-81.9548672 26.4558181,-81.9548306 26.4558858,-81.9545923 26.4563261)",2639,98298114,5720788160,166092638,Old San Carlos Boulevard,unclassified,False,False,62.767,,,,,25 mph,,,,,,396.75964675018224
"LINESTRING (-81.9545023 26.4556586,-81.9547865 26.4557828,-81.9548672 26.4558181)",4319,7248969646,98298114,962212585,Second Street,unclassified,True,False,40.424,,,,,,,,,,,65.85606702747339
"LINESTRING (-81.9514863 26.4653742,-81.9513703 26.4652919,-81.951319 26.465262,-81.95119 26.465184,-81.95113 26.465139,-81.950997 26.465029,-81.9509521 26.4649863)",2644,98304359,7116525259,11038746,Buttonwood Drive,residential,False,True,68.661,,,,,,,,,,,19.908352913023244
"LINESTRING (-81.9514863 26.4653742,-81.951387 26.4657576)",2643,98304359,7456537825,159607668,San Carlos Boulevard,secondary,False,False,43.763,4,FL 865,,,45 mph,,,,,,64.04172024025603
"LINESTRING (-81.9514863 26.4653742,-81.9516982 26.464603)",2642,98304359,8793196287,86846348,San Carlos Boulevard,secondary,False,True,88.31,4,FL 865,,,45 mph,,,,,,139.31350516719203
"LINESTRING (-81.9203452 26.4363058,-81.9203041 26.4363551,-81.920105 26.4365939,-81.9199871 26.4367352)",2646,98309788,98309790,11032129,Sanders Drive,service,False,False,59.591,,,,,,,,,,,82.98332083790942
"LINESTRING (-81.9203452 26.4363058,-81.9204323 26.4363717,-81.9204923 26.4364172)",2648,98309788,1387614715,606412711,,service,False,True,19.183,,,,parking_aisle,,,,,,,91.79650473616476
"LINESTRING (-81.9199871 26.4367352,-81.9197295 26.4370386,-81.9195867 26.4372068,-81.919509 26.4372983)",2650,98309790,98309793,11032129,Sanders Drive,service,False,False,78.655,,,,,,,,,,,15.737828389741695
"LINESTRING (-81.9199871 26.4367352,-81.9200469 26.4367699)",2649,98309790,1387614718,124772924,,service,False,False,7.095,,,,parking_aisle,,,,,,,2.5405351543440164
"LINESTRING (-81.919509 26.4372983,-81.9194475 26.4373732,-81.919411 26.437474,-81.9194018 26.4374981,-81.9193893 26.4375308)",2652,98309793,98309799,11032129,Sanders Drive,service,False,False,28.795,,,,,,,,,,,21.74068578982888
"LINESTRING (-81.919509 26.4372983,-81.9195858 26.437361,-81.9197463 26.4374922,-81.9197865 26.4373956,-81.9198366 26.4372752,-81.9199667 26.4369626,-81.9199932 26.4368989,-81.9200469 26.4367699)",2654,98309793,1387614718,"[606412712, 606412710]",,service,False,True,117.698,,,,parking_aisle,,,,,,,13.197293235397678
"LINESTRING (-81.9193893 26.4375308,-81.9195584 26.4376506)",2655,98309799,98309801,606399738,,service,False,False,21.469,,,,parking_aisle,,,,,,,8.903114346196729
"LINESTRING (-81.9193893 26.4375308,-81.919343 26.4375878,-81.9190572 26.4379391,-81.9191617 26.4380202,-81.9192136 26.4380604)",2656,98309799,98309804,"[11032129, 606399739]",Sanders Drive,service,False,False,76.768,,,,parking_aisle,,,,,,,59.62388698513568
"LINESTRING (-81.9195584 26.4376506,-81.9195172 26.4376996,-81.9194932 26.4377281,-81.9192136 26.4380604)",2660,98309801,98309804,606399738,,service,False,False,57.052,,,,parking_aisle,,,,,,,51.44021622247
"LINESTRING (-81.9195584 26.4376506,-81.9200389 26.4380049,-81.9197204 26.4387061)",2659,98309801,1387614737,124772923,,service,False,False,146.147,,,,parking_aisle,,,,,,,201.4891686126644
"LINESTRING (-81.9192136 26.4380604,-81.9191358 26.4381635,-81.919069 26.438242,-81.9189846 26.4383446)",2661,98309804,98309808,606399738,,service,False,False,38.979,,,,parking_aisle,,,,,,,52.29455547791312
"LINESTRING (-81.895124 26.40765,-81.89526 26.407637,-81.895407 26.407605,-81.895482 26.40758,-81.895628 26.40752,-81.895766 26.407447,-81.8958076 26.4074187)",277,98315980,5798972596,11037499,Buccaneer Drive,residential,True,False,73.82,,,,,20 mph,,,,,,31.589193970009383
"LINESTRING (-81.895124 26.40765,-81.895131 26.407715,-81.89511 26.407848,-81.895079 26.4079327)",276,98315980,6947764573,11032692,Bucaneer Lagoon Lane,residential,False,False,32.108,,,,,20 mph,,,,,,296.6041068778661
"LINESTRING (-81.8944768 26.4080993,-81.8945194 26.4080207,-81.8945454 26.4080054,-81.8945868 26.4079992,-81.8946414 26.4080006,-81.89489 26.4080216,-81.8949573 26.4080182,-81.8950041 26.4080011,-81.8950478 26.4079693,-81.895079 26.4079327)",279,98315994,6947764573,11032692,Bucaneer Lagoon Lane,residential,False,True,69.776,,,,,20 mph,,,,,,3938.301624084918
"LINESTRING (-81.893942 26.406458,-81.894066 26.406527)",280,98315998,98316007,11037501,Buccaneer Drive,residential,False,True,14.539,,,,,20 mph,,,,,,1231.372658437361
"LINESTRING (-81.932314 26.44596,-81.932525 26.445767,-81.933273 26.445123,-81.933497 26.444939,-81.933783 26.4446813)",2665,98316531,5796085243,11032741,Eucalyptus Court,residential,False,True,204.007,,,,,,,,,,,351.96529063058034
"LINESTRING (-81.90816 26.429341,-81.9080543 26.429335,-81.907998 26.429324)",289,98317275,98560201,"[859994986, 11053355]",Bay Village Drive,residential,False,False,16.284,,,private,,,,,,,,10.746688528995044
"LINESTRING (-81.90816 26.429341,-81.908169 26.429796,-81.908164 26.429887,-81.908144 26.429977,-81.90811 26.430062,-81.908062 26.43014,-81.908021 26.4301928,-81.9079758 26.43024,-81.907937 26.430273,-81.907794 26.430385,-81.907731 26.430447,-81.907674 26.430514,-81.9076273 26.4305834,-81.9075827 26.4306584,-81.907515 26.430774,-81.9074784 26.4308227,-81.9074397 26.4308656,-81.907074 26.431236,-81.9068379 26.4314956,-81.9067639 26.4316283)",287,98317275,7556699107,11032812,Indian Bayou Drive,residential,False,False,302.205,,,,,,,,,,,10.746688528995044
"LINESTRING (-81.922184 26.440291,-81.922388 26.440127,-81.922581 26.439961,-81.922864 26.43973,-81.923703 26.439022,-81.9239234 26.4388394,-81.9239303 26.4388337)",2668,98328726,5815189981,11033962,Sabal Drive,residential,False,True,237.686,,,,,,,,,,,2828.2001746965093
"LINESTRING (-81.900298 26.424095,-81.900739 26.423782,-81.901603 26.42315,-81.902471 26.422508,-81.903273 26.421921,-81.903659 26.421631)",290,98329901,5756963382,11034079,Egret Street,residential,False,True,432.542,,,,,,,,,,,29.501683447170073
"LINESTRING (-81.9270191 26.4444608,-81.9269943 26.4444442,-81.9269649 26.4444356,-81.9269339 26.4444358,-81.9269047 26.4444448,-81.9268801 26.4444617,-81.9268629 26.4444847,-81.9268547 26.4445114,-81.9268564 26.444539,-81.9268678 26.4445648,-81.9268888 26.4445866,-81.9269166 26.4446011,-81.9269482 26.4446064,-81.9269801 26.4446021,-81.9270085 26.4445887,-81.9270304 26.4445676,-81.9270432 26.4445411,-81.9270456 26.4445124,-81.9270372 26.4444846,-81.9270191 26.4444608)",2670,98333652,98333652,11034332,Andre Mar Drive,residential,False,False,59.756,,,,,,,,,,,1089.3275159139496
"LINESTRING (-81.9444162 26.4486989,-81.944227 26.4486304)",2672,98336948,98336950,11034551,Cottage Avenue,residential,False,False,20.318,,,,,,,,,,,49.05143869902706
"LINESTRING (-81.944227 26.4486304,-81.9443773 26.4482959)",2675,98336950,98375406,11036630,Mango Street,residential,False,True,40.092,,,,,,,,,,,84.59644824785795
"LINESTRING (-81.9427727 26.4481005,-81.9429218 26.4481549)",2677,98336954,5725934718,11034551,Cottage Avenue,residential,False,True,16.029,,,,,,,,,,,8.52090994244586
"LINESTRING (-81.9455034 26.4538733,-81.9455041 26.4535694)",2681,98365661,8292117455,11036055,Delmar Avenue,residential,False,True,33.792,,,,,,,,,,,745.4110003741225
"LINESTRING (-81.945885 26.459318,-81.945789 26.459436,-81.945748 26.459504,-81.945724 26.459586,-81.945718 26.459654,-81.945729 26.459875,-81.945764 26.46147,-81.945749 26.46168)",2682,98370914,98370931,11036365,Oyster Bay Lane,residential,False,False,267.222,,,,,,,,,,,0.0
"LINESTRING (-81.945885 26.459318,-81.946131 26.459466,-81.9461821 26.4594964)",2684,98370914,2019396633,168027412,Main Street,residential,False,True,35.613,,,,,,,,,,,0.0
"LINESTRING (-81.945885 26.459318,-81.94533 26.458984,-81.945159 26.458875,-81.9451211 26.4588524,-81.9450895 26.4588336)",2683,98370914,7543696303,168027412,Main Street,residential,False,False,95.778,,,,,,,,,,,0.0
"LINESTRING (-81.944159 26.453779,-81.9441764 26.4497031)",2686,98375402,5723831226,11036628,Mango Street,residential,False,True,453.223,,,,,,,,,,,759.5300807009196
"LINESTRING (-81.912099 26.430994,-81.9120895 26.4302873)",292,98379275,5806958453,11038311,Lazy Way,residential,False,True,78.587,,,,,,,,,,,872.8424451070596
"LINESTRING (-81.9254798 26.4430016,-81.9254895 26.4430268,-81.9254871 26.4430605,-81.9254739 26.4430844,-81.9254424 26.443108,-81.9254138 26.4431154,-81.925384 26.4431135,-81.925363 26.4431061,-81.9253376 26.4430868,-81.9253234 26.4430634,-81.9253193 26.4430318,-81.9253272 26.443006,-81.9253444 26.4429843,-81.9253699 26.4429687,-81.9253989 26.4429622,-81.9254285 26.4429651,-81.9254553 26.4429768,-81.9254798 26.4430016)",2689,98380902,98380902,11036958,Bay Mar Drive,residential,False,False,53.374,,,,,,,,,,,1108.3927708775223
"LINESTRING (-81.930635 26.445305,-81.930548 26.445389,-81.93 26.445847,-81.929556 26.446204,-81.929354 26.446378,-81.928806 26.44683,-81.928631 26.44698)",2693,98383039,98383055,11037105,Washington Court,residential,False,False,272.99,,,,,,,,,,,858.993156124087
"LINESTRING (-81.930635 26.445305,-81.930951 26.445485)",2692,98383039,98441272,11050939,Shell Mound Boulevard,residential,False,True,37.288,,,,,,,,,,,400.842489086721
"LINESTRING (-81.890568 26.405328,-81.890577 26.405178,-81.8906391 26.4047217)",297,98388518,5820587825,11041761,Redfish Road,residential,False,True,67.817,,,,,20 mph,,,,,,221.63920960453007
"LINESTRING (-81.9537917 26.454194,-81.953796 26.4547242)",2695,98388856,98388863,11037529,Crescent Street,unclassified,False,False,58.957,,,,,,,,,,,396.7281710934028
"LINESTRING (-81.9537917 26.454194,-81.953872 26.454193,-81.953913 26.454191,-81.953955 26.454188,-81.954028 26.454173,-81.954103 26.454138,-81.954168 26.454085)",2696,98388856,98523862,127686065,Fifth Street,unclassified,False,True,40.905,,,,,,,,,,,286.7881984850644
"LINESTRING (-81.953796 26.4547242,-81.9538013 26.4548909,-81.9538053 26.4550803,-81.9538255 26.4553629)",2699,98388863,3346861986,11037529,Crescent Street,unclassified,False,False,71.096,,,,,,,,,,,281.8645064602738
"LINESTRING (-81.953796 26.4547242,-81.9541988 26.4549036,-81.954366 26.4549781,-81.9549751 26.4552494)",2700,98388863,7248969651,11054062,Third Street,unclassified,False,False,131.105,,,,,,,,,,,191.2146149353616
"LINESTRING (-81.939823 26.446672,-81.939769 26.446888,-81.939745 26.446965,-81.9397301 26.4469983)",2701,98390144,5736734597,11037614,Pompano Street,unclassified,False,True,37.49,,,,,,,,,,,0.9442697033845016
"LINESTRING (-81.9121318 26.4328927,-81.912123 26.433071)",299,98400774,98400778,11038311,Lazy Way,residential,False,False,19.845,,,,,,,,,,,65.28950520544268
"LINESTRING (-81.9121318 26.4328927,-81.9126202 26.4328824)",300,98400774,98516965,11049537,New York Place,residential,False,False,48.644,,,,,,,,,,,5.328379040526831
"LINESTRING (-81.951443 26.461484,-81.9513953 26.4616503)",2702,98409130,1793441073,11038746,Buttonwood Drive,residential,False,False,19.092,,,,,,,,,,,0.1573782838974168
"LINESTRING (-81.951443 26.461484,-81.9513813 26.46147)",2703,98409130,7083524141,168027415,Main Street,residential,False,False,6.336,,,,,,,,,,,0.0
"LINESTRING (-81.950875 26.464913,-81.9509521 26.4649863)",2705,98409195,7116525259,11038746,Buttonwood Drive,residential,False,False,11.195,,,,,,,,,,,230.42429023780377
"LINESTRING (-81.950875 26.464913,-81.9509572 26.4647536)",2706,98409195,8281228444,890996920,,service,False,False,19.522,,,,,,,,,,,255.05174340655097
"LINESTRING (-81.950875 26.464913,-81.950747 26.464815,-81.950622 26.464733,-81.950569 26.464683,-81.950531 26.464617,-81.950522 26.464542,-81.950536 26.464476,-81.950563 26.4644,-81.950625 26.464268,-81.950693 26.46411,-81.9507363 26.463989)",2707,98409195,8281228449,11038746,Buttonwood Drive,residential,False,True,121.717,,,,,,,,,,,244.3410270567325
"LINESTRING (-81.9060979 26.4233454,-81.9061402 26.4233937)",303,98416001,5789834835,11039461,Court Street,residential,False,True,6.825,,,,,,,,,,,74.79965007524375
"LINESTRING (-81.905671 26.425485,-81.905568 26.425485,-81.905493 26.425469)",305,98420994,98565023,11053682,Mound Road,residential,False,False,17.933,,,,,,,,,,,66.59349670059271
"LINESTRING (-81.905671 26.425485,-81.906574 26.425473,-81.906619 26.425465,-81.906661 26.425457,-81.9067031 26.4254368)",306,98420994,5804156703,11053682,Mound Road,residential,False,True,103.528,,,,,,,,,,,236.47211286186163
"LINESTRING (-81.9248729 26.4425955,-81.9248461 26.4425798,-81.924815 26.4425733,-81.9247698 26.4425814,-81.9247439 26.4425981,-81.9247208 26.4426347,-81.9247182 26.4426633,-81.9247305 26.4426974,-81.9247469 26.4427158,-81.9247737 26.4427314,-81.9247952 26.442737,-81.9248272 26.4427365,-81.924857 26.4427263,-81.9248718 26.4427165,-81.9248914 26.4426938,-81.9249011 26.4426666,-81.9249016 26.4426492,-81.9248936 26.4426215,-81.9248729 26.4425955)",2709,98421246,98421246,182172709,Hibiscus Drive,residential,False,False,57.243,,,,,,,,,,,1933.3247698438113
"LINESTRING (-81.910223 26.430401,-81.9099 26.430543,-81.909468 26.430717,-81.908977 26.430926,-81.908923 26.430985)",307,98421825,98421833,11039928,Sterling Avenue,residential,False,False,145.609,,,,,,,,,,,240.8337395870186
"LINESTRING (-81.908923 26.430985,-81.909021 26.431208,-81.90913 26.431379,-81.909183 26.431473,-81.909212 26.431559,-81.90922 26.43165,-81.909207 26.43174,-81.909184 26.431804,-81.90915 26.431874,-81.90901 26.43207,-81.908946 26.432149)",311,98421833,98490196,11046615,Seminole Way,residential,False,False,143.167,,,,,,,,,,,0.0
"LINESTRING (-81.908923 26.430985,-81.9088309 26.4309488,-81.9087788 26.4309248,-81.9087286 26.4309354,-81.9086081 26.430982)",312,98421833,8570985714,923304032,,service,False,False,34.055,,,,,,,,,,,0.0
"LINESTRING (-81.9383856 26.4483884,-81.93719 26.448388,-81.937118 26.448396,-81.937053 26.448426,-81.9368652 26.4488205)",2713,98425440,98425453,11040300,Nature View Court,residential,False,False,181.218,,,,,,,,,,,619.789405906006
"LINESTRING (-81.9383856 26.4483884,-81.9382123 26.448803)",2711,98425440,5706749091,11040297,Bay Road,unclassified,False,False,49.224,,,,,,,,,,,190.11296694807967
"LINESTRING (-81.9368652 26.4488205,-81.9368397 26.448814,-81.9368086 26.4488153,-81.9367799 26.4488261,-81.9367645 26.4488373,-81.9367468 26.4488603,-81.936739 26.4488872,-81.9367409 26.4489111,-81.9367529 26.4489368,-81.936774 26.4489573,-81.9368067 26.4489714,-81.9368511 26.4489711,-81.9368912 26.4489507,-81.9369092 26.448928,-81.9369179 26.4488916,-81.9369117 26.4488643,-81.9368909 26.4488362,-81.9368652 26.4488205)",2714,98425453,98425453,11040299,Nature View Court,residential,True,False,55.674,,,,,,,roundabout,,,,586.6950010635777
"LINESTRING (-81.952491 26.461717,-81.9523763 26.4616915,-81.952205 26.4616536)",2719,98428001,98428002,168027415,Main Street,residential,False,False,29.33,,,,,,,,,,,54.26178402663082
"LINESTRING (-81.952491 26.461717,-81.9525822 26.4613277,-81.9527001 26.4609775,-81.9527827 26.4607122,-81.9529348 26.46021,-81.9531058 26.4595683,-81.9532332 26.45906,-81.9533288 26.4586481,-81.953458 26.4580819,-81.9535849 26.4575315,-81.9537505 26.456841,-81.9538215 26.4565884,-81.953903 26.456354,-81.9539632 26.4561802,-81.954032 26.456008,-81.954126 26.455788,-81.9543467 26.4553368,-81.9547103 26.4546688,-81.9551712 26.4538149)",2718,98428001,98433630,"[166092632, 127663065, 86846347, 129122814]",San Carlos Boulevard,secondary,False,True,922.606,"['2', '3']",FL 865,,,"['25 mph', '35 mph']",yes,,,,,0.4384109337142328
"LINESTRING (-81.952491 26.461717,-81.9524383 26.4619089)",2717,98428001,1793441090,86846348,San Carlos Boulevard,secondary,False,False,21.974,4,FL 865,,,45 mph,,,,,,53.69971872699719
"LINESTRING (-81.952205 26.4616536,-81.9521262 26.4616362)",2720,98428002,1793441057,168027415,Main Street,residential,False,False,8.079,,,,,,,,,,,155.5122271026333
"LINESTRING (-81.9524537 26.4611499,-81.9522879 26.4614899,-81.952205 26.4616536)",3155,3529429037,98428002,11040946,Fishermans Wharf,residential,True,False,61.238,,,,,,,,,,,30.351526180216126
"LINESTRING (-81.947737 26.460457,-81.947646 26.460401)",2722,98428017,98428019,168027412,Main Street,residential,False,False,10.993,,,,,,,,,,,0.0
"LINESTRING (-81.947737 26.460457,-81.947719 26.460555,-81.947711 26.460644,-81.94771 26.462316,-81.9477315 26.464313)",2723,98428017,98541481,11051780,Nancy Lane,residential,False,False,428.956,,,,,,,,,,,214.2592922203405
"LINESTRING (-81.947646 26.460401,-81.947652 26.460291,-81.947655 26.460066,-81.9476475 26.4594659)",2726,98428019,8704194476,11051782,Shrimp Boat Lane,residential,False,False,103.999,,,,,,,,,,,0.0
"LINESTRING (-81.946393 26.459627,-81.946324 26.459743,-81.946301 26.459803,-81.94629 26.459867,-81.946286 26.460078,-81.946305 26.460933,-81.946305 26.461497,-81.946273 26.461555,-81.946247 26.461617,-81.946241 26.461758)",2729,98428021,98494340,11047131,Helen Lane,residential,False,False,240.386,,,,,,,,,,,0.0
"LINESTRING (-81.946393 26.459627,-81.946242 26.459532,-81.9461821 26.4594964)",2730,98428021,2019396633,168027412,Main Street,residential,False,False,25.529,,,,,,,,,,,0.0
"LINESTRING (-81.9051523 26.4240411,-81.904542 26.424492,-81.902807 26.425754)",313,98428988,98428992,11040603,Driftwood Lane,residential,False,False,301.361,,,,,,,,,,,109.53528559260218
"LINESTRING (-81.919012 26.43604,-81.919155 26.436157,-81.919765 26.436607)",2731,98433177,98433181,11041031,Coral Road,residential,False,False,97.98,,,,,,,,,,,1262.9832108887563
"LINESTRING (-81.919012 26.43604,-81.919122 26.4359,-81.9193278 26.4356619)",2732,98433177,5820587894,11042886,Bayland Road,residential,False,False,52.513,,,,,,,,,,,368.7373191716479
"LINESTRING (-81.9551712 26.4538149,-81.9553117 26.4536327)",2735,98433630,98433634,188496460,San Carlos Boulevard,secondary,True,False,24.619,1,FL 865,,,25 mph,,,,,,0.0
"LINESTRING (-81.95526 26.453307,-81.9552575 26.4534459,-81.9552504 26.4535431,-81.9552286 26.4536464,-81.9551712 26.4538149)",2774,98523816,98433630,600753136,San Carlos Boulevard,secondary,True,False,57.556,1,FL 865,,,25 mph,,,,,,24.66904600092011
"LINESTRING (-81.9548833 26.4535654,-81.955007 26.453564,-81.9550253 26.4535688,-81.955053 26.453576,-81.955092 26.453596,-81.955129 26.453627,-81.9551338 26.4536361,-81.955151 26.453666,-81.955168 26.453719,-81.95517 26.453763,-81.9551712 26.4538149)",2775,98523838,98433630,11050130,,secondary_link,True,False,48.264,1,,,,,,,,,,0.0
"LINESTRING (-81.9553117 26.4536327,-81.9553919 26.4535329,-81.9554141 26.4535107,-81.9554493 26.453489,-81.9555099 26.4534638)",2737,98433634,1769042077,165354382,,secondary_link,True,False,27.891,1,,,,,,,,,,98.56826746615076
"LINESTRING (-81.955247 26.4530787,-81.9552718 26.4530225,-81.9553254 26.4528865)",2739,98433640,1775771966,166092637,,unclassified,False,True,22.755,,,,,,,,,,,18.817946231734
"LINESTRING (-81.955247 26.4530787,-81.9552268 26.4530293,-81.9552075 26.4529918,-81.9551883 26.4529583,-81.955182 26.4529474,-81.9551565 26.4529102,-81.9551096 26.4528549,-81.9550734 26.4528249)",2740,98433640,4277696828,600753130,San Carlos Boulevard,secondary,True,False,33.478,1,FL 865,,,25 mph,,,,,,9.324663320921957
"LINESTRING (-81.930951 26.445485,-81.931 26.4454,-81.931048 26.445329,-81.931089 26.445277,-81.931189 26.445163,-81.931301 26.445055,-81.932067 26.444423,-81.932213 26.444293,-81.93247 26.444073,-81.9324869 26.4440548)",2743,98441272,5796086093,11041748,Washington Avenue,residential,False,True,221.687,,,,,20 mph,,,,,,993.9787584841001
"LINESTRING (-81.9593749 26.4574838,-81.9593589 26.4575106,-81.9593541 26.4575407,-81.9593574 26.4575604,-81.9593717 26.4575879,-81.9594089 26.4576165)",2745,98444333,98444363,11041985,Matanzas Court,residential,True,False,17.229,,,,,,,roundabout,,,,85.8105092950666
"LINESTRING (-81.9595269 26.457485,-81.9595088 26.4574667,-81.9594783 26.4574535,-81.9594335 26.4574518,-81.9594018 26.4574626,-81.9593749 26.4574838)",2907,1775774197,98444333,11041985,Matanzas Court,residential,True,False,17.498,,,,,,,roundabout,,,,15.27693484404212
"LINESTRING (-81.9593749 26.4574838,-81.9593084 26.4574464)",2744,98444333,7225845904,11041982,Matanzas Court,residential,False,False,7.818,,,,,,,,,,,62.2880765053991
"LINESTRING (-81.9582706 26.4568632,-81.9581615 26.4570629)",2748,98444340,98444347,11041983,Matanzas Court,residential,False,True,24.719,,,,,,,,,,,218.9581581252777
"LINESTRING (-81.9582706 26.4568632,-81.958375 26.4566595)",2747,98444340,98444349,11041983,Matanzas Court,residential,False,False,24.921,,,,,,,,,,,200.9945511489868
"LINESTRING (-81.9582706 26.4568632,-81.9581803 26.4568416,-81.95782 26.4567004)",2749,98444340,7113967648,761421683,,service,False,False,48.459,,,private,driveway,,,,,,,701.7947331225529
"LINESTRING (-81.9581615 26.4570629,-81.9582328 26.457145,-81.9582478 26.4572748,-81.9582045 26.4574501)",2751,98444347,7013821675,750068064,,service,False,False,46.037,,,private,driveway,,,,,,,1003.5113859658863
"LINESTRING (-81.9581615 26.4570629,-81.9579805 26.4570919,-81.9578316 26.4571211,-81.9576133 26.4571719)",2752,98444347,7113967651,761421684,,service,False,False,55.933,,,private,driveway,,,,,,,178.5569043876122
"LINESTRING (-81.958375 26.4566595,-81.9583609 26.4565022,-81.9583028 26.4562311)",2754,98444349,7013821668,750068061,,service,False,False,48.242,,,private,driveway,,,,,,,420.4698093499274
"LINESTRING (-81.958375 26.4566595,-81.9583052 26.4565445,-81.9580679 26.45625)",2755,98444349,7113967646,761421682,,service,False,False,54.931,,,private,driveway,,,,,,,222.71275432683032
"LINESTRING (-81.958375 26.4566595,-81.9582591 26.4565784,-81.957903 26.4563828)",2756,98444349,7225845900,774363545,,service,False,True,56.234,,,,,,,,,,,660.0445226657666
"LINESTRING (-81.9594089 26.4576165,-81.9594416 26.4576248,-81.9594864 26.4576197,-81.9595156 26.4576041,-81.9595381 26.4575789,-81.9595486 26.45755,-81.9595478 26.4575213,-81.9595269 26.457485)",2757,98444363,1775774197,11041985,Matanzas Court,residential,True,False,25.964,,,,,,,roundabout,,,,91.88081453110982
"LINESTRING (-81.9594089 26.4576165,-81.9593882 26.4576944,-81.9593775 26.4578418,-81.9593785 26.4580427)",2758,98444363,7938792247,851088041,,service,False,True,47.668,,,,driveway,,,,,,,807.2831485577929
"LINESTRING (-81.928915 26.444349,-81.929022 26.444415,-81.9296611 26.444767,-81.9297001 26.4447884)",2763,98449148,5694073697,11050939,Shell Mound Boulevard,residential,False,True,92.194,,,,,,,,,,,685.2250480893534
"LINESTRING (-81.928915 26.444349,-81.929075 26.44422,-81.9292285 26.4440897)",2764,98449148,7155533385,191356589,Connecticut Street,residential,False,True,42.495,,,,,,,,,,,598.1498918701112
"LINESTRING (-81.928915 26.444349,-81.9285025 26.4446936)",2762,98449148,7348791478,191356589,Connecticut Street,residential,False,False,56.168,,,,,,,,,,,532.635560544815
"LINESTRING (-81.909094 26.43224,-81.909104 26.432305,-81.909156 26.432364,-81.909231 26.432366,-81.909252 26.432338,-81.909271 26.432313,-81.909239 26.432245,-81.909169 26.432224,-81.909094 26.43224)",320,98490148,98490148,11046609,Seminole Way,residential,False,False,53.471,,,,,,,,,,,0.0
"LINESTRING (-81.909094 26.43224,-81.908946 26.432149)",319,98490148,98490196,11046617,Seminole Way,residential,False,True,17.876,,,,,,,,,,,0.0
"LINESTRING (-81.908946 26.432149,-81.908879 26.432212,-81.908812 26.432258,-81.908742 26.432292,-81.908661 26.432316,-81.908573 26.43233,-81.908493 26.432334,-81.908206 26.432327,-81.908011 26.432311)",323,98490196,98490217,11046615,Seminole Way,residential,False,False,99.466,,,,,,,,,,,0.0
"LINESTRING (-81.9009614 26.4119186,-81.9009407 26.411843)",326,98504727,98504747,608672116,,service,False,False,8.655,,,,,,,,,,,1.942497675533832
"LINESTRING (-81.9009614 26.4119186,-81.900739 26.411952,-81.900611 26.41194,-81.90055 26.411921,-81.900367 26.411846,-81.900109 26.411775,-81.900018 26.411763,-81.8999605 26.4117618)",328,98504727,5766143315,11048518,,service,True,False,103.516,,,,,,,,,,,6.114146329414648
"LINESTRING (-81.9009614 26.4119186,-81.9009868 26.4120125)",327,98504727,5766143336,608672116,,service,False,True,10.743,,,,,,,,,,,0.7059540163398416
"LINESTRING (-81.9009407 26.411843,-81.9008617 26.4115544)",329,98504747,5766143313,608672116,,service,False,False,33.041,,,,,,,,,,,1.9110220187543487
"LINESTRING (-81.8999532 26.4116682,-81.900086 26.41167,-81.900206 26.411694,-81.900325 26.411731,-81.9003954 26.4117574,-81.900429 26.41177,-81.900479 26.411798,-81.900574 26.411843,-81.900672 26.411871,-81.900713 26.411874,-81.900801 26.411873,-81.9009407 26.411843)",1021,5766143316,98504747,608672119,,service,True,False,103.234,,,,,,,,,,,8.869390428218711
"LINESTRING (-81.9500751 26.450686,-81.9501746 26.450419)",2769,98513467,1412670504,11041062,Alva Drive,unclassified,False,False,31.298,,,,,,,,,,,26.70934303859019
"LINESTRING (-81.95526 26.453307,-81.955234 26.453379,-81.955193 26.45343,-81.9551558 26.4534522,-81.955131 26.453467,-81.954996 26.453521,-81.9548833 26.4535654)",2773,98523816,98523838,166092636,Fifth Street,unclassified,True,False,49.797,,,,,,,,,,,24.66904600092011
"LINESTRING (-81.9549106 26.4527849,-81.9549273 26.4527933,-81.9549808 26.4528333,-81.9550291 26.4528802,-81.9550801 26.4529426,-81.9551169 26.4530006,-81.9551339 26.4530275,-81.9551875 26.4531211,-81.9552303 26.4532091,-81.95526 26.453307)",3184,4277696826,98523816,428685326,San Carlos Boulevard,secondary,True,False,69.04,1,FL 865,,,25 mph,,,,,,24.66904600092011
"LINESTRING (-81.9548833 26.4535654,-81.954724 26.453626,-81.9547121 26.4536308)",2776,98523838,5718333833,127686065,Fifth Street,unclassified,False,False,18.53,,,,,,,,,,,0.7419261955163942
"LINESTRING (-81.954168 26.454085,-81.954214 26.454034,-81.954347 26.453851,-81.954406 26.453784,-81.9544605 26.4537399,-81.954537 26.453701,-81.9547121 26.4536308)",2778,98523862,5718333833,127686065,Fifth Street,unclassified,False,True,76.224,,,,,,,,,,,42.17738008450774
"LINESTRING (-81.954168 26.454085,-81.954234 26.4541754,-81.9542983 26.4542666,-81.954352 26.4543243,-81.9544056 26.4543627,-81.9546291 26.4544638)",2779,98523862,5720788145,166092635,Fourth Street,unclassified,False,False,64.115,,,,,,,,,,,47.34838084113716
"LINESTRING (-81.9477315 26.464313,-81.9477135 26.4643639,-81.947676 26.4643927,-81.9475985 26.4644269)",2781,98541481,2019396613,11051780,Nancy Lane,residential,False,False,19.456,,,,,,,,,,,421.7962834570627
"LINESTRING (-81.9477315 26.464313,-81.947786 26.4643543,-81.9478986 26.4644215)",2783,98541481,2019396637,191354214,Nancy Lane,residential,False,False,20.579,,,,,,,,,,,373.09894589680493
"LINESTRING (-81.91865 26.434986,-81.918598 26.435042,-81.9185153 26.4351427)",333,98550561,5820587880,11052594,Madera Road,residential,False,False,21.997,,,,,,,,,,,118.52833038674034
"LINESTRING (-81.928806 26.445638,-81.928918 26.445551,-81.9297151 26.4448666,-81.929759 26.4448209)",2784,98559944,5694073698,11053336,Jefferson Court,residential,False,True,131.417,,,,,,,,,,,1157.6746563493991
"LINESTRING (-81.907998 26.429324,-81.90777 26.429201,-81.9077401 26.4291806)",338,98560201,6304043731,859994986,Bay Village Drive,residential,False,False,30.247,,,private,,,,,,,,0.0
"LINESTRING (-81.907998 26.429324,-81.9079546 26.4294056,-81.9079256 26.4294745,-81.90791 26.4295244,-81.9079027 26.4298411,-81.9078976 26.4299305)",337,98560201,7564891014,809032956,,service,False,False,69.176,,,private,,,,,,,,0.0
"LINESTRING (-81.905493 26.425469,-81.9055432 26.4253743,-81.9056168 26.4253685)",342,98565023,5755082395,607196483,,service,False,False,19.013,,,,,,,,,,,11.636999963614715
"LINESTRING (-81.906199 26.422994,-81.9055403 26.423479,-81.9053602 26.4232705)",344,1335983161,1335983177,"[607130966, 607130967]",,service,False,True,114.227,,,,parking_aisle,,,,,,,62.72648743911333
"LINESTRING (-81.9052548 26.4231484,-81.9050985 26.4229673,-81.9048436 26.4231214)",347,1335983164,1335983175,"[118848886, 607130966]",,service,False,True,56.076,,,,,,,,,,,6.879679267515656
"LINESTRING (-81.9052548 26.4231484,-81.9053602 26.4232705)",346,1335983164,1335983177,607130966,,service,False,False,17.161,,,,,,,,,,,11.08392770877522
"LINESTRING (-81.9052548 26.4231484,-81.9055801 26.4228912)",345,1335983164,1387634904,118848884,,service,False,False,43.211,,,,parking_aisle,,,,,,,8.47594471847517
"LINESTRING (-81.9059811 26.4228021,-81.9057624 26.4229646)",348,1335983167,1335983179,118848885,,service,False,True,28.298,,,,parking_aisle,,,,,,,1.8885394067690036
"LINESTRING (-81.905652 26.4228343,-81.9057624 26.4229646)",351,1335983169,1335983179,607130968,,service,False,False,18.187,,,,parking_aisle,,,,,,,0.7419261955163942
"LINESTRING (-81.905652 26.4228343,-81.9057857 26.4227285)",349,1335983169,1387634893,118848884,,service,False,False,17.767,,,,parking_aisle,,,,,,,2.4955699303733256
"LINESTRING (-81.905652 26.4228343,-81.9055801 26.4228912)",350,1335983169,1387634904,118848884,,service,False,True,9.555,,,,parking_aisle,,,,,,,2.8552917221388503
"LINESTRING (-81.9053602 26.4232705,-81.9057624 26.4229646)",355,1335983177,1335983179,118848885,,service,False,False,52.546,,,,parking_aisle,,,,,,,4.721348516922508
"LINESTRING (-81.9204923 26.4364172,-81.9202009 26.4367584,-81.9201807 26.4367821,-81.9201433 26.4368258)",2785,1387614715,1387614719,124772921,,service,False,False,57.199,,,,parking_aisle,,,,,,,47.84299830481475
"LINESTRING (-81.9200469 26.4367699,-81.9201433 26.4368258)",2788,1387614718,1387614719,124772924,,service,False,False,11.435,,,,parking_aisle,,,,,,,12.567780099808013
"LINESTRING (-81.9023122 26.4159553,-81.901802 26.4159595,-81.9018055 26.4161669,-81.9017281 26.4162355,-81.9015149 26.4162967)",361,1387634859,1387634866,124775381,,service,False,True,107.013,,,,,,,,,,,411.589177615716
"LINESTRING (-81.9015149 26.4162967,-81.9012646 26.4163693)",363,1387634866,1387634867,124775381,,service,False,True,26.201,,,,,,,,,,,165.23595678629513
"LINESTRING (-81.9015149 26.4162967,-81.9017534 26.4170233)",362,1387634866,1387634872,124775377,,service,False,True,84.213,,,,,,,,,,,324.55898662044444
"LINESTRING (-81.9012646 26.4163693,-81.901522 26.4170568)",367,1387634867,1387634874,136256174,Estero Boulevard,secondary,False,True,80.63,2,CR 865,,,35 mph,,,,,,52.2608315599351
"LINESTRING (-81.9012646 26.4163693,-81.9010511 26.4157921)",366,1387634867,5802006324,136256174,Estero Boulevard,secondary,False,False,67.612,2,CR 865,,,35 mph,,,,,,16.221204547426616
"LINESTRING (-81.9012646 26.4163693,-81.9011604 26.4163945,-81.9009783 26.4164417)",368,1387634867,5802006391,613092670,,service,False,True,29.627,,,,,,,,,,,17.78936673340445
"LINESTRING (-81.9017534 26.4170233,-81.9025344 26.4170254)",370,1387634872,1387634873,124775379,,service,False,False,77.775,,,,,,,,,,,811.9820144627301
"LINESTRING (-81.9017534 26.4170233,-81.901522 26.4170568)",371,1387634872,1387634874,124775379,,service,False,True,23.343,,,,,,,,,,,211.5838613940844
"LINESTRING (-81.901522 26.4170568,-81.9015628 26.4171689)",375,1387634874,5802444936,136256174,Estero Boulevard,secondary,False,True,13.11,2,CR 865,,,35 mph,,,,,,43.931023819364675
"LINESTRING (-81.9057548 26.4225552,-81.9054603 26.4227608,-81.9055801 26.4228912)",376,1387634887,1387634904,"[607130969, 124775378]",,service,False,True,55.961,,,,parking_aisle,,,,,,,19.31256369541159
"LINESTRING (-81.904094 26.4219942,-81.9039504 26.4220614,-81.9038304 26.4221175)",383,1387637810,1387637811,124775653,,service,False,False,29.614,,,,,,,,,,,1.0342001513258827
"LINESTRING (-81.904094 26.4219942,-81.9042837 26.4222778)",382,1387637810,1390589104,719594952,Estero Boulevard,secondary,False,True,36.76,2,CR 865,,,25 mph,,,,,,1.0342001513258827
"LINESTRING (-81.904094 26.4219942,-81.903947 26.4217695)",381,1387637810,5756963352,719594952,Estero Boulevard,secondary,False,False,28.958,2,CR 865,,,25 mph,,,,,,1.303991495150026
"LINESTRING (-81.9038304 26.4221175,-81.903842 26.4221349,-81.9038699 26.4221761,-81.9039149 26.422243)",385,1387637811,5755082593,607196510,,service,False,False,16.295,,,,parking_aisle,,,,,,,0.9667523153698468
"LINESTRING (-81.9038304 26.4221175,-81.9037501 26.4221549,-81.9036703 26.422192)",386,1387637811,5755082605,607196512,,service,False,False,17.966,,,,parking_aisle,,,,,,,597.8576179143016
"LINESTRING (-81.9045054 26.4230508,-81.904142 26.4225292)",389,1390578786,1390578781,125133582,,service,True,False,68.362,,,,parking_aisle,,,,,,,1.5513002269888243
"LINESTRING (-81.904142 26.4225292,-81.904014 26.422622,-81.903844 26.422745,-81.903346 26.423105,-81.901884 26.424185,-81.901542 26.424443,-81.901439 26.424516,-81.9013613 26.4244985,-81.9008701 26.424603)",387,1390578781,7148048346,"[765324768, 11034354]",Curlew Street,"['residential', 'service']",False,False,406.478,,,,,,,,,,,257.5832855161008
"LINESTRING (-81.9045054 26.4230508,-81.9043871 26.4231243,-81.9043733 26.4231379,-81.9043573 26.4231643,-81.9043519 26.423178,-81.9043382 26.4232349)",390,1390578786,1390578792,125133581,,service,True,False,27.808,,,,,,,,,,,44.22329777517416
"LINESTRING (-81.9043382 26.4232349,-81.9045607 26.4234512)",391,1390578792,1390578798,125133579,,service,False,True,32.701,,,,parking_aisle,,,,,,,87.41239539902244
"LINESTRING (-81.9046956 26.4216814,-81.9049483 26.4220778)",395,1390589090,1390589102,125134447,,service,False,True,50.755,,,,parking_aisle,,,,,,,14.56873256650374
"LINESTRING (-81.9046956 26.4216814,-81.9043004 26.4219708,-81.9044404 26.4221855)",397,1390589090,1390589103,"[607462329, 607148185]",,service,False,False,78.482,,,,parking_aisle,,,,,,,3.484804857728518
"LINESTRING (-81.9049483 26.4220778,-81.9045731 26.4223485,-81.9044404 26.4221855)",400,1390589102,1390589103,"[607148185, 607148183]",,service,False,True,70.409,,,,parking_aisle,,,,,,,5.463274712438904
"LINESTRING (-81.9044404 26.4221855,-81.9042837 26.4222778)",401,1390589103,1390589104,125134449,,service,False,True,18.677,,,,,,,,,,,0.8318566434577752
"LINESTRING (-81.8770491 26.4049792,-81.8769002 26.4050248)",441,1775637539,1620821904,1094211394,,service,True,False,15.673,,,,parking_aisle,,,,,,,0.0
"LINESTRING (-81.8769002 26.4050248,-81.8768085 26.4048991,-81.8767011 26.404813,-81.8764635 26.4047535,-81.8763925 26.4047429)",409,1620821904,1775637661,149048751,Estero Boulevard,residential,False,True,62.791,,,,,15 mph,,,,,,0.0
"LINESTRING (-81.8769002 26.4050248,-81.8769246 26.4051242,-81.8769273 26.4051684)",408,1620821904,1775637729,149048751,Estero Boulevard,residential,False,False,16.239,,,,,15 mph,,,,,,0.0
"LINESTRING (-81.8753792 26.4037721,-81.8749949 26.4036635,-81.8745778 26.4035254,-81.8741918 26.4033928,-81.8739849 26.4033069,-81.8738397 26.4032536,-81.8736749 26.4031792,-81.8732905 26.4029962,-81.8731446 26.4029067,-81.8730091 26.4028147,-81.8727422 26.4025607,-81.8725083 26.4023698,-81.872298 26.40218,-81.8719609 26.4019283)",410,1621351072,1623448499,127663046,Estero Boulevard,secondary,False,False,403.967,2,CR 865,,,35 mph,,,,,,0.0
"LINESTRING (-81.8753792 26.4037721,-81.8753708 26.4038606,-81.8754199 26.4039502,-81.8756443 26.4040827,-81.8757162 26.4041509,-81.8758228 26.4042858,-81.8758307 26.4043155)",412,1621351072,1775637748,149048751,Estero Boulevard,residential,False,False,79.945,,,,,15 mph,,,,,,0.0
"LINESTRING (-81.8753792 26.4037721,-81.875561 26.4038045,-81.8756648 26.4038229,-81.8761877 26.4039028,-81.876721 26.403958,-81.8770499 26.4039897,-81.8773696 26.4039987,-81.8776895 26.4039869,-81.8779279 26.4039764,-81.878159 26.403993,-81.8831862 26.4046461,-81.8834962 26.4046856,-81.883512 26.4046876,-81.8836084 26.4046999)",411,1621351072,9629857104,"[136256174, 127663060, 127663046]",Estero Boulevard,secondary,False,True,827.246,2,CR 865,,,"['25 mph', '35 mph']",yes,,,,,0.0
"LINESTRING (-81.8715112 26.4023697,-81.8713718 26.4022784,-81.8709506 26.4019228,-81.8706422 26.4016225,-81.8705376 26.4015024,-81.8704679 26.4014207,-81.8704571 26.4013486)",415,1623448481,1623448491,149355656,,service,False,True,156.677,,,,parking_aisle,,,,,,,0.0
"LINESTRING (-81.8715112 26.4023697,-81.8719609 26.4019283)",413,1623448481,1623448499,149355656,,service,False,False,66.446,,,,parking_aisle,,,,,,,0.0
"LINESTRING (-81.8715112 26.4023697,-81.8716456 26.4024945)",414,1623448481,1926499502,182299390,,service,False,False,19.281,,,,parking_aisle,,,,,,,0.0
"LINESTRING (-81.8704571 26.4013486,-81.870444 26.4012812,-81.8704279 26.4012212,-81.8704199 26.4011467,-81.8704279 26.4010266,-81.8704547 26.4009329,-81.8704735 26.4008944,-81.8705245 26.4008824,-81.8705727 26.4008896,-81.8706103 26.4009017,-81.870621 26.4009353,-81.870621 26.4009689,-81.8705781 26.4011419,-81.8705593 26.4011948,-81.8705406 26.4012236,-81.8704982 26.4012725,-81.8704571 26.4013486)",416,1623448491,1623448491,149355656,,service,False,False,119.185,,,,parking_aisle,,,,,,,0.0
"LINESTRING (-81.9416941 26.4580185,-81.940885 26.458026)",2798,1756886972,1756886973,11030241,Spanish Main Street,residential,True,False,80.549,,,,,,,,,,,0.0
"LINESTRING (-81.9059537 26.4245528,-81.9059228 26.424518)",423,1769035619,1769035621,719594952,Estero Boulevard,secondary,False,False,4.944,2,CR 865,,,25 mph,,,,,,4.04687015736215
"LINESTRING (-81.9059537 26.4245528,-81.9060951 26.4244492)",422,1769035619,5754569579,11024325,Flamingo Street,residential,False,True,18.192,,,,,,,,,,,16.72706331709689
"LINESTRING (-81.9059537 26.4245528,-81.9061137 26.4247328)",424,1769035619,5754578331,719594952,Estero Boulevard,secondary,False,True,25.582,2,CR 865,,,25 mph,,,,,,1.2815088831646808
"LINESTRING (-81.9059228 26.424518,-81.9058505 26.4245707,-81.9056883 26.4246889)",427,1769035621,5755082407,165353732,Flamingo Street,residential,False,False,30.106,,,,,,,,,,,7.675563731796878
"LINESTRING (-81.9059228 26.424518,-81.9057306 26.4242932)",425,1769035621,5755082527,719594952,Estero Boulevard,secondary,False,False,31.482,2,CR 865,,,25 mph,,,,,,8.76821867428466
"LINESTRING (-81.940751 26.4490453,-81.9413168 26.449243)",2803,1769053882,1769053892,11022994,Oak Street,unclassified,False,True,60.467,,,,,,,,,,,154.25320083145397
"LINESTRING (-81.9454605 26.4494687,-81.9451116 26.449335)",2806,1769083207,1769085404,165358201,,service,False,False,37.783,,,,,,,,,,,453.6091794163264
"LINESTRING (-81.9447333 26.4493629,-81.9447645 26.4493174,-81.9448275 26.4492261)",2809,1769083208,1769083210,165358203,,service,False,False,17.87,,,,,,,,,,,55.7119124996856
"LINESTRING (-81.9448275 26.4492261,-81.9448275 26.4489884,-81.9447769 26.4489884,-81.9447767 26.4489325,-81.9447759 26.4487298,-81.944775 26.4485047)",2810,1769083210,1769083211,165358201,,service,False,False,85.254,,,,,,,,,,,77.04791127377827
"LINESTRING (-81.9448275 26.4492261,-81.9449115 26.4492583,-81.9451116 26.449335)",2811,1769083210,1769085404,165358201,,service,False,True,30.767,,,,,,,,,,,55.149847200051966
"LINESTRING (-81.9451116 26.449335,-81.9451632 26.4491655,-81.9452222 26.4491487,-81.9452189 26.4489733,-81.9452141 26.448714,-81.9452115 26.4485747)",2816,1769085404,1769085412,165358298,,service,False,True,89.534,,,,,,,,,,,114.27911672151006
"LINESTRING (-81.9457635 26.4489667,-81.9457643 26.4490925)",2818,1773568796,1773568797,165829102,,service,False,False,13.989,,,,,,,,,,,34.218535441695515
"LINESTRING (-81.9457643 26.4490925,-81.9456375 26.449034,-81.9455075 26.4490348)",2821,1773568797,1773568799,165829103,,service,False,False,27.144,,,,,,,,,,,3.7545962015526606
"LINESTRING (-81.9457643 26.4490925,-81.9457692 26.4496732,-81.9457688 26.4497306)",2820,1773568797,1773568800,165829102,,service,False,False,70.956,,,,,,,,,,,322.8053428855875
"LINESTRING (-81.9455066 26.4489455,-81.9455075 26.4490348)",2822,1773568798,1773568799,165829104,,service,False,False,9.93,,,,,,,,,,,5.215965980600105
"LINESTRING (-81.9457688 26.4497306,-81.9458401 26.4497559)",2826,1773568800,5718334376,882352979,Estero Boulevard,secondary,False,False,7.635,2,CR 865,,,25 mph,,,,,,594.0580564887782
"LINESTRING (-81.9660318 26.4636688,-81.9659912 26.4635032,-81.9659734 26.4634153,-81.9659099 26.4631715,-81.9658334 26.4628596,-81.9659164 26.462838)",2829,1773963615,1773966062,"[165885512, 599362406]",,service,False,False,100.734,,,,,,,,,,,317.07227682932444
"LINESTRING (-81.9661309 26.4627823,-81.9660418 26.4628055,-81.9659164 26.462838)",2831,1773963620,1773966062,599362406,,service,False,True,22.232,,,,,,,,,,,0.0
"LINESTRING (-81.9659164 26.462838,-81.9658151 26.4625588)",2832,1773966062,1773966068,165885802,,service,False,True,32.642,,,,parking_aisle,,,,,,,0.0
"LINESTRING (-81.8775861 26.4044233,-81.8776585 26.4047837,-81.8776558 26.4048173,-81.8776397 26.4048365,-81.8776049 26.4048461,-81.8775244 26.4048581,-81.8774572 26.4048642)",428,1775637503,1775637817,166079419,,service,False,True,65.616,,,,parking_aisle,,,,,,,0.0
"LINESTRING (-81.8769069 26.4053612,-81.8768938 26.4054034,-81.8768768 26.4054304)",429,1775637523,1775637594,149048751,Estero Boulevard,residential,False,False,8.317,,,,,15 mph,,,,,,0.0
"LINESTRING (-81.8771382 26.4054462,-81.8769069 26.4053612)",452,1775637647,1775637523,166079403,,service,True,False,24.9,,,,parking_aisle,,,,,,,0.0
"LINESTRING (-81.8769069 26.4053612,-81.8769337 26.4052746,-81.8769273 26.4051684)",430,1775637523,1775637729,149048751,Estero Boulevard,residential,False,True,21.819,,,,,15 mph,,,,,,0.0
"LINESTRING (-81.8762313 26.4058121,-81.8762477 26.4058263,-81.8763013 26.4058503,-81.8763845 26.4058527,-81.8764461 26.4062251)",433,1775637525,1775637643,166079407,,service,False,False,58.391,,,,parking_aisle,,,,,,,0.0
"LINESTRING (-81.8762313 26.4058121,-81.8762182 26.4059128,-81.87625 26.4060762)",432,1775637525,1775637759,166079401,,service,False,False,29.716,,,,parking_aisle,,,,,,,0.0
"LINESTRING (-81.8762313 26.4058121,-81.8761959 26.4057813)",431,1775637525,1775637768,166079407,,service,False,True,4.915,,,,parking_aisle,,,,,,,0.0
"LINESTRING (-81.8769378 26.4045478,-81.8770282 26.4045963,-81.8770765 26.4046323,-81.8771221 26.4046948,-81.8771677 26.4047548,-81.8772536 26.404916)",436,1775637529,1775637536,166079412,,service,False,True,52.988,,,,parking_aisle,,,,,,,0.0
"LINESTRING (-81.8769378 26.4045478,-81.8769102 26.4046419,-81.8768941 26.4046996,-81.8768941 26.4047404,-81.8769021 26.4047741,-81.876937 26.4048221,-81.8770491 26.4049792)",435,1775637529,1775637539,166079399,,service,False,True,52.9,,,,parking_aisle,,,,,,,0.0
"LINESTRING (-81.8769378 26.4045478,-81.8769933 26.4043584,-81.8770684 26.4043801,-81.8771489 26.4044185,-81.8772991 26.4045554,-81.8773501 26.4046299,-81.8774064 26.4047356,-81.8774572 26.4048642)",434,1775637529,1775637817,166079399,,service,False,False,97.967,,,,parking_aisle,,,,,,,0.0
"LINESTRING (-81.8754457 26.4060161,-81.8754881 26.4060013,-81.876059 26.405792)",437,1775637532,1775637709,166079395,,service,False,True,65.969,,,,parking_aisle,,,,,,,0.0
"LINESTRING (-81.8772536 26.404916,-81.8772163 26.404928)",438,1775637536,1775637803,166079419,,service,False,True,3.947,,,,parking_aisle,,,,,,,0.0
"LINESTRING (-81.8772536 26.404916,-81.8773286 26.4048918,-81.8774171 26.4048677,-81.8774572 26.4048642)",440,1775637536,1775637817,166079419,,service,False,False,21.165,,,,parking_aisle,,,,,,,0.0
"LINESTRING (-81.8772163 26.404928,-81.8770491 26.4049792)",486,1775637803,1775637539,1094211394,,service,True,False,17.599,,,,parking_aisle,,,,,,,0.0
"LINESTRING (-81.8769731 26.4058445,-81.8770684 26.4058079)",443,1775637585,1775637673,166079417,,service,False,True,10.327,,,,parking_aisle,,,,,,,0.0
"LINESTRING (-81.8768768 26.4054304,-81.8771057 26.4055201)",444,1775637594,1775637671,166079393,,service,True,False,24.884,,,,parking_aisle,,,,,,,0.0
"LINESTRING (-81.8768768 26.4054304,-81.8768272 26.4055091,-81.8767279 26.405625,-81.8765781 26.405702,-81.8763353 26.405727,-81.8762799 26.4057326,-81.8762289 26.4057686,-81.8761959 26.4057813)",445,1775637594,1775637768,"[166079397, 149048751]",Estero Boulevard,"['residential', 'service']",False,False,83.433,,,,parking_aisle,15 mph,,,,,,0.0
"LINESTRING (-81.8773474 26.4060713,-81.8771247 26.4058719)",447,1775637604,1775637793,166079414,,service,False,True,31.361,,,,parking_aisle,,,,,,,0.0
"LINESTRING (-81.8772876 26.4055816,-81.8773769 26.4053939,-81.8772669 26.405365,-81.8772106 26.4053674,-81.8771677 26.4053795,-81.8771382 26.4054462)",450,1775637606,1775637647,"[166079421, 166079414]",,service,False,"[False, True]",52.173,,,,parking_aisle,,,,,,,0.0
"LINESTRING (-81.8772876 26.4055816,-81.8771057 26.4055201)",448,1775637606,1775637671,166079416,,service,False,False,19.364,,,,parking_aisle,,,,,,,0.0
"LINESTRING (-81.8772876 26.4055816,-81.8771838 26.4057999,-81.8771247 26.4058719)",449,1775637606,1775637793,166079421,,service,False,False,36.321,,,,parking_aisle,,,,,,,0.0
"LINESTRING (-81.8771382 26.4054462,-81.8771057 26.4055201)",453,1775637647,1775637671,166079414,,service,False,False,8.832,,,,parking_aisle,,,,,,,0.0
"LINESTRING (-81.8763925 26.4047429,-81.8761539 26.4047073,-81.8760282 26.4046743,-81.8759351 26.4046,-81.8758803 26.4045007,-81.8758307 26.4043155)",456,1775637661,1775637748,149048751,Estero Boulevard,residential,False,True,83.051,,,,parking_aisle,15 mph,,,,,,0.0
"LINESTRING (-81.8771057 26.4055201,-81.8770523 26.4056413,-81.8770416 26.4057254,-81.8770577 26.4057806,-81.8770684 26.4058079)",460,1775637671,1775637673,166079414,,service,False,False,33.461,,,,parking_aisle,,,,,,,0.0
"LINESTRING (-81.8770684 26.4058079,-81.8770765 26.4058287,-81.8771247 26.4058719)",462,1775637673,1775637793,166079414,,service,False,False,9.241,,,,parking_aisle,,,,,,,0.0
"LINESTRING (-81.8753733 26.4058695,-81.875865 26.4056874,-81.8759634 26.4057542,-81.8760089 26.4057831,-81.876059 26.405792)",464,1775637700,1775637709,166079397,,service,False,True,75.93,,,,parking_aisle,,,,,,,0.0
"LINESTRING (-81.876059 26.405792,-81.8760914 26.4059578,-81.8761311 26.4060339,-81.8761806 26.4060689,-81.87625 26.4060762)",468,1775637709,1775637759,"[1178006149, 1178006150, 166079413]",,service,False,False,41.296,,,,parking_aisle,,,,,,,0.0
"LINESTRING (-81.876059 26.405792,-81.8760894 26.4057975,-81.8761538 26.4057975,-81.8761959 26.4057813)",467,1775637709,1775637768,166079397,,service,False,True,14.066,,,,parking_aisle,,,,,,,0.0
"LINESTRING (-81.8762664 26.4061602,-81.87625 26.4060762)",469,1775637710,1775637759,166079401,,service,False,True,9.482,,,,parking_aisle,,,,,,,0.0
"LINESTRING (-81.8769273 26.4051684,-81.8771328 26.4051344,-81.8771811 26.4051176,-81.877224 26.4051008,-81.8772454 26.4050743,-81.8772481 26.4050383,-81.8772163 26.404928)",472,1775637729,1775637803,166079402,,service,True,False,50.952,,,,,,,,,,,0.0
"LINESTRING (-81.8910915 26.4106046,-81.8904746 26.4102154,-81.8904182 26.4101986,-81.8902895 26.4103475)",491,1775763042,1775763207,166091713,The Palms,service,False,False,102.006,,,,driveway,,,,,,,2.5630177663293616
"LINESTRING (-81.8910915 26.4106046,-81.8909499 26.4107722)",490,1775763042,1775763228,166091697,,service,False,False,23.37,,,,driveway,,,,,,,0.0
"LINESTRING (-81.8910915 26.4106046,-81.8912122 26.4105349,-81.8912562 26.4105095)",492,1775763042,1775763296,166091713,The Palms,service,False,True,19.515,,,,driveway,,,,,,,449.35996575109607
"LINESTRING (-81.8936589 26.4119013,-81.8936911 26.4120526)",493,1775763043,1775763066,166091699,,service,False,False,17.127,,,,,,,,,,,12.14061047208645
"LINESTRING (-81.8936589 26.4119013,-81.8938246 26.4118778)",494,1775763043,1775763188,166091699,,service,False,True,16.707,,,,,,,,,,,0.0
"LINESTRING (-81.8936589 26.4119013,-81.8936369 26.4117961)",495,1775763043,1775763328,166091719,,service,False,False,11.901,,,,,,,,,,,12.6127453237787
"LINESTRING (-81.8940607 26.4131101,-81.8941122 26.4132512)",496,1775763045,1775763206,166091700,,service,False,True,16.507,,,,,,,,,,,0.0
"LINESTRING (-81.8921032 26.4110555,-81.8920689 26.4110952,-81.8919551 26.4112268,-81.8913409 26.4108208,-81.8914415 26.4106902,-81.8914731 26.4106493)",499,1775763047,1775763290,166091695,The Palms,service,False,False,123.289,,,,driveway,,,,,,,7.981327254797573
"LINESTRING (-81.8921032 26.4110555,-81.892242 26.411145,-81.8922522 26.4111514)",498,1775763047,7226537671,11025920,Bay Beach Lane,residential,False,False,18.273,,,,,,,,,,,13.219775847383023
"LINESTRING (-81.8921032 26.4110555,-81.8919815 26.4109771)",497,1775763047,7226537681,11025920,Bay Beach Lane,residential,False,True,14.93,,,,,,,,,,,10.99399726083384
"LINESTRING (-81.8939051 26.4126945,-81.8938574 26.4125546)",501,1775763075,1775763158,166091694,,service,False,True,16.265,,,,,,,,,,,0.0
"LINESTRING (-81.8942851 26.4132065,-81.8943718 26.4134272,-81.8944076 26.4135685)",504,1775763083,1775763103,166091692,Casa Marina Condos,service,False,False,42.126,,,,,,,,,,,0.0
"LINESTRING (-81.8942851 26.4132065,-81.8942029 26.4129972)",502,1775763083,1775763193,166091692,Casa Marina Condos,service,False,True,24.671,,,,,,,,,,,0.0
"LINESTRING (-81.8942851 26.4132065,-81.8941122 26.4132512)",503,1775763083,1775763206,166091718,,service,False,False,17.922,,,,,,,,,,,0.0
"LINESTRING (-81.893814 26.4116428,-81.8938129 26.4117128,-81.8938118 26.4117884,-81.8938246 26.4118778)",507,1775763089,1775763188,166091692,Casa Marina Condos,service,False,False,26.213,,,,,,,,,,,8.363531658548444
"LINESTRING (-81.893814 26.4116428,-81.89391 26.411644,-81.89437 26.411636,-81.894631 26.411632,-81.8947473 26.4116306)",505,1775763089,1775763304,11025920,Bay Beach Lane,residential,False,False,92.959,,,,,,,,,,,28.867673789183335
"LINESTRING (-81.895037 26.4140037,-81.8949592 26.4138308,-81.8948552 26.4138662,-81.8947801 26.4138158,-81.8946433 26.4137293,-81.8945413 26.4136796)",508,1775763090,1775763372,166091696,,service,False,True,69.395,,,,,,,,,,,132.19775847383025
"LINESTRING (-81.8965968 26.4116037,-81.896534 26.411609,-81.8963565 26.4116113)",510,1775763099,1775763146,11025920,Bay Beach Lane,residential,False,True,23.961,,,,,,,,,,,32.59079433395651
"LINESTRING (-81.896683 26.4119293,-81.8966496 26.4118434,-81.8966105 26.4116661,-81.8965968 26.4116037)",2261,10069586522,1775763099,166091710,Royal Pelican Condos,service,True,False,37.281,,,,,,,,,,,9.88448035935705
"LINESTRING (-81.8944076 26.4135685,-81.8944056 26.4136012,-81.8944166 26.4136329,-81.8944387 26.4136589,-81.8944694 26.4136766,-81.894505 26.4136838)",513,1775763103,1775763107,166091726,,service,False,True,18.237,,,,,,,,,,,0.0
"LINESTRING (-81.8944076 26.4135685,-81.8944218 26.4135384,-81.8944467 26.4135145,-81.8944687 26.4135031,-81.8945043 26.4134957,-81.8945405 26.4134996,-81.8945731 26.4135144,-81.8945967 26.4135364,-81.8946118 26.4135662,-81.8946147 26.4135988,-81.8946049 26.4136303,-81.8945836 26.4136569,-81.8945413 26.4136796)",512,1775763103,1775763372,166091726,,service,False,False,43.564,,,,,,,,,,,0.0
"LINESTRING (-81.894505 26.4136838,-81.8944796 26.4137437,-81.8944416 26.4137947,-81.8943986 26.4138308,-81.8943429 26.4138542,-81.8944072 26.4140488)",515,1775763107,1775763154,166091705,,service,False,False,48.505,,,,,,,,,,,0.0
"LINESTRING (-81.894505 26.4136838,-81.8945413 26.4136796)",514,1775763107,1775763372,166091726,,service,False,True,3.645,,,,,,,,,,,0.0
"LINESTRING (-81.8988779 26.4114718,-81.8989723 26.4114713,-81.8990255 26.4114502,-81.8990716 26.4114137,-81.8991065 26.4113752,-81.8991225 26.4113416,-81.8991333 26.4113056,-81.8991327 26.4112748,-81.8991225 26.4112263,-81.8990769 26.4111518)",517,1775763110,1775763218,166091721,Bella Lago Drive,residential,True,False,53.404,,,,,,,,,,,1.0454414573185555
"LINESTRING (-81.8988779 26.4114718,-81.8987787 26.4114862,-81.8973925 26.4114953,-81.8973228 26.4114713,-81.8972793 26.4114406,-81.8972535 26.4114192,-81.8972445 26.4114117,-81.897187 26.4113664)",518,1775763110,1775763364,166091727,Bella Lago Drive,residential,False,False,173.367,,,,,,,,,,,1.0454414573185555
"LINESTRING (-81.8948042 26.4117858,-81.894772 26.4117329,-81.8947621 26.4116918,-81.8947473 26.4116306)",519,1775763115,1775763304,166091711,Hibiscus Pointe Condos,service,False,False,18.338,,,,,,,,,,,47.618172184961296
"LINESTRING (-81.8948042 26.4117858,-81.8948042 26.4118722,-81.8948042 26.4119635,-81.8948954 26.412271,-81.8949544 26.4123575,-81.8950295 26.4124392,-81.8950778 26.4125256,-81.8951153 26.4126265,-81.8951475 26.4127563,-81.8951529 26.4128475,-81.8951636 26.4129725,-81.8951797 26.4130734,-81.8952602 26.4132463,-81.8953353 26.4133376,-81.8954211 26.4134337,-81.895464 26.4135442,-81.8954908 26.4136643,-81.895523 26.4137604,-81.8955391 26.4138709,-81.8955498 26.4139526,-81.895582 26.4140006,-81.8956518 26.414039,-81.8962633 26.4140486,-81.8963384 26.414015,-81.8963706 26.413943,-81.8963706 26.4138565,-81.8963525 26.4138087)",520,1775763115,7011017110,166091711,Hibiscus Pointe Condos,service,False,True,364.909,,,,,,,,,,,30.913591479849757
"LINESTRING (-81.8948042 26.4117858,-81.8949559 26.4117889,-81.8950713 26.4117923)",521,1775763115,7011017112,749746229,,service,False,True,26.611,,,,,,,,,,,29.69953043264111
"LINESTRING (-81.894131 26.4118749,-81.8939995 26.4119061)",522,1775763126,1775763159,166091716,,service,False,True,13.548,,,,,,,,,,,34.982944249197246
"LINESTRING (-81.8978158 26.4103007,-81.897847 26.4103009,-81.8978875 26.4102878,-81.8979216 26.4102621)",556,1775763200,1775763132,166091720,,residential,True,False,11.833,,,,,,,roundabout,,,,2.079641608644438
"LINESTRING (-81.8979216 26.4102621,-81.897996 26.4102726,-81.8980443 26.4102774,-81.8980953 26.410263,-81.8981457 26.4102346,-81.8982025 26.4102125,-81.8982664 26.4101962,-81.8983286 26.4101861,-81.8984198 26.4101981,-81.898503 26.4102221,-81.8985646 26.4102558,-81.8986285 26.4103211,-81.8989723 26.4109092,-81.8990769 26.4111518)",523,1775763132,1775763218,166091717,Bella Lago Drive,residential,False,False,180.137,,,,,,,,,,,0.2023435078681074
"LINESTRING (-81.8979216 26.4102621,-81.8979429 26.4102285,-81.89795 26.4101905,-81.8979422 26.4101525,-81.8979362 26.4101435)",524,1775763132,1775763274,166091720,,residential,True,False,14.042,,,,,,,roundabout,,,,18.109743954195626
"LINESTRING (-81.8942624 26.4123096,-81.8942785 26.4123552)",525,1775763133,1775763205,166091708,,service,False,True,5.318,,,,,,,,,,,0.8768218674284658
"LINESTRING (-81.8963565 26.4116113,-81.895747 26.411619,-81.8956056 26.4116206)",527,1775763146,1775763267,11025920,Bay Beach Lane,residential,False,True,74.788,,,,,,,,,,,38.55318303247008
"LINESTRING (-81.8963565 26.4116113,-81.8963641 26.4116689,-81.8963706 26.4117185,-81.8963835 26.4117649,-81.8964706 26.4119928)",528,1775763146,10069586521,166091710,Royal Pelican Condos,service,True,False,44.104,,,,,,,,,,,11.570676258257944
"LINESTRING (-81.8943516 26.4129544,-81.8942029 26.4129972)",529,1775763153,1775763193,166091702,,service,False,False,15.555,,,,,,,,,,,0.0
"LINESTRING (-81.8943516 26.4129544,-81.8942994 26.4128218,-81.8941524 26.4124057,-81.8941471 26.4123882)",531,1775763153,1775763199,166091703,,service,False,True,66.179,,,,,,,,,,,0.1011717539340536
"LINESTRING (-81.8943516 26.4129544,-81.8945113 26.4133599,-81.8945387 26.4133906,-81.8945896 26.4133978,-81.8946379 26.413393,-81.8947393 26.4133551)",530,1775763153,1775763352,166091703,,service,False,False,73.096,,,,,,,,,,,871.223697044115
"LINESTRING (-81.8943516 26.4129544,-81.8945038 26.4129125,-81.8944684 26.412817)",532,1775763153,1775763360,166091725,,service,False,False,27.046,,,,,,,,,,,170.1708901170784
"LINESTRING (-81.8938574 26.4125546,-81.894021 26.412507)",536,1775763158,1775763160,166091694,,service,False,True,17.131,,,,,,,,,,,0.0
"LINESTRING (-81.8938574 26.4125546,-81.8938273 26.4124591)",534,1775763158,1775763367,166091693,,service,False,False,11.034,,,,,,,,,,,0.0
"LINESTRING (-81.8939995 26.4119061,-81.8941471 26.4123882)",537,1775763159,1775763199,166091703,,service,False,False,55.586,,,,,,,,,,,1.83233287680564
"LINESTRING (-81.8939995 26.4119061,-81.893844 26.4119414)",538,1775763159,1775763345,166091703,,service,False,True,15.976,,,,,,,,,,,4.7438311289078525
"LINESTRING (-81.894021 26.412507,-81.8940639 26.4126435,-81.8942029 26.4129972)",542,1775763160,1775763193,166091692,Casa Marina Condos,service,False,False,57.463,,,,,,,,,,,0.0
"LINESTRING (-81.894021 26.412507,-81.8939957 26.4124263)",540,1775763160,1775763327,166091692,Casa Marina Condos,service,False,True,9.32,,,,,,,,,,,0.1573782838974168
"LINESTRING (-81.8979362 26.4101435,-81.8979203 26.4101193,-81.8978823 26.4100924,-81.8978411 26.4100811,-81.8978332 26.4100815,-81.8978318 26.4100816)",575,1775763274,1775763180,166091720,,residential,True,False,13.165,,,,,,,roundabout,,,,18.75049839577796
"LINESTRING (-81.8978318 26.4100816,-81.8977981 26.4100831,-81.8977655 26.4100902)",543,1775763180,1775763368,166091720,,residential,True,False,6.701,,,,,,,roundabout,,,,0.6744783595603584
"LINESTRING (-81.8977163 26.4102415,-81.8977306 26.4102624,-81.8977635 26.4102873,-81.8978039 26.4103007,-81.8978158 26.4103007)",545,1775763185,1775763200,166091720,,residential,True,False,12.491,,,,,,,roundabout,,,,4.3616267251569845
"LINESTRING (-81.8977655 26.4100902,-81.8977269 26.4101246,-81.8977073 26.410159,-81.8977021 26.4101973,-81.8977118 26.4102349,-81.8977163 26.4102415)",603,1775763368,1775763185,166091720,,residential,True,False,19.158,,,,,,,roundabout,,,,2.315709034490564
"LINESTRING (-81.8977163 26.4102415,-81.897711 26.410246,-81.897684 26.410296,-81.89764 26.410378,-81.8975881 26.4105401,-81.89755 26.410659,-81.897511 26.410758,-81.897464 26.410854,-81.8974592 26.4108625)",544,1775763185,9258342816,166091704,Bay Beach Lane,residential,True,False,73.913,,,,,,,,,,,4.710107210929836
"LINESTRING (-81.8938246 26.4118778,-81.893844 26.4119414)",546,1775763188,1775763345,166091692,Casa Marina Condos,service,False,False,7.331,,,,,,,,,,,3.0126700060362666
"LINESTRING (-81.8941471 26.4123882,-81.8942785 26.4123552)",554,1775763199,1775763205,166091715,,service,False,False,13.591,,,,,,,,,,,0.1011717539340536
"LINESTRING (-81.8941471 26.4123882,-81.8939957 26.4124263)",553,1775763199,1775763327,166091707,,service,False,False,15.662,,,,,,,,,,,0.2585500378314706
"LINESTRING (-81.897187 26.4113664,-81.897239 26.411343,-81.897244 26.41134,-81.8973 26.411288,-81.897356 26.411225,-81.897459 26.411094,-81.897548 26.410954,-81.897639 26.410764,-81.8976632 26.4106992,-81.897688 26.410633,-81.897732 26.410475,-81.89776 26.410401,-81.897796 26.410329,-81.8978158 26.4103007)",599,1775763364,1775763200,165353731,Bay Beach Lane,residential,True,False,136.744,,,,,,,,,,,2.113365526622456
"LINESTRING (-81.8942785 26.4123552,-81.8942967 26.4124135)",558,1775763205,1775763261,166091715,,service,False,False,6.731,,,,,,,,,,,43.77364553546726
"LINESTRING (-81.8941122 26.4132512,-81.8941739 26.4134266)",561,1775763206,1775763311,166091718,,service,False,False,20.449,,,,,,,,,,,0.0
"LINESTRING (-81.8972387 26.4095597,-81.8972754 26.4095655,-81.8973123 26.4095606,-81.8973455 26.4095455,-81.8973716 26.4095217,-81.8973879 26.4094917,-81.8973928 26.4094586,-81.8973856 26.4094258,-81.8973672 26.4093968,-81.8973394 26.4093745,-81.8973036 26.4093609,-81.8972648 26.4093587,-81.8972274 26.4093681,-81.8971956 26.4093881,-81.8971729 26.4094164,-81.897162 26.4094498,-81.8971641 26.4094846,-81.8971788 26.4095168,-81.8972047 26.4095428,-81.8972387 26.4095597)",568,1775763250,1775763250,166091724,Lake Valencia Court,residential,False,False,72.127,,,,,,,,,,,239.4398176439272
"LINESTRING (-81.8972387 26.4095597,-81.8973898 26.4097032,-81.8976956 26.4100011,-81.8977519 26.4100588,-81.8977655 26.4100902)",567,1775763250,1775763368,166091714,Lake Valencia Court,residential,False,False,79.196,,,,,,,,,,,119.7199088219636
"LINESTRING (-81.8956056 26.4116206,-81.8947473 26.4116306)",571,1775763267,1775763304,11025920,Bay Beach Lane,residential,False,True,85.484,,,,,,,,,,,40.73849291744564
"LINESTRING (-81.8956056 26.4116206,-81.8955891 26.4116799,-81.8955681 26.4117553,-81.895567 26.4118083)",573,1775763267,7011017093,166091711,Hibiscus Pointe Condos,service,False,False,21.331,,,,,,,,,,,22.8423337771108
"LINESTRING (-81.8914731 26.4106493,-81.8912562 26.4105095)",577,1775763290,1775763296,11025920,Bay Beach Lane,residential,False,True,26.613,,,,,,,,,,,449.35996575109607
"LINESTRING (-81.8914731 26.4106493,-81.8919815 26.4109771)",576,1775763290,7226537681,11025920,Bay Beach Lane,residential,False,False,62.387,,,,,,,,,,,3.0126700060362666
"LINESTRING (-81.8912562 26.4105095,-81.890829 26.410234,-81.890617 26.410107,-81.890494 26.410049,-81.890291 26.410064,-81.89021 26.410084,-81.890135 26.410118,-81.8900146 26.4101586)",580,1775763296,7113549196,11025920,Bay Beach Lane,residential,False,True,141.508,,,,,,,,,,,644.8687595756586
"LINESTRING (-81.8939957 26.4124263,-81.8938649 26.4120099,-81.893844 26.4119414)",588,1775763327,1775763345,166091692,Casa Marina Condos,service,False,True,55.995,,,,,,,,,,,3.170048289933684
"LINESTRING (-81.8971374 26.4113229,-81.897187 26.4113664)",591,1775763337,1775763364,166091727,Bella Lago Drive,residential,False,True,6.913,,,,,,,,,,,0.899304479413811
"LINESTRING (-81.8971374 26.4113229,-81.8970213 26.4112417,-81.8967672 26.4110759,-81.8966954 26.4110291)",592,1775763337,9258320815,1003255559,,service,False,False,54.823,,,,,,,,,,,116.6397909799713
"LINESTRING (-81.8974592 26.4108625,-81.897411 26.410948,-81.897351 26.411038,-81.897289 26.41112,-81.89715 26.411289,-81.8971374 26.4113229)",2231,9258342816,1775763337,166091704,Bay Beach Lane,residential,True,False,60.631,,,,,,,,,,,2.7766025801901417
"LINESTRING (-81.9352617 26.4470737,-81.9354753 26.446181,-81.935685 26.446209)",2838,1775767027,1775767097,166092073,Kingfish Drive,service,False,False,122.624,,,,,,,,,,,298.09695231369307
"LINESTRING (-81.9352617 26.4470737,-81.9354436 26.4470717)",2837,1775767027,5726053015,166092088,Sea Horse Drive,service,False,True,18.111,,,,,,,,,,,243.0145529495971
"LINESTRING (-81.9360198 26.4470753,-81.9362874 26.4461392,-81.9363919 26.4456594)",2841,1775767041,1775767067,166092072,Coconut Drive,service,False,False,161.801,,,,,,,,,,,311.06941942923726
"LINESTRING (-81.9360198 26.4470753,-81.9358205 26.4470742)",2840,1775767041,1775767079,166092088,Sea Horse Drive,service,False,False,19.842,,,,,,,,,,,749.8175923232504
"LINESTRING (-81.9360198 26.4470753,-81.9361094 26.4470813,-81.9361767 26.4470748,-81.93628 26.4470575)",2842,1775767041,1775767114,166092088,Sea Horse Drive,service,False,True,26.147,,,,,,,,,,,919.876069380402
"LINESTRING (-81.9372825 26.4472069,-81.9372753 26.447277,-81.9372474 26.447349,-81.937186 26.4474183,-81.9371191 26.4474422,-81.9367069 26.4474521)",2844,1775767042,1775767046,166092075,Gulf View Colony,service,False,True,74.361,,,,,,,,,,,829.1812126315192
"LINESTRING (-81.9372825 26.4472069,-81.9372931 26.4469877,-81.9372936 26.4469691)",2843,1775767042,1775767074,166092075,Gulf View Colony,service,False,False,26.466,,,,,,,,,,,973.0249641137582
"LINESTRING (-81.9372825 26.4472069,-81.9371616 26.4471847,-81.9367348 26.4470215)",2845,1775767042,1775767086,166092084,Gulf View Colony,service,False,False,58.491,,,,,,,,,,,847.9541936392826
"LINESTRING (-81.9358174 26.4457117,-81.93585 26.4456285,-81.9359117 26.4455204,-81.9359262 26.4455012,-81.935989 26.4454178,-81.9360426 26.4453549,-81.9360901 26.4452996)",2848,1775767045,1775767049,166092086,Red Coconut Access,service,False,True,53.618,,,,,,,,,,,119.87728710586101
"LINESTRING (-81.9358174 26.4457117,-81.9360787 26.4458)",2846,1775767045,1775767065,166092070,Red Coconut Access,service,False,False,27.806,,,,,,,,,,,228.64816389096148
"LINESTRING (-81.9358174 26.4457117,-81.9358039 26.4457636,-81.9357155 26.4461034,-81.935685 26.446209)",2847,1775767045,1775767097,166092071,Shuffleboard Drive,service,False,False,56.849,,,,,,,,,,,333.2822400707584
"LINESTRING (-81.9367069 26.4474521,-81.9366093 26.4474701)",2849,1775767046,1775767070,603066793,Gulf View Colony,service,False,False,9.921,,,,,,,,,,,262.147255749126
"LINESTRING (-81.9367069 26.4474521,-81.936728 26.4471596,-81.9367348 26.4470215)",2851,1775767046,1775767086,603066793,Gulf View Colony,service,False,True,47.963,,,,,,,,,,,512.581070653887
"LINESTRING (-81.9360901 26.4452996,-81.9361872 26.4453483,-81.936288 26.4454001)",2852,1775767049,1775767059,11041092,Estero Boulevard,secondary,False,False,22.652,2,CR 865,,,25 mph,,,,,,8.655805614357932
"LINESTRING (-81.9354716 26.4470705,-81.9358205 26.4470742)",2856,1775767057,1775767079,166092088,Sea Horse Drive,service,False,True,34.738,,,,,,,,,,,713.2159000111083
"LINESTRING (-81.9354716 26.4470705,-81.9356033 26.4465291,-81.935685 26.446209)",2857,1775767057,1775767097,166092071,Shuffleboard Drive,service,False,True,98.123,,,,,,,,,,,455.83495800287545
"LINESTRING (-81.9354716 26.4470705,-81.9354436 26.4470717)",2855,1775767057,5726053015,166092088,Sea Horse Drive,service,False,False,2.791,,,,,,,,,,,400.75255863877953
"LINESTRING (-81.9365367 26.4472927,-81.9366093 26.4474701)",2858,1775767058,1775767070,166092074,Gulf View Colony,service,False,True,21.009,,,,,,,,,,,215.76562722335865
"LINESTRING (-81.936288 26.4454001,-81.9363051 26.4454088,-81.936583 26.44555,-81.9374343 26.4459786)",2859,1775767059,1775767083,11041092,Estero Boulevard,secondary,False,False,131.005,2,CR 865,,,25 mph,,,,,,0.0224826119853452
"LINESTRING (-81.936288 26.4454001,-81.9362464 26.4454585,-81.9362077 26.4455128,-81.9362095 26.4455733)",2861,1775767059,1775767094,166092079,Sand Dollar Drive,service,False,True,21.594,,,,,,,,,,,175.4318213216492
"LINESTRING (-81.9368916 26.4462312,-81.9367571 26.4467874)",2862,1775767060,1775767100,603066793,Gulf View Colony,service,False,False,63.28,,,,,,,,,,,770.7039388576361
"LINESTRING (-81.9368916 26.4462312,-81.9372046 26.4463249,-81.9372314 26.4463249,-81.9372675 26.44632)",2864,1775767060,1775767113,166092069,Gulf View Colony,service,False,True,39.161,,,,,,,,,,,443.0873170071847
"LINESTRING (-81.9368916 26.4462312,-81.9369257 26.4460867)",2863,1775767060,5726052993,603066793,Gulf View Colony,service,False,True,16.422,,,,,,,,,,,600.3981530686456
"LINESTRING (-81.9360787 26.4458,-81.9359094 26.446628,-81.9358434 26.4468984,-81.9358205 26.4470742)",2867,1775767065,1775767079,166092079,Sand Dollar Drive,service,False,True,144.058,,,,,,,,,,,596.8683829869464
"LINESTRING (-81.9360787 26.4458,-81.9361261 26.4456652,-81.9362095 26.4455733)",2866,1775767065,1775767094,166092079,Sand Dollar Drive,service,False,False,28.881,,,,,,,,,,,292.8585037211076
"LINESTRING (-81.9363919 26.4456594,-81.9362095 26.4455733)",2868,1775767067,1775767094,166092085,Red Coconut Access,service,False,False,20.529,,,,,,,,,,,216.12534901512416
"LINESTRING (-81.9363919 26.4456594,-81.9366528 26.4457824,-81.9365887 26.4461052,-81.9365463 26.446235,-81.9364656 26.4463876,-81.9363715 26.446659,-81.9362833 26.446961,-81.9362741 26.4470079,-81.93628 26.4470575)",2870,1775767067,1775767114,"[166092080, 166092085]","['Red Coconut Access', 'Egret Drive']",service,False,True,176.775,,,,,,,,,,,690.1937053381147
"LINESTRING (-81.9366093 26.4474701,-81.9364128 26.4475023)",2872,1775767070,1775767082,603066793,Gulf View Colony,service,False,False,19.888,,,,,,,,,,,1170.557193017002
"LINESTRING (-81.9372936 26.4469691,-81.9372153 26.4469613,-81.9371584 26.4469475,-81.9367571 26.4467874)",2876,1775767074,1775767100,166092076,Gulf View Colony,service,False,False,57.453,,,,,,,,,,,889.591991036142
"LINESTRING (-81.9372936 26.4469691,-81.9372895 26.4464005,-81.9372675 26.44632)",2874,1775767074,1775767113,166092075,Gulf View Colony,service,False,False,72.442,,,,,,,,,,,561.9753691856906
"LINESTRING (-81.9374343 26.4459786,-81.937405 26.4460384,-81.9372675 26.44632)",2883,1775767083,1775767113,166092069,Gulf View Colony,service,False,False,41.435,,,,,,,,,,,171.25005549237497
"LINESTRING (-81.9374343 26.4459786,-81.9374881 26.4460088)",2881,1775767083,5736939916,11041092,Estero Boulevard,secondary,False,False,6.322,2,CR 865,,,25 mph,,,,,,0.0224826119853452
"LINESTRING (-81.9367348 26.4470215,-81.9367571 26.4467874)",2884,1775767086,1775767100,603066793,Gulf View Colony,service,False,True,26.125,,,,,,,,,,,764.5212205616662
"LINESTRING (-81.93628 26.4470575,-81.936309 26.447134,-81.9363135 26.4471742,-81.9363116 26.4472156,-81.9362925 26.4472527,-81.9362645 26.4472754,-81.9362278 26.4472903,-81.9361598 26.4472997,-81.9359764 26.4472939,-81.9358748 26.4473064,-81.9356381 26.4472831,-81.9355671 26.4472791,-81.9355032 26.4472567,-81.9354804 26.4472307,-81.9354562 26.4471615,-81.9354436 26.4470717)",2901,1775767114,5726053015,603066799,Back Bay Circle,service,False,True,125.153,,,,,,,,,,,816.4785368597991
"LINESTRING (-81.9553254 26.4528865,-81.9554222 26.4529182,-81.9554757 26.4529244)",2903,1775771966,4277693469,166092630,Estero Boulevard,unclassified,False,True,15.632,,,,parking_aisle,,,,,,,1788.1545442544368
"LINESTRING (-81.9553254 26.4528865,-81.9551713 26.4528356,-81.9551264 26.4528221,-81.9550734 26.4528249)",2902,1775771966,4277696828,166092630,Estero Boulevard,unclassified,False,False,26.352,,,,,,,,,,,0.1686195898900894
"LINESTRING (-81.9546551 26.4544756,-81.9546291 26.4544638)",2906,1775771971,5720788145,166092635,Fourth Street,unclassified,False,True,2.902,,,,,,,,,,,39.09726224251544
"LINESTRING (-81.9595269 26.457485,-81.9595558 26.4574655,-81.9596588 26.4574476)",2908,1775774197,7058941297,755769841,,service,False,False,14.048,,,private,driveway,,,,,,,127.21785991907626
"LINESTRING (-81.9513222 26.4619119,-81.951348 26.461815,-81.9513953 26.4616503)",2910,1793441053,1793441073,11038746,Buttonwood Drive,residential,False,True,29.986,,,,,,,,,,,149.2620609707073
"LINESTRING (-81.9513222 26.4619119,-81.9514606 26.4619554,-81.9516564 26.4620058,-81.9520921 26.4621136,-81.9522484 26.4621659,-81.9523576 26.4622024)",2911,1793441053,1793441075,168027414,Sunnyland MHP,service,False,True,108.094,,,,,,,,,,,219.700084320794
"LINESTRING (-81.9513222 26.4619119,-81.951288 26.46204,-81.951157 26.462495,-81.9510994 26.4627042)",2909,1793441053,7013330628,11038746,Buttonwood Drive,residential,False,False,90.85,,,,,,,,,,,208.27891743223864
"LINESTRING (-81.9528134 26.4610432,-81.9530685 26.4610955,-81.9532416 26.4611197,-81.9534025 26.4611293,-81.9535191 26.4611195,-81.9536225 26.4610885,-81.9538017 26.4610291)",2913,1793441054,1793441064,168027404,San Carlos Lodge,service,False,True,101.079,,,,,,,,,,,9.779936213625195
"LINESTRING (-81.9527753 26.4612295,-81.952799 26.461095,-81.9528134 26.4610432)",2936,1793441076,1793441054,11021108,Fishermans Wharf,residential,True,False,21.077,,,,,,,,,,,19.762215935118498
"LINESTRING (-81.9528134 26.4610432,-81.9529046 26.4606888)",2912,1793441054,1793441091,11021108,Fishermans Wharf,residential,True,False,40.44,,,,,,,,,,,4.8899681068125975
"LINESTRING (-81.9528451 26.4600904,-81.9527456 26.4604521)",2961,1793441131,1793441056,11040946,Fishermans Wharf,residential,True,False,41.421,,,,,,,,,,,0.0
"LINESTRING (-81.9527456 26.4604521,-81.9526542 26.4604211,-81.9525308 26.4603491,-81.952453 26.4603082,-81.9523913 26.4602914,-81.9523448 26.4602836)",2915,1793441056,1793441138,168027419,Gulf Cove MHP,service,False,False,44.503,,,,,,,,,,,0.0
"LINESTRING (-81.9527456 26.4604521,-81.9526514 26.4607068,-81.9525497 26.4609483,-81.9524537 26.4611499)",2914,1793441056,3529429037,11040946,Fishermans Wharf,residential,True,False,82.901,,,,,,,,,,,3.439839633757827
"LINESTRING (-81.9521262 26.4616362,-81.9522358 26.4612326,-81.9522733 26.4611702,-81.952327 26.4611293,-81.9523565 26.4610885,-81.9523602 26.4610733)",2918,1793441057,1793441139,11021111,Gulf Cove MHP,service,False,True,68.216,,,,,,,,,,,101.68885400971669
"LINESTRING (-81.9538017 26.4610291,-81.9538126 26.4612567,-81.953822 26.4614054)",2921,1793441064,1793441107,168027411,San Carlos Drive,residential,False,False,41.892,,,,,,,,,,,0.0
"LINESTRING (-81.9538017 26.4610291,-81.9538007 26.4609998)",2919,1793441064,6304037612,168027411,San Carlos Drive,residential,False,True,3.26,,,,,,,,,,,0.0
"LINESTRING (-81.9523525 26.4609639,-81.9521473 26.4609036,-81.9520587 26.4608796,-81.9519948 26.4608715)",2924,1793441067,1793441117,168027409,Gulf Cove MHP,service,False,False,37.138,,,,,,,,,,,0.0
"LINESTRING (-81.9523525 26.4609639,-81.9523404 26.4609156,-81.9523055 26.4607668,-81.9523001 26.460666,-81.9523082 26.4605436,-81.9523448 26.4602836)",2923,1793441067,1793441138,11021111,Gulf Cove MHP,service,False,True,76.405,,,,,,,,,,,0.0
"LINESTRING (-81.9523525 26.4609639,-81.9523699 26.4610333,-81.9523602 26.4610733)",2922,1793441067,1793441139,11021111,Gulf Cove MHP,service,False,False,12.46,,,,,,,,,,,0.0
"LINESTRING (-81.9537957 26.4608607,-81.9529046 26.4606888)",2925,1793441071,1793441091,168027410,Bonair MHP,service,False,False,90.742,,,,,,,,,,,36.28693574434728
"LINESTRING (-81.9537957 26.4608607,-81.9537848 26.4607041)",2927,1793441071,1793441127,168027411,San Carlos Drive,residential,False,True,17.447,,,,,,,,,,,236.2472867420082
"LINESTRING (-81.9537957 26.4608607,-81.9538007 26.4609998)",2926,1793441071,6304037612,168027411,San Carlos Drive,residential,False,False,15.475,,,,,,,,,,,36.28693574434728
"LINESTRING (-81.9529046 26.4606888,-81.9529462 26.4605259)",2944,1793441091,1793441072,11021108,Fishermans Wharf,residential,True,False,18.581,,,,,,,,,,,0.0
"LINESTRING (-81.9529462 26.4605259,-81.9537848 26.4607041)",2928,1793441072,1793441127,168027407,Bonair MHP,service,False,True,85.799,,,,,,,,,,,199.96035099766092
"LINESTRING (-81.9529462 26.4605259,-81.953054 26.460149,-81.9531265 26.4598787)",2929,1793441072,3529435382,"[168027417, 11021108]",Fishermans Wharf,residential,True,False,74.171,,,,,,,,,,,4.198627788263231
"LINESTRING (-81.9513953 26.4616503,-81.9517998 26.4617606,-81.95204 26.4618137,-81.9523272 26.4618823,-81.9524383 26.4619089)",2932,1793441073,1793441090,168027405,Sunnyland MHP,service,False,True,107.76,,,,,,,,,,,53.418686077180375
"LINESTRING (-81.9523576 26.4622024,-81.9524383 26.4619089)",2934,1793441075,1793441090,86846348,San Carlos Boulevard,secondary,False,True,33.61,4,FL 865,,,45 mph,,,,,,123.85670942726713
"LINESTRING (-81.9523576 26.4622024,-81.952256 26.4625723)",2933,1793441075,8406747606,86846348,San Carlos Boulevard,secondary,False,False,42.356,4,FL 865,,,45 mph,,,,,,207.78429996856107
"LINESTRING (-81.9527753 26.4612295,-81.9532657 26.461319,-81.9535501 26.4613695,-81.953822 26.4614054)",2937,1793441076,1793441107,168027408,San Carlos Lodge,service,False,True,106.042,,,,,,,,,,,29.7444956566118
"LINESTRING (-81.9519106 26.4612853,-81.9519625 26.4611057,-81.9519948 26.4608715)",2938,1793441087,1793441117,11021111,Gulf Cove MHP,service,False,False,46.868,,,,,,,,,,,0.0
"LINESTRING (-81.9519106 26.4612853,-81.9518777 26.4613704,-81.9518238 26.4615157)",2939,1793441087,1793441128,11021111,Gulf Cove MHP,service,False,True,27.037,,,,,,,,,,,1.7536437348569316
"LINESTRING (-81.9523833 26.4599817,-81.9523618 26.4599505,-81.952327 26.4599096,-81.9522653 26.459876,-81.9522063 26.4598592,-81.9521526 26.4598592,-81.9521311 26.4598814,-81.9519948 26.4608715)",2947,1793441105,1793441117,11021111,Gulf Cove MHP,service,False,True,142.685,,,,,,,,,,,0.0
"LINESTRING (-81.9523833 26.4599817,-81.9524423 26.4599913,-81.9525603 26.4600177,-81.9528072 26.4600807,-81.9528451 26.4600904)",2948,1793441105,1793441131,168027406,Gulf Cove MHP,service,False,False,47.558,,,private,,,,,,,,0.0
"LINESTRING (-81.9523833 26.4599817,-81.952386 26.4600273,-81.9523511 26.4602386,-81.9523448 26.4602836)",2946,1793441105,1793441138,11021111,Gulf Cove MHP,service,False,False,33.872,,,,,,,,,,,0.0
"LINESTRING (-81.9537848 26.4607041,-81.953783 26.460625,-81.953783 26.460187,-81.953813 26.45972,-81.9538289 26.4596187,-81.9538533 26.4594657,-81.9538974 26.4592234,-81.9539333 26.4590092,-81.9539547 26.4589036,-81.9539574 26.458813,-81.9539221 26.4587376,-81.9538777 26.4587104)",2957,1793441127,8278573202,"[168027411, 11021110]","['San Carlos Drive', 'Fishermans Wharf']",residential,False,"[False, True]",225.916,,,,,,,,,,,201.42172077670836
"LINESTRING (-81.9529182 26.4598306,-81.9528451 26.4600904)",3157,3529435381,1793441131,11040946,Fishermans Wharf,residential,True,False,29.791,,,,,,,,,,,0.2697913438241433
"LINESTRING (-81.9523602 26.4610733,-81.952394 26.4611125,-81.9524302 26.4611378,-81.9524537 26.4611499)",2968,1793441139,3529429037,168027413,Gulf Cove MHP,service,False,True,12.777,,,,,,,,,,,6.879679267515654
"LINESTRING (-81.9469331 26.4595711,-81.9469411 26.4596119,-81.9469679 26.4596767)",2971,1793686990,1793687172,168061306,,service,False,True,12.289,,,,,,,,,,,0.0
"LINESTRING (-81.9469331 26.4595711,-81.9469227 26.4586159)",2969,1793686990,7927797324,168061306,,service,False,False,106.219,,,,parking_aisle,,,,,,,0.0
"LINESTRING (-81.9445034 26.4610398,-81.944503 26.4611463)",2972,1793687007,1793687032,168061304,Ebb Tide MHP,service,False,False,11.842,,,,,,,,,,,0.0
"LINESTRING (-81.9445034 26.4610398,-81.9445164 26.4609806,-81.9445325 26.4609062)",2973,1793687007,1793687104,168061304,Ebb Tide MHP,service,False,True,15.136,,,,,,,,,,,0.0
"LINESTRING (-81.9445034 26.4610398,-81.9444225 26.461019,-81.9443608 26.4609974,-81.9443237 26.4609726,-81.9442991 26.460935,-81.9442911 26.4608918,-81.9442884 26.4608197,-81.944283 26.4605052,-81.9442643 26.4598833,-81.9442562 26.4591917,-81.9442535 26.4590332,-81.9442643 26.4589228,-81.9443014 26.4587658)",2974,1793687007,1793687163,168061305,Ebb Tide MHP,service,False,False,266.171,,,,,,,,,,,0.0
"LINESTRING (-81.9476715 26.4588639,-81.947642 26.459031,-81.9476475 26.4594659)",2975,1793687017,8704194476,11051782,Shrimp Boat Lane,residential,False,True,67.173,,,,,,,,,,,0.0
"LINESTRING (-81.9476715 26.4588639,-81.9478735 26.4588807,-81.9480862 26.4589096,-81.9481169 26.4589177)",2976,1793687017,8796853443,168061300,Shrimp Boat Lane,service,False,True,44.797,,,,,,,,,,,0.0
"LINESTRING (-81.9476715 26.4588639,-81.9477473 26.4587508,-81.9478223 26.4585941,-81.9478427 26.4585196,-81.9478384 26.4584761)",2977,1793687017,8796853449,750066407,,service,False,False,47.007,,,,,,,,,,,74.39496305950752
"LINESTRING (-81.9470886 26.4598304,-81.9470618 26.4597968,-81.9470243 26.4597632,-81.9469921 26.4597248,-81.9469679 26.4596767)",2979,1793687042,1793687172,168061306,,service,False,False,21.078,,,,,,,,,,,0.0
"LINESTRING (-81.9470886 26.4598304,-81.9471259 26.4598121,-81.947149 26.4598068,-81.9472696 26.459804)",2981,1793687042,7927797318,849732463,,service,False,True,18.617,,,,,,,,,,,0.0
"LINESTRING (-81.9469327 26.458505,-81.9469787 26.4584809,-81.9470162 26.4584545,-81.947027 26.4584395,-81.9470296 26.4584257,-81.9470243 26.4583489,-81.9470189 26.4583008,-81.9470096 26.4582597)",2982,1793687081,1793687143,168061306,,service,False,False,32.189,,,,,,,,,,,0.0674478359560358
"LINESTRING (-81.9469679 26.4596767,-81.9469283 26.4596521,-81.9468826 26.4596463,-81.9468377 26.4596396,-81.9468162 26.459627,-81.9468078 26.4596028,-81.9468045 26.4585155,-81.94682 26.4584996,-81.946858 26.4584916,-81.9468923 26.458494,-81.9469327 26.458505)",3024,1793687172,1793687081,849732465,,service,True,False,154.065,,,,parking_aisle,,,,,,,0.0
"LINESTRING (-81.9469327 26.458505,-81.9469223 26.4585337,-81.9469223 26.4585746,-81.9469227 26.4586159)",2983,1793687081,7927797324,168061306,,service,False,True,12.496,,,,,,,,,,,0.0
"LINESTRING (-81.9444811 26.4588237,-81.9445061 26.4588163,-81.9445369 26.4587886,-81.9445678 26.458761,-81.9446888 26.4585949)",2985,1793687093,1793687098,168061301,Ebb Tide MHP,service,False,True,33.362,,,,,,,,,,,0.0
"LINESTRING (-81.9444811 26.4588237,-81.9444953 26.4589123,-81.944498 26.4596735,-81.9444788 26.4600657,-81.9444712 26.4603002,-81.9444873 26.4605307,-81.9445325 26.4609062)",2986,1793687093,1793687104,168061304,Ebb Tide MHP,service,False,False,232.01,,,,,,,,,,,0.0
"LINESTRING (-81.9444811 26.4588237,-81.9444547 26.4588315,-81.9444091 26.4588243,-81.9443608 26.4588027,-81.9443014 26.4587658)",2984,1793687093,1793687163,168061301,Ebb Tide MHP,service,False,False,19.948,,,,,,,,,,,0.0
"LINESTRING (-81.9446888 26.4585949,-81.944657 26.458576,-81.9444966 26.4584805)",2987,1793687098,7249086631,168027412,Main Street,residential,False,False,22.976,,,,,,,,,,,0.0
"LINESTRING (-81.9446888 26.4585949,-81.9450468 26.4588081,-81.9450895 26.4588336)",2988,1793687098,7543696303,168027412,Main Street,residential,False,True,47.913,,,,,,,,,,,0.0
"LINESTRING (-81.9445325 26.4609062,-81.9445674 26.4609158,-81.9448735 26.4609774,-81.9449138 26.460963,-81.9449295 26.4609326,-81.944908 26.4605004,-81.9448816 26.4601393,-81.9448574 26.4598032,-81.9448409 26.4591101,-81.9448436 26.459014,-81.9448583 26.4589608)",2990,1793687104,1793687107,168061303,G Row,service,False,True,262.572,,,,,,,,,,,0.0
"LINESTRING (-81.9449233 26.4589886,-81.9448973 26.4589756,-81.9448583 26.4589608)",2994,1793687105,1793687107,168061298,A Row,service,False,True,7.182,,,,,,,,,,,0.0
"LINESTRING (-81.9449233 26.4589886,-81.9450009 26.4590273)",2993,1793687105,1793687126,168061298,A Row,service,False,False,8.843,,,,,,,,,,,0.0
"LINESTRING (-81.9450895 26.4588336,-81.9450213 26.4588463,-81.9449233 26.4589886)",4361,7543696303,1793687105,168061307,Oyster Bay MHP,service,True,False,25.523,,,,,,,,,,,0.0
"LINESTRING (-81.9448583 26.4589608,-81.9448275 26.4589492,-81.9447042 26.4588868)",2996,1793687107,1793687179,168061298,A Row,service,False,True,17.426,,,,,,,,,,,0.0
"LINESTRING (-81.9470893 26.4581636,-81.9470777 26.4581379,-81.947057 26.4581172,-81.9470296 26.4581042,-81.9470046 26.4581003,-81.946974 26.4581043,-81.9469467 26.4581175,-81.9469261 26.4581382,-81.9469134 26.4581704,-81.9469151 26.4581981,-81.9469272 26.4582237,-81.9469483 26.4582439,-81.9469759 26.4582565,-81.9470096 26.4582597)",2998,1793687116,1793687143,168061299,,service,False,False,40.54,,,,,,,,,True,,158.0527622569773
"LINESTRING (-81.9470893 26.4581636,-81.9472699 26.4581932,-81.9476882 26.4583214,-81.9477842 26.4583763,-81.9478349 26.4584408,-81.9478384 26.4584761)",3000,1793687116,8796853449,750066407,,service,False,True,86.342,,,,,,,,,,,153.35389635204012
"LINESTRING (-81.9491881 26.4609713,-81.9491959 26.4605276,-81.9492274 26.4600821,-81.9492088 26.4596063,-81.9491935 26.4594978,-81.9491627 26.4594111,-81.949107 26.4593429,-81.9490439 26.4593061,-81.9485079 26.4590549,-81.9481801 26.4589345,-81.9481169 26.4589177)",3003,1793687118,8796853443,168061300,Shrimp Boat Lane,service,False,False,293.147,,,,,,,,,,,0.0
"LINESTRING (-81.9450009 26.4590273,-81.9450367 26.4590452,-81.945097 26.4590792)",3005,1793687126,1793687152,168061298,A Row,service,False,False,11.176,,,,,,,,,,,0.0
"LINESTRING (-81.9450009 26.4590273,-81.9450916 26.4588835,-81.9450895 26.4588336)",3006,1793687126,7543696303,168061308,Oyster Bay MHP,service,True,False,23.916,,,,,,,,,,,0.0
"LINESTRING (-81.945097 26.4590792,-81.9450797 26.4591485,-81.9451387 26.4610022,-81.945144 26.4610551,-81.9451628 26.4610815,-81.9452111 26.4611055,-81.9452674 26.4611223,-81.9453477 26.4611239)",3010,1793687152,1793687160,168061297,H Row,service,False,True,242.892,,,,,,,,,,,0.0
"LINESTRING (-81.9453477 26.4611239,-81.9453506 26.4612736)",3013,1793687160,1793687174,168061302,I Row,service,False,False,16.648,,,,,,,,,,,0.0
"LINESTRING (-81.9440792 26.4586562,-81.9440631 26.4587499,-81.944047 26.4588747,-81.9440474 26.459138,-81.9440555 26.4595847,-81.9440662 26.4601177,-81.9440872 26.4604884,-81.9441037 26.4607228,-81.944085 26.4608021,-81.9440443 26.4608293,-81.9439934 26.4608317,-81.9439558 26.4608077,-81.9439209 26.4607693,-81.9438968 26.4607189,-81.9438861 26.4606637,-81.9438646 26.4604451,-81.9438351 26.4597032,-81.9438351 26.4594246,-81.9438351 26.4588507,-81.9438297 26.4586322,-81.9438297 26.4585386,-81.9438485 26.4584881,-81.9438753 26.4584521,-81.9439183 26.4584377,-81.9439558 26.4584425,-81.9439987 26.4584545,-81.9440497 26.4584809,-81.9440819 26.4585193,-81.9440876 26.4585905,-81.9440792 26.4586562)",3016,1793687161,1793687161,168061301,Ebb Tide MHP,service,False,False,558.194,,,,,,,,,,,0.0
"LINESTRING (-81.9440792 26.4586562,-81.9441167 26.4586586,-81.9441677 26.4586826,-81.9443014 26.4587658)",3018,1793687161,1793687163,168061301,Ebb Tide MHP,service,False,True,25.688,,,,,,,,,,,0.0
"LINESTRING (-81.9497735 26.4677807,-81.9498191 26.4679175,-81.9498709 26.4680934,-81.9498878 26.468171)",3027,1816148609,1816148725,170480176,,service,False,True,44.892,,,,,,,,,,,9.442697033845016
"LINESTRING (-81.9506318 26.4683137,-81.9505299 26.4680712,-81.9503717 26.4677038,-81.9501759 26.4673533,-81.9501446 26.4673114)",3029,1816148610,1816148614,170480177,,service,False,False,121.772,,,,,,,,,,,85.99599084394569
"LINESTRING (-81.9506318 26.4683137,-81.9506756 26.4685352,-81.9506801 26.4686162,-81.9506613 26.4686667,-81.9506211 26.4686931,-81.9505245 26.4686811,-81.9503966 26.4686649,-81.9502679 26.4686216,-81.9501928 26.4685808,-81.9501337 26.468528,-81.9500721 26.4684608)",3028,1816148610,1816148646,170480175,,service,False,False,107.886,,,,,,,,,,,96.29302713323384
"LINESTRING (-81.9506318 26.4683137,-81.9508605 26.4683038,-81.9510046 26.4682975)",3030,1816148610,1816148723,170480177,,service,False,True,37.152,,,,,,,,,,,499.47370786643063
"LINESTRING (-81.9501446 26.4673114,-81.9500632 26.467202,-81.9500283 26.4671324,-81.9501437 26.4671108,-81.9501517 26.4671876,-81.950149 26.46725,-81.9501446 26.4673114)",3031,1816148614,1816148614,170480177,,service,False,False,57.196,,,,,,,,,,,16.592167645184816
"LINESTRING (-81.9500721 26.4684608,-81.9500077 26.468456,-81.9498226 26.4684416,-81.949364 26.4684223,-81.9489884 26.468432,-81.9488087 26.4684416,-81.9487736 26.4684554)",3036,1816148646,1816148666,170480175,,service,False,True,129.764,,,,,,,,,,,99.03590579544596
"LINESTRING (-81.9500721 26.4684608,-81.9500452 26.4683839,-81.9500238 26.4683071,-81.9499988 26.4682441,-81.9499666 26.4682057,-81.9499111 26.468175,-81.9498878 26.468171)",3034,1816148646,1816148725,170480175,,service,False,False,39.39,,,,,,,,,,,27.833473637857452
"LINESTRING (-81.9487736 26.4684554,-81.9486397 26.4682427)",3037,1816148666,1816148720,170480178,,service,False,False,27.148,,,,,,,,,,,419.79533099036706
"LINESTRING (-81.9486397 26.4682427,-81.9486693 26.4682279,-81.9487283 26.4681774,-81.9487953 26.4681558,-81.9489321 26.4681582,-81.9492111 26.4681654,-81.949482 26.468175,-81.949726 26.4681672,-81.9498379 26.4681624,-81.9498878 26.468171)",3042,1816148720,1816148725,170480175,,service,False,True,127.489,,,,,,,,,,,138.695233337595
"LINESTRING (-81.9510046 26.4682975,-81.951009 26.468437,-81.9510699 26.4708355)",3043,1816148723,7013714588,159607670,San Carlos Boulevard,secondary,False,False,282.288,4,FL 865,,,45 mph,,,,,,421.7738008450774
"LINESTRING (-81.9510046 26.4682975,-81.950991 26.467861,-81.9509858 26.4677513)",3044,1816148723,8288856664,159607670,San Carlos Boulevard,secondary,False,True,60.765,4,FL 865,,,45 mph,,,,,,461.2307848793584
"LINESTRING (-81.9208094 26.4382844,-81.9208028 26.4381416,-81.9207958 26.4380421)",3052,1925188166,5749721202,606434006,,service,False,True,26.978,,,private,,,,,,,,5.7105834442777015
"LINESTRING (-81.9208094 26.4382844,-81.9202913 26.4381196)",3050,1925188166,5749721206,606434012,,service,False,True,54.743,,,private,,,,,,,,5.935409564131154
"LINESTRING (-81.9208094 26.4382844,-81.9207838 26.4383666,-81.920713 26.4385598)",3051,1925188166,5749721208,606434006,,service,False,False,32.099,,,private,,,,,,,,5.7105834442777015
"LINESTRING (-81.9209769 26.4394416,-81.9209465 26.4395132,-81.9209435 26.439578,-81.9213029 26.4395654)",3055,1925188168,5749721213,"[606434014, 606434015]",,service,False,True,51.541,,,private,,,,,,,,26.124795126971215
"LINESTRING (-81.9209769 26.4394416,-81.9209959 26.4393969)",3053,1925188168,5749721215,606434015,,service,False,False,5.318,,,private,,,,,,,,2.85529172213885
"LINESTRING (-81.9209769 26.4394416,-81.9204792 26.439278,-81.9205889 26.4390069,-81.9206049 26.4389354)",3054,1925188168,5749721217,"[606434005, 606434006]",,service,False,True,92.958,,,private,parking_aisle,,,,,,,5.350861652512176
"LINESTRING (-81.9210956 26.436543,-81.9210605 26.4365146,-81.9210328 26.4364946)",607,1925188171,1925188198,11028771,Estero Boulevard,secondary,False,False,8.253,2,CR 865,,,25 mph,,,,,,249.42209736542057
"LINESTRING (-81.9207408 26.4371276,-81.9207614 26.4370595,-81.9207694 26.4369995,-81.9207766 26.4369697,-81.9207839 26.4369398,-81.9208191 26.4368819,-81.9208553 26.4368217,-81.9208955 26.4367737,-81.9210359 26.4366137,-81.9210956 26.436543)",3057,1925188208,1925188171,"[888347560, 182172707]",,service,True,False,75.443,,,private,,,,,,,,129.14911628861742
"LINESTRING (-81.9210956 26.436543,-81.9212907 26.4366948,-81.9214745 26.4368391,-81.9215716 26.4369115)",608,1925188171,5750060796,11028771,Estero Boulevard,secondary,False,True,62.654,2,CR 865,,,25 mph,,,,,,232.57812446599985
"LINESTRING (-81.9210328 26.4364946,-81.9209648 26.43656,-81.9208995 26.4366225,-81.9208137 26.4367186,-81.9207614 26.4367953,-81.9207145 26.4368891,-81.9206929 26.4369605,-81.9207091 26.4370452,-81.9207408 26.4371276)",611,1925188198,1925188208,"[888347561, 182172708]",,service,True,False,82.026,,,private,,,,,,,,42.10093920375756
"LINESTRING (-81.9210328 26.4364946,-81.9208051 26.4363305)",609,1925188198,5783014101,11028771,Estero Boulevard,secondary,False,False,29.102,2,CR 865,,,25 mph,,,,,,38.8994152570444
"LINESTRING (-81.9207408 26.4371276,-81.9207502 26.4372197,-81.9207542 26.4374534,-81.9207585 26.4375154)",3056,1925188208,5749721191,182172705,,service,False,False,43.18,,,private,,,,,,,,46.572730727642735
"LINESTRING (-81.8849446 26.4051462,-81.8842709 26.405387)",612,1925244888,5095138435,182179019,Amberjack Drive,residential,False,False,72.242,,,,,25 mph,,,,,,0.0
"LINESTRING (-81.8849446 26.4051462,-81.884955 26.405186,-81.885143 26.405604,-81.8852001 26.4057239)",613,1925244888,5095138450,11018481,Estrellita Drive,residential,False,False,69.148,,,,,,,,,,,0.0
"LINESTRING (-81.8840902 26.4055735,-81.884113 26.4055328,-81.8841318 26.4054872,-81.8841586 26.4054271)",616,1925244896,1925244902,182179019,Amberjack Drive,residential,False,False,17.664,,,,,25 mph,,,,,,0.0
"LINESTRING (-81.8840902 26.4055735,-81.884264 26.4055623)",615,1925244896,5095138446,523331121,,service,False,False,17.354,,,,parking_aisle,,,,,,,0.0
"LINESTRING (-81.8841586 26.4054271,-81.8842709 26.405387)",618,1925244902,5095138435,182179019,Amberjack Drive,residential,False,True,12.04,,,,,25 mph,,,,,,0.0
"LINESTRING (-81.9646254 26.4605102,-81.9648135 26.4603134)",3058,1975886826,1975886836,186840166,,service,False,False,28.801,,,,parking_aisle,,,,,,,30.014287000435942
"LINESTRING (-81.9646254 26.4605102,-81.9645216 26.4605839,-81.964456 26.4606304)",3059,1975886826,1975886838,186840166,,service,False,True,21.517,,,,parking_aisle,,,,,,,106.3652373026685
"LINESTRING (-81.9646254 26.4605102,-81.9648253 26.4607135,-81.9648944 26.4607838,-81.9649692 26.4608599,-81.9650235 26.4609151,-81.9650824 26.4609773)",3060,1975886826,1975886842,186840167,,service,False,False,69.048,,,,parking_aisle,,,,,,,30.064872877402973
"LINESTRING (-81.9646254 26.4605102,-81.9645702 26.4604541,-81.9643101 26.4601899)",3061,1975886826,1975886868,186840167,,service,False,True,47.472,,,,parking_aisle,,,,,,,30.014287000435942
"LINESTRING (-81.9661506 26.4623076,-81.9661695 26.4623512,-81.9664585 26.462254)",3064,1975886828,1975886849,"[186840164, 599833574]",,service,False,"[False, True]",35.932,,,,parking_aisle,,,,,,,0.0
"LINESTRING (-81.9661506 26.4623076,-81.9660598 26.4623346,-81.9659948 26.4623538)",3063,1975886828,1975886859,186840162,,service,False,True,16.338,,,,parking_aisle,,,,,,,0.0
"LINESTRING (-81.9661506 26.4623076,-81.9660347 26.4620389)",3062,1975886828,1975886866,186840164,,service,False,False,32.028,,,,parking_aisle,,,,,,,6.070305236043225
"LINESTRING (-81.9641556 26.4603161,-81.9643541 26.4605221,-81.9643973 26.460568,-81.964456 26.4606304)",3066,1975886829,1975886838,166094633,Estero Boulevard,tertiary,False,False,45.996,2,,,,25 mph,,,,,,79.09382896444468
"LINESTRING (-81.9641556 26.4603161,-81.9642097 26.4602719,-81.9643101 26.4601899)",3067,1975886829,1975886868,186840167,,service,False,False,20.82,,,,parking_aisle,,,,,,,2.742878662212124
"LINESTRING (-81.9641556 26.4603161,-81.9640434 26.460201)",3065,1975886829,5832838336,166094633,Estero Boulevard,tertiary,False,True,16.987,2,,,,25 mph,,,,,,17.24416339275983
"LINESTRING (-81.9653408 26.4615048,-81.9649235 26.4610982)",3068,1975886833,1975886834,166094633,Estero Boulevard,tertiary,False,True,61.398,2,,,,25 mph,,,,,,10.842239629932761
"LINESTRING (-81.9653408 26.4615048,-81.9653837 26.4614665,-81.96545 26.4614074,-81.9654713 26.4613879)",3070,1975886833,1975886869,186840168,,service,False,False,18.378,,,,parking_aisle,,,,,,,7.014574939427728
"LINESTRING (-81.9653408 26.4615048,-81.965539 26.461698,-81.9655757 26.4617359,-81.965689 26.461853,-81.9657164 26.4618855)",3069,1975886833,5832838445,166094633,Estero Boulevard,tertiary,False,False,56.499,2,,,,25 mph,,,,,,4.38410933714233
"LINESTRING (-81.9649235 26.4610982,-81.9645319 26.4607097,-81.964456 26.4606304)",3072,1975886834,1975886838,166094633,Estero Boulevard,tertiary,False,True,69.8,2,,,,25 mph,,,,,,82.80908059502299
"LINESTRING (-81.9649235 26.4610982,-81.9649898 26.4610478,-81.9650824 26.4609773)",3074,1975886834,1975886842,1193684665,,service,False,True,20.759,,,,parking_aisle,,,,,,,6.508716169757458
"LINESTRING (-81.9649235 26.4610982,-81.9648631 26.4611357,-81.964817 26.4611648,-81.9648733 26.4612369,-81.9647964 26.4613031,-81.9646773 26.4614057)",3073,1975886834,3346901696,"[1193684665, 1193684666, 327877503]",,service,False,False,49.788,,,,parking_aisle,,,,,,,6.458130292790432
"LINESTRING (-81.965965 26.4619188,-81.9658604 26.4619658,-81.9658012 26.4619924)",3076,1975886835,1975886837,186840167,,service,False,False,18.244,,,,parking_aisle,,,,,,,11.6684756203942
"LINESTRING (-81.965965 26.4619188,-81.9659408 26.4618804,-81.9654713 26.4613879)",3077,1975886835,1975886869,186840167,,service,False,True,76.899,,,,parking_aisle,,,,,,,12.657710547749392
"LINESTRING (-81.965965 26.4619188,-81.9661259 26.461866,-81.9661179 26.461806,-81.9661074 26.4617705)",3075,1975886835,1975891253,186840163,,service,False,False,27.861,,,,parking_aisle,,,,,,,16.974372048935685
"LINESTRING (-81.9648135 26.4603134,-81.9648896 26.4602524,-81.9650799 26.4601299)",3080,1975886836,1975886854,186840166,,service,False,False,33.501,,,,parking_aisle,,,,,,,0.337239179780179
"LINESTRING (-81.9648135 26.4603134,-81.9646774 26.4601701)",3079,1975886836,1975886857,186840173,,service,False,False,20.915,,,,parking_aisle,,,,,,,0.0
"LINESTRING (-81.9658012 26.4619924,-81.96583 26.462034,-81.965876 26.462112,-81.9659119 26.4621803)",3081,1975886837,1975886851,166094633,Estero Boulevard,tertiary,False,False,23.643,2,,,,25 mph,,,,,,1.9784698547103847
"LINESTRING (-81.9658012 26.4619924,-81.965776 26.461956,-81.9657164 26.4618855)",3082,1975886837,5832838445,166094633,Estero Boulevard,tertiary,False,True,14.593,2,,,,25 mph,,,,,,1.6412306749302052
"LINESTRING (-81.9646359 26.4599075,-81.964511 26.4599922)",3088,1975886839,1975886844,186840171,,service,False,True,15.598,,,,parking_aisle,,,,,,,0.7419261955163942
"LINESTRING (-81.9646359 26.4599075,-81.9647768 26.4600579,-81.9647848 26.4600867,-81.9646774 26.4601701)",3089,1975886839,1975886857,186840174,,service,False,True,39.28,,,,parking_aisle,,,,,,,0.1573782838974168
"LINESTRING (-81.9646359 26.4599075,-81.9646695 26.4598826)",3087,1975886839,1975886861,186840171,,service,False,False,4.342,,,,parking_aisle,,,,,,,2.518052542358671
"LINESTRING (-81.9651737 26.4609055,-81.9650824 26.4609773)",3090,1975886840,1975886842,1193684665,,service,False,False,12.097,,,,parking_aisle,,,,,,,0.0505858769670268
"LINESTRING (-81.9650824 26.4609773,-81.9654713 26.4613879)",3091,1975886842,1975886869,186840167,,service,False,False,59.86,,,,parking_aisle,,,,,,,2.6810514792524245
"LINESTRING (-81.964511 26.4599922,-81.9646774 26.4601701)",3097,1975886844,1975886857,186840173,,service,False,True,25.801,,,,parking_aisle,,,,,,,0.5845479116189772
"LINESTRING (-81.964511 26.4599922,-81.9643101 26.4601899)",3096,1975886844,1975886868,186840173,,service,False,False,29.719,,,,parking_aisle,,,,,,,0.5845479116189772
"LINESTRING (-81.9659119 26.4621803,-81.965958 26.462268,-81.9659948 26.4623538)",3099,1975886851,1975886859,166094633,Estero Boulevard,tertiary,False,False,20.998,2,,,,25 mph,,,,,,0.3372391797801792
"LINESTRING (-81.9659119 26.4621803,-81.9658549 26.4622051,-81.9655116 26.4623544)",3101,1975886851,1975886864,186840170,,service,False,False,44.302,,,,,,,,,,,1.8885394067690031
"LINESTRING (-81.9660014 26.4623692,-81.9659948 26.4623538)",3102,1975886853,1975886859,166094633,Estero Boulevard,tertiary,False,True,1.834,2,,,,25 mph,,,,,,0.0
"LINESTRING (-81.9660014 26.4623692,-81.9659415 26.4623828,-81.9657193 26.4624332,-81.9655755 26.4624658)",3104,1975886853,1975886863,186840165,,service,False,False,43.736,,,,,,,,,,,0.2023435078681074
"LINESTRING (-81.9660134 26.4615837,-81.9656729 26.4612369,-81.9654713 26.4613879)",3112,1975886860,1975886869,186840168,,service,False,True,77.508,,,,parking_aisle,,,,,,,2.6304656022853976
"LINESTRING (-81.9460759 26.4578693,-81.9460747 26.458212,-81.9460801 26.4582985,-81.9461259 26.4584551,-81.9461581 26.4587265,-81.9461635 26.4592283,-81.9461686 26.459355,-81.9461821 26.4594964)",3126,2019396628,2019396633,191354215,,service,False,True,181.766,,,,,,,,,,,214.01198348850167
"LINESTRING (-81.9227553 26.4377225,-81.9228072 26.4376697,-81.9229076 26.4375759)",624,2019424575,5781896318,11020040,Gulfview Avenue,residential,False,True,22.268,,,,,,,,,,,11.016479872819188
"LINESTRING (-81.9227553 26.4377225,-81.9229471 26.4378603)",623,2019424575,5814968629,11028771,Estero Boulevard,secondary,False,True,24.484,2,CR 865,,,25 mph,,,,,,50.09125950334928
"LINESTRING (-81.9569581 26.45421,-81.9570093 26.4541443,-81.9570588 26.4540807,-81.9570963 26.4540328)",3136,2021400879,2021400869,191555380,,service,True,False,24.032,,,,,,,,,,,17.630864318907765
"LINESTRING (-81.9570963 26.4540328,-81.9574848 26.4542697)",3132,2021400869,2021400899,191555383,,service,False,False,46.795,,,,parking_aisle,,,,,,,0.2023435078681074
"LINESTRING (-81.9570963 26.4540328,-81.956929 26.4539308)",3133,2021400869,2021400901,191555383,,service,False,True,20.15,,,,parking_aisle,,,,,,,0.0
"LINESTRING (-81.9569581 26.45421,-81.9568459 26.4541427,-81.9568024 26.4541166,-81.9567906 26.4541095)",3137,2021400879,2021400894,725731375,Estero Boulevard,tertiary,False,True,20.073,2,,,,25 mph,,,,,,235.36596835218265
"LINESTRING (-81.956929 26.4539308,-81.9568435 26.4540412,-81.9567906 26.4541095)",3147,2021400901,2021400894,191555380,,service,True,False,24.18,,,,,,,,,,,100.05211985718356
"LINESTRING (-81.9574848 26.4542697,-81.9575765 26.4543256,-81.9576355 26.454352,-81.9576677 26.454352,-81.9576892 26.45434,-81.957834 26.4540639,-81.9578313 26.4540374,-81.9578125 26.4540062,-81.9577803 26.4539822,-81.9577348 26.4539726,-81.9576972 26.453975,-81.957665 26.4539918,-81.9576301 26.454023,-81.9574848 26.4542697)",3141,2021400899,2021400899,191555383,,service,False,False,116.366,,,,parking_aisle,,,,,,,0.404687015736215
"LINESTRING (-81.9565251 26.4536844,-81.9563641 26.4535836,-81.9563695 26.4535404,-81.956509 26.4532762,-81.9566806 26.4533579,-81.9565251 26.4536844)",3144,2021400900,2021400900,"[617090528, 617090526, 191555383]",,service,False,True,115.704,,,,parking_aisle,,,,,,,16.77202854106758
"LINESTRING (-81.9565251 26.4536844,-81.9569062 26.4539169,-81.956929 26.4539308)",3143,2021400900,2021400901,191555383,,service,False,False,48.656,,,,parking_aisle,,,,,,,8.38601427053379
"LINESTRING (-81.9378729 26.4493371,-81.9379449 26.4491733,-81.9380173 26.4491349,-81.9380871 26.4490796,-81.9381187 26.449035,-81.9381543 26.4489451,-81.9382123 26.448803)",3150,2253886537,5706749091,11040297,Bay Road,unclassified,False,True,70.532,,,,,,,,,,,1514.8109477366088
"LINESTRING (-81.9538255 26.4553629,-81.9538258 26.4553904)",3151,3346861986,5718333875,11037529,Crescent Street,unclassified,False,False,3.058,,,,,,,,,,,146.94635193621676
"LINESTRING (-81.9538255 26.4553629,-81.9540535 26.4554625,-81.9541162 26.4554896,-81.9545023 26.4556586)",3152,3346861986,7248969646,11032252,Second Street,unclassified,False,True,74.97,,,,,,,,,,,230.5816685217012
"LINESTRING (-81.9529182 26.4598306,-81.9531265 26.4598787)",3158,3529435381,3529435382,346399902,,service,False,False,21.414,,,,,,,,,,,8.936838264174748
"LINESTRING (-81.9530646 26.4592857,-81.9530347 26.4594085,-81.9529332 26.4597773,-81.9529182 26.4598306)",4405,7592299587,3529435381,11040946,Fishermans Wharf,residential,True,False,62.322,,,,,,,,,,,0.2697913438241433
"LINESTRING (-81.9461035 26.4490046,-81.9460981 26.4492847)",3162,3547654560,5718334400,348717601,Pearl Street,residential,False,True,31.15,,,,,,,,,,,18.975324515631417
"LINESTRING (-81.9465412 26.4492027,-81.9465397 26.4498024,-81.9468958 26.4499305)",3163,3547654561,3547654567,"[601784733, 601784734]",,service,False,True,104.89,,,,driveway,,,,,,,153.5955844308826
"LINESTRING (-81.9472753 26.4495134,-81.9472762 26.4500334,-81.9472584 26.4500612,-81.9468958 26.4499305)",3164,3547654562,3547654567,"[601784733, 348717599]",,service,False,False,100.3,,,,driveway,,,,,,,37.4504109145889
"LINESTRING (-81.9469283 26.4498173,-81.9468958 26.4499305)",3165,3547654565,3547654567,348717597,,service,False,True,12.996,,,,driveway,,,,,,,23.28636536382137
"LINESTRING (-81.9460874 26.4498438,-81.9458865 26.4497724,-81.9458401 26.4497559)",3168,3547654566,5718334376,882352979,Estero Boulevard,secondary,False,True,26.489,2,CR 865,,,25 mph,,,,,,523.0804504510432
"LINESTRING (-81.9460874 26.4498438,-81.9460889 26.4497879,-81.9460981 26.4492847)",3167,3547654566,5718334400,348717601,Pearl Street,residential,False,False,62.179,,,,,,,,,,,258.10038559176377
"LINESTRING (-81.9468958 26.4499305,-81.9468682 26.4500267,-81.9468436 26.4501123)",3170,3547654567,3547654570,348717597,,service,False,True,20.872,,,,driveway,,,,,,,25.19738738257572
"LINESTRING (-81.9468436 26.4501123,-81.9473216 26.450282)",3173,3547654570,5723054282,882352979,Estero Boulevard,secondary,False,False,51.192,2,CR 865,,,25 mph,,,,,,1.9110220187543487
"LINESTRING (-81.9618417 26.456895,-81.9612748 26.4573535,-81.9612153 26.4573919)",3176,3712398263,3712398266,367298783,,service,False,False,83.355,,,,driveway,,,,,,,100.99189303817099
"LINESTRING (-81.9612153 26.4573919,-81.96136 26.4575359)",3177,3712398266,5832836526,166094633,Estero Boulevard,tertiary,False,False,21.538,2,,,,25 mph,,,,,,93.99980071072862
"LINESTRING (-81.9549106 26.4527849,-81.9549381 26.4527837,-81.9549622 26.4527885,-81.9549835 26.4528021,-81.9550077 26.4528213,-81.9550412 26.4528285,-81.9550734 26.4528249)",3183,4277696826,4277696828,428685324,,secondary_link,True,False,17.683,1,,,,,,,,,,0.0
"LINESTRING (-81.9553508 26.4537887,-81.9553906 26.45387)",3187,4277774325,4277774376,1125745977,,service,False,True,9.87,,,,parking_aisle,,,,,,,0.0
"LINESTRING (-81.9556714 26.4540841,-81.9556191 26.4540769,-81.9555896 26.4540769,-81.9555078 26.4541093)",3191,4277774326,4277774346,1125745976,,service,False,False,17.11,,,,parking_aisle,,,,,,,78.1045940370895
"LINESTRING (-81.9556714 26.4540841,-81.9557004 26.4540979,-81.9557787 26.4541357)",3190,4277774326,4277774367,428693045,,service,False,True,12.125,,,,parking_aisle,,,,,,,452.56373795900777
"LINESTRING (-81.9556714 26.4540841,-81.9554943 26.4536338)",3188,4277774326,4277774369,428693045,,service,False,False,53.084,,,,parking_aisle,,,,,,,51.49642275243336
"LINESTRING (-81.9556714 26.4540841,-81.9555963 26.4541333,-81.9555325 26.4541552)",3189,4277774326,4277774374,428693040,,service,False,True,16.066,,,,parking_aisle,,,,,,,51.83366193221354
"LINESTRING (-81.9551993 26.4541753,-81.9550612 26.4544431,-81.9554294 26.4546048,-81.9555061 26.4546386)",3192,4277774328,4277774354,428693043,,service,False,True,82.136,,,,parking_aisle,,,,,,,49.304368083862194
"LINESTRING (-81.9553964 26.4541976,-81.9554018 26.4542065,-81.9553146 26.4543734,-81.95543 26.4544251,-81.955544 26.4542077,-81.9555453 26.4541789,-81.9555325 26.4541552)",3193,4277774329,4277774374,428693042,,service,True,False,67.297,,,,parking_aisle,,,,,,,38.54643824887449
"LINESTRING (-81.9553906 26.45387,-81.955324 26.453916,-81.9553039 26.453958,-81.9552959 26.454006,-81.9553066 26.454048,-81.9553964 26.4541976)",3214,4277774376,4277774329,428693042,,service,True,False,42.526,,,,parking_aisle,,,,,,,12.680193159734738
"LINESTRING (-81.9555325 26.4541552,-81.9555078 26.4541093)",3210,4277774374,4277774346,428693042,,service,True,False,5.665,,,,parking_aisle,,,,,,,13.47270523221816
"LINESTRING (-81.9555078 26.4541093,-81.9553906 26.45387)",3195,4277774346,4277774376,428693039,,service,True,False,29.055,,,,parking_aisle,,,,,,,13.30408564232807
"LINESTRING (-81.9555061 26.4546386,-81.9553977 26.4548386)",3197,4277774354,4277774371,166092638,Old San Carlos Boulevard,unclassified,False,False,24.719,,,,,25 mph,,,,,,166.07905473574556
"LINESTRING (-81.9555061 26.4546386,-81.9555687 26.4545232)",3198,4277774354,5718333001,166092638,Old San Carlos Boulevard,unclassified,False,True,14.265,,,,,25 mph,,,,,,83.27559479371891
"LINESTRING (-81.9557787 26.4541357,-81.9557405 26.454206,-81.9555687 26.4545232)",3200,4277774367,5718333001,166092638,Old San Carlos Boulevard,unclassified,False,False,47.892,,,,,25 mph,,,,,,435.03854191643114
"LINESTRING (-81.955006 26.4546871,-81.9548831 26.4546328,-81.9547085 26.4549846,-81.9548321 26.4550326,-81.9548759 26.4549456,-81.955006 26.4546871)",3204,4277774370,4277774370,428693038,,service,False,False,112.0,,,,parking_aisle,,,,,,,135.43525459971997
"LINESTRING (-81.955006 26.4546871,-81.9551077 26.454732,-81.9551768 26.4547625,-81.9552425 26.4547745,-81.9553178 26.4548056,-81.9553977 26.4548386)",3206,4277774370,4277774371,428693038,,service,False,True,42.648,,,,parking_aisle,,,,,,,184.49231395174337
"LINESTRING (-81.8854471 26.4096514,-81.8860815 26.4092012,-81.8860891 26.40918,-81.8860882 26.4091494,-81.8860777 26.4091299,-81.8858046 26.4088185)",629,5094979733,5094979738,523311256,,service,False,False,132.927,,,,parking_aisle,,,,,,,0.0
"LINESTRING (-81.8854471 26.4096514,-81.8851067 26.4096661)",628,5094979733,5094979740,523311256,,service,False,True,33.94,,,,parking_aisle,,,,,,,0.0
"LINESTRING (-81.8858046 26.4088185,-81.8857868 26.4087721,-81.8857684 26.408724)",631,5094979738,5094979739,"[523311256, 1003255558]",,service,False,False,11.11,,,,parking_aisle,,,,,,,0.0
"LINESTRING (-81.8857684 26.408724,-81.88566 26.4087428,-81.8854776 26.4087957,-81.8852952 26.4088629,-81.8851344 26.4089145,-81.8850732 26.4089157)",635,5094979739,5094979746,"[11025920, 523311256]",Bay Beach Lane,"['residential', 'service']",False,"[False, True]",72.839,,,,parking_aisle,,,,,,,0.0
"LINESTRING (-81.8857684 26.408724,-81.8858263 26.408714,-81.8860409 26.4086948,-81.886281 26.408684,-81.8863992 26.4086894)",634,5094979739,5094979808,11025920,Bay Beach Lane,residential,False,False,63.081,,,,,,,,,,,0.0
"LINESTRING (-81.8851067 26.4096661,-81.8845916 26.4096885,-81.8845716 26.4089253,-81.8850732 26.4089157)",638,5094979740,5094979746,523311256,,service,False,True,186.212,,,,parking_aisle,,,,,,,0.0
"LINESTRING (-81.8863992 26.4086894,-81.886392 26.4087657,-81.886384 26.4088515)",645,5094979808,5094979809,523311268,,service,False,False,18.088,,,,parking_aisle,,,,,,,0.0
"LINESTRING (-81.8863992 26.4086894,-81.88661 26.408699,-81.8869264 26.4086865)",643,5094979808,5094979814,11025920,Bay Beach Lane,residential,False,False,52.562,,,,,,,,,,,0.0
"LINESTRING (-81.8863992 26.4086894,-81.8863702 26.4085627,-81.8863042 26.4084525,-81.8862549 26.4083562)",646,5094979808,5094979958,523311277,,service,False,False,40.066,,,,parking_aisle,,,,,,,0.0
"LINESTRING (-81.886384 26.4088515,-81.8866105 26.4089598,-81.8866694 26.4089627,-81.88686 26.408872,-81.8869341 26.4088144)",647,5094979809,5094979813,523311268,,service,False,False,62.712,,,,parking_aisle,,,,,,,0.0
"LINESTRING (-81.8869341 26.4088144,-81.8869308 26.408759,-81.8869264 26.4086865)",650,5094979813,5094979814,523311268,,service,False,False,14.243,,,,parking_aisle,,,,,,,0.0
"LINESTRING (-81.8862549 26.4083562,-81.8861811 26.4081161,-81.8862213 26.408065,-81.8863003 26.4079049)",656,5094979958,5094979961,523311277,,service,False,False,54.105,,,,parking_aisle,,,,,,,0.0
"LINESTRING (-81.8862549 26.4083562,-81.8863495 26.4083237,-81.8864324 26.408333,-81.8865683 26.4083821,-81.8866648 26.4084125,-81.8867511 26.4084421,-81.8868994 26.4084951,-81.8870745 26.408523,-81.887158 26.4084762)",658,5094979958,7013232985,"[750002470, 774875340, 774875341, 523311278]",,service,False,"[False, True]",95.821,,,,parking_aisle,,,,building_passage,,,0.0
"LINESTRING (-81.8841741 26.404944,-81.8844143 26.4049799,-81.8844706 26.4050113,-81.8844894 26.4050348,-81.8844831 26.4050696,-81.8844706 26.405111,-81.8844268 26.4051402,-81.8843668 26.4051469,-81.8838425 26.4050875)",662,5095138163,5095138164,523331111,,service,False,True,106.855,,,,parking_aisle,,,,,,,0.0
"LINESTRING (-81.8841741 26.404944,-81.883432 26.4048409,-81.8832919 26.4049059)",661,5095138163,5095138173,523331111,,service,False,False,90.507,,,,parking_aisle,,,,,,,0.0
"LINESTRING (-81.8858745 26.4045282,-81.8858393 26.4043614,-81.8865957 26.4041968,-81.8866198 26.404359,-81.8858745 26.4045282)",667,5095138217,5095138217,"[609289137, 524833401, 523331115, 609289139]",,service,False,False,191.171,,,,parking_aisle,,,,,,,0.5733066056263046
"LINESTRING (-81.8858745 26.4045282,-81.8854759 26.4046113)",666,5095138217,5095138218,609289137,,service,False,False,40.76,,,,,,,,,,,0.2866533028131522
"LINESTRING (-81.8854759 26.4046113,-81.885323 26.4042761)",669,5095138218,5095138219,609289134,,service,False,False,40.263,,,,parking_aisle,,,,,,,0.2023435078681074
"LINESTRING (-81.8854759 26.4046113,-81.8852881 26.4046473,-81.8850735 26.4041764)",671,5095138218,5095138421,"[609289128, 609289137]",,service,False,False,75.683,,,,parking_aisle,,,,,,,0.0
"LINESTRING (-81.8850213 26.4042792,-81.8851049 26.4044691)",674,5095138425,5095138426,609289146,,service,False,True,22.698,,,,,,,,,,,0.0
"LINESTRING (-81.8851049 26.4044691,-81.8845187 26.4046598,-81.8842271 26.4046203)",676,5095138426,5095138429,523331117,,service,False,False,91.486,,,,parking_aisle,,,,,,,0.0
"LINESTRING (-81.8842271 26.4046203,-81.884284 26.4045491,-81.8845534 26.4044563,-81.8844901 26.4042912)",681,5095138429,5095138432,609289148,,service,False,False,57.894,,,,parking_aisle,,,,,,,0.0
"LINESTRING (-81.8842271 26.4046203,-81.8838384 26.4045677,-81.8838611 26.4045106,-81.8839625 26.4044755)",679,5095138429,5771293248,523331117,,service,False,False,56.719,,,,parking_aisle,,,,,,,0.0
"LINESTRING (-81.8844901 26.4042912,-81.8846235 26.4042437)",683,5095138432,5095138433,523331119,,service,False,True,14.297,,,,parking_aisle,,,,,,,0.0
"LINESTRING (-81.8844901 26.4042912,-81.8843756 26.4043272)",682,5095138432,5095138434,523331119,,service,False,False,12.086,,,,parking_aisle,,,,,,,0.0
"LINESTRING (-81.8842709 26.405387,-81.8842531 26.4055159,-81.884264 26.4055623)",689,5095138435,5095138446,523331120,,service,False,False,19.714,,,,parking_aisle,,,,,,,0.0
"LINESTRING (-81.8846453 26.4054526,-81.8846576 26.4054917,-81.8846519 26.4055528,-81.884632 26.4055953,-81.884559 26.4056276,-81.8844366 26.4056683,-81.8843864 26.405676,-81.8843308 26.4056737,-81.8842687 26.405582,-81.884264 26.4055623)",690,5095138445,5095138446,523331120,,service,False,True,62.353,,,,parking_aisle,,,,,,,0.0
"LINESTRING (-81.8846453 26.4054526,-81.8848349 26.4053685,-81.8850198 26.4057839)",692,5095138445,5095138449,523331121,,service,False,False,70.798,,,,parking_aisle,,,,,,,0.0
"LINESTRING (-81.8850198 26.4057839,-81.8852001 26.4057239)",697,5095138449,5095138450,523331122,,service,False,True,19.156,,,,parking_aisle,,,,,,,0.0
"LINESTRING (-81.8850198 26.4057839,-81.884375 26.4060293,-81.8838402 26.4061941)",699,5095138449,5095138452,523331122,,service,False,False,126.102,,,,parking_aisle,,,,,,,0.0
"LINESTRING (-81.8927274 26.4117887,-81.8925176 26.41187)",704,5594768019,5594768020,585462557,The Palms Driveway,service,False,False,22.766,,,,driveway,,,,,,,0.0
"LINESTRING (-81.9602306 26.4564156,-81.960279 26.4563698,-81.960317 26.4563339,-81.9604797 26.4561799)",3217,5694055621,5694055622,598230515,,service,False,False,36.082,,,,,,,,,,,121.58596561674726
"LINESTRING (-81.9602306 26.4564156,-81.960372 26.4565431,-81.9604046 26.4565759,-81.9604127 26.4565841,-81.9605661 26.4567387,-81.9606094 26.4567823,-81.9607065 26.4568802,-81.9608271 26.4570017)",3215,5694055621,5833573700,166094633,Estero Boulevard,tertiary,False,False,88.191,2,,,,25 mph,,,,,,128.69047100411638
"LINESTRING (-81.9604797 26.4561799,-81.9604128 26.4561133,-81.960367 26.4560677,-81.9603605 26.4560613)",3220,5694055622,5694077511,598233640,,service,False,False,17.741,,,,,,,,,,,28.440504161461774
"LINESTRING (-81.9604797 26.4561799,-81.9606253 26.4560633)",3218,5694055622,5694077516,598230515,,service,False,False,19.447,,,,,,,,,,,328.8531655096454
"LINESTRING (-81.9297001 26.4447884,-81.929759 26.4448209)",3221,5694073697,5694073698,11050939,Shell Mound Boulevard,residential,False,True,6.888,,,,,,,,,,,358.93490034603735
"LINESTRING (-81.9601795 26.456219,-81.9603605 26.4560613)",3227,5694077510,5694077511,598233637,,service,False,False,25.143,,,,parking_aisle,,,,,,,260.4835424622104
"LINESTRING (-81.9603605 26.4560613,-81.9603089 26.4560074,-81.960291 26.4559887,-81.9602606 26.4559682,-81.9602178 26.4559395)",3229,5694077511,5694077513,598233640,,service,False,False,19.744,,,,,,,,,,,20.504142130634893
"LINESTRING (-81.9600593 26.4561047,-81.9602178 26.4559395)",3231,5694077512,5694077513,598233638,,service,False,False,24.216,,,,parking_aisle,,,,,,,373.0539806728342
"LINESTRING (-81.9602178 26.4559395,-81.9601588 26.4558998,-81.9601503 26.4558933,-81.9600866 26.455844)",3233,5694077513,5694077515,598233640,,service,False,False,16.842,,,,,,,,,,,25.31542109549878
"LINESTRING (-81.959977 26.4559507,-81.9600866 26.455844)",3235,5694077514,5694077515,598233639,,service,False,False,16.119,,,,parking_aisle,,,,,,,106.99475043825817
"LINESTRING (-81.9580144 26.4548736,-81.9579628 26.4548415)",3241,5700557920,5700560221,166094633,Estero Boulevard,tertiary,False,True,6.255,2,,,,25 mph,,,,,,423.4818369956213
"LINESTRING (-81.9579628 26.4548415,-81.9578215 26.4547546)",3244,5700560221,5702951036,166094633,Estero Boulevard,tertiary,False,True,17.066,2,,,,25 mph,,,,,,176.42812221277123
"LINESTRING (-81.9579628 26.4548415,-81.9580027 26.4547657,-81.958035 26.4547042)",3245,5700560221,5702951042,599432716,,service,False,True,16.875,,,,,,,,,,,76.7042484905737
"LINESTRING (-81.9575279 26.4545725,-81.9574757 26.4546427,-81.9574099 26.4547312,-81.9572941 26.4546666,-81.9572548 26.4547242,-81.957146 26.4546649)",3248,5702366483,5702366486,"[599362376, 599362378, 599362372, 599362374]",,service,False,True,54.967,,,,,,,,,,,344.47858083946034
"LINESTRING (-81.9575279 26.4545725,-81.9575834 26.454607,-81.9577023 26.4546809)",3247,5702366483,5702951039,166094633,Estero Boulevard,tertiary,False,False,21.135,2,,,,25 mph,,,,,,48.35110533568355
"LINESTRING (-81.9578215 26.4547546,-81.9577744 26.4547257,-81.9577023 26.4546809)",3253,5702951036,5702951039,166094633,Estero Boulevard,tertiary,False,True,14.421,2,,,,25 mph,,,,,,243.45970866690692
"LINESTRING (-81.9582065 26.4543069,-81.9581418 26.4545012,-81.958035 26.4547042)",3257,5702951040,5702951042,599432716,,service,False,False,47.496,,,,,,,,,,,248.38789721409464
"LINESTRING (-81.958035 26.4547042,-81.95845 26.4549255,-81.9584025 26.4550109,-81.9583657 26.4550769)",3258,5702951042,5702951044,"[599432712, 599432713]",,service,False,False,66.897,,,,,,,,,,,25.78755594719103
"LINESTRING (-81.9583657 26.4550769,-81.958439 26.4551233)",3261,5702951044,5702951066,166094633,Estero Boulevard,tertiary,False,False,8.937,2,,,,25 mph,,,,,,10.342001513258827
"LINESTRING (-81.9586772 26.4546797,-81.9584756 26.4550552,-81.958439 26.4551233)",3264,5702951064,5702951066,599432715,,service,False,False,54.73,,,,,,,,,,,808.6770705008844
"LINESTRING (-81.958439 26.4551233,-81.9585753 26.4552096)",3265,5702951066,5832108728,166094633,Estero Boulevard,tertiary,False,False,16.619,2,,,,25 mph,,,,,,25.38286893145482
"LINESTRING (-81.9589361 26.4546672,-81.958642 26.4551566,-81.9586005 26.4552256)",3268,5702951069,5702951071,599432717,,service,False,False,70.509,,,,,,,,,,,5.845479116189772
"LINESTRING (-81.9586005 26.4552256,-81.9585753 26.4552096)",3269,5702951071,5832108728,166094633,Estero Boulevard,tertiary,False,True,3.076,2,,,,25 mph,,,,,,26.259690798883284
"LINESTRING (-81.9586005 26.4552256,-81.9586972 26.4552868,-81.9587967 26.4553498)",3270,5702951071,5834339115,166094633,Estero Boulevard,tertiary,False,False,23.921,2,,,,25 mph,,,,,,16.097550181507216
"LINESTRING (-81.9642143 26.4596203,-81.9639536 26.4598273,-81.9638488 26.4599104,-81.9637988 26.4599501)",3272,5706105717,5706105719,599927364,,service,False,False,55.278,,,,,,,,,,,37.77078813538007
"LINESTRING (-81.9637988 26.4599501,-81.9637279 26.4598774,-81.9637249 26.4598745)",3274,5706105719,5832838330,166094633,Estero Boulevard,tertiary,False,True,11.171,2,,,,25 mph,,,,,,42.55958448825861
"LINESTRING (-81.9637988 26.4599501,-81.963866 26.4600191,-81.9639569 26.4601122,-81.9640434 26.460201)",3273,5706105719,5832838336,166094633,Estero Boulevard,tertiary,False,False,37.03,2,,,,25 mph,,,,,,39.59187970619304
"LINESTRING (-81.9641224 26.4596112,-81.9639389 26.4597601,-81.9635897 26.4594156)",3276,5706106322,5706106324,"[599927370, 599927375]",,service,False,False,76.382,,,,,,,,,,,10.117175393405375
"LINESTRING (-81.9635897 26.4594156,-81.963991 26.4590765)",3277,5706106324,5706106325,599927372,,service,False,True,54.933,,,,,,,,,,,9.914831885537268
"LINESTRING (-81.9635897 26.4594156,-81.963471 26.4595159,-81.9634112 26.4595663)",3278,5706106324,5706106327,599927372,,service,False,False,24.424,,,,,,,,,,,43.52633680362845
"LINESTRING (-81.9634112 26.4595663,-81.9632633 26.459421)",3281,5706106327,5832838324,166094633,Estero Boulevard,tertiary,False,True,21.859,2,,,,25 mph,,,,,,52.159659806001045
"LINESTRING (-81.9634112 26.4595663,-81.9634778 26.4596317,-81.9635294 26.4596824,-81.9636078 26.4597595)",3282,5706106327,5832838328,166094633,Estero Boulevard,tertiary,False,False,29.061,2,,,,25 mph,,,,,,81.90415546261283
"LINESTRING (-81.9634798 26.4586817,-81.9635399 26.4587413)",3284,5706106329,5706106331,599927382,,service,False,True,8.928,,,,,,,,,,,156.9061490457247
"LINESTRING (-81.9635399 26.4587413,-81.9633745 26.4588746)",3286,5706106331,5706106334,1093782817,,service,False,True,22.154,,,,,,,,,,,114.1981793183628
"LINESTRING (-81.9635399 26.4587413,-81.9638535 26.459053,-81.9636924 26.4591843,-81.9635165 26.4590129)",3287,5706106331,5706106335,"[599927376, 599927380, 599927382]",,service,False,True,94.215,,,,,,,,,,,2.207792496960906
"LINESTRING (-81.9630078 26.45917,-81.9630608 26.4591273,-81.9633745 26.4588746)",3290,5706106332,5706106334,599927378,,service,True,False,49.107,,,,,,,,,,,60.85143759953552
"LINESTRING (-81.9630078 26.45917,-81.9630036 26.4591659,-81.962903 26.4590665)",3289,5706106332,5832838320,166094633,Estero Boulevard,tertiary,False,True,15.534,2,,,,25 mph,,,,,,19.98254553257489
"LINESTRING (-81.9630078 26.45917,-81.9630692 26.4592303)",3288,5706106332,5832838322,166094633,Estero Boulevard,tertiary,False,False,9.073,2,,,,25 mph,,,,,,7.774487224532399
"LINESTRING (-81.9633745 26.4588746,-81.9635165 26.4590129)",3291,5706106334,5706106335,599927376,,service,False,False,20.888,,,,,,,,,,,116.09121524752887
"LINESTRING (-81.9635165 26.4590129,-81.9632002 26.4592615,-81.9631451 26.4593049)",3295,5706106335,5706106336,599927383,,service,True,False,49.205,,,,parking_aisle,,,,,,,2.6169760350941904
"LINESTRING (-81.9631451 26.4593049,-81.9630692 26.4592303)",3297,5706106336,5832838322,166094633,Estero Boulevard,tertiary,False,True,11.22,2,,,,25 mph,,,,,,3.2959509170516177
"LINESTRING (-81.9631451 26.4593049,-81.9632633 26.459421)",3296,5706106336,5832838324,166094633,Estero Boulevard,tertiary,False,False,17.467,2,,,,25 mph,,,,,,21.731692745034753
"LINESTRING (-81.961961 26.4570244,-81.9615234 26.4573695,-81.9616662 26.4574971)",3298,5706106358,5706106363,"[599927387, 599927391]",,service,False,False,78.139,,,,,,,,,,,93.55014847102171
"LINESTRING (-81.9621032 26.4574192,-81.9618255 26.4576399,-81.9616662 26.4574971)",3299,5706106361,5706106363,"[599927389, 599927391]",,service,False,True,59.407,,,,,,,,,,,135.03056758398372
"LINESTRING (-81.9619532 26.457274,-81.9616662 26.4574971)",3300,5706106362,5706106363,599927394,,service,False,False,37.838,,,,,,,,,,,45.19005009054401
"LINESTRING (-81.9616662 26.4574971,-81.9615317 26.4576017,-81.9614724 26.4576478)",3304,5706106363,5706106365,599927394,,service,False,False,25.554,,,,,,,,,,,47.1235547212837
"LINESTRING (-81.9614724 26.4576478,-81.96136 26.4575359)",3305,5706106365,5832836526,166094633,Estero Boulevard,tertiary,False,True,16.734,2,,,,25 mph,,,,,,78.57672888878176
"LINESTRING (-81.9614724 26.4576478,-81.96149 26.4576654,-81.9616643 26.4578388)",3306,5706106365,5832836542,166094633,Estero Boulevard,tertiary,False,False,28.566,2,,,,25 mph,,,,,,27.3613387861652
"LINESTRING (-81.9623292 26.4575992,-81.9618834 26.4579531,-81.9618254 26.4579991)",3308,5706106366,5706106368,599927397,,service,False,False,67.027,,,,,,,,,,,31.026004539776483
"LINESTRING (-81.9618254 26.4579991,-81.9618129 26.4579866,-81.9616643 26.4578388)",3310,5706106368,5832836542,166094633,Estero Boulevard,tertiary,False,True,23.978,2,,,,25 mph,,,,,,43.16661501186293
"LINESTRING (-81.9624159 26.4583118,-81.9626265 26.4581415,-81.9624193 26.4579361,-81.9622087 26.4581064,-81.9624159 26.4583118)",3312,5706106394,5706106394,"[599927408, 599927405, 599927406, 599927407]",,service,False,False,118.052,,,,,,,,,,,14.52376734253305
"LINESTRING (-81.9624159 26.4583118,-81.962357 26.4583195,-81.9622928 26.4583662,-81.962236 26.4584076)",3314,5706106394,5706106397,599927410,,service,True,False,21.452,,,,,,,,,,,3.630941835633263
"LINESTRING (-81.9622751 26.4584462,-81.9623311 26.4584021,-81.9623943 26.4583524,-81.9624159 26.4583118)",3319,5706106400,5706106394,599927409,,service,True,False,20.799,,,,,,,,,,,3.630941835633263
"LINESTRING (-81.962236 26.4584076,-81.9622653 26.4584365)",3315,5706106397,5832838305,166094633,Estero Boulevard,tertiary,False,False,4.34,2,,,,25 mph,,,,,,0.0
"LINESTRING (-81.9622751 26.4584462,-81.9623641 26.4585341)",3317,5706106400,5706106406,166094633,Estero Boulevard,tertiary,False,False,13.192,2,,,,25 mph,,,,,,0.089930447941381
"LINESTRING (-81.9622751 26.4584462,-81.9622653 26.4584365)",3318,5706106400,5832838305,166094633,Estero Boulevard,tertiary,False,True,1.454,2,,,,25 mph,,,,,,0.0
"LINESTRING (-81.9629773 26.4580386,-81.962442 26.4584712)",3320,5706106404,5706106410,599927412,,service,False,False,71.788,,,,,,,,,,,440.20504615066346
"LINESTRING (-81.9623641 26.4585341,-81.9624171 26.4584913,-81.962442 26.4584712)",3323,5706106406,5706106410,599927412,,service,False,True,10.443,,,,,,,,,,,1.0072210169434683
"LINESTRING (-81.9623641 26.4585341,-81.96247 26.4586387)",3321,5706106406,5832838310,166094633,Estero Boulevard,tertiary,False,False,15.698,2,,,,25 mph,,,,,,1.7086785108862412
"LINESTRING (-81.9625737 26.4586072,-81.9625547 26.4586225,-81.9624991 26.4586674)",3324,5706106407,5706106409,599927414,,service,False,False,9.998,,,,,,,,,,,172.30673825568624
"LINESTRING (-81.962442 26.4584712,-81.9625737 26.4586072)",3329,5706106410,5706106407,599927413,,service,True,False,20.014,,,,,,,,,,,86.02746650072518
"LINESTRING (-81.9624991 26.4586674,-81.96247 26.4586387)",3326,5706106409,5832838310,166094633,Estero Boulevard,tertiary,False,True,4.31,2,,,,25 mph,,,,,,2.7878438861828148
"LINESTRING (-81.9624991 26.4586674,-81.9625747 26.4587422)",3325,5706106409,5832838313,166094633,Estero Boulevard,tertiary,False,False,11.217,2,,,,25 mph,,,,,,24.933216691747912
"LINESTRING (-81.9633542 26.4582466,-81.9627026 26.4587673,-81.962646 26.4588126)",3331,5706106536,5706106538,599927416,,service,False,False,94.506,,,,,,,,,,,239.32740458400048
"LINESTRING (-81.962646 26.4588126,-81.9625747 26.4587422)",3333,5706106538,5832838313,166094633,Estero Boulevard,tertiary,False,True,10.567,2,,,,25 mph,,,,,,84.28731233305945
"LINESTRING (-81.962646 26.4588126,-81.962688 26.4588541)",3332,5706106538,5832838316,166094633,Estero Boulevard,tertiary,False,False,6.227,2,,,,25 mph,,,,,,188.65159716903224
"LINESTRING (-81.9393381 26.4490099,-81.9394059 26.449032)",3337,5706749087,5706749088,599974887,,service,False,True,7.183,,,,,,,,,,,7507.573655042378
"LINESTRING (-81.9393381 26.4490099,-81.9391435 26.4489467)",3336,5706749087,5706749089,599974887,,service,False,False,20.609,,,,,,,,,,,29.90187394050922
"LINESTRING (-81.9382533 26.4489688,-81.9382097 26.4491099,-81.938183 26.4491953,-81.9381814 26.4492301,-81.9381867 26.4492706,-81.9382134 26.4493159,-81.9382539 26.4493522,-81.9382912 26.4493698,-81.9383359 26.4493846,-81.9383759 26.4493775,-81.9384147 26.4493565,-81.9384403 26.4493231,-81.938452 26.4492787,-81.9384478 26.4492415,-81.9383577 26.4490865,-81.9382533 26.4489688)",3341,5706749090,5706749090,599974889,,service,True,False,113.342,,,,,,,,,,,47.28093300518112
"LINESTRING (-81.9382533 26.4489688,-81.9382123 26.448803)",3340,5706749090,5706749091,599974888,,service,False,False,18.883,,,,,,,,,,,204.29949511083257
"LINESTRING (-81.9517081 26.4518653,-81.9518249 26.4519009,-81.9517591 26.4520742,-81.9515226 26.4520023,-81.9515884 26.4518289,-81.9517081 26.4518653)",3345,5711384888,5711384888,600753162,,service,False,False,90.45,,,,parking_aisle,,,,,,,16.322376301360674
"LINESTRING (-81.9517081 26.4518653,-81.9517316 26.4518036,-81.9517522 26.4517508)",3347,5711384888,5821266383,600753166,,service,False,False,13.468,,,,,,,,,,,8.161188150680337
"LINESTRING (-81.9519725 26.451345,-81.9519038 26.4515111)",3348,5711385177,5711385185,600753215,,service,False,False,19.695,,,,,,,,,,,5.957892176116498
"LINESTRING (-81.9517986 26.4517658,-81.951822 26.4517092,-81.9518433 26.4516576)",3351,5711385178,5711385179,600753215,,service,False,True,12.828,,,,,,,,,,,0.9442697033845016
"LINESTRING (-81.9517986 26.4517658,-81.9517522 26.4517508)",3350,5711385178,5821266383,882352979,Estero Boulevard,secondary,False,True,4.911,2,CR 865,,,25 mph,,,,,,0.0
"LINESTRING (-81.9518433 26.4516576,-81.9516103 26.4515796,-81.9511671 26.4514311)",3354,5711385179,5711385180,600753220,,service,False,False,71.876,,,,,,,,,,,34.465844173534315
"LINESTRING (-81.9518433 26.4516576,-81.9519038 26.4515111)",3352,5711385179,5711385185,600753215,,service,False,True,17.368,,,,,,,,,,,1.2365436591939902
"LINESTRING (-81.9511671 26.4514311,-81.9512323 26.4512807,-81.9515448 26.4513844)",3357,5711385180,5711385181,"[600753225, 600753223]",,service,False,True,51.118,,,,,,,,,,,53.14889473335624
"LINESTRING (-81.9511671 26.4514311,-81.9511422 26.4514888,-81.9511175 26.4515459)",3356,5711385180,5711385183,600753225,,service,False,False,13.687,,,,,,,,,,,33.521574470149815
"LINESTRING (-81.9511175 26.4515459,-81.9513741 26.4516288)",3359,5711385183,5711385435,882352979,Estero Boulevard,secondary,False,False,27.158,2,CR 865,,,25 mph,,,,,,0.0
"LINESTRING (-81.9511175 26.4515459,-81.9510355 26.4515195)",3360,5711385183,5711385441,882352979,Estero Boulevard,secondary,False,True,8.675,2,CR 865,,,25 mph,,,,,,0.0
"LINESTRING (-81.9517453 26.4514516,-81.9519038 26.4515111)",3362,5711385184,5711385185,600753228,,service,False,False,17.11,,,,,,,,,,,0.2922739558094886
"LINESTRING (-81.9513741 26.4516288,-81.9513519 26.4516832,-81.9513469 26.4516954,-81.9513208 26.4517592)",3367,5711385435,5711385442,600753273,,service,False,False,15.44,,,,,,,,,,,0.0
"LINESTRING (-81.9513741 26.4516288,-81.9515643 26.4516902,-81.9517522 26.4517508)",3368,5711385435,5821266383,882352979,Estero Boulevard,secondary,False,False,40.011,2,CR 865,,,25 mph,,,,,,0.0
"LINESTRING (-81.9512124 26.4520247,-81.9512233 26.4519965,-81.9512536 26.4519238)",3371,5711385436,5762966146,600753273,,service,False,True,11.946,,,,,,,,,,,159.94130166374632
"LINESTRING (-81.9514386 26.4518322,-81.9513088 26.4517887)",3372,5711385437,5711385438,600753275,,service,False,False,13.798,,,,,,,,,,,3.2824613498604105
"LINESTRING (-81.9513088 26.4517887,-81.9513208 26.4517592)",3374,5711385438,5711385442,600753273,,service,False,True,3.491,,,,,,,,,,,0.0449652239706904
"LINESTRING (-81.9513088 26.4517887,-81.9512536 26.4519238)",3373,5711385438,5762966146,600753273,,service,False,False,15.996,,,,,,,,,,,0.7644088075017395
"LINESTRING (-81.9510355 26.4515195,-81.951012 26.4515752,-81.9510074 26.451586,-81.9509924 26.4516216,-81.9509791 26.451653)",3378,5711385441,5711385443,600753279,,service,False,True,15.871,,,,,,,,,,,0.0
"LINESTRING (-81.9510355 26.4515195,-81.9508815 26.4514697)",3377,5711385441,5711385447,882352979,Estero Boulevard,secondary,False,True,16.301,2,CR 865,,,25 mph,,,,,,0.0
"LINESTRING (-81.9513208 26.4517592,-81.9509791 26.451653)",3380,5711385442,5711385443,600753281,,service,False,False,36.009,,,,,,,,,,,0.0
"LINESTRING (-81.9509791 26.451653,-81.950913 26.4518094,-81.9512203 26.4519121,-81.9512536 26.4519238)",3384,5711385443,5762966146,"[600753277, 600753279]",,service,False,True,54.81,,,,,,,,,,,0.7194435835310488
"LINESTRING (-81.9506154 26.4517068,-81.95071 26.4514776,-81.950733 26.4514218)",3385,5711385444,5711385445,600753283,,service,False,False,33.784,,,,,,,,,,,0.0
"LINESTRING (-81.950733 26.4514218,-81.9508815 26.4514697)",3386,5711385445,5711385447,882352979,Estero Boulevard,secondary,False,False,15.714,2,CR 865,,,25 mph,,,,,,0.0
"LINESTRING (-81.9508815 26.4514697,-81.9508587 26.4515258,-81.9507448 26.4518052,-81.9506965 26.4518244,-81.9505872 26.4520975)",3391,5711385447,5711385449,600753285,,service,False,True,77.23,,,,,,,,,,,609.4586456987398
"LINESTRING (-81.9504724 26.4513376,-81.9504458 26.4514039)",3394,5711385724,5821266364,1018199351,,service,False,True,7.833,,,customers,,,,,,,,0.1348956719120716
"LINESTRING (-81.9555687 26.4545232,-81.9556419 26.4545572,-81.9558474 26.4546528,-81.9558064 26.4547886,-81.9558461 26.4548073,-81.9557688 26.4549684)",3398,5718333001,5718333004,"[601784656, 601784657, 601784655]",,service,False,True,70.869,,,,,,,,,,,1390.1448642778691
"LINESTRING (-81.9542766 26.4527041,-81.9542722 26.452611,-81.9542698 26.4525582)",3400,5718333005,5718333006,629905654,,service,False,False,16.238,,,,,,,,,,,166.01160689978954
"LINESTRING (-81.9548154 26.4538417,-81.954761 26.4537307,-81.9547121 26.4536308)",3404,5718333831,5718333833,601784668,,service,False,True,25.607,,,private,,,,,,,,26.304656022853976
"LINESTRING (-81.95369 26.4563337,-81.9537511 26.4561937)",3408,5718333850,5718333851,601784672,,service,False,False,16.713,,,,,,,,,,,1.1915784352232996
"LINESTRING (-81.9537511 26.4561937,-81.9538906 26.4560817)",3409,5718333851,5718333852,601784672,,service,False,False,18.654,,,,,,,,,,,14.973419582239957
"LINESTRING (-81.9537511 26.4561937,-81.9536306 26.4561409)",3411,5718333851,5718333853,601784673,,service,False,False,13.355,,,,,,,,,,,0.1124130599267262
"LINESTRING (-81.9538906 26.4560817,-81.953854 26.456041,-81.953833 26.455967,-81.953833 26.455961,-81.953832 26.4558828)",3414,5718333852,5718333878,11037529,Crescent Street,unclassified,False,True,23.663,,,,,,,,,,,87.27749972711038
"LINESTRING (-81.9538906 26.4560817,-81.953908 26.456101,-81.9539492 26.4561308,-81.9540565 26.4561686,-81.954202 26.4562107,-81.9544905 26.456331,-81.9545714 26.4563647,-81.9545923 26.4563261)",3413,5718333852,5720788160,"[165355744, 11037529, 166092638]","['Old San Carlos Boulevard', 'Crescent Street', 'First Street']",unclassified,False,"[False, True]",80.068,,,,,25 mph,,,,,,380.00110777630584
"LINESTRING (-81.9538258 26.4553904,-81.953832 26.4558828)",3416,5718333875,5718333878,11037529,Crescent Street,unclassified,False,False,54.756,,,,,,,,,,,177.74753035613978
"LINESTRING (-81.953398 26.4525725,-81.9534197 26.4523373,-81.953424 26.4522906)",3422,5718334121,5718334122,601784701,,service,False,False,31.452,,,,,,,,,,,2823.2764826717184
"LINESTRING (-81.953424 26.4522906,-81.9532378 26.4522305,-81.9528432 26.4521032)",3425,5718334122,11905992715,882352979,Estero Boulevard,secondary,False,True,61.461,2,CR 865,,,25 mph,,,,,,101.82374968162875
"LINESTRING (-81.9480385 26.4497965,-81.9480385 26.4501975)",3426,5718334230,5718334233,601784722,,service,False,False,44.589,,,,,,,,,,,251.2207063242481
"LINESTRING (-81.9480386 26.4505382,-81.9480386 26.450481,-81.9480386 26.4503786)",3429,5718334231,5718334235,601784722,,service,False,True,17.746,,,,,,,,,,,186.02113156674685
"LINESTRING (-81.9480386 26.4505382,-81.9482302 26.450608)",3427,5718334231,5723054253,882352979,Estero Boulevard,secondary,False,False,20.593,2,CR 865,,,25 mph,,,,,,218.84574506535097
"LINESTRING (-81.9484915 26.4503472,-81.9480385 26.4501975)",3432,5718334232,5718334233,601784723,,service,False,False,48.073,,,,,,,,,,,106.43268513862456
"LINESTRING (-81.9484915 26.4503472,-81.9484942 26.4505228)",3430,5718334232,5718334234,11009723,Miramar Street,residential,False,False,19.528,,,,,,,,,,,158.86213628844973
"LINESTRING (-81.9480385 26.4501975,-81.9480386 26.4502989)",3433,5718334233,5718334236,601784722,,service,False,False,11.275,,,,,,,,,,,60.65808713646156
"LINESTRING (-81.9484942 26.4505228,-81.9480386 26.4503786)",3437,5718334234,5718334235,601784724,,service,False,False,48.108,,,,,,,,,,,120.03466538975844
"LINESTRING (-81.9480386 26.4503786,-81.9480386 26.4502989)",3439,5718334235,5718334236,601784722,,service,False,True,8.862,,,,,,,,,,,81.49946844687663
"LINESTRING (-81.9480386 26.4502989,-81.9476785 26.450295)",3444,5718334236,5718334237,601784725,,service,False,False,35.852,,,,,,,,,,,199.19594219015912
"LINESTRING (-81.9476785 26.450295,-81.9476385 26.4503417,-81.9476039 26.4503822)",3446,5718334237,5718334238,601784726,,service,True,False,12.214,,,,,,,,,,,81.43202061092059
"LINESTRING (-81.9458471 26.4489497,-81.9458485 26.449677,-81.9458458 26.4497023,-81.9458401 26.4497559)",3449,5718334374,5718334376,601784740,,service,False,False,89.685,,,,,,,,,,,312.21603264048986
"LINESTRING (-81.9464328 26.4492884,-81.9460981 26.4492847)",3453,5718334399,5718334400,601784744,,service,False,False,33.324,,,,,,,,,,,168.50717683016288
"LINESTRING (-81.9403241 26.4488972,-81.9401476 26.4488359)",3457,5720560890,5720560893,165355993,Oak Street,unclassified,False,False,18.847,,,,parking_aisle,,,,,,,1569.3312818010709
"LINESTRING (-81.9488979 26.4508312,-81.9488992 26.4508991,-81.9489011 26.451001)",3465,5720786974,5720786983,602188038,,service,False,False,18.883,,,,,,,,,,,365.81457961355306
"LINESTRING (-81.9489236 26.4521651,-81.94889 26.4522596,-81.9488996 26.4528039,-81.9495181 26.4527968)",3467,5720786975,5720786978,"[602188040, 602188041]",,service,False,False,133.137,,,,,,,,,,,2365.1348086791468
"LINESTRING (-81.9489236 26.4521651,-81.9489011 26.451001)",3466,5720786975,5720786983,602188038,,service,False,True,129.462,,,,,,,,,,,1170.107540777295
"LINESTRING (-81.9489236 26.4521651,-81.9490348 26.4522038,-81.9495114 26.4522077)",3468,5720786975,5720786985,602188044,,service,False,False,59.326,,,,,,,,,,,1140.1382190008298
"LINESTRING (-81.9494978 26.451023,-81.9494988 26.4511033,-81.9494997 26.4511899)",3470,5720786977,5720786982,602188039,,service,False,False,18.56,,,,,,,,,,,123.55544242666352
"LINESTRING (-81.9495181 26.4527968,-81.9496568 26.4527953)",3472,5720786978,5720786980,602188041,,service,False,False,13.809,,,,,,,,,,,1390.6259921743556
"LINESTRING (-81.9495114 26.4522077,-81.9495181 26.4527968)",3486,5720786985,5720786978,602188043,,service,True,False,65.508,,,,,,,,,,,734.0842604559057
"LINESTRING (-81.9496568 26.4527953,-81.9496469 26.4522089)",3475,5720786980,5720786984,11029574,Carolina Avenue,residential,False,True,65.212,,,,,,,,,,,171.02522937252155
"LINESTRING (-81.9494997 26.4511899,-81.9489011 26.451001)",3477,5720786982,5720786983,602188042,,service,False,False,63.187,,,,,,,,,,,153.92945121886498
"LINESTRING (-81.9494997 26.4511899,-81.9495114 26.4522077)",3478,5720786982,5720786985,602188043,,service,True,False,113.18,,,,,,,,,,,61.98006472119987
"LINESTRING (-81.9496469 26.4522089,-81.9495114 26.4522077)",3485,5720786984,5720786985,602188044,,service,False,True,13.49,,,,,,,,,,,248.56775810997743
"LINESTRING (-81.9496469 26.4522089,-81.9496398 26.4517912)",3484,5720786984,5721396197,11029574,Carolina Avenue,residential,False,True,46.452,,,,,,,,,,,129.90453205132502
"LINESTRING (-81.9546291 26.4544638,-81.9548717 26.4540108)",3490,5720788145,5720788146,602188078,,service,False,False,55.862,,,,,,,,,,,15.018384806210644
"LINESTRING (-81.9550472 26.4557111,-81.9555358 26.4559345,-81.9554586 26.4560798,-81.9550929 26.4559163)",3493,5720788151,5720788161,602188081,,service,False,False,113.2,,,,,,,,,,,54.632747124389034
"LINESTRING (-81.9549676 26.4558603,-81.9550929 26.4559163)",3494,5720788154,5720788161,602188081,,service,False,True,13.942,,,,,,,,,,,0.0
"LINESTRING (-81.9556621 26.4560045,-81.9554309 26.4564265)",3495,5720788156,5720788165,602188082,,service,False,True,52.265,,,,,,,,,,,552.4652243158895
"LINESTRING (-81.9553117 26.456644,-81.9554309 26.4564265)",3496,5720788159,5720788165,602188082,,service,False,False,26.939,,,,,,,,,,,54.452886228506266
"LINESTRING (-81.9553117 26.456644,-81.9552267 26.4567992,-81.9556661 26.4569897)",3498,5720788159,5720788168,602188082,,service,False,True,67.821,,,,,,,,,,,56.13908212740717
"LINESTRING (-81.9553117 26.456644,-81.9551438 26.4565698)",3497,5720788159,5720788172,602188083,,service,False,False,18.64,,,,,,,,,,,53.710960032989874
"LINESTRING (-81.9545923 26.4563261,-81.9546601 26.4563561,-81.954822 26.4564276)",3501,5720788160,5720788162,602188083,,service,False,True,25.5,,,,,,,,,,,389.7360787659604
"LINESTRING (-81.9550929 26.4559163,-81.954822 26.4564276)",3503,5720788161,5720788162,602188084,,service,False,False,62.926,,,,,,,,,,,24.595977511967735
"LINESTRING (-81.954822 26.4564276,-81.9549867 26.4565004)",3505,5720788162,5720788170,602188083,,service,False,True,18.285,,,,,,,,,,,24.595977511967735
"LINESTRING (-81.9554309 26.4564265,-81.9558722 26.4566187)",3511,5720788165,5720788167,602188086,,service,False,True,48.854,,,,,,,,,,,0.7419261955163942
"LINESTRING (-81.9565502 26.4569141,-81.9563859 26.4572378,-81.9562351 26.4572364,-81.9556661 26.4569897)",3514,5720788166,5720788168,602188082,,service,False,False,117.486,,,,,,,,,,,2.4281220944172897
"LINESTRING (-81.9558722 26.4566187,-81.9556661 26.4569897)",3517,5720788167,5720788168,602188087,,service,False,True,46.074,,,,,,,,,,,2.4281220944172897
"LINESTRING (-81.9551929 26.4560934,-81.9549867 26.4565004)",3521,5720788169,5720788170,602188088,,service,False,False,49.694,,,,,,,,,,,0.0
"LINESTRING (-81.9549867 26.4565004,-81.9551438 26.4565698)",3523,5720788170,5720788172,602188083,,service,False,True,17.44,,,,,,,,,,,0.0
"LINESTRING (-81.9553636 26.456162,-81.9551438 26.4565698)",3525,5720788171,5720788172,602188089,,service,False,False,50.349,,,,,,,,,,,0.0
"LINESTRING (-81.9496315 26.4514289,-81.9496342 26.4515141)",3529,5721396194,5721396202,11029574,Carolina Avenue,residential,False,False,9.478,,,,,,,,,,,4.7663137408932
"LINESTRING (-81.9496315 26.4514289,-81.9497302 26.4514187,-81.9497974 26.4513987,-81.9498696 26.4513771,-81.9499189 26.45137,-81.9499685 26.4513845,-81.9500136 26.4514064,-81.9500436 26.4514337,-81.9501118 26.4516303,-81.9503332 26.4516847,-81.9503617 26.4516136,-81.9503843 26.4515565,-81.9504069 26.4514995)",3531,5721396194,9391373725,"[600753290, 602274971, 600753291]",,service,False,"[False, True]",111.66,,,customers,,,,,,,,35.54500954883088
"LINESTRING (-81.9503234 26.4519498,-81.9497955 26.451814)",3532,5721396195,5721396198,602274972,,service,False,False,54.681,,,customers,,,,,,,,15.13079786613737
"LINESTRING (-81.9496398 26.4517912,-81.9497166 26.4517937,-81.9497955 26.451814)",3535,5721396197,5721396198,602274972,,service,False,True,15.824,,,customers,,,,,,,,3.012670006036267
"LINESTRING (-81.9496398 26.4517912,-81.949636 26.451569,-81.9496342 26.4515141)",3534,5721396197,5721396202,11029574,Carolina Avenue,residential,False,True,30.817,,,,,,,,,,,3.507287469713863
"LINESTRING (-81.9497955 26.451814,-81.9497895 26.4516664,-81.9497624 26.4515723,-81.9497195 26.4515365,-81.9496342 26.4515141)",3538,5721396198,5721396202,602274973,,service,False,False,41.917,,,customers,,,,,,,,0.6744783595603582
"LINESTRING (-81.9482302 26.450608,-81.9482127 26.4506612,-81.9482017 26.4506946,-81.9482039 26.45083,-81.948205 26.4508943,-81.9485014 26.450991)",3543,5723054253,5723054254,"[602581090, 602581092]",,service,False,True,63.653,,,,,,,,,,,386.43113480411466
"LINESTRING (-81.9473105 26.4509963,-81.9473187 26.45047)",3550,5723054281,5723054284,602581099,,service,False,False,58.528,,,,,,,,,,,363.74617931090125
"LINESTRING (-81.9473216 26.450282,-81.9473209 26.4503438,-81.9473187 26.45047)",3552,5723054282,5723054284,602581099,,service,False,True,20.907,,,,,,,,,,,25.89996900711776
"LINESTRING (-81.9468937 26.4503213,-81.9472391 26.4504421,-81.9472655 26.4504514,-81.9473187 26.45047)",3554,5723054283,5723054284,602581101,,service,False,False,45.427,,,,,,,,,,,66.90825326838754
"LINESTRING (-81.946785 26.4504306,-81.9464625 26.4504306,-81.9464719 26.4500402,-81.9464732 26.4499807)",3560,5723054291,5723054293,602581105,,service,False,False,82.145,,,,,,,,,,,155.53470971461863
"LINESTRING (-81.9386802 26.447823,-81.9388339 26.4478823,-81.9390123 26.4475331,-81.9392887 26.4476333,-81.9396399 26.4477607,-81.939659 26.4477926,-81.9396617 26.4478279,-81.9396138 26.4479524,-81.9397971 26.448016)",3566,5723414855,5723414861,"[602642600, 602642602, 602642596, 602642598]",,service,False,True,168.946,,,,,,,,,,,165.8317460039068
"LINESTRING (-81.9386802 26.447823,-81.9386264 26.4479272)",3564,5723414855,5742089175,882352980,Bay Road,unclassified,False,False,12.765,,,,,,,,,,,33.09440484242825
"LINESTRING (-81.9386802 26.447823,-81.938863 26.4474688)",3565,5723414855,5742089181,882352980,Bay Road,unclassified,False,True,43.387,,,,,,,,,,,29.27236080491955
"LINESTRING (-81.9441776 26.4494319,-81.9441764 26.4497031)",3570,5723831225,5723831226,11036628,Mango Street,residential,False,False,30.156,,,,,,,,,,,1135.3719052599367
"LINESTRING (-81.9426358 26.4486181,-81.9426357 26.4486871,-81.9426358 26.4487258,-81.9426359 26.4496238,-81.942569 26.449686,-81.9425021 26.4497263,-81.9424236 26.4497344,-81.9421685 26.4497321)",3578,5723831239,5723831244,602699908,,service,True,False,162.722,,,,,,,,,,,155.02403324238009
"LINESTRING (-81.9426358 26.4486181,-81.9423782 26.4485267)",3577,5723831239,5725934656,882352979,Estero Boulevard,secondary,False,True,27.586,2,CR 865,,,25 mph,,,,,,1.4838523910327883
"LINESTRING (-81.9421685 26.4497321,-81.942169 26.4496325)",3580,5723831244,5723831253,11027641,Tropical Shore Way,residential,False,True,11.075,,,,,,,,,,,309.50848379711186
"LINESTRING (-81.9421685 26.4497321,-81.9418763 26.4497252,-81.9414708 26.4496197,-81.9414698 26.4490733)",3581,5723831244,5723831292,"[602699917, 602699918]",Gulf Beach Road,"['unclassified', 'service']",False,True,131.897,,,,,,,,,,,311.48695365182226
"LINESTRING (-81.942169 26.4496325,-81.942171 26.4492671)",3583,5723831253,5723831258,11027641,Tropical Shore Way,residential,False,True,40.631,,,,,,,,,,,0.5845479116189772
"LINESTRING (-81.942171 26.4492671,-81.9421719 26.4490772)",3587,5723831258,5723831291,11027641,Tropical Shore Way,residential,False,True,21.116,,,,,,,,,,,3.889491873464733
"LINESTRING (-81.9433666 26.4491455,-81.943268 26.449195,-81.9432208 26.4492588,-81.9432203 26.4498686)",3592,5723831270,5723831268,602699914,,service,True,False,87.57,,,,,,,,,,,56.87201527812941
"LINESTRING (-81.9421719 26.4490772,-81.941992 26.4490762)",3594,5723831291,5723831296,602699919,,service,False,False,17.911,,,,,,,,,,,3.5972179176552443
"LINESTRING (-81.9414698 26.4490733,-81.9417897 26.4490751)",3597,5723831292,5723831293,602699919,,service,False,True,31.849,,,,,,,,,,,1.9784698547103847
"LINESTRING (-81.9414698 26.4490733,-81.9414693 26.4487802)",3596,5723831292,5723831300,602699917,Gulf Beach Road,unclassified,False,True,32.591,,,,,,,,,,,4.878726800819925
"LINESTRING (-81.9417897 26.4490751,-81.941992 26.4490762)",3600,5723831293,5723831296,602699919,,service,False,True,20.141,,,,,,,,,,,0.0
"LINESTRING (-81.9417897 26.4490751,-81.9417946 26.4487851)",3601,5723831293,5723831299,602699920,,service,False,False,32.25,,,,,,,,,,,0.089930447941381
"LINESTRING (-81.9418024 26.4483209,-81.9418011 26.4483899,-81.9418001 26.4484596)",3604,5723831294,5723831298,602699920,,service,False,True,15.425,,,,,,,,,,,0.2248261198534526
"LINESTRING (-81.9418024 26.4483209,-81.9418783 26.4483481)",3602,5723831294,5725934757,882352979,Estero Boulevard,secondary,False,False,8.139,2,CR 865,,,25 mph,,,,,,0.4496522397069054
"LINESTRING (-81.9418024 26.4483209,-81.9416705 26.4482736)",3603,5723831294,5725934761,882352979,Estero Boulevard,secondary,False,True,14.146,2,CR 865,,,25 mph,,,,,,0.2248261198534526
"LINESTRING (-81.941993 26.4483892,-81.9419924 26.4484579,-81.9419928 26.4485288)",3606,5723831295,5723831297,602699921,,service,False,False,15.523,,,,,,,,,,,0.4271696277215602
"LINESTRING (-81.941993 26.4483892,-81.9420646 26.4484149)",3605,5723831295,5725934732,882352979,Estero Boulevard,secondary,False,False,7.68,2,CR 865,,,25 mph,,,,,,0.4271696277215602
"LINESTRING (-81.941993 26.4483892,-81.9419345 26.4483682,-81.9418783 26.4483481)",3607,5723831295,5725934757,882352979,Estero Boulevard,secondary,False,True,12.3,2,CR 865,,,25 mph,,,,,,0.651995747575013
"LINESTRING (-81.941992 26.4490762,-81.9419928 26.4485288)",3610,5723831296,5723831297,602699921,,service,False,True,60.868,,,,,,,,,,,0.0
"LINESTRING (-81.9419928 26.4485288,-81.9418001 26.4484596)",3612,5723831297,5723831298,602699922,,service,False,False,20.67,,,,,,,,,,,0.0
"LINESTRING (-81.9418001 26.4484596,-81.9417946 26.4487851)",3614,5723831298,5723831299,602699920,,service,False,True,36.198,,,,,,,,,,,0.089930447941381
"LINESTRING (-81.9417946 26.4487851,-81.9414693 26.4487802)",3619,5723831299,5723831300,602699923,,service,False,False,32.39,,,,,,,,,,,2.9901873940509223
"LINESTRING (-81.9414693 26.4487802,-81.941469 26.4486018)",3621,5723831300,5723831315,602699917,Gulf Beach Road,unclassified,False,True,19.837,,,,,,,,,,,8.318566434577752
"LINESTRING (-81.9412753 26.4481329,-81.9412538 26.4481968,-81.9411957 26.4483698,-81.941187 26.4484476,-81.9412067 26.4484946,-81.9412585 26.448541,-81.9413045 26.4485652,-81.941469 26.4486018)",3625,5723831313,5723831315,602699926,,service,False,True,71.267,,,,,,,,,,,5.463274712438902
"LINESTRING (-81.9412753 26.4481329,-81.9411535 26.4480898)",3624,5723831313,5796555509,882352979,Estero Boulevard,secondary,False,True,13.039,2,CR 865,,,25 mph,,,,,,0.5620652996336318
"LINESTRING (-81.9423803 26.4476912,-81.9423801 26.4478055)",3629,5725934655,5725934724,603039718,,service,False,False,12.71,,,,,,,,,,,0.0
"LINESTRING (-81.9423782 26.4485267,-81.9423786 26.4483842)",3630,5725934656,5725934734,603039718,,service,False,True,15.845,,,,,,,,,,,6.160235683984608
"LINESTRING (-81.9429283 26.4478504,-81.9429218 26.4481549)",3633,5725934717,5725934718,603039726,,service,False,False,33.865,,,,,,,,,,,4.676383292951818
"LINESTRING (-81.9425579 26.4483257,-81.942379 26.4482407)",3637,5725934719,5725934720,603039727,,service,False,False,20.163,,,,,,,,,,,170.10344228112237
"LINESTRING (-81.942379 26.4482407,-81.9423795 26.4480077)",3639,5725934720,5725934722,603039718,,service,False,True,25.909,,,,,,,,,,,0.80937403147243
"LINESTRING (-81.942379 26.4482407,-81.9423786 26.4483842)",3638,5725934720,5725934734,603039718,,service,False,False,15.957,,,,,,,,,,,6.025340012072536
"LINESTRING (-81.9426618 26.4481174,-81.9423795 26.4480077)",3641,5725934721,5725934722,603039728,,service,False,False,30.638,,,,,,,,,,,13.894254206943382
"LINESTRING (-81.9423795 26.4480077,-81.9423801 26.4478055)",3643,5725934722,5725934724,603039718,,service,False,True,22.484,,,,,,,,,,,0.0
"LINESTRING (-81.9426207 26.4478991,-81.9423801 26.4478055)",3645,5725934723,5725934724,603039729,,service,False,False,26.117,,,,,,,,,,,0.0
"LINESTRING (-81.9420646 26.4484149,-81.9420622 26.4476272)",3649,5725934732,5725934733,603039731,,service,False,False,87.589,,,,,,,,,,,0.9442697033845016
"LINESTRING (-81.9418844 26.447892,-81.9418783 26.4483481)",3656,5725934756,5725934757,603039738,,service,False,False,50.72,,,,,,,,,,,0.2248261198534526
"LINESTRING (-81.9414881 26.4478164,-81.9415736 26.4478186,-81.9416712 26.447903,-81.9416705 26.4482736)",3662,5725934760,5725934761,603039739,,service,False,True,63.234,,,,,,,,,,,27.04658221837037
"LINESTRING (-81.9414881 26.4478164,-81.941492 26.447603,-81.9414952 26.4474475)",3661,5725934760,5725934809,11018302,Gulf Beach Road,residential,False,True,41.026,,,,,,,,,,,27.091547442341064
"LINESTRING (-81.9414881 26.4478164,-81.9414835 26.448071)",3660,5725934760,5726231041,11018302,Gulf Beach Road,residential,False,False,28.314,,,,,,,,,,,27.091547442341064
"LINESTRING (-81.9412068 26.4473188,-81.9413137 26.4473586)",3666,5725934807,5725934811,603039745,,service,False,False,11.526,,,,,,,,,,,4.429074561113019
"LINESTRING (-81.9414952 26.4474475,-81.9414963 26.4472264,-81.9413753 26.4471939,-81.9413137 26.4473586)",3668,5725934809,5725934811,"[603039746, 603039748, 11018302]",Gulf Beach Road,"['residential', 'service']",False,"[False, True]",56.475,,,,,,,,,,,0.179860895882762
"LINESTRING (-81.9414835 26.448071,-81.9411515 26.4479664,-81.9411085 26.4480739)",3679,5726231041,5726231043,"[603091112, 603091113]",,service,False,False,47.737,,,,,,,,,,,10.297036289288137
"LINESTRING (-81.9411085 26.4480739,-81.9408974 26.4479993)",3681,5726231043,5736531739,882352979,Estero Boulevard,secondary,False,True,22.594,2,CR 865,,,25 mph,,,,,,61.96207863161158
"LINESTRING (-81.9411085 26.4480739,-81.9411535 26.4480898)",3680,5726231043,5796555509,882352979,Estero Boulevard,secondary,False,False,4.816,2,CR 865,,,25 mph,,,,,,10.769171140980388
"LINESTRING (-81.9408974 26.4479993,-81.9410274 26.4476929)",3683,5736531739,5736531742,604626903,,service,False,True,36.446,,,,,,,,,,,154.09582254755654
"LINESTRING (-81.9408974 26.4479993,-81.9408078 26.4479676)",3685,5736531739,5796555514,882352979,Estero Boulevard,secondary,False,True,9.592,2,CR 865,,,25 mph,,,,,,68.57196655530309
"LINESTRING (-81.9410274 26.4476929,-81.9411424 26.4477325,-81.9411962 26.4476096,-81.9410809 26.4475668,-81.9410274 26.4476929)",3687,5736531742,5736531742,"[604626900, 604626901, 604626902, 604626903]",,service,False,False,54.37,,,,,,,,,,,204.7716299625248
"LINESTRING (-81.9410966 26.4474411,-81.9407214 26.4473083,-81.9405212 26.447749)",3689,5736531787,5736531790,"[604626908, 604626911]",,service,False,False,93.069,,,,,,,,,,,82.2189120304077
"LINESTRING (-81.9404752 26.4478501,-81.9405212 26.447749)",3690,5736531789,5736531790,604626911,,service,False,True,12.139,,,,,,,,,,,72.50642365273853
"LINESTRING (-81.9404752 26.4478501,-81.9404499 26.4478412)",3692,5736531789,5796555522,882352979,Estero Boulevard,secondary,False,True,2.706,2,CR 865,,,25 mph,,,,,,9.982279721493304
"LINESTRING (-81.9404752 26.4478501,-81.9405559 26.4478787)",3691,5736531789,5796555524,882352979,Estero Boulevard,secondary,False,False,8.641,2,CR 865,,,25 mph,,,,,,1.5962654509595147
"LINESTRING (-81.9405212 26.447749,-81.9408369 26.4478623,-81.9407918 26.447962)",3694,5736531790,5736531792,"[604626909, 604626910]",,service,False,False,45.822,,,,,,,,,,,113.87442970577385
"LINESTRING (-81.9407918 26.447962,-81.9408078 26.4479676)",3696,5736531792,5796555514,882352979,Estero Boulevard,secondary,False,False,1.71,2,CR 865,,,25 mph,,,,,,58.22996504204426
"LINESTRING (-81.9407918 26.447962,-81.940616 26.4478999,-81.9405559 26.4478787)",3698,5736531792,5796555524,882352979,Estero Boulevard,secondary,False,True,25.246,2,CR 865,,,25 mph,,,,,,42.96427150399482
"LINESTRING (-81.9400461 26.4472474,-81.939661 26.4471072)",3699,5736734525,5736734526,604655183,,service,False,False,41.388,,,,,,,,,,,161.56004972669118
"LINESTRING (-81.939661 26.4471072,-81.939676 26.447089,-81.939715 26.447032,-81.9397301 26.4469983)",3701,5736734526,5736734597,11037614,Pompano Street,unclassified,False,False,13.986,,,,,,,,,,,1.6412306749302052
"LINESTRING (-81.9397301 26.4469983,-81.9395553 26.4469095)",3703,5736734597,5736734601,604655195,,service,False,False,20.009,,,,,,,,,,,56.1615647393925
"LINESTRING (-81.9389785 26.4467315,-81.9391666 26.4467804)",3708,5736734599,5736734603,604655195,,service,False,True,19.5,,,,,,,,,,,29.654565208670423
"LINESTRING (-81.9395553 26.4469095,-81.9394423 26.4468521,-81.9391666 26.4467804)",3710,5736734601,5736734603,604655195,,service,False,False,41.518,,,,,,,,,,,171.63225989612584
"LINESTRING (-81.9389419 26.4470395,-81.9387114 26.4469945,-81.9384906 26.4468085,-81.9383521 26.4465902,-81.9386021 26.446418)",3718,5736939799,5736939803,"[604683571, 604683572]",,service,False,False,112.99,,,,,,,,,,,39.45698403428096
"LINESTRING (-81.9375596 26.4460498,-81.9377565 26.4455488,-81.9379588 26.4456301,-81.9378416 26.4458719,-81.9378366 26.4458982,-81.9378444 26.4459308,-81.9378573 26.4459635,-81.9378637 26.4459948,-81.937853 26.4460255,-81.9377048 26.4461411)",3722,5736939822,5736939831,"[604683576, 604683577, 604683578]",,service,True,False,147.656,,,,,,,,,,,3.7231205447731774
"LINESTRING (-81.9375596 26.4460498,-81.937492 26.446011,-81.9374881 26.4460088)",3721,5736939822,5736939916,11041092,Estero Boulevard,secondary,False,True,8.453,2,CR 865,,,25 mph,,,,,,0.566561822030701
"LINESTRING (-81.9376508 26.4456439,-81.9374881 26.4460088)",3725,5736939915,5736939916,604683596,,service,False,False,43.689,,,,,,,,,,,0.0
"LINESTRING (-81.9349662 26.4453024,-81.9351917 26.4449297,-81.9352317 26.4448635)",3729,5737200754,5737200755,604711914,,service,False,False,55.502,,,,,,,,,,,233.25709934795728
"LINESTRING (-81.9342913 26.4453585,-81.9341654 26.4452297)",3733,5737200776,5737200777,604711918,,service,False,False,19.032,,,,,,,,,,,303.65015747407335
"LINESTRING (-81.9341654 26.4452297,-81.933786 26.445549,-81.9337247 26.4456045)",3736,5737200777,5737200782,11029817,Voorhis Street,residential,False,False,60.519,,,,,,,,,,,446.1224696252064
"LINESTRING (-81.9341654 26.4452297,-81.9343098 26.4451082)",3734,5737200777,8776543597,11029817,Voorhis Street,residential,False,True,19.728,,,,,,,,,,,168.5746246661189
"LINESTRING (-81.9344905 26.4456412,-81.9342455 26.4456379,-81.9340674 26.4456656,-81.933804 26.4456656,-81.9337247 26.4456045)",3737,5737200778,5737200782,604711919,,service,False,False,79.032,,,,,,,,,,,1190.9489220877101
"LINESTRING (-81.9301569 26.4423774,-81.9306291 26.4426546,-81.9306448 26.4426923,-81.9306374 26.4427285,-81.9306011 26.442781,-81.930563 26.4428119)",3741,5737200848,5737200860,604711930,,service,False,False,76.767,,,,,,,,,,,644.3291768880104
"LINESTRING (-81.9299403 26.4433192,-81.9300294 26.4434098)",3743,5737200853,5737200855,604711935,,service,False,False,13.423,,,,,,,,,,,648.1062557015482
"LINESTRING (-81.9299403 26.4433192,-81.9299008 26.443279)",3744,5737200853,5737200858,604711935,,service,False,True,5.954,,,,,,,,,,,219.0031233492483
"LINESTRING (-81.9299403 26.4433192,-81.930563 26.4428119)",3742,5737200853,5737200860,604711930,,service,False,True,83.819,,,,,,,,,,,31.56558722742477
"LINESTRING (-81.9300294 26.4434098,-81.9306618 26.4429114)",3746,5737200855,5737200859,191356589,Connecticut Street,residential,False,True,83.879,,,,,,,,,,,770.0969083340318
"LINESTRING (-81.9300294 26.4434098,-81.9295946 26.4437789)",3745,5737200855,8289061909,191356589,Connecticut Street,residential,False,False,59.652,,,,,,,,,,,900.608470908961
"LINESTRING (-81.9299008 26.443279,-81.9295741 26.443546,-81.9293652 26.4434351,-81.9297376 26.4431128,-81.9299008 26.443279)",3749,5737200858,5737200858,"[604711931, 604711933, 604711934, 604711935]",,service,False,False,144.392,,,,,,,,,,,374.8750722436472
"LINESTRING (-81.9306618 26.4429114,-81.930563 26.4428119)",3752,5737200859,5737200860,604711936,,service,False,False,14.804,,,,,,,,,,,153.55623985990826
"LINESTRING (-81.9284381 26.4418101,-81.9285858 26.4416879)",3758,5741904809,5741904811,11009159,Saint Peters Drive,residential,False,True,20.022,,,,,,,,,,,269.5485316147016
"LINESTRING (-81.9284381 26.4418101,-81.9281076 26.4420837)",3757,5741904809,5741904813,11009159,Saint Peters Drive,residential,False,False,44.814,,,,,,,,,,,533.2650736804046
"LINESTRING (-81.9283117 26.4416882,-81.9283526 26.4417276,-81.9284381 26.4418101)",3778,5741904921,5741904809,605364665,,service,True,False,18.496,,,,,,,,,,,95.16889653396656
"LINESTRING (-81.9284612 26.4411649,-81.9284202 26.4412289,-81.9283524 26.4413351,-81.9282829 26.4413937)",3761,5741904810,5741904812,605364663,,service,False,False,31.311,,,,,,,,,,,369.3893149192229
"LINESTRING (-81.9285858 26.4416879,-81.9282829 26.4413937)",3763,5741904811,5741904812,605364664,,service,True,False,44.493,,,,,,,,,,,160.03348037288623
"LINESTRING (-81.9282829 26.4413937,-81.9281588 26.4414983,-81.9281524 26.4415182,-81.9281669 26.4415484,-81.9281939 26.4415745,-81.9282749 26.4416526,-81.9283117 26.4416882)",3766,5741904812,5741904921,605364665,,service,True,False,44.128,,,,,,,,,,,120.428111099502
"LINESTRING (-81.9281076 26.4420837,-81.9279581 26.4419264)",3768,5741904813,5741904817,605364666,,service,False,False,22.967,,,,,,,,,,,368.78228439561855
"LINESTRING (-81.927516 26.4420253,-81.9275282 26.4420153,-81.9275598 26.4419894,-81.9278173 26.4417783,-81.9279182 26.4418845)",3770,5741904815,5741904818,"[605364666, 614849562]",,service,False,True,56.176,,,,parking_aisle,,,,,,,2146.9545489285624
"LINESTRING (-81.927665 26.4421485,-81.9279581 26.4419264)",3771,5741904816,5741904817,605364667,,service,False,False,38.229,,,,parking_aisle,,,,,,,26.934169158443645
"LINESTRING (-81.9279581 26.4419264,-81.9279182 26.4418845)",3772,5741904817,5741904818,605364666,,service,False,False,6.123,,,,,,,,,,,129.67970593147155
"LINESTRING (-81.9279182 26.4418845,-81.928118 26.4418382,-81.9281755 26.4418063,-81.9281868 26.4418,-81.9282315 26.44176,-81.9283117 26.4416882)",3777,5741904818,5741904921,605364668,,service,False,False,46.192,,,,,,,,,,,111.64865111922464
"LINESTRING (-81.9386264 26.4479272,-81.9382739 26.4477906)",3780,5742089175,5742089177,605387057,,service,False,True,38.24,,,,,,,,,,,7.8464315828855025
"LINESTRING (-81.9382739 26.4477906,-81.9384081 26.447507)",3783,5742089177,5742089183,605387054,,service,False,False,34.248,,,,,,,,,,,158.77220584050835
"LINESTRING (-81.9385375 26.4471016,-81.9385034 26.447161,-81.9384623 26.4472328,-81.9384558 26.4472909)",3788,5742089180,5742089182,605387054,,service,False,True,22.89,,,,,,,,,,,43.279028071789654
"LINESTRING (-81.9385375 26.4471016,-81.938535 26.4471,-81.938476 26.447054,-81.938372 26.446953,-81.938312 26.446888,-81.9382959 26.446866)",3787,5742089180,5742089187,11041092,Estero Boulevard,secondary,False,True,35.672,2,CR 865,,,25 mph,,,,,,84.91682546864912
"LINESTRING (-81.938863 26.4474688,-81.9384558 26.4472909)",3789,5742089181,5742089182,605387055,,service,False,False,45.109,,,,,,,,,,,22.05544235762372
"LINESTRING (-81.9384558 26.4472909,-81.9384386 26.4474427,-81.9384081 26.447507)",3794,5742089182,5742089183,605387054,,service,False,True,24.734,,,,,,,,,,,97.4171577325011
"LINESTRING (-81.9378525 26.4473635,-81.9378557 26.4469639)",3799,5742089184,5742089188,11018445,Lovers Lane,residential,False,True,44.435,,,,,,,,,,,95.01151825006914
"LINESTRING (-81.9380921 26.446968,-81.9380859 26.4473654,-81.9378525 26.4473635)",3814,5742089192,5742089184,"[605387058, 605387062]",,service,True,False,67.431,,,,,,,,,,,14.616909592186625
"LINESTRING (-81.9382959 26.446866,-81.9382355 26.4469055,-81.9381906 26.4469348)",3802,5742089187,5742089190,605387059,,service,False,True,12.978,,,,,,,,,,,63.60330930654178
"LINESTRING (-81.9378557 26.4469639,-81.9380921 26.446968)",3804,5742089188,5742089192,605387059,,service,False,False,23.54,,,,,,,,,,,66.50998985607572
"LINESTRING (-81.9378557 26.4469639,-81.937856 26.44692,-81.937868 26.446777,-81.93788 26.446703,-81.9378858 26.4466836)",3805,5742089188,5742089201,11018445,Lovers Lane,residential,False,True,31.376,,,,,,,,,,,78.8465202326059
"LINESTRING (-81.9382114 26.447048,-81.9381906 26.4469348)",3806,5742089189,5742089190,605387060,,service,False,False,12.756,,,,,,,,,,,237.37141734127553
"LINESTRING (-81.9381906 26.4469348,-81.9381387 26.4469688,-81.9380921 26.446968)",3809,5742089190,5742089192,605387059,,service,False,True,11.042,,,,,,,,,,,0.7258671869554332
"LINESTRING (-81.937979 26.4467607,-81.9380921 26.446968)",3810,5742089191,5742089192,605387061,,service,False,False,25.654,,,,,,,,,,,11.090351312199607
"LINESTRING (-81.9378858 26.4466836,-81.9376975 26.4466349,-81.9377649 26.4465402,-81.9378232 26.4464602)",3817,5742089201,5742089204,"[605387065, 605387066]",,service,False,False,42.621,,,,,,,,,,,35.83728350464037
"LINESTRING (-81.9348255 26.444396,-81.9347907 26.4444572)",3819,5744360271,5744360275,605719681,,service,False,False,7.636,,,,,,,,,,,214.07943132445772
"LINESTRING (-81.9347102 26.4445985,-81.9347907 26.4444572)",3822,5744360272,5744360275,605719681,,service,False,True,17.638,,,,,,,,,,,0.0674478359560358
"LINESTRING (-81.9347102 26.4445985,-81.9346956 26.4445911)",3821,5744360272,5816062157,11041092,Estero Boulevard,secondary,False,True,1.67,2,CR 865,,,25 mph,,,,,,0.0674478359560358
"LINESTRING (-81.9347213 26.4443437,-81.9346864 26.444403)",3823,5744360273,5744360276,605719682,,service,False,False,7.453,,,,,,,,,,,3.304943961845756
"LINESTRING (-81.9346032 26.4445441,-81.9346864 26.444403)",3826,5744360274,5744360276,605719682,,service,False,True,17.742,,,,,,,,,,,0.0224826119853452
"LINESTRING (-81.9346032 26.4445441,-81.9345017 26.4444925)",3825,5744360274,5816061944,11041092,Estero Boulevard,secondary,False,True,11.621,2,CR 865,,,25 mph,,,,,,0.0224826119853452
"LINESTRING (-81.9346032 26.4445441,-81.9346956 26.4445911)",3824,5744360274,5816062157,11041092,Estero Boulevard,secondary,False,False,10.58,2,CR 865,,,25 mph,,,,,,0.0224826119853452
"LINESTRING (-81.9347907 26.4444572,-81.9346864 26.444403)",3829,5744360275,5744360276,605719683,,service,False,False,12.006,,,,,,,,,,,0.0
"LINESTRING (-81.9207585 26.4375154,-81.9207334 26.4375467,-81.920717 26.4375989,-81.92073 26.43764,-81.9207705 26.4376842)",3834,5749721191,5749721192,606434007,,service,True,False,21.422,,,private,,,,,,,,0.0337239179780178
"LINESTRING (-81.9207705 26.4376842,-81.9207805 26.4378257)",3835,5749721192,5749721200,606434006,,service,False,False,15.766,,,private,,,,,,,,0.0
"LINESTRING (-81.920351 26.4376798,-81.9207805 26.4378257)",3837,5749721199,5749721200,606434008,,service,False,False,45.738,,,private,parking_aisle,,,,,,,0.0
"LINESTRING (-81.9207805 26.4378257,-81.9207958 26.4380421)",3838,5749721200,5749721202,606434006,,service,False,False,24.111,,,private,,,,,,,,0.0
"LINESTRING (-81.9202684 26.4378754,-81.9203745 26.4379089)",3841,5749721201,5749721204,606434009,,service,False,False,11.201,,,private,parking_aisle,,,,,,,3.372391797801792
"LINESTRING (-81.9207958 26.4380421,-81.9203745 26.4379089)",3843,5749721202,5749721204,606434009,,service,False,True,44.485,,,private,parking_aisle,,,,,,,0.0
"LINESTRING (-81.9203745 26.4379089,-81.9202913 26.4381196)",3847,5749721204,5749721206,606434011,,service,False,True,24.85,,,private,parking_aisle,,,,,,,0.2248261198534526
"LINESTRING (-81.9206843 26.4386382,-81.920154 26.4384674,-81.9202913 26.4381196)",3850,5749721205,5749721206,"[606434010, 606434011]",,service,False,False,97.13,,,private,parking_aisle,,,,,,,0.2248261198534526
"LINESTRING (-81.9206843 26.4386382,-81.920713 26.4385598)",3848,5749721205,5749721208,606434006,,service,False,True,9.174,,,private,,,,,,,,0.0
"LINESTRING (-81.9206843 26.4386382,-81.9206511 26.4387287,-81.9206471 26.4387466)",3849,5749721205,5749721210,606434006,,service,False,False,12.622,,,private,,,,,,,,0.0
"LINESTRING (-81.921232 26.4387263,-81.9209348 26.438631,-81.920713 26.4385598)",3854,5749721207,5749721208,606434013,,service,False,False,54.891,,,private,parking_aisle,,,,,,,628.9510702900342
"LINESTRING (-81.9206471 26.4387466,-81.9211988 26.4389193,-81.9211182 26.4391091)",3860,5749721210,5749721216,"[606434017, 606434015]",,service,False,True,80.769,,,private,,,,,,,,1.708678510886241
"LINESTRING (-81.9206471 26.4387466,-81.9206049 26.4389354)",3858,5749721210,5749721217,606434006,,service,False,False,21.41,,,private,,,,,,,,2.4955699303733256
"LINESTRING (-81.9213014 26.4393864,-81.9209959 26.4393969)",3862,5749721214,5749721215,606434016,,service,False,False,30.439,,,private,parking_aisle,,,,,,,236.47211286186163
"LINESTRING (-81.9209959 26.4393969,-81.9211182 26.4391091)",3863,5749721215,5749721216,606434015,,service,False,False,34.24,,,private,,,,,,,,1.708678510886241
"LINESTRING (-81.9211182 26.4391091,-81.9206049 26.4389354)",3867,5749721216,5749721217,606434018,,service,False,False,54.635,,,private,,,,,,,,4.204248441259566
"LINESTRING (-81.9216677 26.437124,-81.9214956 26.4370022)",3872,5750060793,5750060795,606474896,,service,False,False,21.842,,,,,,,,,,,43.121649787892245
"LINESTRING (-81.9212521 26.4368297,-81.9214956 26.4370022)",3873,5750060794,5750060795,606474896,,service,False,True,30.915,,,,,,,,,,,66.32370535676857
"LINESTRING (-81.9215716 26.4369115,-81.9215338 26.436959,-81.9214956 26.4370022)",713,5750060796,5750060795,606474897,,service,False,True,12.613,,,,,,,,,,,31.63303506338081
"LINESTRING (-81.9204591 26.4353837,-81.9210261 26.4357929,-81.9209138 26.4359223,-81.9208094 26.4359485)",3877,5750312022,5750312025,"[606502292, 606502295]",,service,False,False,101.526,,,,,,,,,,,106.34275469068317
"LINESTRING (-81.9208094 26.4359485,-81.9206899 26.4360758)",3878,5750312025,5750312029,606502295,,service,False,False,18.492,,,,,,,,,,,199.33083786207123
"LINESTRING (-81.9205945 26.4361775,-81.9206392 26.4361299,-81.9206899 26.4360758)",716,5750312026,5750312029,606502295,,service,False,True,14.768,,,,,,,,,,,0.7868914194870846
"LINESTRING (-81.9205945 26.4361775,-81.9207286 26.4362758,-81.92075 26.4362908,-81.9208051 26.4363305)",715,5750312026,5783014101,11028771,Estero Boulevard,secondary,False,True,27.003,2,CR 865,,,25 mph,,,,,,2.023435078681074
"LINESTRING (-81.9194952 26.4353696,-81.9195396 26.4353215,-81.9197471 26.4350967)",719,5750312039,5750312038,606502300,,service,False,True,39.369,,,,,,,,,,,6.609887923691512
"LINESTRING (-81.9194952 26.4353696,-81.9193165 26.435237)",717,5750312039,5750312041,11028771,Estero Boulevard,secondary,False,False,23.108,2,CR 865,,,25 mph,,,,,,1.5063350030181335
"LINESTRING (-81.9193165 26.435237,-81.9195617 26.4349597)",722,5750312041,5750312040,606502301,,service,False,True,39.33,,,,,,,,,,,0.4271696277215602
"LINESTRING (-81.9193165 26.435237,-81.9192923 26.4352191)",720,5750312041,5808110414,11028771,Estero Boulevard,secondary,False,False,3.125,2,CR 865,,,25 mph,,,,,,0.4271696277215602
"LINESTRING (-81.9181193 26.4342172,-81.9182352 26.4340838,-81.9178354 26.4337846)",735,5750312077,5750312070,"[606502306, 606502307]",,service,False,True,70.674,,,,,,,,,,,431.37387616281984
"LINESTRING (-81.9180505 26.4342965,-81.9181193 26.4342172)",724,5750312072,5750312077,606502307,,service,False,True,11.166,,,,,,,,,,,2.877774334124195
"LINESTRING (-81.9180505 26.4342965,-81.9175674 26.4339409,-81.9174232 26.4338348,-81.9173091 26.4337508,-81.9172413 26.4337009,-81.9171315 26.4336201,-81.9170202 26.4335382)",725,5750312072,5808110213,11028771,Estero Boulevard,secondary,False,False,132.792,2,CR 865,,,25 mph,,,,,,1.5513002269888243
"LINESTRING (-81.9177088 26.4336869,-81.9170979 26.43324,-81.9169828 26.4333619)",726,5750312073,5750312076,"[606502308, 606502309]",,service,False,False,96.295,,,,,,,,,,,621.2170517670754
"LINESTRING (-81.9168998 26.4334496,-81.9169828 26.4333619)",728,5750312075,5750312076,606502309,,service,False,True,12.783,,,,,,,,,,,1.303991495150026
"LINESTRING (-81.9168998 26.4334496,-81.916865 26.433424,-81.9167951 26.4333714)",729,5750312075,5808110169,11028771,Estero Boulevard,secondary,False,False,13.575,2,CR 865,,,25 mph,,,,,,0.4496522397069054
"LINESTRING (-81.9168998 26.4334496,-81.9169096 26.4334568)",727,5750312075,5808110180,11028771,Estero Boulevard,secondary,False,True,1.262,2,CR 865,,,25 mph,,,,,,0.0
"LINESTRING (-81.9169828 26.4333619,-81.9181193 26.4342172)",731,5750312076,5750312077,606502310,,service,False,False,147.819,,,,,,,,,,,4.18176582927422
"LINESTRING (-81.9191594 26.4351204,-81.9194093 26.4348381)",738,5750312083,5750312082,606502312,,service,False,True,40.056,,,,,,,,,,,14.90597174628392
"LINESTRING (-81.9191594 26.4351204,-81.9190797 26.4350612)",736,5750312083,5808110365,11028771,Estero Boulevard,secondary,False,False,10.311,2,CR 865,,,25 mph,,,,,,0.0
"LINESTRING (-81.9191594 26.4351204,-81.9191911 26.4351439)",737,5750312083,5808110408,11028771,Estero Boulevard,secondary,False,True,4.098,2,CR 865,,,25 mph,,,,,,0.2023435078681074
"LINESTRING (-81.919002 26.4350036,-81.9192441 26.4347205)",741,5750312085,5750312084,606502313,,service,False,True,39.649,,,,,,,,,,,42.08744963656636
"LINESTRING (-81.919002 26.4350036,-81.9190797 26.4350612)",740,5750312085,5808110365,11028771,Estero Boulevard,secondary,False,True,10.044,2,CR 865,,,25 mph,,,,,,0.0
"LINESTRING (-81.919002 26.4350036,-81.9188209 26.4348692)",739,5750312085,5812474292,11028771,Estero Boulevard,secondary,False,False,23.42,2,CR 865,,,25 mph,,,,,,3.2599787378750658
"LINESTRING (-81.9188539 26.4345246,-81.9187342 26.4346576)",3889,5750312125,5750312130,606502319,,service,False,False,18.994,,,,,,,,,,,56.38639085924594
"LINESTRING (-81.9186549 26.4347458,-81.9182506 26.4344452)",742,5750312126,5750312128,11028771,Estero Boulevard,secondary,False,False,52.324,2,CR 865,,,25 mph,,,,,,5.912926952145808
"LINESTRING (-81.9186549 26.4347458,-81.9187342 26.4346576)",744,5750312126,5750312130,606502319,,service,False,True,12.591,,,,,,,,,,,34.89301380125587
"LINESTRING (-81.918438 26.4342263,-81.9183278 26.4343551)",3890,5750312127,5750312129,606502320,,service,False,False,18.042,,,,,,,,,,,34.39839633757828
"LINESTRING (-81.9182506 26.4344452,-81.9183278 26.4343551)",747,5750312128,5750312129,606502320,,service,False,True,12.628,,,,,,,,,,,1.6412306749302052
"LINESTRING (-81.9183278 26.4343551,-81.9184544 26.4344494)",3893,5750312129,5750312134,606502321,,service,False,False,16.397,,,,,,,,,,,0.0449652239706904
"LINESTRING (-81.9187342 26.4346576,-81.9185773 26.4345409)",3896,5750312130,5750312132,606502321,,service,False,True,20.309,,,,,,,,,,,32.622269990735994
"LINESTRING (-81.9187075 26.4343917,-81.9185773 26.4345409)",3897,5750312131,5750312132,606502322,,service,False,False,21.055,,,,,,,,,,,107.75915924575993
"LINESTRING (-81.9185773 26.4345409,-81.9184544 26.4344494)",3899,5750312132,5750312134,606502321,,service,False,True,15.914,,,,,,,,,,,2.04591769066642
"LINESTRING (-81.9185829 26.4343009,-81.9184544 26.4344494)",3901,5750312133,5750312134,606502323,,service,False,False,20.889,,,,,,,,,,,69.7185797665557
"LINESTRING (-81.9196492 26.4354833,-81.9196951 26.4354322,-81.9197939 26.4353224)",750,5750312186,5750312172,606502328,,service,False,False,22.971,,,,driveway,,,,,,,0.089930447941381
"LINESTRING (-81.9198619 26.4352407,-81.9198569 26.4352381,-81.9198372 26.4352348,-81.9198175 26.4352376,-81.9198 26.4352463,-81.9197868 26.4352598,-81.9197795 26.4352764,-81.9197787 26.4352929,-81.9197836 26.4353087,-81.9197939 26.4353224)",3912,5750312192,5750312172,606502327,,service,True,False,16.025,,,,driveway,,,roundabout,,,,0.0
"LINESTRING (-81.9197939 26.4353224,-81.9198084 26.4353325,-81.9198257 26.4353381,-81.9198441 26.4353386,-81.9198617 26.4353338,-81.9198708 26.4353282)",3905,5750312172,5750312194,606502327,,service,True,False,8.425,,,,driveway,,,roundabout,,,,0.0
"LINESTRING (-81.9196492 26.4354833,-81.9197914 26.4355878)",749,5750312186,5812474104,11028771,Estero Boulevard,secondary,False,True,18.316,2,CR 865,,,25 mph,,,,,,4.204248441259566
"LINESTRING (-81.9199966 26.4352776,-81.9199668 26.435288,-81.9199297 26.4352912,-81.9198938 26.4352904)",3907,5750312187,5750312190,606502330,,service,False,False,10.472,,,,driveway,,,,,,,0.0
"LINESTRING (-81.9198938 26.4352904,-81.9198938 26.4352778,-81.9198869 26.4352609,-81.9198741 26.4352472,-81.9198619 26.4352407)",3908,5750312190,5750312192,606502327,,service,True,False,6.801,,,,driveway,,,roundabout,,,,0.0
"LINESTRING (-81.9198708 26.4353282,-81.9198768 26.4353244,-81.9198879 26.4353113,-81.9198938 26.4352957,-81.9198938 26.4352904)",3915,5750312194,5750312190,606502327,,service,True,False,4.98,,,,driveway,,,roundabout,,,,0.0
"LINESTRING (-81.9198908 26.4351991,-81.9198619 26.4352407)",3910,5750312191,5750312192,606502331,,service,False,False,5.448,,,,driveway,,,,,,,0.0
"LINESTRING (-81.9198963 26.4353756,-81.9198708 26.4353282)",3913,5750312193,5750312194,606502332,,service,False,False,5.85,,,,driveway,,,,,,,5.395826876482866
"LINESTRING (-81.9222131 26.4373386,-81.9222585 26.4372924,-81.92243 26.437118)",753,5751752807,5751752805,606732461,,service,False,True,32.682,,,,,,,,,,,155.19747053483846
"LINESTRING (-81.9222131 26.4373386,-81.9223611 26.4374433)",752,5751752807,5814968579,11028771,Estero Boulevard,secondary,False,True,18.78,2,CR 865,,,25 mph,,,,,,0.0
"LINESTRING (-81.9223836 26.4374592,-81.9225919 26.4372345)",755,5751752810,5751752808,606732462,,service,False,True,32.472,,,,,,,,,,,0.0
"LINESTRING (-81.9223836 26.4374592,-81.9223611 26.4374433)",754,5751752810,5814968579,11028771,Estero Boulevard,secondary,False,False,2.854,2,CR 865,,,25 mph,,,,,,0.0
"LINESTRING (-81.9149144 26.4313732,-81.9146636 26.4316067)",757,5754062419,5754062420,607069164,,service,False,False,36.024,,,,,,,,,,,50.6982900269536
"LINESTRING (-81.9146636 26.4316067,-81.9149523 26.431854)",759,5754062420,5784212617,11028771,Estero Boulevard,secondary,False,True,39.781,2,CR 865,,,25 mph,,,,,,181.11992215394156
"LINESTRING (-81.9143258 26.4306345,-81.9140645 26.4308639,-81.9139977 26.4308754)",761,5754063115,5754063117,607069173,,service,False,False,43.209,,,,,,,,,,,23.741638256524617
"LINESTRING (-81.9139977 26.4308754,-81.9136227 26.4305502)",762,5754063117,5754063118,607069173,,service,False,False,51.979,,,,,,,,,,,35.18528775706536
"LINESTRING (-81.9139977 26.4308754,-81.9139082 26.4309621)",763,5754063117,5754063221,607069175,,service,False,False,13.129,,,,,,,,,,,122.05810046843953
"LINESTRING (-81.9136227 26.4305502,-81.913869 26.4303192)",767,5754063118,5754063119,607069174,,service,False,True,35.514,,,,,,,,,,,119.69742620997825
"LINESTRING (-81.9136227 26.4305502,-81.9135286 26.4306385)",766,5754063118,5754063120,607069174,,service,False,False,13.572,,,,,,,,,,,102.61064110111586
"LINESTRING (-81.9135286 26.4306385,-81.9133763 26.4305087,-81.9130738 26.4302508,-81.912992 26.430181,-81.9127741 26.4299808,-81.9125656 26.4297892)",771,5754063120,5784803019,11028771,Estero Boulevard,secondary,False,False,134.609,2,CR 865,,,25 mph,,,,,,156.3440837460911
"LINESTRING (-81.9135286 26.4306385,-81.913603 26.4307019)",769,5754063120,5807085165,11028771,Estero Boulevard,secondary,False,True,10.226,2,CR 865,,,25 mph,,,,,,94.87662257815708
"LINESTRING (-81.9139082 26.4309621,-81.9138975 26.430953)",772,5754063221,5807085205,11028771,Estero Boulevard,secondary,False,False,1.469,2,CR 865,,,25 mph,,,,,,99.08087101941663
"LINESTRING (-81.9057817 26.4236674,-81.9054187 26.4239285)",775,5754569573,5754569574,607130962,,service,False,False,46.363,,,,,,,,,,,62.996278782937466
"LINESTRING (-81.9054187 26.4239285,-81.90565 26.424199)",778,5754569574,5755082546,719594952,Estero Boulevard,secondary,False,True,37.884,2,CR 865,,,25 mph,,,,,,4.833761576849234
"LINESTRING (-81.9063105 26.4242915,-81.9060951 26.4244492)",779,5754569575,5754569579,11024325,Flamingo Street,residential,False,False,27.705,,,,,,,,,,,64.39020072602888
"LINESTRING (-81.9064485 26.4244878,-81.9061137 26.4247328)",785,5754578330,5754578331,607131937,,service,False,False,43.054,,,,,,,,,,,77.90225052922139
"LINESTRING (-81.9061137 26.4247328,-81.9061505 26.4247742)",788,5754578331,5755082409,719594952,Estero Boulevard,secondary,False,True,5.884,2,CR 865,,,25 mph,,,,,,0.7250642365273852
"LINESTRING (-81.9056712 26.4253641,-81.9058834 26.4253622,-81.9062978 26.4250557,-81.9063765 26.4249975)",790,5755082378,5755082380,607196484,,service,True,False,84.813,,,,,,,,,,,71.51718872538333
"LINESTRING (-81.9056712 26.4253641,-81.9056168 26.4253685)",789,5755082378,5755082395,607196483,,service,False,True,5.439,,,,,,,,,,,27.374828353356417
"LINESTRING (-81.9063765 26.4249975,-81.906285 26.424921,-81.9062108 26.4248415)",791,5755082380,5755082393,719594952,Estero Boulevard,secondary,False,False,23.986,2,CR 865,,,25 mph,,,,,,129.8505737825602
"LINESTRING (-81.9062108 26.4248415,-81.9061403 26.424894,-81.9056124 26.4252873,-81.9056168 26.4253685)",793,5755082393,5755082395,607196486,,service,True,False,86.55,,,,,,,,,,,7.09551234257497
"LINESTRING (-81.9062108 26.4248415,-81.906201 26.424831,-81.9061505 26.4247742)",794,5755082393,5755082409,719594952,Estero Boulevard,secondary,False,False,9.595,2,CR 865,,,25 mph,,,,,,14.295568830881797
"LINESTRING (-81.9059302 26.4249331,-81.9058798 26.4248752,-81.9058339 26.4248279,-81.9056883 26.4246889)",807,5755082410,5755082407,"[607196491, 732208758, 732208759]",,service,True,False,36.323,,,,drive-through,,,,building_passage,,,2.6911686546458293
"LINESTRING (-81.9056883 26.4246889,-81.9054576 26.424857)",798,5755082407,5755082523,165353732,Flamingo Street,residential,False,False,29.616,,,,,,,,,,,4.550480665833883
"LINESTRING (-81.9054423 26.4248682,-81.9056667 26.4251,-81.9057685 26.4250983,-81.9059585 26.4249657,-81.9059302 26.4249331)",802,5755082408,5755082410,607196491,,service,True,False,72.829,,,,drive-through,,,,,,,14.008915528068645
"LINESTRING (-81.9054423 26.4248682,-81.9054576 26.424857)",801,5755082408,5755082523,165353732,Flamingo Street,residential,False,True,1.968,,,,,,,,,,,27.185974412679514
"LINESTRING (-81.9061505 26.4247742,-81.9060781 26.4248264,-81.9059302 26.4249331)",805,5755082409,5755082410,607196492,,service,False,False,28.168,,,,driveway,,,,,,,1.1971990882196362
"LINESTRING (-81.9061505 26.4247742,-81.9063786 26.4246044)",803,5755082409,5787669270,611263383,,service,False,True,29.536,,,,driveway,,,,,,,44.56615760795068
"LINESTRING (-81.9052265 26.4245946,-81.9053461 26.4247304)",809,5755082522,5755082524,607196496,,service,False,False,19.232,,,,,,,,,,,389.55621787007766
"LINESTRING (-81.9054576 26.424857,-81.9053461 26.4247304)",812,5755082523,5755082524,607196496,,service,False,True,17.929,,,,,,,,,,,34.42087894956362
"LINESTRING (-81.9053461 26.4247304,-81.9056069 26.4245463,-81.905516 26.4244428,-81.9055619 26.4244108,-81.9057306 26.4242932)",815,5755082524,5755082527,"[607196497, 607196498, 607196499]",,service,False,False,74.79,,,,,,,,,,,39.70429276611976
"LINESTRING (-81.9057306 26.4242932,-81.90565 26.424199)",816,5755082527,5755082546,719594952,Estero Boulevard,secondary,False,False,13.196,2,CR 865,,,25 mph,,,,,,9.75745360163985
"LINESTRING (-81.9051625 26.424124,-81.9053211 26.4243197,-81.9054123 26.4242909,-81.9054633 26.4242796,-81.9054823 26.4242755,-81.9055367 26.4242689,-81.90557 26.4242519,-81.90565 26.424199)",819,5755082543,5755082546,"[607196502, 607196503]",,service,False,True,62.883,,,,,,,,,,,131.29845399441643
"LINESTRING (-81.9039149 26.422243,-81.9040122 26.4223873,-81.9039964 26.4223966,-81.9038872 26.42246,-81.9038605 26.4224755)",824,5755082593,5755082599,"[607196509, 607196510]",,service,False,False,36.755,,,,parking_aisle,,,,,,,75.09192403105322
"LINESTRING (-81.9039149 26.422243,-81.903762 26.4223314)",823,5755082593,5755082604,607196511,,service,False,True,18.123,,,,parking_aisle,,,,,,,18.975324515631417
"LINESTRING (-81.9041221 26.4215534,-81.9044392 26.4213196,-81.9049435 26.4209502)",829,5756963343,5756963345,607462331,,service,False,False,105.779,,,,,,,,,,,34.19605282971017
"LINESTRING (-81.9041221 26.4215534,-81.9040445 26.4215502,-81.9039341 26.4215797,-81.9038536 26.4216269)",830,5756963343,5756963348,607462332,,service,True,False,28.791,,,,,,,,,,,2.2595025045272
"LINESTRING (-81.903947 26.4217695,-81.9040338 26.4217074,-81.9040811 26.4216651,-81.9041158 26.4216092,-81.9041221 26.4215534)",836,5756963352,5756963343,607462333,,service,True,False,31.067,,,,,,,,,,,2.3943981764392714
"LINESTRING (-81.9038536 26.4216269,-81.903947 26.4217695)",833,5756963348,5756963352,719594952,Estero Boulevard,secondary,False,True,18.383,2,CR 865,,,25 mph,,,,,,0.2697913438241432
"LINESTRING (-81.9046009 26.4205337,-81.9041509 26.4208685)",837,5756963367,5756963369,607462337,,service,False,False,58.258,,,,,,,,,,,9.824901437595887
"LINESTRING (-81.903615 26.4212671,-81.9041509 26.4208685)",840,5756963368,5756963369,607462337,,service,False,True,69.371,,,,,,,,,,,4.698865904937162
"LINESTRING (-81.903615 26.4212671,-81.9034872 26.4210753)",838,5756963368,5756963383,136256174,Estero Boulevard,secondary,False,False,24.836,2,CR 865,,,35 mph,,,,,,2.6979134382414336
"LINESTRING (-81.9041509 26.4208685,-81.9044387 26.4209163,-81.9047446 26.4207034)",843,5756963369,5756963371,607462338,,service,False,False,67.727,,,,,,,,,,,3.012670006036267
"LINESTRING (-81.903351 26.4211525,-81.903659 26.421631)",845,5756963381,5756963382,607462341,,service,True,False,61.414,,,,,,,,,,,32.81562045380997
"LINESTRING (-81.903351 26.4211525,-81.9033837 26.4211335,-81.9034872 26.4210753)",846,5756963381,5756963383,607462340,,service,False,True,16.052,,,,,,,,,,,44.83032829877848
"LINESTRING (-81.9034872 26.4210753,-81.9034502 26.4210198)",849,5756963383,5756987938,136256174,Estero Boulevard,secondary,False,False,7.188,2,CR 865,,,35 mph,,,,,,0.6744783595603584
"LINESTRING (-81.9035675 26.4209467,-81.9035934 26.4209743,-81.9036388 26.4209805,-81.9036911 26.4209763,-81.9040295 26.4207311,-81.9039072 26.4205823,-81.9035665 26.4208227,-81.9035442 26.4208806,-81.9035449 26.4209226,-81.9035675 26.4209467)",853,5756987937,5756987937,607464808,,service,False,False,135.876,,,,,,,,,,,0.3147565677948338
"LINESTRING (-81.9035675 26.4209467,-81.9034502 26.4210198)",852,5756987937,5756987938,607464809,,service,False,False,14.231,,,,,,,,,,,0.8318566434577752
"LINESTRING (-81.9034502 26.4210198,-81.903259 26.4207327)",855,5756987938,5758643550,136256174,Estero Boulevard,secondary,False,False,37.171,2,CR 865,,,35 mph,,,,,,10.162140617376066
"LINESTRING (-81.9033863 26.4206308,-81.9033592 26.4206716,-81.903259 26.4207327)",860,5758643548,5758643550,1164135153,,service,False,False,17.35,,,,,,,,,,,9.487662257815707
"LINESTRING (-81.9033863 26.4206308,-81.9033204 26.4204483,-81.9031997 26.4202857,-81.903084 26.420152)",859,5758643548,5758643551,607701776,,service,True,False,61.848,,,,,,,,,,,0.4721348516922508
"LINESTRING (-81.9033863 26.4206308,-81.9035819 26.4204928)",858,5758643548,10826905931,1164135153,,service,False,True,24.796,,,,,,,,,,,0.0
"LINESTRING (-81.903084 26.420152,-81.9029356 26.4202392)",864,5758643551,5758643552,607701775,,service,True,False,17.675,,,,,,,,,,,0.485624418883458
"LINESTRING (-81.9036759 26.4199437,-81.9035597 26.4198151,-81.9035401 26.419803,-81.9035074 26.4198085,-81.9031087 26.420116,-81.903084 26.420152)",868,5758643556,5758643551,"[607701774, 607701775]",,service,True,False,81.174,,,,,,,,,,,79.47041271519922
"LINESTRING (-81.9029356 26.4202392,-81.9027867 26.420011)",865,5758643552,5758996101,136256174,Estero Boulevard,secondary,False,False,29.389,2,CR 865,,,35 mph,,,,,,0.2697913438241432
"LINESTRING (-81.9038083 26.4200902,-81.9036759 26.4199437)",869,5758643557,5758643556,607701774,,service,True,False,20.957,,,,,,,,,,,131.0342833035886
"LINESTRING (-81.9036759 26.4199437,-81.9032439 26.4202588)",867,5758643556,10826905933,607701777,,service,False,True,55.482,,,,parking_aisle,,,,,,,157.99655572701394
"LINESTRING (-81.9035819 26.4204928,-81.903918 26.4202545,-81.9039243 26.4202328,-81.9039186 26.4202122,-81.9038083 26.4200902)",2263,10826905931,5758643557,"[607701773, 607701774]",,service,True,False,64.997,,,,,,,,,,,52.03600544008164
"LINESTRING (-81.9038083 26.4200902,-81.9033558 26.4204213)",870,5758643557,10826905932,607701778,,service,False,False,58.189,,,,parking_aisle,,,,,,,104.07201088016328
"LINESTRING (-81.9027867 26.420011,-81.9026949 26.4198704)",871,5758996101,5758996108,136256174,Estero Boulevard,secondary,False,False,18.111,2,CR 865,,,35 mph,,,,,,0.242812209441729
"LINESTRING (-81.9027867 26.420011,-81.9029514 26.4199027)",873,5758996101,5758996109,607746565,,service,True,False,20.347,,,,,,,,,,,0.1551300226988824
"LINESTRING (-81.9038062 26.4193318,-81.9033984 26.4196254,-81.9033316 26.4196574)",874,5758996102,5758996111,607746569,,service,False,True,59.649,,,,,,,,,,,512.7654280721669
"LINESTRING (-81.9036191 26.4191267,-81.9031803 26.4194483,-81.9031594 26.4194825)",875,5758996105,5758996112,607746566,,service,False,False,60.799,,,,,,,,,,,43.004740205568446
"LINESTRING (-81.9028431 26.419757,-81.9026949 26.4198704)",881,5758996110,5758996108,607746570,,service,True,False,19.411,,,,,,,,,,,10.741067875998707
"LINESTRING (-81.9029514 26.4199027,-81.9028431 26.419757)",878,5758996109,5758996110,607746567,,service,False,False,19.462,,,,,,,,,,,21.54958358795345
"LINESTRING (-81.9029514 26.4199027,-81.9033046 26.4196703,-81.9033316 26.4196574)",879,5758996109,5758996111,607746565,,service,True,False,46.692,,,,,,,,,,,0.1821091570812967
"LINESTRING (-81.9031594 26.4194825,-81.9031224 26.4195432,-81.9028431 26.419757)",885,5758996112,5758996110,607746570,,service,True,False,44.279,,,,,,,,,,,22.328606093245668
"LINESTRING (-81.9033316 26.4196574,-81.9033141 26.4196193,-81.9032107 26.419505,-81.9031594 26.4194825)",882,5758996111,5758996112,"[607746568, 732208763, 732208764]",,service,False,False,26.626,,,,,,,,building_passage,,,23.47184691270047
"LINESTRING (-81.9032393 26.4191823,-81.9031746 26.419226,-81.9027586 26.419507)",887,5758996153,5758996158,607746577,,service,False,False,59.959,,,,,,,,,,,164.55023712074208
"LINESTRING (-81.9025521 26.4196253,-81.9026695 26.4195672,-81.9027586 26.419507)",890,5758996155,5758996158,607746577,,service,False,True,24.472,,,,,,,,,,,0.1124130599267262
"LINESTRING (-81.9025521 26.4196253,-81.902415 26.419377,-81.902279 26.419074,-81.90224 26.4189742)",889,5758996155,5802469964,136256174,Estero Boulevard,secondary,False,False,78.87,2,CR 865,,,35 mph,,,,,,2.85529172213885
"LINESTRING (-81.9022183 26.4189187,-81.9024466 26.4188666,-81.9027586 26.419507)",893,5758996157,5758996158,"[607746578, 607746579]",,service,False,True,101.153,,,,,,,,,,,14.726110850401158
"LINESTRING (-81.9022183 26.4189187,-81.902138 26.418713,-81.9020749 26.4185433)",892,5758996157,5802444823,136256174,Estero Boulevard,secondary,False,False,44.119,2,CR 865,,,35 mph,,,,,,25.720108111235
"LINESTRING (-81.9022183 26.4189187,-81.90224 26.4189742)",891,5758996157,5802469964,136256174,Estero Boulevard,secondary,False,True,6.539,2,CR 865,,,35 mph,,,,,,17.46898951261328
"LINESTRING (-81.9024606 26.4172416,-81.9020978 26.4172492)",897,5759422371,5759422379,607798079,,service,False,False,36.139,,,,,,,,,,,86.17585173982845
"LINESTRING (-81.9023775 26.4185019,-81.9020613 26.4185068)",898,5759422376,5759422377,607798080,,service,False,False,31.493,,,,,,,,,,,42.11555290154804
"LINESTRING (-81.9023775 26.4185019,-81.9025597 26.4184991)",899,5759422376,5759422378,607798080,,service,False,True,18.147,,,,,,,,,,,16.28303173038632
"LINESTRING (-81.9023775 26.4185019,-81.9020701 26.4176892)",900,5759422376,5759422382,607798088,,service,False,True,95.412,,,,,,,,,,,16.086308875514547
"LINESTRING (-81.9023775 26.4185019,-81.9024261 26.4186274,-81.9028519 26.4186229,-81.9028483 26.4184947)",901,5759422376,5759422388,"[607798088, 607798083, 607798084]",,service,False,False,71.435,,,,,,,,,,,44.970844623686894
"LINESTRING (-81.9020613 26.4185068,-81.9018222 26.4178636)",902,5759422377,5802444818,136256174,Estero Boulevard,secondary,False,False,75.38,2,CR 865,,,35 mph,,,,,,59.39906086528222
"LINESTRING (-81.9020613 26.4185068,-81.9020749 26.4185433)",903,5759422377,5802444823,136256174,Estero Boulevard,secondary,False,True,4.279,2,CR 865,,,35 mph,,,,,,38.19795776310163
"LINESTRING (-81.9025597 26.4184991,-81.9028483 26.4184947)",906,5759422378,5759422388,607798080,,service,False,True,28.744,,,,,,,,,,,31.20586543565925
"LINESTRING (-81.9025597 26.4184991,-81.902499 26.4183346)",907,5759422378,5759422397,607798081,,service,False,False,19.264,,,,,,,,,,,4.069352769347496
"LINESTRING (-81.9020978 26.4172492,-81.9019052 26.4172532,-81.9020701 26.4176892)",910,5759422379,5759422382,"[607798088, 607798079]",,service,False,False,70.372,,,,,,,,,,,13.112983440452632
"LINESTRING (-81.9020978 26.4172492,-81.9022207 26.4175817)",909,5759422379,5759422387,607798081,,service,False,True,38.945,,,,,,,,,,,12.837571443632152
"LINESTRING (-81.9022669 26.4177066,-81.9020701 26.4176892)",914,5759422381,5759422382,607798082,,service,False,False,19.693,,,,,,,,,,,1.0623034163075644
"LINESTRING (-81.9022669 26.4177066,-81.9022207 26.4175817)",911,5759422381,5759422387,607798081,,service,False,False,14.63,,,,,,,,,,,1.5737828389741693
"LINESTRING (-81.9022669 26.4177066,-81.902454 26.418213)",913,5759422381,5759422400,607798081,,service,False,True,59.312,,,,,,,,,,,28.75526072925661
"LINESTRING (-81.9020701 26.4176892,-81.9017781 26.4177448)",915,5759422382,5759422383,607798082,,service,False,False,29.728,,,,,,,,,,,1.0623034163075644
"LINESTRING (-81.9017781 26.4177448,-81.9017535 26.4176787)",919,5759422383,5802444795,136256174,Estero Boulevard,secondary,False,False,7.747,2,CR 865,,,35 mph,,,,,,45.21253270252936
"LINESTRING (-81.9017781 26.4177448,-81.9018222 26.4178636)",920,5759422383,5802444818,136256174,Estero Boulevard,secondary,False,True,13.921,2,CR 865,,,35 mph,,,,,,32.30751342294116
"LINESTRING (-81.9028483 26.4184947,-81.9029193 26.4184936,-81.9029524 26.4184666,-81.9029884 26.4184483)",926,5759422388,5759422390,607798080,,service,False,True,15.652,,,,,,,,,,,44.58301956693969
"LINESTRING (-81.9029884 26.4184483,-81.902987 26.4183295)",928,5759422390,5759422396,607798085,,service,False,False,13.211,,,,,,,,,,,101.9811279655262
"LINESTRING (-81.902987 26.4183295,-81.9027223 26.4183323)",931,5759422396,5759422398,607798080,,service,False,True,26.361,,,,,,,,,,,156.38904897006176
"LINESTRING (-81.902499 26.4183346,-81.9027223 26.4183323)",934,5759422397,5759422398,607798080,,service,False,False,22.238,,,,,,,,,,,122.84499188792661
"LINESTRING (-81.902499 26.4183346,-81.902454 26.418213)",935,5759422397,5759422400,607798081,,service,False,False,14.245,,,,,,,,,,,31.565587227424768
"LINESTRING (-81.9027223 26.4183323,-81.9027194 26.4182087,-81.902454 26.418213)",939,5759422398,5759422400,"[607798086, 607798087]",,service,False,False,40.181,,,,,,,,,,,148.78992611901506
"LINESTRING (-81.9009288 26.4154616,-81.9010308 26.4157372)",944,5763946153,5763946155,136256174,Estero Boulevard,secondary,False,True,32.285,2,CR 865,,,35 mph,,,,,,58.05010414616152
"LINESTRING (-81.9009288 26.4154616,-81.9008689 26.4152996)",943,5763946153,8277500437,136256174,Estero Boulevard,secondary,False,False,18.976,2,CR 865,,,35 mph,,,,,,10.52186240914159
"LINESTRING (-81.9010308 26.4157372,-81.9010511 26.4157921)",948,5763946155,5802006324,136256174,Estero Boulevard,secondary,False,True,6.431,2,CR 865,,,35 mph,,,,,,27.74354318991607
"LINESTRING (-81.901506 26.4150124,-81.9008252 26.4151819)",949,5763946217,5763946218,608382110,,service,False,False,70.369,,,,parking_aisle,,,,,,,3.2150135139043745
"LINESTRING (-81.9008252 26.4151819,-81.9007566 26.4149994)",950,5763946218,5763946236,136256174,Estero Boulevard,secondary,False,False,21.412,2,CR 865,,,35 mph,,,,,,3.23749612588972
"LINESTRING (-81.9005999 26.4145821,-81.9007932 26.4145136)",955,5763946233,5763946235,608382118,,unclassified,False,True,20.702,,,,,,,,,,,101.14927132206842
"LINESTRING (-81.9005999 26.4145821,-81.9007566 26.4149994)",954,5763946233,5763946236,136256174,Estero Boulevard,secondary,False,True,48.955,2,CR 865,,,35 mph,,,,,,32.26254819897048
"LINESTRING (-81.9005999 26.4145821,-81.9004559 26.4141986)",953,5763946233,5764153794,136256174,Estero Boulevard,secondary,False,False,44.99,2,CR 865,,,35 mph,,,,,,37.80451205335809
"LINESTRING (-81.9007932 26.4145136,-81.900934 26.4148698)",957,5763946235,5763946238,608382122,,service,False,True,42.016,,,,,,,,,,,89.93044794138112
"LINESTRING (-81.9007932 26.4145136,-81.9008252 26.4145023,-81.9008308 26.414501)",958,5763946235,5764153871,608382118,,unclassified,False,True,4.002,,,,,,,,,,,74.61978917936098
"LINESTRING (-81.9007566 26.4149994,-81.900959 26.414933,-81.900934 26.4148698)",961,5763946236,5763946238,"[608382120, 608382122]",,service,False,False,28.922,,,,,,,,,,,21.043724818283177
"LINESTRING (-81.9011328 26.4148062,-81.900934 26.4148698)",962,5763946237,5763946238,608382123,,service,False,False,21.023,,,,,,,,,,,37.8832011953068
"LINESTRING (-81.9019134 26.4142425,-81.9020565 26.4147373,-81.9017468 26.4148141)",966,5763946358,5763946360,"[608382128, 608382126]",,service,False,False,88.837,,,,,,,,,,,106.92730260230213
"LINESTRING (-81.9017468 26.4148141,-81.9015541 26.4148619)",967,5763946360,5763946364,608382128,,service,False,False,19.913,,,,,,,,,,,52.72172510563466
"LINESTRING (-81.9017468 26.4148141,-81.9016177 26.414367,-81.9015266 26.4143421,-81.9014704 26.414355)",968,5763946360,5764153791,"[608382118, 608382127]",,"['unclassified', 'service']",False,False,66.614,,,,parking_aisle,,,,,,,52.65427726967863
"LINESTRING (-81.9012063 26.4144153,-81.9013539 26.4149115,-81.9015541 26.4148619)",972,5763946363,5763946364,"[608382128, 608382129]",,service,False,True,77.785,,,,parking_aisle,,,,,,,7.936362030826883
"LINESTRING (-81.9012063 26.4144153,-81.9014138 26.4143679)",971,5763946363,5763946365,608382118,,unclassified,False,True,21.326,,,,,,,,,,,4.361626725156984
"LINESTRING (-81.9012063 26.4144153,-81.9008308 26.414501)",970,5763946363,5764153871,608382118,,unclassified,False,False,38.59,,,,,,,,,,,8.296083822592408
"LINESTRING (-81.9015541 26.4148619,-81.9014138 26.4143679)",974,5763946364,5763946365,608382130,,service,False,False,56.679,,,,parking_aisle,,,,,,,4.833761576849234
"LINESTRING (-81.9014138 26.4143679,-81.9014704 26.414355)",977,5763946365,5764153791,608382118,,unclassified,False,True,5.816,,,,,,,,,,,4.7663137408931995
"LINESTRING (-81.9015149 26.4139736,-81.9018126 26.4139075)",979,5764153773,5764153790,608407699,,service,False,True,30.544,,,,,,,,,,,55.00371022214722
"LINESTRING (-81.9015149 26.4139736,-81.9015054 26.413952,-81.9014882 26.4139346,-81.9014654 26.4139236,-81.9014398 26.4139201,-81.9014144 26.4139248,-81.9013923 26.4139369,-81.9013761 26.413955,-81.9013679 26.413977,-81.9013683 26.4139941,-81.9013685 26.4140002,-81.9013716 26.4140078)",980,5764153773,7556699155,608407698,,service,True,False,24.125,,,,,,,roundabout,,,,0.4721348516922508
"LINESTRING (-81.9014704 26.414355,-81.9013995 26.4140977)",983,5764153791,5764153792,608407700,,service,False,False,29.469,,,,parking_aisle,,,,,,,4.811278964863889
"LINESTRING (-81.9004559 26.4141986,-81.900316 26.413826,-81.900151 26.413378,-81.9001456 26.4133634)",988,5764153794,5764153847,136256174,Estero Boulevard,secondary,False,False,97.877,2,CR 865,,,35 mph,,,,,,93.26911582120489
"LINESTRING (-81.9004559 26.4141986,-81.9009229 26.4141009)",987,5764153794,5764153849,608407701,,service,False,True,47.759,,,,parking_aisle,,,,,,,12.39916050991792
"LINESTRING (-81.9004559 26.4141986,-81.9003488 26.4142319,-81.9002414 26.4142652)",989,5764153794,5801434594,613014396,,service,False,False,22.608,,,,,,,,,,,7.368676078196914
"LINESTRING (-81.901247 26.4130711,-81.9015588 26.4129889)",990,5764153844,5764153845,608407704,,service,False,True,32.369,,,,,,,,,,,19.492424591294352
"LINESTRING (-81.901247 26.4130711,-81.9012298 26.4130537,-81.901207 26.4130427,-81.9011814 26.4130392,-81.901156 26.4130438,-81.9011339 26.413056,-81.9011178 26.4130741,-81.9011095 26.4130961,-81.9011099 26.4131132,-81.9011101 26.4131193)",991,5764153844,5764153846,608407703,,service,True,False,20.644,,,,,,,roundabout,,,,10.892825506899786
"LINESTRING (-81.9011101 26.4131193,-81.9006627 26.4132325)",993,5764153846,5764153848,608407705,,service,False,False,46.299,,,,,,,,,,,9.611316623735107
"LINESTRING (-81.9001456 26.4133634,-81.9006627 26.4132325)",996,5764153847,5764153848,608407705,,service,False,True,53.514,,,,,,,,,,,92.29112219984236
"LINESTRING (-81.9001456 26.4133634,-81.9000612 26.4131354)",995,5764153847,5801434578,136256174,Estero Boulevard,secondary,False,False,26.709,2,CR 865,,,35 mph,,,,,,100.2499668426546
"LINESTRING (-81.9006627 26.4132325,-81.9009229 26.4141009)",1000,5764153848,5764153849,608407706,,service,False,False,99.978,,,,,,,,,,,11.421166888555401
"LINESTRING (-81.9009229 26.4141009,-81.9013716 26.4140078)",1002,5764153849,7556699155,608407701,,service,False,True,45.868,,,,parking_aisle,,,,,,,5.856720422182445
"LINESTRING (-81.9007511 26.4142572,-81.9008308 26.414501)",1004,5764153870,5764153871,608407710,,service,False,False,28.247,,,,,,,,,,,37.74830552339472
"LINESTRING (-81.9015401 26.4128223,-81.9012254 26.4128946)",1008,5766143306,5766143309,608672114,,service,False,False,32.355,,,,parking_aisle,,,,,,,19.33504630739694
"LINESTRING (-81.9012254 26.4128946,-81.9003626 26.4130928,-81.9003085 26.4129133)",1011,5766143309,5766143329,"[608672114, 608672115]",,service,False,False,109.38,,,,parking_aisle,,,,,,,7.441744567149286
"LINESTRING (-81.9012254 26.4128946,-81.9011771 26.412716)",1010,5766143309,5766143330,608672116,,service,False,False,20.434,,,,,,,,,,,46.696385093562135
"LINESTRING (-81.900805 26.4113473,-81.900959 26.4113451,-81.9009681 26.411397,-81.9008617 26.4115544)",1013,5766143310,5766143313,"[608672117, 608672118]",,service,False,False,41.641,,,,,,,,,,,14.43383689459167
"LINESTRING (-81.900805 26.4113473,-81.9008458 26.4114962)",1012,5766143310,5766143339,608672116,,service,False,True,17.048,,,,,,,,,,,14.411354282606323
"LINESTRING (-81.900805 26.4113473,-81.9005746 26.4113634,-81.9001926 26.4114485,-81.8996231 26.4114607)",1014,5766143310,5766143342,608672130,,service,False,False,118.949,,,,parking_aisle,,,,,,,27.024099606385025
"LINESTRING (-81.9008617 26.4115544,-81.9008458 26.4114962)",1015,5766143313,5766143339,608672116,,service,False,False,6.662,,,,,,,,,,,0.0224826119853452
"LINESTRING (-81.8999605 26.4117618,-81.8999532 26.4116682)",1018,5766143315,5766143316,608672120,,service,False,False,10.433,,,,,,,,,,,28.024575839732886
"LINESTRING (-81.9010345 26.4121888,-81.9012322 26.4122919,-81.9012521 26.4124127,-81.901144 26.4125939)",1025,5766143319,5766143320,608672121,,service,False,True,59.205,,,,,,,,,,,3.4791842047321815
"LINESTRING (-81.9010345 26.4121888,-81.9010814 26.4123625)",1023,5766143319,5766143333,608672116,,service,False,True,19.871,,,,,,,,,,,0.0168619589890088
"LINESTRING (-81.9010345 26.4121888,-81.9009868 26.4120125)",1022,5766143319,5766143336,608672116,,service,False,False,20.171,,,,,,,,,,,0.668857706564022
"LINESTRING (-81.9010345 26.4121888,-81.900701 26.4122636)",1024,5766143319,5766143337,608672128,,service,False,False,34.238,,,,parking_aisle,,,,,,,4.535866968043408
"LINESTRING (-81.901144 26.4125939,-81.9011771 26.412716)",1027,5766143320,5766143330,608672116,,service,False,True,13.971,,,,,,,,,,,48.83223323216994
"LINESTRING (-81.901144 26.4125939,-81.9011275 26.4125327)",1026,5766143320,5766143331,608672116,,service,False,False,7.001,,,,,,,,,,,3.732113589567316
"LINESTRING (-81.9003085 26.4129133,-81.9011771 26.412716)",1029,5766143329,5766143330,608672123,,service,False,False,89.241,,,,parking_aisle,,,,,,,51.48518144644069
"LINESTRING (-81.9003085 26.4129133,-81.9002572 26.412743,-81.9011275 26.4125327)",1030,5766143329,5766143331,"[608672115, 608672124]",,service,False,"[False, True]",109.384,,,,parking_aisle,,,,,,,6.385061803838058
"LINESTRING (-81.9011275 26.4125327,-81.9010814 26.4123625)",1035,5766143331,5766143333,608672116,,service,False,False,19.474,,,,,,,,,,,0.2697913438241432
"LINESTRING (-81.9010814 26.4123625,-81.9007489 26.4124359,-81.900701 26.4122636)",1040,5766143333,5766143337,"[608672125, 608672127]",,service,False,"[False, True]",53.848,,,,parking_aisle,,,,,,,4.5190050090544
"LINESTRING (-81.9005143 26.4120956,-81.9006527 26.4120901)",1041,5766143334,5766143335,608672126,,service,False,False,13.797,,,,parking_aisle,,,,,,,23.269503404832363
"LINESTRING (-81.9006527 26.4120901,-81.9009868 26.4120125)",1042,5766143335,5766143336,608672126,,service,False,False,34.373,,,,parking_aisle,,,,,,,0.8543392554431204
"LINESTRING (-81.9006527 26.4120901,-81.900701 26.4122636)",1044,5766143335,5766143337,608672127,,service,False,True,19.883,,,,,,,,,,,4.721348516922507
"LINESTRING (-81.9004764 26.4115828,-81.9008458 26.4114962)",1051,5766143338,5766143339,608672129,,service,False,False,38.028,,,,parking_aisle,,,,,,,81.00485098319903
"LINESTRING (-81.8992529 26.411011,-81.8998248 26.4108346,-81.8998898 26.4108338)",1058,5766143557,5766143569,608672137,,service,False,True,66.712,,,,,,,,,,,23.134607732920287
"LINESTRING (-81.8992529 26.411011,-81.899246 26.410995,-81.899121 26.41074,-81.8991066 26.4107136)",1056,5766143557,5766449221,136256174,Estero Boulevard,secondary,False,False,36.141,2,CR 865,,,35 mph,,,,,,36.66914014809816
"LINESTRING (-81.8992529 26.411011,-81.899382 26.41131,-81.8994751 26.4115557)",1057,5766143557,5799216664,136256174,Estero Boulevard,secondary,False,True,64.498,2,CR 865,,,35 mph,,,,,,15.998626688771699
"LINESTRING (-81.9007375 26.4111451,-81.9003379 26.4112334,-81.9000465 26.4112664)",1060,5766143566,5766143570,608672134,,service,False,True,70.24,,,,parking_aisle,,,,,,,202.90557316774112
"LINESTRING (-81.9007375 26.4111451,-81.9008004 26.4110651,-81.9008504 26.4109684,-81.900854 26.4109492,-81.9008511 26.4109313,-81.9008411 26.4109159,-81.9008239 26.4108967,-81.9007989 26.4108782,-81.900696 26.4108391,-81.9006725 26.4108357)",1061,5766143566,5766143571,608672137,,service,False,False,48.357,,,,,,,,,,,163.98817182110847
"LINESTRING (-81.9007375 26.4111451,-81.9007098 26.4110135)",1059,5766143566,5766143572,608672136,,service,False,False,14.891,,,,,,,,,,,167.85518108258785
"LINESTRING (-81.9000714 26.4113352,-81.9000465 26.4112664)",1062,5766143568,5766143570,608672135,,service,False,False,8.042,,,,parking_aisle,,,,,,,81.56691628283266
"LINESTRING (-81.8998898 26.4108338,-81.9005981 26.410825,-81.9006725 26.4108357)",1065,5766143569,5766143571,608672137,,service,False,True,78.05,,,,,,,,,,,8.993044794138113
"LINESTRING (-81.8998898 26.4108338,-81.8999583 26.4110229)",1063,5766143569,5766143573,608672135,,service,False,True,22.106,,,,parking_aisle,,,,,,,100.40734512655202
"LINESTRING (-81.9000465 26.4112664,-81.8999583 26.4110229)",1066,5766143570,5766143573,608672135,,service,False,False,28.465,,,,parking_aisle,,,,,,,131.45583227831384
"LINESTRING (-81.9006725 26.4108357,-81.9007098 26.4110135)",1069,5766143571,5766143572,608672136,,service,False,True,20.116,,,,,,,,,,,4.991139860746652
"LINESTRING (-81.9007098 26.4110135,-81.8999583 26.4110229)",1074,5766143572,5766143573,608672138,,service,False,False,74.849,,,,parking_aisle,,,,,,,96.40544019316056
"LINESTRING (-81.9012533 26.4106199,-81.9009289 26.41062)",1078,5766449219,5766449224,608708244,,service,False,False,32.307,,,,parking_aisle,,,,,,,26.23720818689794
"LINESTRING (-81.8991066 26.4107136,-81.898958 26.410441,-81.8988467 26.4102624)",1079,5766449221,5766451157,136256174,Estero Boulevard,secondary,False,False,56.475,2,CR 865,,,35 mph,,,,,,72.46145842876783
"LINESTRING (-81.8991066 26.4107136,-81.8992983 26.4106444,-81.8994215 26.4106426)",1081,5766449221,5766451161,608708244,,service,False,True,32.855,,,,parking_aisle,,,,,,,32.8695787225748
"LINESTRING (-81.9003757 26.4106283,-81.9009289 26.41062)",1083,5766449223,5766449224,608708244,,service,False,True,55.101,,,,parking_aisle,,,,,,,12.590262711793358
"LINESTRING (-81.9003757 26.4106283,-81.8994215 26.4106426)",1082,5766449223,5766451161,608708244,,service,False,False,95.042,,,,parking_aisle,,,,,,,17.199198168789138
"LINESTRING (-81.8988467 26.4102624,-81.8991449 26.4100585)",1088,5766451157,5766451159,608708256,,service,False,True,37.363,,,,parking_aisle,,,,,,,50.9006335348217
"LINESTRING (-81.8991449 26.4100585,-81.8992376 26.4102015)",1092,5766451159,5766451162,608708258,,service,False,False,18.387,,,,parking_aisle,,,,,,,52.65427726967864
"LINESTRING (-81.8991449 26.4100585,-81.8996431 26.4097179,-81.8997645 26.4098633,-81.8993658 26.4101192)",1093,5766451159,5766451166,608708256,,service,False,True,131.457,,,,parking_aisle,,,,,,,3.9389536198324926
"LINESTRING (-81.8994193 26.4104972,-81.8994215 26.4106426)",1094,5766451160,5766451161,608708258,,service,False,False,16.169,,,,parking_aisle,,,,,,,63.243587514776266
"LINESTRING (-81.8994193 26.4104972,-81.8992376 26.4102015)",1095,5766451160,5766451162,608708258,,service,False,True,37.531,,,,parking_aisle,,,,,,,104.58911095582624
"LINESTRING (-81.8994193 26.4104972,-81.8995437 26.4104667,-81.8995538 26.4104621,-81.8995573 26.4104514,-81.8995549 26.410439,-81.8995265 26.410388,-81.8995182 26.4103687,-81.899504 26.4103417,-81.8994777 26.4102936,-81.8993658 26.4101192)",1096,5766451160,5766451166,608708260,,service,True,False,56.889,,,,parking_aisle,,,,,,,27.936893652990044
"LINESTRING (-81.8992376 26.4102015,-81.8993658 26.4101192)",1100,5766451162,5766451166,608708256,,service,False,False,15.708,,,,parking_aisle,,,,,,,55.7838568580387
"LINESTRING (-81.8992432 26.4097408,-81.8989832 26.4099186,-81.8988806 26.4097953)",1105,5768234068,5768234075,"[608940641, 608940646]",,service,False,False,49.677,,,,parking_aisle,,,,,,,0.0
"LINESTRING (-81.8987055 26.4089906,-81.8983863 26.4092014,-81.8985013 26.4093395)",1106,5768234071,5768234073,"[608940642, 608940646]",,service,False,True,58.654,,,,parking_aisle,,,,,,,0.0
"LINESTRING (-81.8988978 26.4090615,-81.898713 26.4091911)",1107,5768234072,5768234080,608940643,,service,False,False,23.375,,,,,,,,,,,0.0
"LINESTRING (-81.8985013 26.4093395,-81.898713 26.4091911)",1108,5768234073,5768234080,608940643,,service,False,True,26.773,,,,,,,,,,,0.0
"LINESTRING (-81.8985013 26.4093395,-81.8987194 26.4096016)",1109,5768234073,5768234124,608940646,,service,False,True,36.348,,,,,,,,,,,0.0
"LINESTRING (-81.899264 26.4095183,-81.8991681 26.4095876)",1111,5768234074,5768234076,608940644,,service,False,False,12.272,,,,,,,,,,,7.149470611339798
"LINESTRING (-81.8988806 26.4097953,-81.8991681 26.4095876)",1112,5768234075,5768234076,608940644,,service,False,True,36.786,,,,,,,,,,,0.2023435078681074
"LINESTRING (-81.8988806 26.4097953,-81.8987194 26.4096016)",1113,5768234075,5768234124,608940646,,service,False,False,26.863,,,,,,,,,,,0.0
"LINESTRING (-81.8991681 26.4095876,-81.8989948 26.4094735,-81.8988471 26.4093654,-81.8987932 26.4093123,-81.898713 26.4091911)",1117,5768234076,5768234080,608940645,,service,False,False,64.063,,,,,,,,,,,0.2023435078681074
"LINESTRING (-81.898538 26.4088793,-81.8982047 26.4091062)",1124,5768540101,5768540102,608975062,,service,False,False,41.694,,,,parking_aisle,,,,,,,5.081070308688033
"LINESTRING (-81.8982047 26.4091062,-81.8978623 26.408755)",1125,5768540102,5768540103,608975062,,service,False,False,51.844,,,,parking_aisle,,,,,,,48.38258099246304
"LINESTRING (-81.8982047 26.4091062,-81.8981902 26.4091435,-81.8980517 26.4092449)",1127,5768540102,5768540105,608975063,,service,False,False,22.207,,,,,,,,,,,5.081070308688033
"LINESTRING (-81.8980517 26.4092449,-81.897724 26.408861,-81.897413 26.4084995)",1130,5768540105,5768796999,136256174,Estero Boulevard,secondary,False,False,104.48,2,CR 865,,,35 mph,,,,,,0.651995747575013
"LINESTRING (-81.8978671 26.4083788,-81.8977403 26.408466,-81.8976342 26.4083411)",1132,5768796994,5768796998,"[609004219, 609004220]",,service,False,False,33.372,,,,,,,,,,,1.3489567191207166
"LINESTRING (-81.8976525 26.4081336,-81.8975345 26.4082199,-81.8976342 26.4083411)",1133,5768796997,5768796998,"[609004219, 609004221]",,service,False,True,31.912,,,,,,,,,,,0.0
"LINESTRING (-81.8976342 26.4083411,-81.897413 26.4084995)",1134,5768796998,5768796999,609004222,,service,False,False,28.205,,,,,,,,,,,0.651995747575013
"LINESTRING (-81.897413 26.4084995,-81.8970052 26.4080253)",1137,5768796999,5798972600,136256174,Estero Boulevard,secondary,False,False,66.557,2,CR 865,,,35 mph,,,,,,0.651995747575013
"LINESTRING (-81.8976619 26.4078123,-81.8972626 26.4080548,-81.8971495 26.4079271)",1140,5768797047,5768797054,609004224,,service,False,False,66.172,,,,,,,,,,,0.2697913438241432
"LINESTRING (-81.8972088 26.407332,-81.8968715 26.407613,-81.8969941 26.4077515)",1141,5768797050,5768797052,609004224,,service,False,True,65.531,,,,,,,,,,,0.0
"LINESTRING (-81.8969941 26.4077515,-81.8972186 26.4075758,-81.8973799 26.40774,-81.8971495 26.4079271)",1144,5768797052,5768797054,"[609004225, 609004226, 609004227]",,service,False,True,84.984,,,,,,,,,,,0.0
"LINESTRING (-81.8969941 26.4077515,-81.8970641 26.4078306)",1142,5768797052,5768797088,609004224,,service,False,True,11.223,,,,,,,,,,,0.0
"LINESTRING (-81.8971495 26.4079271,-81.8970641 26.4078306)",1145,5768797054,5768797088,609004224,,service,False,False,13.692,,,,,,,,,,,0.0
"LINESTRING (-81.8970641 26.4078306,-81.8969222 26.4079288)",1150,5768797088,5768797089,609004230,,service,False,False,17.859,,,,,,,,,,,0.0
"LINESTRING (-81.8969222 26.4079288,-81.8965862 26.4075382)",1151,5768797089,5798972594,136256174,Estero Boulevard,secondary,False,False,54.829,2,CR 865,,,35 mph,,,,,,0.0
"LINESTRING (-81.8969222 26.4079288,-81.8970052 26.4080253)",1152,5768797089,5798972600,136256174,Estero Boulevard,secondary,False,True,13.545,2,CR 865,,,35 mph,,,,,,0.0
"LINESTRING (-81.8971155 26.4072123,-81.8969142 26.407348,-81.8968125 26.4072247)",1154,5768797104,5768797111,"[609004233, 609004237]",,service,False,False,42.138,,,,,,,,,,,0.4496522397069054
"LINESTRING (-81.8965967 26.4069632,-81.8966957 26.4070831)",1155,5768797106,5768797107,609004237,,service,False,True,16.582,,,,,,,,,,,616.0010857864753
"LINESTRING (-81.8966957 26.4070831,-81.8965207 26.4072029,-81.8965239 26.4073263)",1158,5768797107,5768797109,609004234,,service,False,False,35.662,,,,,,,,,,,9.600075317742434
"LINESTRING (-81.8966957 26.4070831,-81.8968125 26.4072247)",1157,5768797107,5768797111,609004237,,service,False,True,19.576,,,,,,,,,,,0.1124130599267262
"LINESTRING (-81.8965239 26.4073263,-81.8966492 26.4073445,-81.8968125 26.4072247)",1161,5768797109,5768797111,609004235,,service,False,False,33.665,,,,,,,,,,,9.71248837766916
"LINESTRING (-81.8965239 26.4073263,-81.8964487 26.4073783)",1159,5768797109,5768797112,609004236,,service,False,False,9.462,,,,,,,,,,,13.444601967236476
"LINESTRING (-81.8964487 26.4073783,-81.8965862 26.4075382)",1165,5768797112,5798972594,136256174,Estero Boulevard,secondary,False,True,22.442,2,CR 865,,,35 mph,,,,,,3.844526649494042
"LINESTRING (-81.8954568 26.4058995,-81.8954636 26.4059043,-81.8954786 26.4059093,-81.8954947 26.4059099,-81.8955101 26.4059059,-81.8955234 26.4058979,-81.8955332 26.4058865,-81.8955385 26.4058729,-81.8955387 26.4058573,-81.8955329 26.4058425,-81.8955219 26.4058303,-81.8955069 26.4058222,-81.8954898 26.4058192,-81.8954725 26.4058215,-81.8954571 26.4058289,-81.8954454 26.4058406,-81.8954389 26.4058551,-81.895438 26.4058695,-81.8954422 26.4058834,-81.895451 26.4058954,-81.8954568 26.4058995)",1168,5768797207,5768797207,609004250,,service,True,False,31.662,,,,driveway,,,,,,,1.989711160703057
"LINESTRING (-81.8954568 26.4058995,-81.8954101 26.4059437,-81.8953857 26.4059613,-81.8953529 26.4059714,-81.8953143 26.4059792,-81.8952935 26.4059913,-81.8952709 26.4060171,-81.8951597 26.4062061)",1169,5768797207,5768797214,609004251,,service,False,False,47.153,,,,driveway,,,,,,,1.9897111607030569
"LINESTRING (-81.8951597 26.4062061,-81.8951503 26.4061996)",1170,5768797214,5798972035,136256174,Estero Boulevard,secondary,False,False,1.183,2,CR 865,,,35 mph,,,,,,0.0
"LINESTRING (-81.8951597 26.4062061,-81.895197 26.406232,-81.8952425 26.4062669)",1171,5768797214,5798972455,136256174,Estero Boulevard,secondary,False,True,10.666,2,CR 865,,,35 mph,,,,,,0.0
"LINESTRING (-81.8952476 26.4056557,-81.8951754 26.4057497,-81.8951672 26.4058021,-81.8951622 26.4058668,-81.8951541 26.4059055,-81.8951009 26.4059746,-81.8950051 26.4060987)",1173,5768797217,5768797223,609004253,,service,False,False,56.271,,,,driveway,,,,,,,4.519005009054401
"LINESTRING (-81.8950051 26.4060987,-81.8949733 26.4060766)",1174,5768797223,5797188677,136256174,Estero Boulevard,secondary,False,False,4.009,2,CR 865,,,35 mph,,,,,,0.0449652239706904
"LINESTRING (-81.8950051 26.4060987,-81.8950577 26.4061352)",1175,5768797223,5798972027,136256174,Estero Boulevard,secondary,False,True,6.627,2,CR 865,,,35 mph,,,,,,0.0
"LINESTRING (-81.8948585 26.4052666,-81.8946143 26.4055884,-81.8944498 26.4054962)",1177,5770662455,5770662465,"[609234365, 609234367]",,service,False,False,62.592,,,,,,,,,,,82.55615121018786
"LINESTRING (-81.894207 26.4048595,-81.8939522 26.4052173,-81.8941197 26.4053112)",1178,5770662458,5770662461,"[609234366, 609234367]",,service,False,True,66.87,,,,,,,,,,,57.16204097274037
"LINESTRING (-81.8944454 26.4054938,-81.8943212 26.4056627)",1181,5770662459,5770662460,609234368,,service,False,False,22.488,,,,,,,,,,,1.955987242725039
"LINESTRING (-81.8944454 26.4054938,-81.8941197 26.4053112)",1179,5770662459,5770662461,609234367,,service,False,False,38.268,,,,,,,,,,,11.567303866460145
"LINESTRING (-81.8944454 26.4054938,-81.8944498 26.4054962)",1180,5770662459,5770662465,609234367,,service,False,True,0.513,,,,,,,,,,,2.6979134382414336
"LINESTRING (-81.8943212 26.4056627,-81.8942679 26.4056317,-81.894198 26.405591,-81.8941258 26.4055535)",1183,5770662460,5797188502,136256174,Estero Boulevard,secondary,False,False,22.944,2,CR 865,,,35 mph,,,,,,1.955987242725039
"LINESTRING (-81.8941197 26.4053112,-81.8939955 26.4054857)",1186,5770662461,5770662462,609234371,,service,False,False,23.011,,,,,,,,,,,20.672761720524985
"LINESTRING (-81.8941197 26.4053112,-81.8942252 26.4051628,-81.8945502 26.4053476,-81.8944498 26.4054962)",1188,5770662461,5770662465,"[609234369, 609234370, 609234371]",,service,False,True,77.217,,,,,,,,,,,14.26521730470158
"LINESTRING (-81.8939955 26.4054857,-81.893844 26.405407,-81.8938138 26.4053928)",1191,5770662462,5797188499,136256174,Estero Boulevard,secondary,False,False,20.84,2,CR 865,,,35 mph,,,,,,14.838523910327886
"LINESTRING (-81.8939955 26.4054857,-81.8941258 26.4055535)",1189,5770662462,5797188502,136256174,Estero Boulevard,secondary,False,True,15.008,2,CR 865,,,35 mph,,,,,,9.10545785406484
"LINESTRING (-81.893406 26.4052067,-81.8934526 26.4051152,-81.8934674 26.405058)",1197,5770662549,5770662552,609234383,,service,False,True,17.712,,,,driveway,,,,,,,9.307801361932945
"LINESTRING (-81.893406 26.4052067,-81.8931949 26.4051177)",1195,5770662549,5770662561,136256174,Estero Boulevard,secondary,False,False,23.237,2,CR 865,,,35 mph,,,,,,1.5962654509595149
"LINESTRING (-81.893406 26.4052067,-81.8934691 26.4052333)",1196,5770662549,5797188423,136256174,Estero Boulevard,secondary,False,True,6.946,2,CR 865,,,35 mph,,,,,,0.494617463677596
"LINESTRING (-81.8937695 26.4048937,-81.8935873 26.4048132,-81.8934797 26.4050109,-81.8934674 26.405058)",1198,5770662550,5770662552,"[609234384, 609234383]",,service,False,False,50.069,,,,driveway,,,,,,,575.2401102570442
"LINESTRING (-81.8936029 26.4051118,-81.8934674 26.405058)",1199,5770662551,5770662552,609234385,,service,False,False,14.762,,,,driveway,,,,,,,563.6390824726061
"LINESTRING (-81.8931949 26.4051177,-81.8933377 26.4048511,-81.8934821 26.404917,-81.8936086 26.4046724,-81.8934324 26.4045961)",1205,5770662561,5770662564,"[609234388, 609234389, 609234390, 609234391]",,service,False,True,98.488,,,,driveway,,,,,,,20.52662474262024
"LINESTRING (-81.8931949 26.4051177,-81.893153 26.4051,-81.8930987 26.4050792)",1204,5770662561,5770662574,136256174,Estero Boulevard,secondary,False,False,10.496,2,CR 865,,,35 mph,,,,,,2.1358481386078014
"LINESTRING (-81.8930987 26.4050792,-81.8931757 26.4049222,-81.8931528 26.4048687,-81.8931744 26.4048186)",1209,5770662574,5770662575,609234394,,service,False,True,31.411,,,,driveway,,,,,,,1.0342001513258827
"LINESTRING (-81.8930987 26.4050792,-81.893085 26.405074)",1207,5770662574,5797188413,136256174,Estero Boulevard,secondary,False,False,1.482,2,CR 865,,,35 mph,,,,,,1.0342001513258827
"LINESTRING (-81.8929159 26.4048272,-81.8928484 26.4049851)",1211,5770662576,5770662577,609234395,,service,False,False,18.801,,,,driveway,,,,,,,0.0
"LINESTRING (-81.8928484 26.4049851,-81.8928355 26.4049808)",1212,5770662577,5797188361,136256174,Estero Boulevard,secondary,False,False,1.371,2,CR 865,,,35 mph,,,,,,0.0
"LINESTRING (-81.8928484 26.4049851,-81.892887 26.404998,-81.8929519 26.4050229)",1214,5770662577,5797188404,136256174,Estero Boulevard,secondary,False,True,11.135,2,CR 865,,,35 mph,,,,,,0.0
"LINESTRING (-81.8925834 26.4048968,-81.8926989 26.4049353)",1216,5770662582,5770662583,136256174,Estero Boulevard,secondary,False,True,12.274,2,CR 865,,driveway,35 mph,,,,,,3.642183141625935
"LINESTRING (-81.8925834 26.4048968,-81.8925097 26.4048722)",1215,5770662582,5797188342,136256174,Estero Boulevard,secondary,False,False,7.833,2,CR 865,,,35 mph,,,,,,1.0791653752965733
"LINESTRING (-81.8926989 26.4049353,-81.8928355 26.4049808)",1220,5770662583,5797188361,136256174,Estero Boulevard,secondary,False,True,14.515,2,CR 865,,,35 mph,,,,,,0.7419261955163942
"LINESTRING (-81.892252 26.4046393,-81.8922011 26.4047793)",1222,5770662608,5770662609,609234407,,service,False,False,16.372,,,,driveway,,,,,,,27.06906483035571
"LINESTRING (-81.8922011 26.4047793,-81.892163 26.404768,-81.8920961 26.4047513,-81.8920043 26.4047284,-81.89175 26.404665,-81.8917083 26.4046563)",1225,5770662609,5770662618,136256174,Estero Boulevard,secondary,False,False,50.959,2,CR 865,,,35 mph,,,,,,45.97694151003109
"LINESTRING (-81.8922011 26.4047793,-81.8923424 26.4048212)",1223,5770662609,5797188340,136256174,Estero Boulevard,secondary,False,True,14.824,2,CR 865,,,35 mph,,,,,,24.86576885579187
"LINESTRING (-81.8917464 26.4045134,-81.8917083 26.4046563)",1226,5770662617,5770662618,609234411,,service,False,False,16.337,,,,driveway,,,,,,,21.875581461740953
"LINESTRING (-81.8917083 26.4046563,-81.8916221 26.4046383)",1227,5770662618,5770662623,136256174,Estero Boulevard,secondary,False,False,8.815,2,CR 865,,,35 mph,,,,,,31.138417599703207
"LINESTRING (-81.8916655 26.4044572,-81.8916221 26.4046383)",1230,5770662622,5770662623,609234413,,service,False,False,20.596,,,,driveway,,,,,,,9.802418825610541
"LINESTRING (-81.8916221 26.4046383,-81.8915085 26.4046145)",1231,5770662623,5770662625,136256174,Estero Boulevard,secondary,False,False,11.619,2,CR 865,,,35 mph,,,,,,12.81508883164681
"LINESTRING (-81.891547 26.4044364,-81.8915085 26.4046145)",1234,5770662624,5770662625,609234414,,service,False,False,20.172,,,,driveway,,,,,,,149.91405671828232
"LINESTRING (-81.8915085 26.4046145,-81.891444 26.404601,-81.8913871 26.4045916)",1237,5770662625,5770662631,136256174,Estero Boulevard,secondary,False,False,12.36,2,CR 865,,,35 mph,,,,,,4.991139860746651
"LINESTRING (-81.8912833 26.4045744,-81.8913871 26.4045916)",1239,5770662630,5770662631,136256174,Estero Boulevard,secondary,False,True,10.513,2,CR 865,,driveway,35 mph,,,,,,14.119080326796833
"LINESTRING (-81.8912833 26.4045744,-81.8911644 26.4045548)",1238,5770662630,5770662692,136256174,Estero Boulevard,secondary,False,False,12.041,2,CR 865,,,35 mph,,,,,,5.643135608321664
"LINESTRING (-81.8894534 26.4044337,-81.889579 26.404431,-81.8895919 26.4044312)",1245,5770662655,5770662656,136256174,Estero Boulevard,secondary,False,True,13.798,2,CR 865,,driveway,35 mph,,,,,,15.42307182194686
"LINESTRING (-81.8895919 26.4044312,-81.8897131 26.4044327)",1247,5770662656,5770662699,136256174,Estero Boulevard,secondary,False,True,12.072,2,CR 865,,,35 mph,,,,,,14.56873256650374
"LINESTRING (-81.8890021 26.4044393,-81.8891334 26.4044377)",1251,5770662663,5770662664,136256174,Estero Boulevard,secondary,False,True,13.078,2,CR 865,,driveway,35 mph,,,,,,20.875105228393092
"LINESTRING (-81.8890021 26.4044393,-81.888888 26.4044407)",1250,5770662663,5770662674,136256174,Estero Boulevard,secondary,False,False,11.365,2,CR 865,,,35 mph,,,,,,7.778983746929466
"LINESTRING (-81.8891334 26.4044377,-81.8891113 26.4045232,-81.8890977 26.4045384,-81.8890426 26.4045704,-81.8889962 26.4045832,-81.8889504 26.4045845,-81.8889083 26.4045793,-81.8888718 26.4045678,-81.8888511 26.4045512,-81.8888375 26.404526,-81.8888304 26.4044414)",1256,5770662664,5797188209,612416912,,service,False,True,51.264,,,,driveway,,,,,,,38.945504611614346
"LINESTRING (-81.8888796 26.4041823,-81.888882 26.4042557)",1257,5770662673,5770662676,609234434,,service,False,False,8.165,,,,driveway,,,,,,,18.975324515631417
"LINESTRING (-81.888888 26.4044407,-81.888882 26.4042557)",1260,5770662674,5770662676,609234434,,service,False,True,20.58,,,,driveway,,,,,,,5.7105834442777
"LINESTRING (-81.888888 26.4044407,-81.8888304 26.4044414)",1258,5770662674,5797188209,136256174,Estero Boulevard,secondary,False,False,5.737,2,CR 865,,,35 mph,,,,,,36.286935744347275
"LINESTRING (-81.8887434 26.4042561,-81.888882 26.4042557)",1261,5770662675,5770662676,609234435,,service,False,False,13.804,,,,driveway,,,,,,,7.306848895237215
"LINESTRING (-81.8886279 26.4044439,-81.8885045 26.4044454)",1265,5770662677,5770662680,136256174,Estero Boulevard,secondary,False,False,12.291,2,CR 865,,driveway,35 mph,,,,,,34.353431113607584
"LINESTRING (-81.8886279 26.4044439,-81.8888304 26.4044414)",1267,5770662677,5797188209,136256174,Estero Boulevard,secondary,False,True,20.17,2,CR 865,,,35 mph,,,,,,40.24387545376804
"LINESTRING (-81.8885045 26.4044454,-81.8882436 26.4044486)",1268,5770662680,5797188204,136256174,Estero Boulevard,secondary,False,False,25.987,2,CR 865,,,35 mph,,,,,,19.559872427250394
"LINESTRING (-81.8901668 26.4044457,-81.890231 26.404449,-81.8902751 26.4044528)",1272,5770662683,5770662684,136256174,Estero Boulevard,secondary,False,True,10.817,2,CR 865,,driveway,35 mph,,,,,,27.069064830355714
"LINESTRING (-81.8901668 26.4044457,-81.889977 26.404436,-81.8898214 26.404434)",1271,5770662683,5770662696,136256174,Estero Boulevard,secondary,False,False,34.433,2,CR 865,,,35 mph,,,,,,19.98704205497195
"LINESTRING (-81.8902751 26.4044528,-81.8904382 26.4044669)",1274,5770662684,5770662686,136256174,Estero Boulevard,secondary,False,True,16.319,2,CR 865,,,35 mph,,,,,,3.5297700816992084
"LINESTRING (-81.8904502 26.4043303,-81.8904382 26.4044669)",1277,5770662685,5770662686,609234442,,service,False,False,15.236,,,,driveway,,,,,,,50.271120399232046
"LINESTRING (-81.8904382 26.4044669,-81.8905963 26.4044806)",1279,5770662686,5770662691,136256174,Estero Boulevard,secondary,False,True,15.819,2,CR 865,,,35 mph,,,,,,4.18176582927422
"LINESTRING (-81.8907182 26.4044919,-81.8907271 26.4043364,-81.89063 26.4043272,-81.8906065 26.4043757,-81.8905963 26.4044806)",1283,5770662687,5770662691,"[609234443, 609234444, 609234445]",,service,False,False,44.627,,,,driveway,,,,,,,5.710583444277701
"LINESTRING (-81.8907182 26.4044919,-81.890748 26.404495,-81.8910527 26.4045377)",1282,5770662687,5770662695,136256174,Estero Boulevard,secondary,False,True,33.704,2,CR 865,,,35 mph,,,,,,14.636180402459775
"LINESTRING (-81.8911644 26.4045548,-81.891105 26.404545,-81.8910527 26.4045377)",1288,5770662692,5770662695,136256174,Estero Boulevard,secondary,False,False,11.287,2,CR 865,,driveway,35 mph,,,,,,22.43764676137459
"LINESTRING (-81.8898214 26.404434,-81.8897131 26.4044327)",1293,5770662696,5770662699,136256174,Estero Boulevard,secondary,False,False,10.787,2,CR 865,,driveway,35 mph,,,,,,35.83728350464037
"LINESTRING (-81.8876192 26.4044562,-81.887604 26.4042526,-81.8875004 26.4042514)",1301,5770662708,5770662710,609234452,,service,False,False,33.009,,,,driveway,,,,,,,0.0
"LINESTRING (-81.8876192 26.4044562,-81.887469 26.404458,-81.8873912 26.4044606)",1300,5770662708,5797188164,136256174,Estero Boulevard,secondary,False,False,22.714,2,CR 865,,,35 mph,,,,,,0.0
"LINESTRING (-81.8876192 26.4044562,-81.8876997 26.4044552)",1299,5770662708,5797188177,136256174,Estero Boulevard,secondary,False,True,8.018,2,CR 865,,,35 mph,,,,,,0.0
"LINESTRING (-81.8872362 26.4041267,-81.8872456 26.4044654)",1303,5771293186,5771293187,609289119,,service,False,False,37.673,,,,,,,,,,,0.0
"LINESTRING (-81.8872456 26.4044654,-81.887227 26.404466,-81.8871223 26.4044758)",1306,5771293187,5797187948,136256174,Estero Boulevard,secondary,False,False,12.338,2,CR 865,,,35 mph,,,,,,0.0224826119853452
"LINESTRING (-81.8872456 26.4044654,-81.8873066 26.4044634)",1304,5771293187,5797188158,136256174,Estero Boulevard,secondary,False,True,6.079,2,CR 865,,,35 mph,,,,,,0.0
"LINESTRING (-81.8869215 26.4041356,-81.8869518 26.4044951)",1307,5771293188,5771293189,609289121,,service,False,False,40.088,,,,,,,,,,,91.59416122829667
"LINESTRING (-81.8869518 26.4044951,-81.8868684 26.4045067)",1308,5771293189,5797187934,136256174,Estero Boulevard,secondary,False,False,8.406,2,CR 865,,,35 mph,,,,,,3.5747353056698996
"LINESTRING (-81.8869518 26.4044951,-81.8870158 26.4044862)",1309,5771293189,5797187943,136256174,Estero Boulevard,secondary,False,True,6.45,2,CR 865,,,35 mph,,,,,,1.6861958989008958
"LINESTRING (-81.9343091 26.4443947,-81.9342262 26.4443526)",3922,5771851549,5771851552,11041092,Estero Boulevard,secondary,False,True,9.489,2,CR 865,,driveway,25 mph,,,,,,0.0
"LINESTRING (-81.9343091 26.4443947,-81.9344212 26.4444516)",3921,5771851549,5821266168,11041092,Estero Boulevard,secondary,False,False,12.829,2,CR 865,,,25 mph,,,,,,0.0
"LINESTRING (-81.9339826 26.4442289,-81.9340285 26.444146,-81.9340936 26.4440902,-81.9342477 26.4440958)",3929,5771853753,5771853756,609342336,,service,False,False,34.617,,,,driveway,,,,,,,7.261883671266524
"LINESTRING (-81.932863 26.4433432,-81.9327271 26.4435495)",3931,5773169805,5773169806,609514299,,service,False,False,26.633,,,,driveway,,,,,,,32.037722079117025
"LINESTRING (-81.9327271 26.4435495,-81.9326618 26.443513)",3933,5773169806,5816061874,11041092,Estero Boulevard,secondary,False,True,7.664,2,CR 865,,,25 mph,,,,,,1.7986089588276222
"LINESTRING (-81.932952 26.4436751,-81.9330616 26.4435121)",3937,5773169807,5773169808,609514300,,service,False,False,21.156,,,,driveway,,,,,,,0.0
"LINESTRING (-81.932952 26.4436751,-81.9329268 26.443661)",3936,5773169807,5796086069,11041092,Estero Boulevard,secondary,False,True,2.959,2,CR 865,,,25 mph,,,,,,0.0
"LINESTRING (-81.932952 26.4436751,-81.9330621 26.4437367)",3935,5773169807,5796086071,11041092,Estero Boulevard,secondary,False,False,12.926,2,CR 865,,,25 mph,,,,,,0.0
"LINESTRING (-81.9333224 26.44364,-81.9332082 26.4438184)",3939,5773169849,5773169850,609514311,,service,False,False,22.865,,,,driveway,,,,,,,70.0108537223652
"LINESTRING (-81.9332082 26.4438184,-81.9332241 26.4438273)",3940,5773169850,5796086067,11041092,Estero Boulevard,secondary,False,False,1.867,2,CR 865,,,25 mph,,,,,,0.0
"LINESTRING (-81.9332082 26.4438184,-81.9330621 26.4437367)",3941,5773169850,5796086071,11041092,Estero Boulevard,secondary,False,True,17.15,2,CR 865,,,25 mph,,,,,,0.0
"LINESTRING (-81.9317941 26.4428508,-81.9317064 26.442981)",3943,5773170174,5773170175,609514317,,service,False,False,16.907,,,,driveway,,,,,,,724.794445183561
"LINESTRING (-81.9307826 26.4422577,-81.9306421 26.4423959)",3947,5773170245,5773170246,609514335,,service,False,False,20.78,,,,driveway,,,,,,,0.0
"LINESTRING (-81.9306421 26.4423959,-81.9304714 26.4422975)",3948,5773170246,5773170258,11041092,Estero Boulevard,secondary,False,True,20.213,2,CR 865,,,25 mph,,,,,,46.96617643738629
"LINESTRING (-81.9306307 26.4421068,-81.9304714 26.4422975)",3951,5773170257,5773170258,609514338,,service,False,False,26.48,,,,driveway,,,,,,,120.88900464520157
"LINESTRING (-81.9278457 26.4408197,-81.9279366 26.4406865,-81.927952 26.4406539,-81.9279547 26.4406073)",3957,5773679869,5773679872,609568304,,service,False,False,26.482,,,,driveway,,,,,,,146.31683880062707
"LINESTRING (-81.9253972 26.4391981,-81.9252305 26.4393363)",3959,5781895511,5781895512,610547720,,service,False,False,22.619,,,,driveway,,,,,,,258.6174856674267
"LINESTRING (-81.9252305 26.4393363,-81.9250853 26.4392539,-81.9248847 26.4391402)",3962,5781895512,5781895526,11041092,Estero Boulevard,secondary,False,True,40.754,2,CR 865,,,25 mph,,,,,,361.2955746044986
"LINESTRING (-81.9250547 26.4390097,-81.9248847 26.4391402)",3963,5781895525,5781895526,610547726,,service,False,False,22.295,,,,driveway,,,,,,,186.7855403742486
"LINESTRING (-81.9231909 26.4380354,-81.9234231 26.437806)",1314,5781896148,5781896147,610547782,,service,False,True,34.426,,,,,,,,,,,1.4388871670620977
"LINESTRING (-81.9231909 26.4380354,-81.9231667 26.438018)",1312,5781896148,5814969781,11028771,Estero Boulevard,secondary,False,False,3.09,2,CR 865,,,25 mph,,,,,,1.4388871670620977
"LINESTRING (-81.9230447 26.4379304,-81.9232658 26.4377154)",1317,5781896275,5781896274,610547787,,service,False,True,32.499,,,,,,,,,,,17.04181988489172
"LINESTRING (-81.9230447 26.4379304,-81.9229471 26.4378603)",1315,5781896275,5814968629,11028771,Estero Boulevard,secondary,False,False,12.458,2,CR 865,,,25 mph,,,,,,56.11659951542181
"LINESTRING (-81.9230447 26.4379304,-81.9231667 26.438018)",1316,5781896275,5814969781,11028771,Estero Boulevard,secondary,False,True,15.57,2,CR 865,,,25 mph,,,,,,17.04181988489172
"LINESTRING (-81.9232513 26.4374052,-81.9231712 26.4374935,-81.9230147 26.4375447,-81.922977 26.4375129)",3969,5781896276,5781896279,610547788,,service,False,False,34.396,,,,,,,,,,,0.0
"LINESTRING (-81.922977 26.4375129,-81.9229401 26.4375455,-81.9229076 26.4375759)",3971,5781896279,5781896318,11020040,Gulfview Avenue,residential,False,False,9.84,,,,,,,,,,,0.0
"LINESTRING (-81.922977 26.4375129,-81.9230674 26.4374329)",3970,5781896279,5781896320,11020040,Gulfview Avenue,residential,False,True,12.655,,,,,,,,,,,0.0
"LINESTRING (-81.9227883 26.4374866,-81.9229076 26.4375759)",3973,5781896317,5781896318,610547795,,service,False,False,15.482,,,,driveway,,,,,,,0.0
"LINESTRING (-81.9229576 26.4373386,-81.9230674 26.4374329)",3977,5781896319,5781896320,610547796,,service,False,False,15.148,,,,driveway,,,,,,,0.9442697033845016
"LINESTRING (-81.9208656 26.4362586,-81.9208869 26.4362668,-81.9209058 26.4362699,-81.9209367 26.4362596,-81.9209901 26.4362231,-81.9212108 26.4360198,-81.9212263 26.4359931,-81.921232 26.4359639,-81.9212286 26.4359377,-81.92122 26.4359161,-81.9212131 26.4359023,-81.9212005 26.4358879,-81.9211896 26.4358802,-81.921162 26.4358746,-81.9211299 26.4358823,-81.9210961 26.4359079,-81.9208507 26.43618,-81.9208439 26.4362036,-81.9208473 26.4362283,-81.9208541 26.4362441,-81.9208656 26.4362586)",3981,5783014081,5783014081,610646328,,service,True,False,121.704,,,,,,,,,,,20.537866048612912
"LINESTRING (-81.9208051 26.4363305,-81.9208462 26.4362817,-81.9208656 26.4362586)",1320,5783014101,5783014081,610646330,,service,False,True,10.01,,,,,,,,,,,21.774409707806903
"LINESTRING (-81.9155695 26.4323826,-81.9158997 26.4320692)",1321,5784212568,5784212569,610802017,,service,False,False,47.91,,,,driveway,,,,,,,525.7783638892848
"LINESTRING (-81.9155695 26.4323826,-81.9155849 26.4323958,-81.9156965 26.4324914,-81.9157152 26.4325074,-81.9158459 26.4326193,-81.9158696 26.4326396,-81.9159261 26.432688)",1323,5784212568,5784212578,11028771,Estero Boulevard,secondary,False,True,49.132,2,CR 865,,,25 mph,,,,,,261.697603509419
"LINESTRING (-81.9155695 26.4323826,-81.9155232 26.4323429,-81.9152417 26.4321018,-81.9150956 26.4319767,-81.9149523 26.431854)",1322,5784212568,5784212617,11028771,Estero Boulevard,secondary,False,False,85.039,2,CR 865,,,25 mph,,,,,,373.9982503762187
"LINESTRING (-81.9161489 26.432627,-81.9160052 26.4327557)",1325,5784212570,5784212571,610802018,,service,False,False,20.237,,,,driveway,,,,,,,47.415828677093195
"LINESTRING (-81.9160052 26.4327557,-81.9159455 26.4327046,-81.9159261 26.432688)",1327,5784212571,5784212578,11028771,Estero Boulevard,secondary,False,False,10.895,2,CR 865,,,25 mph,,,,,,24.663425347923766
"LINESTRING (-81.9160052 26.4327557,-81.916016 26.432765,-81.9160459 26.4327889,-81.9161342 26.4328596)",1328,5784212571,5807601449,11028771,Estero Boulevard,secondary,False,True,17.277,2,CR 865,,,25 mph,,,,,,1.214061047208645
"LINESTRING (-81.9160491 26.4325691,-81.9159261 26.432688)",1329,5784212577,5784212578,610802021,,service,False,False,18.022,,,,driveway,,,,,,,1042.8559569402407
"LINESTRING (-81.9149523 26.431854,-81.9154325 26.4314248)",1334,5784212617,5784212618,610802041,,service,False,False,67.556,,,,driveway,,,,,,,246.97149265901788
"LINESTRING (-81.9127197 26.4296466,-81.9125656 26.4297892)",1337,5784803018,5784803019,610868477,,service,False,False,22.065,,,,driveway,,,,,,,354.05617354521746
"LINESTRING (-81.912513 26.4297256,-81.9124021 26.4295861)",1341,5784803030,5784803032,11028771,Estero Boulevard,secondary,False,False,19.041,2,CR 865,,,25 mph,,,,,,40.62607985751892
"LINESTRING (-81.912513 26.4297256,-81.912588 26.4296767)",1343,5784803030,5784803556,610868481,,service,False,False,9.238,,,,driveway,,,,,,,19.559872427250394
"LINESTRING (-81.9126183 26.429657,-81.912588 26.4296767)",1344,5784803031,5784803556,610868481,,service,False,True,3.728,,,,driveway,,,,,,,0.80937403147243
"LINESTRING (-81.9124021 26.4295861,-81.9124834 26.4295321)",1346,5784803032,5784803557,610868482,,service,False,False,10.079,,,,driveway,,,,,,,21.695720565858192
"LINESTRING (-81.9125564 26.4294835,-81.9124834 26.4295321)",1348,5784803033,5784803557,610868482,,service,False,True,9.058,,,,driveway,,,,,,,24.775838407850497
"LINESTRING (-81.912588 26.4296767,-81.9124834 26.4295321)",1351,5784803556,5784803557,610868488,,service,False,False,19.157,,,,driveway,,,,,,,0.6295131355896676
"LINESTRING (-81.9112317 26.4280387,-81.9111816 26.4281074,-81.9110634 26.4281996)",1355,5784803682,5784803684,610868521,,service,False,False,24.733,,,,driveway,,,,,,,245.33026198408768
"LINESTRING (-81.9110634 26.4281996,-81.911101 26.4282353,-81.9112272 26.4283554,-81.9113397 26.4284624,-81.9113467 26.4284691,-81.9114798 26.4285956,-81.9115876 26.4286981,-81.9116358 26.4287439,-81.9116602 26.4287672,-81.9117999 26.4289001,-81.911884 26.42898,-81.9119233 26.4290226)",1357,5784803684,5806958410,11028771,Estero Boulevard,secondary,False,True,125.336,2,CR 865,,,25 mph,,,,,,220.80173230807597
"LINESTRING (-81.9106763 26.4275227,-81.9106005 26.4274524,-81.9104313 26.4275968)",1359,5787253593,5787253595,"[611209549, 611209550]",,service,False,False,34.14,,,,driveway,,,,,,,8.183670762665681
"LINESTRING (-81.9104313 26.4275968,-81.9104271 26.4275927,-81.9102881 26.4274598,-81.910274 26.4274463,-81.9101867 26.4273628,-81.9100253 26.4272084)",1361,5787253595,5787253621,11028771,Estero Boulevard,secondary,False,False,59.157,2,CR 865,,,25 mph,,,,,,1.7536437348569316
"LINESTRING (-81.9104313 26.4275968,-81.9105093 26.4276714)",1360,5787253595,5804668999,11028771,Estero Boulevard,secondary,False,True,11.364,2,CR 865,,,25 mph,,,,,,1.6412306749302052
"LINESTRING (-81.9102085 26.4270555,-81.9100253 26.4272084)",1363,5787253620,5787253621,611209560,,service,False,False,24.937,,,,driveway,,,,,,,92.24615697587168
"LINESTRING (-81.9100253 26.4272084,-81.9100031 26.4271871)",1364,5787253621,5804668957,11028771,Estero Boulevard,secondary,False,False,3.24,2,CR 865,,,25 mph,,,,,,15.220728314078753
"LINESTRING (-81.9097392 26.4269348,-81.9096238 26.4268244)",1367,5787254818,5787254821,11028771,Estero Boulevard,secondary,False,False,16.815,2,CR 865,,driveway,25 mph,,,,,,35.25273559302139
"LINESTRING (-81.9097392 26.4269348,-81.9098016 26.4269946,-81.9098245 26.4270165)",1369,5787254818,5804664345,11028771,Estero Boulevard,secondary,False,True,12.437,2,CR 865,,,25 mph,,,,,,58.072586758146855
"LINESTRING (-81.9096238 26.4268244,-81.9096196 26.4268204)",1370,5787254821,5804664325,11028771,Estero Boulevard,secondary,False,False,0.611,2,CR 865,,,25 mph,,,,,,9.645040541713124
"LINESTRING (-81.9092827 26.4261706,-81.9091053 26.4263235)",1373,5787531652,5787532253,611244701,,service,False,False,24.517,,,,driveway,,,,,,,4.6314180689811275
"LINESTRING (-81.9091053 26.4263235,-81.9090615 26.4262809)",1374,5787532253,5804464474,11028771,Estero Boulevard,secondary,False,False,6.439,2,CR 865,,,25 mph,,,,,,4.0918353813328405
"LINESTRING (-81.9089386 26.4258951,-81.908788 26.4260149)",1377,5787532260,5787532261,611244704,,service,False,False,20.058,,,,driveway,,,,,,,0.9442697033845016
"LINESTRING (-81.908788 26.4260149,-81.9086766 26.4259065)",1378,5787532261,5787532264,11028771,Estero Boulevard,secondary,False,False,16.381,2,CR 865,,,25 mph,,,,,,3.439839633757828
"LINESTRING (-81.908788 26.4260149,-81.9089095 26.4261332)",1379,5787532261,5804464458,11028771,Estero Boulevard,secondary,False,True,17.872,2,CR 865,,,25 mph,,,,,,0.0
"LINESTRING (-81.9086766 26.4259065,-81.908638 26.425869,-81.9085759 26.4258171)",1382,5787532264,5787532267,"[719594952, 11028771]",Estero Boulevard,secondary,False,False,14.129,2,CR 865,,driveway,25 mph,,,,,,210.39228295886113
"LINESTRING (-81.9085759 26.4258171,-81.908504 26.425757,-81.9084581 26.4257245,-81.908432 26.425706,-81.908349 26.425654,-81.908259 26.425606,-81.9082384 26.4255969)",1386,5787532267,5787532321,719594952,Estero Boulevard,secondary,False,False,41.741,2,CR 865,,,25 mph,,,,,,123.81174420329646
"LINESTRING (-81.9085175 26.4253441,-81.9084312 26.4254083)",1387,5787532319,5787532325,611244720,,service,False,False,11.172,,,,driveway,,,,,,,205.5135561580412
"LINESTRING (-81.9082384 26.4255969,-81.9083034 26.4255035,-81.9083489 26.4254696)",1388,5787532321,5787532323,611244720,,service,False,True,18.131,,,,driveway,,,,,,,138.22309848590277
"LINESTRING (-81.9083489 26.4254696,-81.9084312 26.4254083)",1391,5787532323,5787532325,611244720,,service,False,True,10.659,,,,driveway,,,,,,,380.3158643441008
"LINESTRING (-81.9075729 26.4253283,-81.907538 26.4253304)",1397,5787669196,5787669199,611263358,,service,False,False,3.483,,,,driveway,,,,,,,25.068112363659985
"LINESTRING (-81.9074072 26.4251756,-81.9074261 26.425337,-81.907538 26.4253304)",1398,5787669198,5787669199,"[611263363, 611263358]",,service,False,True,29.212,,,,driveway,,,,,,,116.93206493578079
"LINESTRING (-81.907538 26.4253304,-81.9075391 26.4254563)",1400,5787669199,5787669200,611263359,,service,False,False,14.0,,,,driveway,,,,,,,6.609887923691512
"LINESTRING (-81.9075391 26.4254563,-81.9075285 26.4254558,-81.907358 26.425449,-81.9072521 26.4254344)",1403,5787669200,5804156700,719594952,Estero Boulevard,secondary,False,False,28.721,2,CR 865,,,25 mph,,,,,,27.33885617417986
"LINESTRING (-81.9072033 26.425345,-81.9072484 26.4251518,-81.9072736 26.4251238,-81.9072914 26.4249891,-81.9072888 26.4249511,-81.9072674 26.4249248,-81.9072473 26.4249191,-81.907128 26.4248922,-81.9070144 26.4248416,-81.90698 26.4248254)",1405,5787669210,5787669260,611263362,,service,False,False,79.732,,,,driveway,,,,,,,64.03047893426336
"LINESTRING (-81.9068347 26.4247325,-81.9067632 26.4248114)",1408,5787669219,5787669253,611263376,,service,False,True,11.299,,,,driveway,,,,,,,407.6097552943098
"LINESTRING (-81.9068347 26.4247325,-81.9067471 26.4246425)",1407,5787669219,5787669258,11018877,Shelby Lane,residential,False,True,13.276,,,,,,,,,,,96.69771414897006
"LINESTRING (-81.9068347 26.4247325,-81.9068407 26.424737)",1406,5787669219,5789781117,11018877,Shelby Lane,residential,False,False,0.779,,,,,,,,,,,35.56749216081623
"LINESTRING (-81.9070994 26.4252499,-81.9070486 26.4253842)",1409,5787669226,5787669227,611263366,,service,False,False,15.767,,,,driveway,,,,,,,149.71171321041422
"LINESTRING (-81.9070486 26.4253842,-81.906974 26.425361,-81.9069045 26.4253346)",1411,5787669227,5787669232,719594952,Estero Boulevard,secondary,False,False,15.381,2,CR 865,,,25 mph,,,,,,81.38705538694992
"LINESTRING (-81.9070486 26.4253842,-81.907135 26.425411,-81.907206 26.425428,-81.9072521 26.4254344)",1412,5787669227,5804156700,719594952,Estero Boulevard,secondary,False,True,21.068,2,CR 865,,,25 mph,,,,,,106.2078590187711
"LINESTRING (-81.9065761 26.4247604,-81.9067471 26.4246425)",1417,5787669257,5787669258,611263378,,service,False,False,21.49,,,,driveway,,,,,,,687.1135874961224
"LINESTRING (-81.9068697 26.4250068,-81.90698 26.4248254)",1421,5787669259,5787669260,611263379,,service,False,False,22.967,,,,driveway,,,,,,,448.7529352274918
"LINESTRING (-81.90698 26.4248254,-81.9069541 26.4248131)",1422,5787669260,5789781098,611263362,,service,False,False,2.919,,,,driveway,,,,,,,76.14860679436448
"LINESTRING (-81.9077106 26.4250125,-81.9078149 26.4249363)",1426,5789781070,5789781071,611565926,,service,False,False,13.404,,,,driveway,,,,,,,150.79087858571077
"LINESTRING (-81.9078149 26.4249363,-81.9078037 26.4249234,-81.907773 26.424888,-81.9077279 26.4248395,-81.9077093 26.4248195,-81.907658 26.4247644,-81.9075866 26.4246877,-81.9074934 26.4245877,-81.9074252 26.4245144,-81.9073242 26.4244058,-81.907288 26.424367,-81.9071884 26.4242523)",1428,5789781071,5789834738,11011944,Gulf Road,residential,False,False,98.38,,,,,,,,,,,127.25158383705428
"LINESTRING (-81.9069541 26.4248131,-81.907029 26.4247665)",1431,5789781098,5789781099,611565933,,service,False,False,9.082,,,,driveway,,,,,,,597.228104778712
"LINESTRING (-81.9069541 26.4248131,-81.906919 26.4247964,-81.9068407 26.424737)",1432,5789781098,5789781117,"[611263362, 11018877]",Shelby Lane,"['residential', 'service']",False,"[False, True]",14.176,,,,driveway,,,,,,,40.85090597737238
"LINESTRING (-81.9069164 26.4246755,-81.9068407 26.424737)",1434,5789781116,5789781117,611565938,,service,False,False,10.178,,,,driveway,,,,,,,677.715855686248
"LINESTRING (-81.9065443 26.4242485,-81.906475 26.4241693)",1438,5789781143,5789781144,611565946,,service,False,False,11.188,,,,driveway,,,,,,,58.20748243005893
"LINESTRING (-81.906475 26.4241693,-81.9063948 26.4242293)",1439,5789781144,5789834753,11024325,Flamingo Street,residential,False,False,10.406,,,,,,,,,,,5.66561822030701
"LINESTRING (-81.906475 26.4241693,-81.9065034 26.4241481)",1440,5789781144,5789834754,11024325,Flamingo Street,residential,False,True,3.682,,,,,,,,,,,10.746688528995044
"LINESTRING (-81.9070644 26.4241094,-81.9071648 26.424033)",1443,5789834735,5789834736,611573138,,service,False,False,13.12,,,,driveway,,,,,,,1.5513002269888243
"LINESTRING (-81.9070644 26.4241094,-81.9071746 26.4242364,-81.9071884 26.4242523)",1444,5789834735,5789834738,11011944,Gulf Road,residential,False,True,20.123,,,,,,,,,,,78.30693754495762
"LINESTRING (-81.9073326 26.4241556,-81.9071884 26.4242523)",1446,5789834737,5789834738,611573140,,service,False,False,17.939,,,,driveway,,,,,,,220.14973656050097
"LINESTRING (-81.9062374 26.4240473,-81.9062871 26.4241191,-81.9063291 26.4241621)",1450,5789834751,5789834756,611573152,,service,False,False,15.745,,,,driveway,,,,,,,166.21395040765765
"LINESTRING (-81.9063948 26.4242293,-81.9063291 26.4241621)",1453,5789834753,5789834756,611573152,,service,False,True,9.932,,,,driveway,,,,,,,10.004762333478649
"LINESTRING (-81.9065034 26.4241481,-81.9064389 26.4240792,-81.9063291 26.4241621)",1456,5789834754,5789834756,"[611573154, 611573156]",,service,False,False,24.298,,,,driveway,,,,,,,15.085832642166682
"LINESTRING (-81.9064699 26.423404,-81.9064373 26.4235194,-81.9063915 26.4235858,-81.9063391 26.4236205)",1460,5789834829,5789834832,611573191,,service,False,False,28.404,,,,driveway,,,,,,,470.0889340015844
"LINESTRING (-81.9063391 26.4236205,-81.9063305 26.4236107)",1461,5789834832,5789834844,11039461,Court Street,residential,False,False,1.386,,,,,,,,,,,31.543104615439425
"LINESTRING (-81.9061402 26.4233937,-81.9063305 26.4236107)",1465,5789834835,5789834844,11039461,Court Street,residential,False,True,30.681,,,,driveway,,,,,,,188.5841493330762
"LINESTRING (-81.9334956 26.4445234,-81.933783 26.4446813)",3983,5796085242,5796085243,612291049,,service,False,False,33.571,,,,,,,,,,,381.5973732272654
"LINESTRING (-81.933783 26.4446813,-81.933912 26.444565,-81.9339762 26.444503)",3986,5796085243,5816061906,11032741,Eucalyptus Court,residential,False,True,27.627,,,,,,,,,,,4.42907456111302
"LINESTRING (-81.9332241 26.4438273,-81.9331871 26.4438846,-81.9331439 26.4439517,-81.9329941 26.4438721)",3989,5796086067,5796086070,"[612291056, 612291057]",,service,False,True,33.315,,,,,,,,,,,13.399636743265788
"LINESTRING (-81.9329268 26.443661,-81.9328974 26.4437245,-81.9328619 26.443802,-81.9329941 26.4438721)",3992,5796086069,5796086070,"[612291057, 612291053]",,service,False,False,32.255,,,,,,,,,,,13.399636743265788
"LINESTRING (-81.9329941 26.4438721,-81.9330309 26.4437986,-81.9330621 26.4437367)",3993,5796086070,5796086071,612291055,,service,False,False,16.508,,,,,,,,,,,13.399636743265788
"LINESTRING (-81.9325954 26.4441121,-81.9324869 26.4440548)",3999,5796086092,5796086093,612291063,,service,False,False,12.541,,,,,,,,,,,1391.8310601767703
"LINESTRING (-81.9410709 26.4482987,-81.941129 26.4481516,-81.9411535 26.4480898)",4003,5796555508,5796555509,612350166,,service,False,False,24.641,,,,driveway,,,,,,,8.273601210607062
"LINESTRING (-81.9406622 26.4483163,-81.9407823 26.4480285,-81.9408078 26.4479676)",4007,5796555513,5796555514,612350169,,service,False,False,41.395,,,,driveway,,,,,,,28.800225953227304
"LINESTRING (-81.9403423 26.4481123,-81.9404259 26.4479017,-81.9404499 26.4478412)",4011,5796555521,5796555522,612350172,,service,False,False,31.992,,,,driveway,,,,,,,46.80879815348888
"LINESTRING (-81.9404499 26.4478412,-81.9402994 26.4477879)",4013,5796555522,5796555529,882352979,Estero Boulevard,secondary,False,True,16.113,2,CR 865,,,25 mph,,,,,,110.81679447576688
"LINESTRING (-81.9404997 26.4480288,-81.9405329 26.4479402,-81.9405559 26.4478787)",4015,5796555523,5796555524,612350173,,service,False,False,17.604,,,,driveway,,,,,,,6.85719665553031
"LINESTRING (-81.940193 26.4480398,-81.9402734 26.4478495,-81.9402994 26.4477879)",4019,5796555528,5796555529,612350175,,service,False,False,29.946,,,,driveway,,,,,,,400.5052499069408
"LINESTRING (-81.9402994 26.4477879,-81.940273 26.4477786,-81.9400685 26.4477063,-81.9399951 26.4476804)",4022,5796555529,8793390779,882352979,Estero Boulevard,secondary,False,True,32.568,2,CR 865,,,25 mph,,,,,,165.06733719640505
"LINESTRING (-81.8852548 26.4052198,-81.8852148 26.4051814,-81.8851869 26.4051136,-81.8851926 26.4049592,-81.8851912 26.4048321)",1470,5797187881,5797187885,612416886,,service,False,False,45.187,,,,driveway,,,,,,,0.0
"LINESTRING (-81.8851912 26.4048321,-81.8854 26.404813,-81.8855142 26.4047961)",1472,5797187885,5797187890,136256174,Estero Boulevard,secondary,False,True,32.432,2,CR 865,,,35 mph,,,,,,0.0
"LINESTRING (-81.8856708 26.4050995,-81.8855314 26.4049218,-81.8855142 26.4047961)",1474,5797187888,5797187890,612416888,,service,False,False,38.231,,,,driveway,,,,,,,0.0
"LINESTRING (-81.8855142 26.4047961,-81.885576 26.404787,-81.8857981 26.4047431)",1476,5797187890,5797187895,136256174,Estero Boulevard,secondary,False,True,28.89,2,CR 865,,,35 mph,,,,,,0.0
"LINESTRING (-81.8858902 26.4050239,-81.8858204 26.4048507,-81.8857981 26.4047431)",1478,5797187893,5797187895,612416890,,service,False,False,32.644,,,,driveway,,,,,,,1.551300226988824
"LINESTRING (-81.8863648 26.4048274,-81.8863136 26.4046993,-81.8862867 26.4046322)",1482,5797187907,5797187908,612416895,,service,False,False,23.057,,,,driveway,,,,,,,5.440792100453557
"LINESTRING (-81.8862867 26.4046322,-81.886444 26.404595,-81.8866311 26.4045556)",1484,5797187908,5797187911,136256174,Estero Boulevard,secondary,False,True,35.345,2,CR 865,,,35 mph,,,,,,1.5063350030181335
"LINESTRING (-81.8866311 26.4045556,-81.8867723 26.4045258)",1486,5797187911,5797187918,136256174,Estero Boulevard,secondary,False,True,14.448,2,CR 865,,driveway,35 mph,,,,,,4.406591949127674
"LINESTRING (-81.8867723 26.4045258,-81.886852 26.404509,-81.8868684 26.4045067)",1491,5797187918,5797187934,136256174,Estero Boulevard,secondary,False,True,9.808,2,CR 865,,,35 mph,,,,,,4.114317993318186
"LINESTRING (-81.8868684 26.4045067,-81.8868806 26.4045851,-81.8868922 26.4046098,-81.8869215 26.4046431,-81.8869608 26.4046533,-81.8869944 26.4046501,-81.8870094 26.4046443,-81.8870273 26.4046213,-81.8870222 26.404567,-81.8870158 26.4044862)",1494,5797187934,5797187943,612416899,,service,False,False,43.747,,,,driveway,,,,,,,2.023435078681075
"LINESTRING (-81.8870158 26.4044862,-81.887039 26.404483,-81.88711 26.404477,-81.8871223 26.4044758)",1496,5797187943,5797187948,136256174,Estero Boulevard,secondary,False,True,10.673,2,CR 865,,,35 mph,,,,,,0.089930447941381
"LINESTRING (-81.8871223 26.4044758,-81.8871301 26.4045564,-81.8871452 26.4046014,-81.8871667 26.4046219,-81.8871988 26.4046322,-81.8872296 26.4046341,-81.8872596 26.4046264,-81.8872846 26.4046053,-81.8872925 26.4045822,-81.8872974 26.4045533,-81.8873066 26.4044634)",1500,5797187948,5797188158,612416901,,service,False,False,46.322,,,,driveway,,,,,,,0.0224826119853452
"LINESTRING (-81.8873066 26.4044634,-81.8873912 26.4044606)",1502,5797188158,5797188164,136256174,Estero Boulevard,secondary,False,True,8.431,2,CR 865,,,35 mph,,,,,,0.0
"LINESTRING (-81.8873942 26.4046515,-81.8873926 26.4045532,-81.8873912 26.4044606)",1504,5797188162,5797188164,612416903,,service,False,False,21.23,,,,driveway,,,,,,,4.923692024790616
"LINESTRING (-81.8877669 26.4046555,-81.8877612 26.4046158,-81.8877483 26.4045966,-81.8877326 26.4045883,-81.8877026 26.4045892)",1508,5797188167,5797188175,612416905,,service,False,False,11.749,,,,driveway,,,,,,,36.35438358030331
"LINESTRING (-81.8876411 26.4046581,-81.8876404 26.4046235,-81.887649 26.4046062,-81.8876711 26.4045902,-81.8877026 26.4045892)",1509,5797188174,5797188175,612416905,,service,False,True,11.923,,,,driveway,,,,,,,3.3049439618457557
"LINESTRING (-81.8877026 26.4045892,-81.8877018 26.4045547,-81.8876997 26.4044552)",1512,5797188175,5797188177,612416906,,service,False,False,14.903,,,,driveway,,,,,,,0.5395826876482867
"LINESTRING (-81.8876997 26.4044552,-81.8878498 26.4044534)",1514,5797188177,5797188178,136256174,Estero Boulevard,secondary,False,True,14.951,2,CR 865,,,35 mph,,,,,,0.0
"LINESTRING (-81.8878498 26.4044534,-81.8879863 26.4044517)",1517,5797188178,5797188187,136256174,Estero Boulevard,secondary,False,True,13.596,2,CR 865,,driveway,35 mph,,,,,,0.0
"LINESTRING (-81.8879863 26.4044517,-81.888125 26.40445)",1521,5797188187,5797188199,136256174,Estero Boulevard,secondary,False,True,13.815,2,CR 865,,,35 mph,,,,,,0.0
"LINESTRING (-81.888125 26.40445,-81.8882436 26.4044486)",1523,5797188199,5797188204,136256174,Estero Boulevard,secondary,False,True,11.813,2,CR 865,,driveway,35 mph,,,,,,20.684003026517654
"LINESTRING (-81.8922975 26.4049754,-81.8923175 26.4049068,-81.8923424 26.4048212)",1531,5797188338,5797188340,612416929,,service,False,False,17.72,,,,driveway,,,,,,,410.4425644044634
"LINESTRING (-81.8924377 26.4050993,-81.8924848 26.4049508,-81.8925097 26.4048722)",1535,5797188341,5797188342,612416931,,service,False,False,26.251,,,,driveway,,,,,,,358.48524810633046
"LINESTRING (-81.8927621 26.4051376,-81.8927995 26.4050577,-81.8928355 26.4049808)",1539,5797188360,5797188361,612416940,,service,False,False,18.906,,,,driveway,,,,,,,136.58186781097257
"LINESTRING (-81.8929519 26.4050229,-81.893085 26.405074)",1543,5797188404,5797188413,136256174,Estero Boulevard,secondary,False,True,14.422,2,CR 865,,driveway,35 mph,,,,,,0.0
"LINESTRING (-81.8934009 26.4053649,-81.8934314 26.405306,-81.8934414 26.4052868,-81.8934691 26.4052333)",1549,5797188422,5797188423,612416954,,service,False,False,16.133,,,,driveway,,,,,,,181.7044700655605
"LINESTRING (-81.8934691 26.4052333,-81.893511 26.405251,-81.8935926 26.4052892)",1551,5797188423,5797188460,136256174,Estero Boulevard,secondary,False,True,13.784,2,CR 865,,,35 mph,,,,,,5.755548668248391
"LINESTRING (-81.8935926 26.4052892,-81.8937195 26.4053487)",1553,5797188460,5797188466,136256174,Estero Boulevard,secondary,False,True,14.266,2,CR 865,,driveway,35 mph,,,,,,76.6657068700274
"LINESTRING (-81.8937195 26.4053487,-81.8937321 26.4053546,-81.8938138 26.4053928)",1558,5797188466,5797188499,136256174,Estero Boulevard,secondary,False,True,10.595,2,CR 865,,,35 mph,,,,,,38.31037082302836
"LINESTRING (-81.8937295 26.4055394,-81.8937737 26.4054626,-81.8938138 26.4053928)",1559,5797188497,5797188499,612416977,,service,False,False,18.337,,,,driveway,,,,,,,236.53956069781768
"LINESTRING (-81.8940362 26.4056958,-81.8940822 26.4056227,-81.8941258 26.4055535)",1563,5797188500,5797188502,612416979,,service,False,False,18.166,,,,driveway,,,,,,,530.1399906144417
"LINESTRING (-81.8946591 26.4060932,-81.8947367 26.4059902,-81.8947751 26.4059392)",1568,5797188537,5797188539,612416991,,service,False,False,20.657,,,,driveway,,,,,,,35.88224872861106
"LINESTRING (-81.8947751 26.4059392,-81.8946735 26.4058744)",1569,5797188539,5797188542,136256174,Estero Boulevard,secondary,False,False,12.422,2,CR 865,,,35 mph,,,,,,1.7536437348569318
"LINESTRING (-81.8947751 26.4059392,-81.894778 26.405941,-81.8948813 26.4060127)",1570,5797188539,5797188668,136256174,Estero Boulevard,secondary,False,True,13.367,2,CR 865,,,35 mph,,,,,,2.6079829903000524
"LINESTRING (-81.8945925 26.4059903,-81.8946306 26.4059359,-81.8946735 26.4058744)",1572,5797188540,5797188542,612416992,,service,False,False,15.204,,,,driveway,,,,,,,8.970562182152767
"LINESTRING (-81.8948813 26.4060127,-81.8949733 26.4060766)",1576,5797188668,5797188677,136256174,Estero Boulevard,secondary,False,True,11.595,2,CR 865,,driveway,35 mph,,,,,,1.798608958827622
"LINESTRING (-81.8950577 26.4061352,-81.8951503 26.4061996)",1583,5798972027,5798972035,136256174,Estero Boulevard,secondary,False,True,11.676,2,CR 865,,driveway,35 mph,,,,,,0.0
"LINESTRING (-81.8950936 26.4064248,-81.8951811 26.4063321,-81.8952425 26.4062669)",1588,5798972453,5798972455,612671520,,service,False,False,22.982,,,,driveway,,,,,,,777.201413721401
"LINESTRING (-81.8952425 26.4062669,-81.895386 26.406377,-81.8954102 26.4063973)",1590,5798972455,5798972465,136256174,Estero Boulevard,secondary,False,True,22.12,2,CR 865,,,35 mph,,,,,,94.38200511447945
"LINESTRING (-81.8952938 26.406511,-81.895347 26.4064591,-81.8954102 26.4063973)",1592,5798972463,5798972465,612671523,,service,False,False,17.153,,,,driveway,,,,,,,489.1541889651572
"LINESTRING (-81.8964791 26.4076114,-81.8965193 26.4075839,-81.8965862 26.4075382)",1597,5798972592,5798972594,612671543,,service,False,False,13.417,,,,,,,,,,,59.6576109031137
"LINESTRING (-81.8964791 26.4076114,-81.8964529 26.4075914,-81.8964257 26.4075789,-81.8963868 26.4075675,-81.8963634 26.4075465,-81.8962281 26.4073843,-81.8961935 26.4073599,-81.8961594 26.407349,-81.8961205 26.4073509,-81.8960693 26.4073724,-81.8958712 26.4075072)",1596,5798972592,5798972595,612671538,,service,True,False,78.643,,,,,,,,,,,39.20405464944582
"LINESTRING (-81.896616 26.4080735,-81.8967423 26.4079863,-81.8965157 26.4077082,-81.8964987 26.4076596,-81.8964939 26.4076343,-81.8964854 26.4076162,-81.8964791 26.4076114)",1608,5798972604,5798972592,612671538,,service,True,False,65.688,,,,,,,,,,,42.7282040781487
"LINESTRING (-81.8958712 26.4075072,-81.8958076 26.4074187)",1601,5798972595,5798972596,612671544,,service,False,False,11.703,,,,,,,,,,,63.502137552607735
"LINESTRING (-81.8958712 26.4075072,-81.895705 26.4076205,-81.8956938 26.4076472,-81.8956911 26.4076796,-81.8957082 26.4077106,-81.8961796 26.4082631,-81.8962014 26.4082798,-81.8962329 26.4082908,-81.8962696 26.4082913,-81.8963277 26.4082727,-81.896616 26.4080735)",1602,5798972595,5798972604,612671538,,service,True,False,161.038,,,,,,,,,,,22.274647824480837
"LINESTRING (-81.8970052 26.4080253,-81.8969355 26.4080735,-81.8969056 26.4080927,-81.8968556 26.4081168,-81.8968063 26.4081319,-81.8967556 26.4081326,-81.8967109 26.4081168,-81.896616 26.4080735)",1607,5798972600,5798972604,612671545,,service,False,True,43.721,,,,,,,,,,,25.798797253183707
"LINESTRING (-81.8994751 26.4115557,-81.899391 26.4115764,-81.8993383 26.4115894,-81.8992656 26.4115923,-81.8991544 26.4115942)",1612,5799216664,5799216666,612702589,,service,True,False,32.453,,,,,,,,,,,0.9172905690020874
"LINESTRING (-81.8994751 26.4115557,-81.8994999 26.4116212)",1610,5799216664,5799216668,136256174,Estero Boulevard,secondary,False,True,7.691,2,CR 865,,,35 mph,,,,,,1.61874806294486
"LINESTRING (-81.8993383 26.4121099,-81.8991923 26.4117004)",1613,5799216665,5799216667,612702590,,service,False,False,47.799,,,,,,,,,,,0.256301776632936
"LINESTRING (-81.8991544 26.4115942,-81.8991923 26.4117004)",1614,5799216666,5799216667,612702590,,service,False,True,12.397,,,,,,,,,,,0.5935409564131152
"LINESTRING (-81.8991544 26.4115942,-81.8986355 26.411603)",1615,5799216666,5799216670,612702592,,service,False,False,51.686,,,,,,,,,,,13.691910699075272
"LINESTRING (-81.8991923 26.4117004,-81.8994196 26.4116418,-81.8994999 26.4116212)",1618,5799216667,5799216668,612702591,,service,True,False,31.875,,,,,,,,,,,0.1888539406769003
"LINESTRING (-81.8986392 26.4118286,-81.8986355 26.411603)",1621,5799216669,5799216670,612702593,,service,False,False,25.088,,,,,,,,,,,14.096597714811487
"LINESTRING (-81.8986355 26.411603,-81.8984375 26.4116063)",1622,5799216670,5799216672,612702592,,service,False,False,19.722,,,,,,,,,,,32.46489170683858
"LINESTRING (-81.898443 26.4120193,-81.8984375 26.4116063)",1625,5799216671,5799216672,612702594,,service,False,False,45.927,,,,,,,,,,,65.44688348934011
"LINESTRING (-81.8984375 26.4116063,-81.8981898 26.4116105,-81.8981166 26.4116653)",1628,5799216672,5799216674,612702592,,service,False,False,34.174,,,,,,,,,,,46.111837181943166
"LINESTRING (-81.8973786 26.4116711,-81.8981166 26.4116653)",1629,5799216673,5799216674,612702595,,service,False,False,73.499,,,,,,,,,,,43.25654545980432
"LINESTRING (-81.8981166 26.4116653,-81.8978627 26.4118552)",1630,5799216674,5799216696,612702592,,service,False,False,32.943,,,,,,,,,,,27.74354318991607
"LINESTRING (-81.8977558 26.4119961,-81.8977743 26.411998,-81.8977925 26.4119945,-81.8978085 26.4119858,-81.8978204 26.411973,-81.8978271 26.4119574,-81.8978278 26.4119406,-81.8978223 26.4119246,-81.8978113 26.411911,-81.8978058 26.4119075)",1634,5799216681,5799216694,612702596,,service,True,False,15.553,,,,,,,,,,,3.574735305669899
"LINESTRING (-81.8977558 26.4119961,-81.8975968 26.4124484)",1633,5799216681,5799216697,612702598,,service,False,True,52.727,,,,,,,,,,,52.84537947155408
"LINESTRING (-81.8978058 26.4119075,-81.8978627 26.4118552)",1635,5799216694,5799216696,612702592,,service,False,True,8.12,,,,,,,,,,,1.1128892932745913
"LINESTRING (-81.8973823 26.411853,-81.8978627 26.4118552)",1637,5799216695,5799216696,612702597,,service,False,False,47.843,,,,,,,,,,,18.548154887909856
"LINESTRING (-81.9000612 26.4131354,-81.8999552 26.4131663,-81.8997606 26.4132229)",1644,5801434578,5801434580,613014385,,service,False,True,31.477,,,,,,,,,,,14.523767342533048
"LINESTRING (-81.899089 26.4148813,-81.8993358 26.4148797)",1645,5801434579,5801435553,613014380,,service,False,False,24.578,,,,parking_aisle,,,,,,,117.24682150357563
"LINESTRING (-81.8997606 26.4132229,-81.8997618 26.41339)",1647,5801434580,5801434583,613014387,,service,False,False,18.581,,,,parking_aisle,,,,,,,8.0937403147243
"LINESTRING (-81.8997606 26.4132229,-81.8994093 26.4133252)",1646,5801434580,5801434599,613014385,,service,False,True,36.788,,,,,,,,,,,103.44249774457361
"LINESTRING (-81.9004159 26.4147496,-81.9002322 26.414754)",1649,5801434582,5801434589,613014387,,service,False,True,18.3,,,,parking_aisle,,,,,,,17.199198168789138
"LINESTRING (-81.9004159 26.4147496,-81.9002414 26.4142652)",1650,5801434582,5801434594,613014390,,service,False,True,56.597,,,,parking_aisle,,,,,,,8.459082759486162
"LINESTRING (-81.8997618 26.41339,-81.8997694 26.41386)",1652,5801434583,5801434593,613014387,,service,False,False,52.267,,,,parking_aisle,,,,,,,44.11088471524743
"LINESTRING (-81.8997618 26.41339,-81.8998187 26.4133835,-81.899865 26.4133827,-81.8999132 26.4134091,-81.8999488 26.4134538,-81.9002414 26.4142652)",1654,5801434583,5801434594,613014390,,service,False,False,116.868,,,,parking_aisle,,,,,,,7.919500071837874
"LINESTRING (-81.9002322 26.414754,-81.9000703 26.4143184)",1657,5801434589,5801434595,613014392,,service,False,False,51.05,,,,parking_aisle,,,,,,,9.397731809874326
"LINESTRING (-81.9002322 26.414754,-81.9000318 26.4147588)",1656,5801434589,5801434598,613014387,,service,False,True,19.964,,,,parking_aisle,,,,,,,125.88014450594821
"LINESTRING (-81.8997694 26.41386,-81.8998641 26.4138751,-81.8999034 26.4138966,-81.8999256 26.4139293,-81.9000703 26.4143184)",1660,5801434593,5801434595,613014392,,service,False,True,64.023,,,,parking_aisle,,,,,,,36.849001043980905
"LINESTRING (-81.8997694 26.41386,-81.8997777 26.4143762)",1658,5801434593,5801434597,613014387,,service,False,False,57.405,,,,parking_aisle,,,,,,,48.96712890408201
"LINESTRING (-81.9002414 26.4142652,-81.9000703 26.4143184)",1662,5801434594,5801434595,613014396,,service,False,False,18.037,,,,,,,,,,,0.6576164005713494
"LINESTRING (-81.9000703 26.4143184,-81.8998971 26.4143722)",1666,5801434595,5801434596,613014396,,service,False,False,18.256,,,,,,,,,,,8.880631734211386
"LINESTRING (-81.8998971 26.4143722,-81.8997777 26.4143762)",1669,5801434596,5801434597,613014396,,service,False,False,11.899,,,,,,,,,,,20.99875959431249
"LINESTRING (-81.8998971 26.4143722,-81.9000318 26.4147588)",1671,5801434596,5801434598,613014398,,service,False,False,45.032,,,,parking_aisle,,,,,,,125.36304443028529
"LINESTRING (-81.8997777 26.4143762,-81.899784 26.4147648,-81.9000318 26.4147588)",1674,5801434597,5801434598,613014387,,service,False,False,67.901,,,,parking_aisle,,,,,,,128.600540556175
"LINESTRING (-81.8994093 26.4133252,-81.8992704 26.4131172)",1679,5801434599,5801434611,613014400,,service,False,False,26.949,,,,,,,,,,,102.67808893707188
"LINESTRING (-81.8994093 26.4133252,-81.8993269 26.4133492,-81.8993346 26.4146772)",1680,5801434599,5801434652,"[613014385, 613014382]",,service,False,True,156.298,,,,,,,,,,,126.57710547749392
"LINESTRING (-81.8992608 26.4131027,-81.8992199 26.4130414)",1681,5801434604,5801434609,613014400,,service,False,False,7.941,,,,,,,,,,,0.6295131355896678
"LINESTRING (-81.8992608 26.4131027,-81.8992704 26.4131172)",1682,5801434604,5801434611,613014400,,service,False,True,1.874,,,,,,,,,,,0.0674478359560358
"LINESTRING (-81.8992608 26.4131027,-81.8987964 26.4131534)",1683,5801434604,5801434630,613014406,,service,False,True,46.591,,,,,,,,,,,1.1016479872819187
"LINESTRING (-81.8989902 26.412357,-81.8994401 26.4123482,-81.8995924 26.4127879,-81.8993314 26.4128741,-81.8992199 26.4130414)",1684,5801434605,5801434609,"[613014409, 613014411, 613014413]",,service,False,False,145.374,,,,,,,,,,,361.0707484846451
"LINESTRING (-81.8992199 26.4130414,-81.8991685 26.4129644,-81.8980879 26.4130168,-81.8981352 26.4131284)",1686,5801434609,5801434650,"[613014400, 613014402, 613014404]",,service,False,False,131.02,,,,,,,,,,,19.110220187543487
"LINESTRING (-81.8996673 26.4130009,-81.8992704 26.4131172)",1688,5801434610,5801434611,613014415,,service,False,False,41.588,,,,,,,,,,,3.7770788135380062
"LINESTRING (-81.89427 26.4153188,-81.8942703 26.4156464,-81.8940611 26.4156517)",1694,5801434616,7011017145,749746238,,service,False,False,57.27,,,,,,,,,,,0.0
"LINESTRING (-81.8942743 26.415157,-81.8942671 26.4147149)",1695,5801434621,7011017138,749746236,,service,False,False,49.165,,,,,,,,,,,0.0
"LINESTRING (-81.8988635 26.4143805,-81.8988429 26.4139249,-81.8988305 26.4135626,-81.8987964 26.4131534)",1698,5801434627,5801434630,613014417,,service,False,False,136.635,,,,,,,,,,,9.397731809874326
"LINESTRING (-81.8987964 26.4131534,-81.8987025 26.4131636,-81.8982164 26.4133199,-81.8981352 26.4131284)",1700,5801434630,5801434650,"[613014404, 613014406]",,service,False,True,83.633,,,,,,,,,,,19.582355039235736
"LINESTRING (-81.8979339 26.4129746,-81.8980107 26.4131702,-81.8981352 26.4131284)",1702,5801434648,5801434650,"[613014429, 613014431]",,service,False,False,36.296,,,,parking_aisle,,,,,,,95.37124004183465
"LINESTRING (-81.8988125 26.4146797,-81.8993346 26.4146772)",1706,5801434651,5801434652,613014433,,service,False,False,51.995,,,,parking_aisle,,,,,,,23.966464376378063
"LINESTRING (-81.8993346 26.4146772,-81.8993358 26.4148797)",1707,5801434652,5801435553,613014382,,service,False,True,22.517,,,,,,,,,,,78.68914194870848
"LINESTRING (-81.8993358 26.4148797,-81.8993379 26.4150386)",1712,5801435553,5801435556,613014382,,service,False,True,17.67,,,,,,,,,,,56.36390824726062
"LINESTRING (-81.8993408 26.4152616,-81.8993379 26.4150386)",1714,5801435554,5801435556,613014382,,service,False,False,24.798,,,,,,,,,,,1.7536437348569316
"LINESTRING (-81.8993408 26.4152616,-81.899484 26.41526,-81.8995394 26.4152587)",1715,5801435554,7081882020,11026723,Lenell Road,residential,False,True,19.781,,,,,,,,,,,18.660567947836583
"LINESTRING (-81.8993408 26.4152616,-81.8986962 26.4152686)",1713,5801435554,7094841898,11026723,Lenell Road,residential,False,False,64.198,,,,,,,,,,,25.877486395132415
"LINESTRING (-81.8990866 26.4150404,-81.8993379 26.4150386)",1716,5801435555,5801435556,613014436,,service,False,False,25.027,,,,parking_aisle,,,,,,,37.18624022376109
"LINESTRING (-81.900065 26.4152463,-81.9000656 26.4154398)",1722,5802006318,5802006325,613092659,,service,False,False,21.516,,,,,,,,,,,48.08581051425648
"LINESTRING (-81.900065 26.4152463,-81.8995394 26.4152587)",1720,5802006318,7081882020,11026723,Lenell Road,residential,False,False,52.36,,,,,,,,,,,48.18023748459493
"LINESTRING (-81.9010511 26.4157921,-81.9009372 26.4157944,-81.9006881 26.4157983)",1725,5802006324,5802006328,613092662,,service,False,True,36.156,,,,,,,,,,,7.891396806856192
"LINESTRING (-81.9000656 26.4154398,-81.9006505 26.4154398,-81.9006889 26.4155139,-81.9006881 26.4157983)",1727,5802006325,5802006328,613092660,,service,False,False,98.956,,,,parking_aisle,,,,,,,27.680591876357113
"LINESTRING (-81.9008209 26.4170717,-81.9008123 26.4169644,-81.9006401 26.4165424)",1731,5802006383,5802006390,613092668,,service,False,False,61.922,,,,,,,,,,,0.0
"LINESTRING (-81.9008209 26.4170717,-81.9012098 26.417068,-81.9009783 26.4164417)",1733,5802006383,5802006391,"[613092672, 613092671]",,service,False,True,112.088,,,,,,,,,,,9.459558992834024
"LINESTRING (-81.9008209 26.4170717,-81.9001699 26.4170779,-81.9001588 26.416582,-81.900334 26.4165798)",1732,5802006383,5802006396,"[613092672, 613092673, 613092670]",,service,False,False,137.435,,,,,,,,,,,0.5171000756629414
"LINESTRING (-81.8994364 26.4161609,-81.8994782 26.4159989,-81.90001 26.4159963)",1734,5802006387,5802006400,613092669,,service,False,False,71.448,,,,,,,,,,,119.33770441821274
"LINESTRING (-81.9004504 26.4159941,-81.9008123 26.4159923,-81.9009783 26.4164417)",1737,5802006388,5802006391,"[613092669, 613092671]",,service,False,False,88.674,,,,,,,,,,,9.931693844526276
"LINESTRING (-81.9004504 26.4159941,-81.9004997 26.4161984,-81.9005849 26.4164071)",1736,5802006388,5802006395,613092668,,service,False,True,47.951,,,,,,,,,,,0.4721348516922508
"LINESTRING (-81.9004504 26.4159941,-81.9001848 26.4159954)",1735,5802006388,5802006408,613092669,,service,False,True,26.45,,,,,,,,,,,0.4721348516922508
"LINESTRING (-81.9006401 26.4165424,-81.9009783 26.4164417)",1739,5802006390,5802006391,613092670,,service,False,False,35.492,,,,,,,,,,,9.459558992834024
"LINESTRING (-81.9006401 26.4165424,-81.9005218 26.4165775,-81.9004464 26.4165785)",1741,5802006390,5802006394,613092670,,service,False,True,19.92,,,,,,,,,,,0.0
"LINESTRING (-81.9006401 26.4165424,-81.9005849 26.4164071)",1738,5802006390,5802006395,613092668,,service,False,False,16.018,,,,,,,,,,,0.0
"LINESTRING (-81.9004464 26.4165785,-81.9004541 26.4165062,-81.9005849 26.4164071)",1748,5802006394,5802006395,613092674,,service,False,True,25.138,,,,,,,,,,,0.0
"LINESTRING (-81.9004464 26.4165785,-81.900334 26.4165798)",1746,5802006394,5802006396,613092670,,service,False,True,11.194,,,,,,,,,,,0.5171000756629414
"LINESTRING (-81.900334 26.4165798,-81.900322 26.4164879,-81.9001013 26.4162704,-81.9000398 26.4162464)",1754,5802006396,5802006401,613092675,,service,False,False,49.649,,,,,,,,,,,0.5171000756629414
"LINESTRING (-81.90001 26.4159963,-81.8999836 26.4162246,-81.9000398 26.4162464)",1757,5802006400,5802006401,"[613092675, 613092676]",,service,False,True,31.621,,,,,,,,,,,2.652948214270743
"LINESTRING (-81.90001 26.4159963,-81.9001848 26.4159954)",1755,5802006400,5802006408,613092669,,service,False,False,17.408,,,,,,,,,,,2.652948214270743
"LINESTRING (-81.9000398 26.4162464,-81.8999888 26.4163063,-81.8999581 26.41632,-81.8998907 26.4163139,-81.8995157 26.4162276)",1760,5802006401,5802006405,613092677,,service,False,False,57.095,,,,,,,,,,,2.023435078681075
"LINESTRING (-81.9000646 26.4161734,-81.9001856 26.416091,-81.9001848 26.4159954)",1762,5802006406,5802006408,613092678,,service,False,False,25.769,,,,,,,,,,,0.1348956719120716
"LINESTRING (-81.9017535 26.4176787,-81.901651 26.4177032,-81.9015737 26.4177217,-81.9013394 26.41767,-81.900972 26.4176754,-81.9009726 26.4178911)",1768,5802444795,5802444799,"[613150424, 613150423]",,service,False,False,103.14,,,,,,,,,,,138.62778550163898
"LINESTRING (-81.9014592 26.4179133,-81.9016517 26.4179035,-81.9017186 26.4178878,-81.9018222 26.4178636)",1770,5802444816,5802444818,613150426,,service,False,False,36.75,,,,,,,,,,,71.22491476957384
"LINESTRING (-81.9020749 26.4185433,-81.9019759 26.4185704,-81.9018836 26.4185957,-81.9018228 26.4185987,-81.9017815 26.4185872,-81.9017544 26.4185659,-81.9017345 26.4185204,-81.9017212 26.4184809,-81.9017131 26.4184218)",1776,5802444823,5802444830,613150428,,service,False,False,50.526,,,,,,,,,,,17.738780856437423
"LINESTRING (-81.9017131 26.4184218,-81.9010294 26.4184358)",1777,5802444830,5802444837,613150438,,service,False,False,68.103,,,,,,,,,,,74.30503261156613
"LINESTRING (-81.9017131 26.4184218,-81.9017157 26.4182852,-81.9016999 26.4181691)",1778,5802444830,5802444860,613150428,,service,False,False,28.196,,,,,,,,,,,37.92816641927748
"LINESTRING (-81.9007677 26.418032,-81.901028 26.4180293,-81.9010294 26.4184358)",1780,5802444835,5802444837,"[613150432, 613150429]",,service,False,False,71.124,,,,,,,,,,,844.3120104976565
"LINESTRING (-81.9007677 26.418032,-81.9007598 26.417542,-81.9005186 26.4175434)",1782,5802444835,5802444839,"[613150438, 613150431]",,service,False,"[False, True]",78.511,,,,,,,,,,,354.483343172939
"LINESTRING (-81.900525 26.4178961,-81.9005207 26.4176565)",1786,5802444838,5802444842,613150430,,service,False,False,26.646,,,,,,,,,,,375.3472070953394
"LINESTRING (-81.9005186 26.4175434,-81.9005207 26.4176565)",1787,5802444839,5802444842,613150430,,service,False,True,12.578,,,,,,,,,,,0.6070305236043224
"LINESTRING (-81.9005186 26.4175434,-81.9004813 26.4175036,-81.9004811 26.4174303)",1789,5802444839,5802444845,613150433,,service,False,False,13.929,,,,,,,,,,,0.494617463677596
"LINESTRING (-81.9004805 26.4171953,-81.9004811 26.4174303)",1790,5802444841,5802444845,613150433,,service,False,True,26.131,,,,,,,,,,,9.307801361932944
"LINESTRING (-81.9004805 26.4171953,-81.899406 26.4172076)",1791,5802444841,5802444847,613150463,Island Pines Way,residential,False,False,107.012,,,,,,,,,,,10.2295884533321
"LINESTRING (-81.9004805 26.4171953,-81.900505 26.417195,-81.9005363 26.4171956,-81.9007744 26.4171998)",1792,5802444841,5802444932,613150463,Island Pines Way,residential,False,True,29.274,,,,,,,,,,,25.765073335205685
"LINESTRING (-81.9005207 26.4176565,-81.8997364 26.4176558,-81.899599 26.4176501)",1795,5802444842,5802444844,613150434,,service,False,False,91.8,,,,,,,,,,,53.89082092887264
"LINESTRING (-81.9004811 26.4174303,-81.8994092 26.4174417,-81.899406 26.4172076)",1799,5802444845,5802444847,"[613150435, 613150436]",,service,False,False,132.784,,,,,,,,,,,1.9110220187543487
"LINESTRING (-81.899406 26.4172076,-81.8991762 26.4172102)",1800,5802444847,7229628352,613150463,Island Pines Way,residential,False,False,22.886,,,,,,,,,,,2.360674258461254
"LINESTRING (-81.901091 26.4172055,-81.9010994 26.4173685,-81.9014299 26.4173649)",1806,5802444925,5802444926,"[613150459, 613150461]",,service,False,True,51.059,,,,,,,,,,,560.0868297789216
"LINESTRING (-81.901091 26.4172055,-81.9007744 26.4171998)",1804,5802444925,5802444932,613150463,Island Pines Way,residential,False,False,31.535,,,,,,,,,,,95.7309618336002
"LINESTRING (-81.9015628 26.4171689,-81.9014556 26.4171744,-81.901216 26.4171866,-81.901091 26.4172055)",1814,5802444936,5802444925,613150464,Island Pines Way,residential,True,False,47.216,,,,,,,,,,,39.38953619832493
"LINESTRING (-81.9007791 26.4174147,-81.9007744 26.4171998)",1808,5802444931,5802444932,613150462,,service,False,False,23.9,,,,,,,,,,,159.26682330418595
"LINESTRING (-81.9014123 26.4188581,-81.9018506 26.4188361,-81.9018944 26.4188379,-81.901923 26.418851,-81.9019482 26.4188736,-81.9020099 26.4190516)",1815,5802469957,5802469963,613153124,,service,False,False,75.555,,,,,,,,,,,101.01999630315268
"LINESTRING (-81.9023261 26.4197151,-81.9022687 26.4195947)",1816,5802469962,5802469974,613153124,,service,False,True,14.557,,,,,,,,,,,2.04591769066642
"LINESTRING (-81.9020099 26.4190516,-81.9020778 26.4190288,-81.90224 26.4189742)",1820,5802469963,5802469964,613153127,,service,False,False,24.477,,,,,,,,,,,4.119938646314521
"LINESTRING (-81.9020099 26.4190516,-81.9017601 26.4191269)",1818,5802469963,5802469965,613153127,,service,False,True,26.247,,,,,,,,,,,5.55882581337662
"LINESTRING (-81.9020099 26.4190516,-81.9022687 26.4195947)",1817,5802469963,5802469974,613153124,,service,False,False,65.659,,,,,,,,,,,2.905877599105877
"LINESTRING (-81.9017601 26.4191269,-81.9015821 26.4191037,-81.9014234 26.4191239,-81.9013988 26.419115,-81.9013822 26.4190978,-81.9013696 26.4189866)",1825,5802469965,5802469970,613153127,,service,False,True,51.473,,,,,,,,,,,82.19642941842234
"LINESTRING (-81.9017601 26.4191269,-81.9018278 26.4193089,-81.9018311 26.4194499,-81.9019399 26.4197211)",1826,5802469965,5802469973,613153129,,service,False,False,69.056,,,,,,,,,,,11.466132112526092
"LINESTRING (-81.9019399 26.4197211,-81.9022687 26.4195947)",1828,5802469973,5802469974,613153132,,service,False,True,35.632,,,,,,,,,,,8.81318389825535
"LINESTRING (-81.9019399 26.4197211,-81.9017607 26.41979,-81.9017448 26.4198091,-81.9017455 26.4198436,-81.9018046 26.4200333,-81.9018424 26.4200933,-81.9018748 26.4201295)",1830,5802469973,5802469983,613153132,,service,False,False,60.624,,,,,,,,,,,7.171953223325144
"LINESTRING (-81.9019319 26.4201934,-81.9018748 26.4201295)",1834,5802469980,5802469983,613153132,,service,False,True,9.1,,,,,,,,,,,0.0
"LINESTRING (-81.9019319 26.4201934,-81.901985 26.4202499)",1835,5802469980,5802470186,613153153,,residential,False,False,8.212,,,,,,,,,,,0.0
"LINESTRING (-81.9022754 26.4198424,-81.9018748 26.4201295)",1837,5802469982,5802469983,613153137,,service,False,False,51.094,,,,,,,,,,,0.2023435078681074
"LINESTRING (-81.9072521 26.4254344,-81.9072495 26.4255182,-81.9072292 26.426144)",1843,5804156700,5804156701,613420700,,service,False,False,78.937,,,,,,,,,,,127.79116652470256
"LINESTRING (-81.9072292 26.426144,-81.9071723 26.4261486,-81.9071771 26.4261848)",1848,5804156701,5804156710,"[613420704, 613420706]",,service,False,False,9.743,,,,,,,,,,,111.44630761135653
"LINESTRING (-81.9072292 26.426144,-81.9077881 26.4260993)",1846,5804156701,5804156711,613420704,,service,False,True,55.875,,,,,,,,,,,137.36875923045966
"LINESTRING (-81.9067031 26.4254368,-81.9067123 26.4262384)",1849,5804156703,5804156709,613420702,,service,False,True,89.139,,,,,,,,,,,717.0154614366317
"LINESTRING (-81.906196 26.4264083,-81.9067143 26.4264114,-81.9067137 26.4263596)",1852,5804156704,5804156706,"[613420701, 613420702]",,service,False,False,57.371,,,,parking_aisle,,,,,,,1279.9126177137214
"LINESTRING (-81.9071969 26.4263342,-81.9067137 26.4263596)",1853,5804156705,5804156706,613420703,,service,False,False,48.198,,,,,,,,,,,227.18679411191408
"LINESTRING (-81.9071969 26.4263342,-81.9072039 26.4263873,-81.9072118 26.4264518)",1855,5804156705,5804156730,613420706,,service,False,False,13.16,,,,,,,,,,,66.36867058073926
"LINESTRING (-81.9071969 26.4263342,-81.9071935 26.4263086)",1854,5804156705,5804156731,613420706,,service,False,True,2.867,,,,,,,,,,,0.0
"LINESTRING (-81.9067137 26.4263596,-81.9067123 26.4262384)",1856,5804156706,5804156709,613420702,,service,False,False,13.478,,,,,,,,,,,762.7675768268094
"LINESTRING (-81.9067123 26.4262384,-81.9071771 26.4261848)",1861,5804156709,5804156710,613420705,,service,False,False,46.665,,,,,,,,,,,545.068444972711
"LINESTRING (-81.9071771 26.4261848,-81.9071935 26.4263086)",1863,5804156710,5804156731,613420706,,service,False,False,13.862,,,,,,,,,,,9.487662257815707
"LINESTRING (-81.9077881 26.4260993,-81.9077093 26.4262621)",1866,5804156711,5804156712,613420704,,service,False,True,19.73,,,,,,,,,,,35.455079100889506
"LINESTRING (-81.9077881 26.4260993,-81.9079784 26.4260243,-81.9080242 26.4260212,-81.9080924 26.4260331,-81.908163 26.4260572,-81.9082277 26.4261024,-81.9082822 26.4261511,-81.9083281 26.4262045,-81.9083825 26.4262764)",1867,5804156711,5804156759,613420713,,service,False,True,72.708,,,,,,,,,,,47.685620020917334
"LINESTRING (-81.9077093 26.4262621,-81.9077938 26.4263875)",1869,5804156712,5804156713,613420704,,service,False,True,16.286,,,,,,,,,,,0.1798608958827622
"LINESTRING (-81.9077093 26.4262621,-81.9071935 26.4263086)",1870,5804156712,5804156731,613420710,,service,False,False,51.621,,,,parking_aisle,,,,,,,0.0449652239706904
"LINESTRING (-81.9077938 26.4263875,-81.9079014 26.4265237)",1872,5804156713,5804156729,613420704,,service,False,True,18.552,,,,,,,,,,,1.214061047208645
"LINESTRING (-81.9077938 26.4263875,-81.9072118 26.4264518)",1873,5804156713,5804156730,613420709,,service,False,False,58.393,,,,parking_aisle,,,,,,,66.50356625265134
"LINESTRING (-81.908293 26.4265146,-81.9082103 26.4266284,-81.9080949 26.4265682,-81.9080018 26.4265395,-81.9079203 26.4265223,-81.9079014 26.4265237)",1874,5804156714,5804156729,613420707,,service,False,False,48.427,,,,,,,,,,,106.90481999031681
"LINESTRING (-81.9069614 26.42725,-81.9069275 26.426892,-81.9069899 26.4268899,-81.9070494 26.426869,-81.9071336 26.426797,-81.9071928 26.4266942,-81.9072367 26.4266556)",1875,5804156725,5804156728,"[613420707, 613420708]",,service,False,True,83.113,,,,,,,,,,,287.2603333367566
"LINESTRING (-81.9072367 26.4266556,-81.9072118 26.4264518)",1876,5804156728,5804156730,613420706,,service,False,True,22.797,,,,,,,,,,,85.59130382820948
"LINESTRING (-81.9072367 26.4266556,-81.9072959 26.4266036,-81.9074464 26.4265704,-81.9077852 26.4265323,-81.9077997 26.4265312)",1878,5804156728,5804156733,613420707,,service,False,True,59.141,,,,,,,,,,,22.437646761374587
"LINESTRING (-81.9079014 26.4265237,-81.9077997 26.4265312)",1880,5804156729,5804156733,613420707,,service,False,False,10.161,,,,,,,,,,,4.294178889200948
"LINESTRING (-81.9078123 26.4267785,-81.9077997 26.4265312)",1888,5804156732,5804156733,613420711,,service,False,False,27.527,,,,,,,,,,,692.5993448205467
"LINESTRING (-81.9089095 26.4261332,-81.9088469 26.4261856,-81.9088078 26.4262183,-81.9087805 26.4262587,-81.9087846 26.4262953,-81.9088182 26.4263254)",1895,5804464458,5804464462,613461919,,service,False,False,27.933,,,,driveway,,,,,,,12.477849651866627
"LINESTRING (-81.9089095 26.4261332,-81.9089364 26.4261593,-81.9090615 26.4262809)",1894,5804464458,5804464474,11028771,Estero Boulevard,secondary,False,True,22.334,2,CR 865,,,25 mph,,,,,,1.4164045550767526
"LINESTRING (-81.9087549 26.4265434,-81.9089976 26.4263356,-81.9090615 26.4262809)",1897,5804464473,5804464474,613461922,,service,False,False,42.238,,,,driveway,,,,,,,398.4143669923036
"LINESTRING (-81.9094847 26.4269359,-81.9095589 26.4268723,-81.9096196 26.4268204)",1901,5804664324,5804664325,613487922,,service,False,False,18.585,,,,driveway,,,,,,,98.29397959992954
"LINESTRING (-81.9096577 26.4271907,-81.9096851 26.4271542,-81.9097361 26.4270994,-81.909768 26.4270695,-81.9098245 26.4270165)",1905,5804664342,5804664345,613487927,,service,False,False,25.568,,,,driveway,,,,,,,165.53947204809728
"LINESTRING (-81.9098245 26.4270165,-81.9098466 26.4270376,-81.9100031 26.4271871)",1907,5804664345,5804668957,11028771,Estero Boulevard,secondary,False,True,26.003,2,CR 865,,,25 mph,,,,,,59.71381743307706
"LINESTRING (-81.9098727 26.4272944,-81.9099435 26.4272362,-81.9100031 26.4271871)",1909,5804668956,5804668957,613487931,,service,False,False,17.634,,,,driveway,,,,,,,276.4686795837909
"LINESTRING (-81.9103145 26.4278457,-81.9104496 26.4277247,-81.9105093 26.4276714)",1913,5804668998,5804668999,613487941,,service,False,False,27.42,,,,driveway,,,,,,,1255.136779305871
"LINESTRING (-81.9119233 26.4290226,-81.9119921 26.4290909)",1917,5806958410,5806958413,11028771,Estero Boulevard,secondary,False,True,10.228,2,CR 865,,,25 mph,,,,,,51.53014667041138
"LINESTRING (-81.9119233 26.4290226,-81.9118596 26.4290733,-81.9117715 26.4291435)",1919,5806958410,5806958415,613807768,,service,False,False,20.229,,,,driveway,,,,,,,194.1823197174272
"LINESTRING (-81.9117165 26.4291873,-81.9117715 26.4291435)",1920,5806958411,5806958415,613807768,,service,False,True,7.329,,,,driveway,,,,,,,362.6445313236194
"LINESTRING (-81.9117828 26.4292612,-81.9118413 26.4292136)",1921,5806958412,5806958414,613807769,,service,False,False,7.871,,,,driveway,,,,,,,0.0
"LINESTRING (-81.9119921 26.4290909,-81.9119259 26.4291447,-81.9118413 26.4292136)",1924,5806958413,5806958414,613807769,,service,False,True,20.289,,,,driveway,,,,,,,7.868914194870848
"LINESTRING (-81.9118413 26.4292136,-81.9117715 26.4291435)",1926,5806958414,5806958415,613807771,,service,False,False,10.443,,,,driveway,,,,,,,150.52108724188665
"LINESTRING (-81.9115215 26.4293076,-81.9117378 26.4294799)",1931,5806958420,5806958421,613807774,,service,False,False,28.826,,,,driveway,,,,,,,1535.8097073309214
"LINESTRING (-81.9124732 26.4302777,-81.9120895 26.4302873)",1935,5806958452,5806958453,613807783,,service,False,False,38.221,,,,,,,,,,,2562.905353269435
"LINESTRING (-81.9134268 26.4311002,-81.9136391 26.430904)",1939,5807085162,5807085166,613825417,,service,False,False,30.378,,,,driveway,,,,,,,539.537722424316
"LINESTRING (-81.9137356 26.4308149,-81.913603 26.4307019)",1940,5807085163,5807085165,11028771,Estero Boulevard,secondary,False,False,18.227,2,CR 865,,,25 mph,,,,,,16.547202421214124
"LINESTRING (-81.9137356 26.4308149,-81.9136925 26.4308547,-81.9136391 26.430904)",1942,5807085163,5807085166,613825417,,service,False,True,13.802,,,,driveway,,,,,,,41.52538433693274
"LINESTRING (-81.9137356 26.4308149,-81.913784 26.4308562)",1941,5807085163,5807085213,11028771,Estero Boulevard,secondary,False,True,6.657,2,CR 865,,,25 mph,,,,,,38.06306209118956
"LINESTRING (-81.9134435 26.4308537,-81.9135119 26.4307886)",1943,5807085164,5807085167,613825419,,service,False,False,9.939,,,,driveway,,,,,,,252.56966304336885
"LINESTRING (-81.913603 26.4307019,-81.9135589 26.4307439,-81.9135119 26.4307886)",1946,5807085165,5807085167,613825419,,service,False,True,13.237,,,,driveway,,,,,,,39.7717406020758
"LINESTRING (-81.9136391 26.430904,-81.9135119 26.4307886)",1948,5807085166,5807085167,613825422,,service,False,False,18.03,,,,driveway,,,,,,,64.7499225177944
"LINESTRING (-81.9138975 26.430953,-81.913784 26.4308562)",1953,5807085205,5807085213,11028771,Estero Boulevard,secondary,False,False,15.607,2,CR 865,,driveway,25 mph,,,,,,51.97979891011829
"LINESTRING (-81.9160257 26.4329686,-81.9160821 26.432912,-81.9161342 26.4328596)",1959,5807601448,5807601449,613885565,,service,False,False,16.236,,,,driveway,,,,,,,4.85624418883458
"LINESTRING (-81.9161342 26.4328596,-81.9163766 26.4330536)",1960,5807601449,5807601568,11028771,Estero Boulevard,secondary,False,True,32.371,2,CR 865,,,25 mph,,,,,,0.0
"LINESTRING (-81.9159584 26.4331561,-81.9159669 26.4330495)",1964,5807601450,5807601451,613885566,,service,False,False,11.884,,,,driveway,,,,,,,25.607695051308276
"LINESTRING (-81.9159584 26.4331561,-81.9158712 26.4331577)",1963,5807601450,5807601452,11033563,Avenida Pescadora,residential,False,False,8.684,,,,,,,,,,,466.087029068193
"LINESTRING (-81.9159584 26.4331561,-81.916232 26.433151,-81.9162898 26.4331456)",1965,5807601450,5808109809,11033563,Avenida Pescadora,residential,False,True,33.034,,,,,,,,,,,36.759070596039535
"LINESTRING (-81.9158712 26.4331577,-81.9158959 26.4330488)",1968,5807601452,5807601453,613885567,,service,False,False,12.356,,,,driveway,,,,,,,809.4189966964007
"LINESTRING (-81.9158712 26.4331577,-81.915748 26.43316,-81.915165 26.433163,-81.914195 26.433169,-81.913831 26.433171,-81.913541 26.433173,-81.912996 26.433186,-81.912217 26.433192,-81.910742 26.433204,-81.910617 26.43322,-81.9105349 26.4332426,-81.9104731 26.4331476,-81.9104061 26.4331248,-81.9102411 26.4331284,-81.9101741 26.43312,-81.9101218 26.4330948)",1969,5807601452,7189398659,"[770123728, 11033563]",Avenida Pescadora,"['residential', 'service']",False,False,580.321,,,,,,,,,,,457.1389494980256
"LINESTRING (-81.9166659 26.4328036,-81.9166479 26.432783,-81.916625 26.4327699)",1971,5807601559,5807601561,613885580,,service,True,False,5.614,,,,driveway,,,roundabout,,,,11.83709521028429
"LINESTRING (-81.9165327 26.4328975,-81.91654 26.4329041,-81.9165671 26.4329157,-81.9165968 26.4329183,-81.9166258 26.4329116,-81.9166506 26.4328966,-81.9166681 26.4328749,-81.9166764 26.4328491,-81.916675 26.4328247,-81.9166659 26.4328036)",1976,5807601567,5807601559,613885580,,service,True,False,24.15,,,,driveway,,,roundabout,,,,4.519005009054401
"LINESTRING (-81.9166659 26.4328036,-81.9168964 26.4329562,-81.9169614 26.433005,-81.9170432 26.4329948)",1972,5807601559,5807601571,613885583,,service,False,True,45.211,,,,driveway,,,,,,,292.79105588515154
"LINESTRING (-81.916625 26.4327699,-81.9165986 26.4327637,-81.9165714 26.4327652,-81.9165461 26.4327742,-81.9165251 26.4327897,-81.9165106 26.4328104,-81.9165039 26.4328341,-81.9165065 26.4328608,-81.916519 26.4328851,-81.9165327 26.4328975)",1973,5807601561,5807601567,613885580,,service,True,False,24.182,,,,driveway,,,roundabout,,,,7.925120724834211
"LINESTRING (-81.916625 26.4327699,-81.9164427 26.4326048,-81.9163021 26.4326925,-81.9162228 26.4328055)",1974,5807601561,5807601577,1190127523,,service,False,False,57.718,,,,driveway,,,,,,,15.310658762020136
"LINESTRING (-81.9165327 26.4328975,-81.9164847 26.4329455)",1975,5807601567,5807601570,613885581,,service,False,False,7.164,,,,driveway,,,,,,,1.1241305992672639
"LINESTRING (-81.9163766 26.4330536,-81.9164847 26.4329455)",1979,5807601568,5807601570,613885581,,service,False,True,16.135,,,,driveway,,,,,,,0.5171000756629414
"LINESTRING (-81.9165853 26.4330322,-81.9164847 26.4329455)",1980,5807601569,5807601570,613885582,,service,False,False,13.902,,,,driveway,,,,,,,9.015527406123457
"LINESTRING (-81.9162898 26.4331456,-81.9162937 26.4332101,-81.9163059 26.4332354,-81.9163208 26.433253,-81.9163347 26.433263,-81.9163603 26.4332754,-81.9163901 26.4332807,-81.9164178 26.4332788,-81.9164407 26.4332735,-81.916462 26.4332578,-81.916486 26.4332297,-81.9165332 26.4331744)",1988,5808109809,5808109819,613950031,,service,False,False,39.942,,,,driveway,,,,,,,11.556062560467474
"LINESTRING (-81.9165332 26.4331744,-81.9166306 26.4332477)",1990,5808109819,5808110168,11028771,Estero Boulevard,secondary,False,True,12.668,2,CR 865,,,25 mph,,,,,,0.5395826876482867
"LINESTRING (-81.9164653 26.4334273,-81.91658 26.4333026,-81.9166306 26.4332477)",1992,5808110167,5808110168,613950037,,service,False,False,25.879,,,,driveway,,,,,,,32.50985693080928
"LINESTRING (-81.9166306 26.4332477,-81.9167951 26.4333714)",1994,5808110168,5808110169,11028771,Estero Boulevard,secondary,False,True,21.389,2,CR 865,,,25 mph,,,,,,0.9217870913991564
"LINESTRING (-81.9167951 26.4333714,-81.9167462 26.4334263,-81.9167125 26.4334642,-81.9167001 26.4334875,-81.9166988 26.4335109,-81.9167061 26.4335381,-81.9167176 26.4335549,-81.9167352 26.4335656,-81.9167582 26.433574,-81.9167637 26.4335742)",1998,5808110169,5808110182,613950038,,service,False,False,29.112,,,,driveway,,,,,,,0.4721348516922508
"LINESTRING (-81.9169096 26.4334568,-81.9168624 26.4335109,-81.9168249 26.4335541,-81.9168052 26.4335694,-81.9167834 26.4335748,-81.9167637 26.4335742)",2001,5808110180,5808110182,613950038,,service,False,True,20.53,,,,driveway,,,,,,,0.0224826119853452
"LINESTRING (-81.9169096 26.4334568,-81.9170202 26.4335382)",2000,5808110180,5808110213,11028771,Estero Boulevard,secondary,False,True,14.255,2,CR 865,,,25 mph,,,,,,1.5513002269888243
"LINESTRING (-81.9167052 26.4336509,-81.9167637 26.4335742)",2002,5808110181,5808110182,613950039,,service,False,False,10.328,,,,driveway,,,,,,,126.75696637337666
"LINESTRING (-81.9169193 26.4336491,-81.9169073 26.4336387,-81.9168875 26.4336306,-81.9168658 26.4336289,-81.9168447 26.4336339,-81.9168267 26.4336448,-81.9168138 26.4336605,-81.9168075 26.4336791,-81.9168083 26.4336975,-81.9168156 26.4337147,-81.9168285 26.433729,-81.9168458 26.4337389,-81.9168657 26.4337434,-81.9168862 26.433742,-81.9169052 26.4337349,-81.9169206 26.4337228,-81.916931 26.4337069,-81.9169353 26.433689,-81.9169326 26.4336696,-81.9169229 26.4336522,-81.9169193 26.4336491)",2006,5808110212,5808110212,613950041,,service,True,False,39.945,,,,driveway,,,,,,,68.59444916728845
"LINESTRING (-81.9169193 26.4336491,-81.9169712 26.433592,-81.9170202 26.4335382)",2007,5808110212,5808110213,613950042,,service,False,False,15.906,,,,driveway,,,,,,,70.14574939427727
"LINESTRING (-81.9176844 26.4347323,-81.9176693 26.4346718)",4024,5808110343,5808110347,613950060,,service,False,True,6.893,,,,driveway,,,,,,,46.83128076547422
"LINESTRING (-81.9179569 26.4344169,-81.9179032 26.4344135,-81.9178163 26.4344158,-81.9177474 26.434453,-81.9176964 26.434511,-81.9176743 26.4345586,-81.9176648 26.4346014,-81.9176638 26.43465,-81.9176693 26.4346718)",4028,5808110344,5808110347,613950060,,service,False,False,48.71,,,,driveway,,,,,,,63.423448410659034
"LINESTRING (-81.9175469 26.4347374,-81.9176076 26.4346768,-81.9176693 26.4346718)",4029,5808110345,5808110347,613950061,,service,False,False,15.221,,,,driveway,,,,,,,116.54986053202994
"LINESTRING (-81.9190797 26.4350612,-81.9190217 26.4351276,-81.9189454 26.4352149)",2013,5808110365,5808110364,613950066,,service,False,True,21.701,,,,driveway,,,,,,,97.73191430029593
"LINESTRING (-81.9190208 26.435343,-81.9190673 26.4352887)",4034,5808110407,5808110409,613950069,,service,False,False,7.609,,,,driveway,,,,,,,301.7616180673043
"LINESTRING (-81.9191911 26.4351439,-81.9191345 26.4352101,-81.9190673 26.4352887)",2016,5808110408,5808110409,613950069,,service,False,True,20.278,,,,driveway,,,,,,,2.2257785865491826
"LINESTRING (-81.9191911 26.4351439,-81.9192923 26.4352191)",2015,5808110408,5808110414,11028771,Estero Boulevard,secondary,False,True,13.094,2,CR 865,,,25 mph,,,,,,0.2023435078681074
"LINESTRING (-81.9192923 26.4352191,-81.9192374 26.4352814,-81.9192012 26.4353223,-81.9191785 26.4353311,-81.9191565 26.4353325,-81.919135 26.4353279,-81.9190673 26.4352887)",2019,5808110414,5808110409,613950070,,service,False,True,29.514,,,,driveway,,,,,,,2.023435078681075
"LINESTRING (-81.9197914 26.4355878,-81.9197392 26.4356453,-81.9196616 26.4357306)",2022,5812474104,5812474103,614483151,,service,False,True,20.474,,,,driveway,,,,,,,260.1463032824302
"LINESTRING (-81.9188209 26.4348692,-81.9191408 26.4344957)",2025,5812474292,5812474291,614483192,,service,False,True,52.339,,,,,,,,,,,17.154232944818446
"LINESTRING (-81.9223611 26.4374433,-81.9223049 26.4375059,-81.9222252 26.4375949)",2028,5814968579,5814968578,614819578,,service,False,True,21.616,,,,driveway,,,,,,,401.1797282665012
"LINESTRING (-81.9229471 26.4378603,-81.9228922 26.43792,-81.9226651 26.438167)",2031,5814968629,5814968628,614819593,,service,False,True,44.174,,,,driveway,,,,,,,1962.619613260716
"LINESTRING (-81.9231667 26.438018,-81.9231104 26.4380758,-81.9230365 26.4381515)",2034,5814969781,5814969780,614819597,,service,False,True,19.708,,,,driveway,,,,,,,288.20460304014114
"LINESTRING (-81.9237777 26.4387286,-81.9239303 26.4388337)",4043,5815189980,5815189981,614849527,,service,False,False,19.168,,,,driveway,,,,,,,3559.2672686239816
"LINESTRING (-81.9255348 26.439698,-81.9255879 26.4396205,-81.9256281 26.4395619)",4047,5816002623,5816002624,614943595,,service,False,False,17.757,,,,driveway,,,,,,,1999.378683856756
"LINESTRING (-81.9259708 26.4399996,-81.9258893 26.4399175)",4051,5816002664,5816002665,614943603,,service,False,False,12.214,,,,driveway,,,,,,,2570.5269587324674
"LINESTRING (-81.9313048 26.4427655,-81.9313705 26.4428003,-81.9314065 26.4428194)",4055,5816060990,5816061000,11041092,Estero Boulevard,secondary,False,False,11.766,2,CR 865,,driveway,25 mph,,,,,,324.0643691567668
"LINESTRING (-81.9324175 26.4436048,-81.9324903 26.4435023,-81.9325336 26.4434413)",4061,5816061047,5816061048,614949582,,service,False,False,21.544,,,,driveway,,,,,,,238.92271756826432
"LINESTRING (-81.9325336 26.4434413,-81.9326618 26.443513)",4062,5816061048,5816061874,11041092,Estero Boulevard,secondary,False,False,15.049,2,CR 865,,,25 mph,,,,,,1.955987242725039
"LINESTRING (-81.9325762 26.4436557,-81.9326253 26.4435737,-81.9326618 26.443513)",4065,5816061873,5816061874,614949590,,service,False,False,18.012,,,,driveway,,,,,,,247.30873183879808
"LINESTRING (-81.9333749 26.4441603,-81.9333674 26.444167,-81.9333068 26.4442206)",4069,5816061892,5816061899,11017039,Madison Court,residential,False,False,9.536,,,,driveway,,,,,,,393.94032720722
"LINESTRING (-81.9340395 26.4445672,-81.9339762 26.444503)",4075,5816061905,5816061906,614949599,,service,False,False,9.523,,,,driveway,,,,,,,1.3489567191207166
"LINESTRING (-81.9339762 26.444503,-81.9340285 26.4444524)",4076,5816061906,5816061908,11032741,Eucalyptus Court,residential,False,True,7.666,,,,,,,,,,,0.0
"LINESTRING (-81.9341135 26.4445235,-81.9340285 26.4444524)",4079,5816061907,5816061908,614949601,,service,False,False,11.581,,,,driveway,,,,,,,1.0791653752965733
"LINESTRING (-81.9342828 26.4447403,-81.9344473 26.4445543,-81.9345017 26.4444925)",4083,5816061943,5816061944,614949610,,service,False,False,35.132,,,,driveway,,,,,,,143.86623409422444
"LINESTRING (-81.9345017 26.4444925,-81.9344212 26.4444516)",4085,5816061944,5821266168,11041092,Estero Boulevard,secondary,False,True,9.215,2,CR 865,,,25 mph,,,,,,0.0
"LINESTRING (-81.9346956 26.4445911,-81.9346571 26.444661,-81.9346152 26.4447373,-81.9346039 26.4447606,-81.9346034 26.444782,-81.9346402 26.4448302)",4089,5816062157,5816062160,614949616,,service,False,True,29.817,,,,driveway,,,,,,,30.14918267234802
"LINESTRING (-81.9346402 26.4448302,-81.9346298 26.4448389,-81.9343689 26.4450584,-81.9343098 26.4451082)",4090,5816062160,8776543597,11029817,Voorhis Street,residential,False,False,45.14,,,,,,,,,,,144.15850805003393
"LINESTRING (-81.8895717 26.4047749,-81.8894435 26.4047763)",2035,5820587793,5820587794,615548987,,service,False,False,12.769,,,,driveway,,,,,,,265.0475126952354
"LINESTRING (-81.8904632 26.4047078,-81.8906391 26.4047217)",2039,5820587824,5820587825,615548990,,service,False,False,17.587,,,,driveway,,,,,,,6.902161879501001
"LINESTRING (-81.8906391 26.4047217,-81.8906414 26.4047046)",2040,5820587825,5820587831,11041761,Redfish Road,residential,False,True,1.915,,,,,20 mph,,,,,,13.422119355251132
"LINESTRING (-81.890796 26.4047261,-81.8906414 26.4047046)",2043,5820587830,5820587831,615548992,,service,False,False,15.582,,,,driveway,,,,,,,685.3824263732508
"LINESTRING (-81.9185153 26.4351427,-81.9186214 26.4352142)",2047,5820587880,5820587879,615549004,,service,False,True,13.222,,,,driveway,,,,,,,454.5759317316962
"LINESTRING (-81.9185153 26.4351427,-81.918497 26.435165,-81.91836 26.435319,-81.918087 26.435641,-81.917897 26.435858,-81.91775 26.436037,-81.917618 26.436184,-81.917101 26.436791,-81.917 26.4369,-81.916911 26.437022,-81.9167459 26.4370501,-81.9166933 26.4371132,-81.9166491 26.4371453,-81.9166122 26.4371556,-81.9165617 26.4371603,-81.9165144 26.4371556,-81.9164575 26.4371509,-81.9163628 26.4371575,-81.9162723 26.4371914)",2048,5820587880,7016461448,"[750386968, 11052594]",Madera Road,"['residential', 'service']",False,False,332.811,,,,,,,,,,,167.38304623089562
"LINESTRING (-81.9194185 26.4357185,-81.9193278 26.4356619)",4094,5820587893,5820587894,615549011,,service,False,False,11.008,,,,driveway,,,,,,,116.25758657622043
"LINESTRING (-81.9343432 26.4445614,-81.9343742 26.4445178,-81.9344212 26.4444516)",4098,5821266167,5821266168,615615454,,service,False,False,14.47,,,,driveway,,,,,,,5.328379040526831
"LINESTRING (-81.9584249 26.4554302,-81.9585176 26.4552945,-81.9585753 26.4552096)",4107,5832108727,5832108728,616922656,,service,False,False,28.738,,,,,,,,,,,94.40448772646482
"LINESTRING (-81.9588753 26.4557496,-81.9589996 26.4555833,-81.9590526 26.4555119)",4111,5832108737,5832108738,616922660,,service,False,False,31.783,,,,,,,,,,,874.7759497377994
"LINESTRING (-81.9590526 26.4555119,-81.9590665 26.4555207)",4112,5832108738,5833573712,166094633,Estero Boulevard,tertiary,False,False,1.695,2,,,,25 mph,,,,,,19.110220187543487
"LINESTRING (-81.9590526 26.4555119,-81.9588606 26.4553903,-81.9588489 26.4553829)",4113,5832108738,5833573715,166094633,Estero Boulevard,tertiary,False,True,24.839,2,,,,25 mph,,,,,,100.54224079846409
"LINESTRING (-81.960618 26.4572306,-81.9607744 26.4571102)",4115,5832108826,5832108828,616922699,,service,False,False,20.534,,,,,,,,,,,828.0121168082813
"LINESTRING (-81.9608653 26.4570402,-81.9607981 26.4570919,-81.9607744 26.4571102)",4118,5832108827,5832108828,616922699,,service,False,True,11.936,,,,,,,,,,,14.38887167062098
"LINESTRING (-81.9608653 26.4570402,-81.9608271 26.4570017)",4117,5832108827,5833573700,166094633,Estero Boulevard,tertiary,False,True,5.726,2,,,,25 mph,,,,,,40.40125373766546
"LINESTRING (-81.9607744 26.4571102,-81.9608975 26.4572394)",4120,5832108828,5832108829,616922700,,service,False,False,18.883,,,,,,,,,,,160.54833218735064
"LINESTRING (-81.9612364 26.4576377,-81.9612948 26.4575895,-81.96136 26.4575359)",4123,5832836525,5832836526,617000689,,service,False,False,16.719,,,,driveway,,,,,,,475.7320696099061
"LINESTRING (-81.9613178 26.4581109,-81.9615999 26.4578893,-81.9616643 26.4578388)",4127,5832836541,5832836542,617000696,,service,False,False,45.883,,,,driveway,,,,,,,1838.5605603255808
"LINESTRING (-81.9621696 26.4585724,-81.9621977 26.4585144,-81.9622089 26.4585016,-81.9622653 26.4584365)",4131,5832838303,5832838305,617000708,,service,False,False,17.999,,,,driveway,,,,,,,560.896203810394
"LINESTRING (-81.9623194 26.4586856,-81.9623635 26.4587317)",4135,5832838307,5832838309,617000710,,service,False,True,6.749,,,,driveway,,,,,,,5.148518144644068
"LINESTRING (-81.9623153 26.4588801,-81.9624196 26.4587903,-81.9623635 26.4587317)",4136,5832838308,5832838309,"[617000709, 617000710]",,service,False,False,22.987,,,,driveway,,,,,,,63.08620923087886
"LINESTRING (-81.9623635 26.4587317,-81.9624093 26.4586918,-81.96247 26.4586387)",4139,5832838309,5832838310,617000711,,service,False,False,14.81,,,,driveway,,,,,,,2.3157090344905633
"LINESTRING (-81.9621822 26.459169,-81.9621117 26.4591021,-81.96251 26.4587928,-81.9625747 26.4587422)",4143,5832838311,5832838313,617000712,,service,False,False,71.267,,,,driveway,,,,,,,540.2122007838764
"LINESTRING (-81.9624914 26.4590716,-81.9625221 26.4589879,-81.9626204 26.4589086,-81.962688 26.4588541)",4147,5832838314,5832838316,617000713,,service,False,False,32.024,,,,driveway,,,,,,,142.0226599114261
"LINESTRING (-81.962688 26.4588541,-81.9628012 26.458966)",4148,5832838316,5832838318,166094633,Estero Boulevard,tertiary,False,False,16.787,2,,,,25 mph,,,,,,203.44515585538943
"LINESTRING (-81.9625547 26.4591742,-81.9627342 26.4590226,-81.9628012 26.458966)",4151,5832838317,5832838318,617000714,,service,False,False,33.735,,,,driveway,,,,,,,96.02323578940968
"LINESTRING (-81.9628012 26.458966,-81.9628515 26.4590157,-81.962903 26.4590665)",4153,5832838318,5832838320,166094633,Estero Boulevard,tertiary,False,False,15.085,2,,,,25 mph,,,,,,87.6372215188759
"LINESTRING (-81.9626674 26.4592656,-81.9628367 26.4591226,-81.962903 26.4590665)",4155,5832838319,5832838320,617000715,,service,False,False,32.252,,,,driveway,,,,,,,347.1989768896871
"LINESTRING (-81.9628155 26.459427,-81.962999 26.4592847,-81.9630692 26.4592303)",4159,5832838321,5832838322,617000716,,service,False,False,33.41,,,,driveway,,,,,,,159.8963364397756
"LINESTRING (-81.9629958 26.4596287,-81.9631906 26.4594774,-81.9632633 26.459421)",4163,5832838323,5832838324,617000717,,service,False,False,35.249,,,,driveway,,,,,,,197.2174723354488
"LINESTRING (-81.9634268 26.4599229,-81.9635385 26.4598221,-81.9636078 26.4597595)",4167,5832838327,5832838328,617000719,,service,False,False,25.588,,,,driveway,,,,,,,226.08514612463208
"LINESTRING (-81.9636078 26.4597595,-81.9637249 26.4598745)",4168,5832838328,5832838330,166094633,Estero Boulevard,tertiary,False,False,17.303,2,,,,25 mph,,,,,,65.76164005713494
"LINESTRING (-81.9635672 26.4600235,-81.9636561 26.4599395,-81.9637249 26.4598745)",4171,5832838329,5832838330,617000720,,service,False,False,22.824,,,,driveway,,,,,,,60.568156688520176
"LINESTRING (-81.9639314 26.4602947,-81.9639756 26.4602576,-81.9640434 26.460201)",4175,5832838335,5832838336,617000723,,service,False,False,15.259,,,,driveway,,,,,,,53.41868607718039
"LINESTRING (-81.9655518 26.4619965,-81.9656586 26.4619244,-81.9657164 26.4618855)",4179,5832838444,5832838445,617000758,,service,False,False,20.513,,,,driveway,,,,,,,25.697625499249657
"LINESTRING (-81.9612352 26.4566041,-81.9611979 26.4566332,-81.9612128 26.4567114)",4183,5833573693,5833573695,617090504,,service,False,False,13.746,,,,,,,,,,,100.49727557449339
"LINESTRING (-81.9612128 26.4567114,-81.9609843 26.4568834)",4185,5833573695,5833573701,617090509,,service,False,False,29.719,,,,,,,,,,,165.43605203296468
"LINESTRING (-81.9612128 26.4567114,-81.9613118 26.4568095)",4184,5833573695,5833573703,617090504,,service,False,False,14.701,,,,,,,,,,,6.070305236043226
"LINESTRING (-81.9614861 26.4568602,-81.9614182 26.456915)",4187,5833573696,5833573698,1093760244,,service,False,False,9.101,,,,,,,,,,,210.059540301478
"LINESTRING (-81.9610828 26.4569812,-81.9611963 26.4570939,-81.9614182 26.456915)",4197,5833573702,5833573698,"[617090506, 617090511]",,service,True,False,46.6,,,,,,,,,,,83.85114966054375
"LINESTRING (-81.9614182 26.456915,-81.9613118 26.4568095)",4188,5833573698,5833573703,617090504,,service,False,True,15.805,,,,,,,,,,,167.43250797726336
"LINESTRING (-81.9608271 26.4570017,-81.9608832 26.4569594,-81.9609843 26.4568834)",4192,5833573700,5833573701,617090509,,service,False,True,20.444,,,,,,,,,,,194.91075634575233
"LINESTRING (-81.9609843 26.4568834,-81.9610828 26.4569812)",4194,5833573701,5833573702,617090511,,service,True,False,14.643,,,,,,,,,,,79.8177690703728
"LINESTRING (-81.9610828 26.4569812,-81.9613118 26.4568095)",4196,5833573702,5833573703,617090513,,service,True,False,29.736,,,,parking_aisle,,,,,,,0.1348956719120716
"LINESTRING (-81.9595375 26.4550972,-81.959306 26.4555722,-81.9592703 26.4556454)",4200,5833573708,5833573709,617090517,,service,False,True,66.509,,,,,,,,,,,395.3567317622967
"LINESTRING (-81.9592703 26.4556454,-81.9591293 26.4555605,-81.9590665 26.4555207)",4202,5833573709,5833573712,166094633,Estero Boulevard,tertiary,False,True,24.576,2,,,,25 mph,,,,,,284.38255900263243
"LINESTRING (-81.9593223 26.4549764,-81.9591046 26.4554395,-81.9591006 26.4554481,-81.9590665 26.4555207)",4204,5833573710,5833573712,617090518,,service,False,False,65.662,,,,,,,,,,,1.3939219430914072
"LINESTRING (-81.9591079 26.4549764,-81.9588893 26.4553196,-81.9588489 26.4553829)",4208,5833573713,5833573715,617090519,,service,False,False,52.038,,,,,,,,,,,81.6793293427594
"LINESTRING (-81.9588489 26.4553829,-81.9587967 26.4553498)",4209,5833573715,5834339115,166094633,Estero Boulevard,tertiary,False,True,6.368,2,,,,25 mph,,,,,,91.93140040807685
"LINESTRING (-81.9587967 26.4553498,-81.9587437 26.4554328,-81.9586858 26.4554969,-81.958634 26.4555507)",4214,5834339115,5834339118,617177069,,service,False,False,27.696,,,,driveway,,,,,,,73.45069335612303
"LINESTRING (-81.9543753 26.4609871,-81.9538007 26.4609998)",4216,6304037611,6304037612,673164812,San Carlos Lodge,service,False,True,57.217,,,,,,,,,,,1605.460839261521
"LINESTRING (-81.9056551 26.4274199,-81.905674 26.427441,-81.905738 26.427471,-81.905872 26.427518,-81.9060159 26.4275527)",2052,6304043722,6304043726,859994986,Bay Village Drive,residential,False,True,39.37,,,private,,,,,,,,0.0
"LINESTRING (-81.9056551 26.4274199,-81.9053514 26.4275409,-81.9051862 26.4276013,-81.9051808 26.427603,-81.9051518 26.427616,-81.9051348 26.427624,-81.9050448 26.427678,-81.9050138 26.427693,-81.9049878 26.427705,-81.9049648 26.427712,-81.9049458 26.427715,-81.9049218 26.4277171,-81.9049008 26.4277141,-81.9048868 26.42771,-81.9048578 26.42769,-81.9048358 26.427661,-81.90467 26.4272836)",2050,6304043722,6304043748,673165412,,service,False,True,136.752,,,private,,,,,,,,3.777078813538008
"LINESTRING (-81.9067241 26.42814,-81.9066254 26.4282326,-81.9066144 26.428241,-81.9066009 26.4282488,-81.9065861 26.4282533,-81.9065678 26.4282557,-81.9060583 26.4282899,-81.906026 26.4282864,-81.905999 26.4282753,-81.9059808 26.4282571,-81.90597 26.4282293,-81.9059687 26.4281988,-81.9059826 26.4277961,-81.9060159 26.4275527)",2053,6304043724,6304043726,673165413,Bay Village Drive,service,False,True,159.195,,,private,,,,,,,,0.0
"LINESTRING (-81.9067241 26.42814,-81.907003 26.428379,-81.907054 26.428432,-81.907109 26.428502,-81.907158 26.428573,-81.9072408 26.4287049)",2055,6304043724,6304043727,859994986,Bay Village Drive,residential,False,True,81.84,,,private,,,,,,,,0.0
"LINESTRING (-81.9072408 26.4287049,-81.9069933 26.4288112,-81.9069709 26.4288256,-81.9069543 26.4288425,-81.9069286 26.4288791,-81.9069161 26.4289044,-81.9069087 26.4289401,-81.906905 26.4289787,-81.9069078 26.4292684,-81.9069168 26.4292913,-81.9069302 26.429309,-81.9069488 26.4293204,-81.9069718 26.4293267,-81.907043 26.4293258,-81.9070932 26.4293007,-81.9075446 26.4292961,-81.9075877 26.4292913,-81.9076267 26.429275,-81.907661 26.4292497,-81.9077401 26.4291806)",2059,6304043727,6304043731,673165414,Bay Village Drive,service,False,False,172.544,,,private,,,,,,,,0.0
"LINESTRING (-81.895079 26.4079327,-81.8951976 26.4079444,-81.8956952 26.4079336,-81.89595 26.4082231)",2068,6947764573,6947764576,742123106,,service,False,False,102.444,,,,,,,,,,,767.578855791673
"LINESTRING (-81.9507646 26.4613306,-81.9507345 26.4602598)",4222,6986981811,6986981812,746616471,,service,False,False,119.105,,,,,,,,,,,0.0
"LINESTRING (-81.9507646 26.4613306,-81.9513813 26.46147)",4221,6986981811,7083524141,168027415,Main Street,residential,False,True,63.317,,,,,,,,,,,0.0
"LINESTRING (-81.9507646 26.4613306,-81.950678 26.461311)",4220,6986981811,7328205632,168027415,Main Street,residential,False,False,8.892,,,,,,,,,,,0.0
"LINESTRING (-81.895567 26.4118083,-81.895412 26.4118008,-81.8953185 26.4117987)",2072,7011017093,7011017097,749746229,,service,False,False,24.773,,,,,,,,,,,4.9012094128052714
"LINESTRING (-81.895567 26.4118083,-81.8955659 26.4118578,-81.8956303 26.4120692,-81.8957698 26.4123767,-81.8958288 26.4124536,-81.8958717 26.4125689,-81.8958985 26.4126698,-81.8958985 26.4127803,-81.8960541 26.4131454,-81.8961346 26.4132319,-81.8963525 26.4138087)",2070,7011017093,7011017110,166091711,Hibiscus Pointe Condos,service,False,False,238.171,,,,,,,,,,,6.407544415823404
"LINESTRING (-81.8953185 26.4117987,-81.8953127 26.4119966,-81.8953319 26.4121177,-81.8954163 26.4123463,-81.8954701 26.4124778,-81.8955679 26.4126041,-81.8956063 26.4127416,-81.8956217 26.4128653,-81.895731 26.4131721,-81.8957982 26.4132735,-81.8958817 26.4134316,-81.8959738 26.4136765,-81.8960081 26.413811)",2075,7011017097,7011017109,749746230,,service,False,False,237.095,,,,,,,,,,,3.7321135895673168
"LINESTRING (-81.8953185 26.4117987,-81.8951831 26.4117956,-81.8950713 26.4117923)",2073,7011017097,7011017112,749746229,,service,False,False,24.629,,,,,,,,,,,4.878726800819925
"LINESTRING (-81.8960081 26.413811,-81.8963525 26.4138087)",2076,7011017109,7011017110,749746230,,service,False,False,34.299,,,,,,,,,,,5.23844859258545
"LINESTRING (-81.8960081 26.413811,-81.8958112 26.4138138,-81.8957157 26.4135336,-81.8956018 26.4132989,-81.8955131 26.4131379,-81.8954366 26.412953,-81.8954296 26.4128102,-81.8953891 26.4126073,-81.8952878 26.4123612,-81.8951498 26.4121821,-81.8950612 26.4119077,-81.8950713 26.4117923)",2078,7011017109,7011017112,"[749746232, 749746231]",,service,False,"[False, True]",259.34,,,,,,,,,,,4.024387545376804
"LINESTRING (-81.8931951 26.4123273,-81.8929814 26.4123874,-81.8927381 26.4125206,-81.8926591 26.4126622,-81.892673 26.4127802,-81.8927304 26.4128717,-81.8928543 26.4129925,-81.893017 26.4130286,-81.8931394 26.4130244,-81.8932061 26.4129883,-81.8933145 26.4128648,-81.8934258 26.4127923)",2089,7011017133,7011017122,749746233,,service,True,False,179.235,,,,,,,,,,,0.0
"LINESTRING (-81.8934258 26.4127923,-81.8933461 26.4126317)",2085,7011017122,7011017134,166091712,Harbour Pointe Condos,service,False,True,19.542,,,,,,,,,,,0.0
"LINESTRING (-81.8934258 26.4127923,-81.8934389 26.4128188,-81.893501 26.4129635)",2086,7011017122,7203305060,166091712,Harbour Pointe Condos,service,False,False,20.461,,,,,,,,,,,0.0
"LINESTRING (-81.8931951 26.4123273,-81.8932676 26.4124735)",2087,7011017133,7011017136,166091712,Harbour Pointe Condos,service,False,False,17.788,,,,,,,,,,,0.0
"LINESTRING (-81.8933461 26.4126317,-81.8931514 26.4127116)",2092,7011017134,7011017135,749746234,,service,False,False,21.328,,,,,,,,,,,0.0
"LINESTRING (-81.8933461 26.4126317,-81.8932676 26.4124735)",2091,7011017134,7011017136,166091712,Harbour Pointe Condos,service,False,True,19.25,,,,,,,,,,,0.0
"LINESTRING (-81.8932676 26.4124735,-81.8929908 26.4125931)",2096,7011017136,7011017137,749746235,,service,False,False,30.606,,,,,,,,,,,0.0
"LINESTRING (-81.8938426 26.4151078,-81.8940571 26.4151629)",2099,7011017139,7011017142,749746237,,service,False,True,22.222,,,,,,,,,,,0.0
"LINESTRING (-81.8938426 26.4151078,-81.8938593 26.4156568,-81.8940611 26.4156517)",2101,7011017139,7011017145,749746238,,service,False,True,81.173,,,,,,,,,,,0.0
"LINESTRING (-81.8940571 26.4151629,-81.8940611 26.4156517)",2105,7011017142,7011017145,749746239,,service,False,True,54.354,,,,,,,,,,,0.0
"LINESTRING (-81.9435293 26.4580224,-81.943501 26.458018,-81.943333 26.458013,-81.943146 26.458013,-81.942718 26.4580251,-81.9426927 26.4580302)",4225,7011867618,7011867623,168027412,Main Street,residential,False,False,83.418,,,,,,,,,,,0.0
"LINESTRING (-81.9435293 26.4580224,-81.9435173 26.4576616)",4224,7011867618,7011867624,749853692,,service,False,False,40.137,,,,,,,,,,,0.0
"LINESTRING (-81.9435293 26.4580224,-81.943572 26.458029,-81.9437393 26.458094)",4226,7011867618,7249086637,168027412,Main Street,residential,False,True,22.469,,,,,,,,,,,0.0
"LINESTRING (-81.9435293 26.4580224,-81.9435502 26.4581358,-81.9435635 26.4583007,-81.9435529 26.458462,-81.9434781 26.4586878)",4227,7011867618,7436086220,795049279,,service,False,False,75.32,,,private,,,,,,,,0.0
"LINESTRING (-81.9426865 26.4578836,-81.9426899 26.4579645,-81.9426927 26.4580302)",4230,7011867622,7011867623,749853694,,service,False,False,16.313,,,private,,,,,,,,0.0
"LINESTRING (-81.9426865 26.4578836,-81.9433219 26.4578639,-81.9433247 26.457668)",4228,7011867622,7011867625,749853692,,service,False,True,85.076,,,,,,,,,,,0.0
"LINESTRING (-81.9435173 26.4576616,-81.9433247 26.457668)",4235,7011867624,7011867625,749853693,,service,False,False,19.186,,,,,,,,,,,0.0
"LINESTRING (-81.9509051 26.4634232,-81.9507815 26.4633852,-81.9505715 26.4633246,-81.9504487 26.4632732,-81.9502169 26.4631828)",4243,7013330618,7013330622,750012605,,service,False,False,73.635,,,private,,,,,,,,631.3567097724662
"LINESTRING (-81.9509051 26.4634232,-81.95095 26.463247,-81.9509903 26.4631005)",4242,7013330618,7013330623,11038746,Buttonwood Drive,residential,False,True,36.873,,,,,,,,,,,53.710960032989874
"LINESTRING (-81.9509051 26.4634232,-81.950896 26.463459,-81.9508776 26.4635349)",4241,7013330618,8281228450,11038746,Buttonwood Drive,residential,False,False,12.719,,,,,,,,,,,42.829375832082754
"LINESTRING (-81.9509903 26.4631005,-81.9510386 26.462925)",4245,7013330623,7013330629,11038746,Buttonwood Drive,residential,False,True,20.098,,,,,,,,,,,45.63970233025091
"LINESTRING (-81.9509903 26.4631005,-81.9508825 26.4630745,-81.9505875 26.4630037,-81.9506425 26.4628269)",4247,7013330623,7013330631,750012606,,service,False,False,61.923,,,private,,,,,,,,53.86833831688729
"LINESTRING (-81.9510994 26.4627042,-81.9510386 26.462925)",4248,7013330628,7013330629,11038746,Buttonwood Drive,residential,False,False,25.287,,,,,,,,,,,78.46431582885502
"LINESTRING (-81.9510994 26.4627042,-81.951011 26.4626852,-81.9507069 26.46262,-81.9506425 26.4628269)",4250,7013330628,7013330631,750012606,,service,False,True,64.061,,,private,,,,,,,,86.6929518154914
"LINESTRING (-81.9510386 26.462925,-81.9509238 26.4628963,-81.9506425 26.4628269)",4253,7013330629,7013330631,750012607,,service,False,False,40.911,,,private,,,,,,,,46.80879815348887
"LINESTRING (-81.9588334 26.457179,-81.9586042 26.4576114)",4262,7013821671,7013821672,750068063,,service,False,False,53.22,,,private,driveway,,,,,,,557.0291945489146
"LINESTRING (-81.9588334 26.457179,-81.9590926 26.4573249)",4261,7013821671,7013821676,11041982,Matanzas Court,residential,False,True,30.48,,,,,,,,,,,297.24261305824996
"LINESTRING (-81.9590926 26.4573249,-81.9590439 26.4573664,-81.9588573 26.4576799)",4267,7013821676,7013821678,750068065,,service,False,False,46.193,,,private,driveway,,,,,,,1733.4318666821061
"LINESTRING (-81.9590926 26.4573249,-81.9593084 26.4574464)",4266,7013821676,7225845904,11041982,Matanzas Court,residential,False,True,25.378,,,,,,,,,,,147.3285563399676
"LINESTRING (-81.950985 26.4673477,-81.9508845 26.4673412,-81.9508043 26.4673404,-81.9504211 26.4673366,-81.9504183 26.4669606)",4271,7013841585,7013841588,750066019,,service,False,False,97.97,,,private,,,,,,,,15.310658762020134
"LINESTRING (-81.950985 26.4673477,-81.950978 26.467427,-81.9509774 26.467513,-81.950977 26.467564,-81.9509858 26.4677513)",4270,7013841585,8288856664,"[159607670, 127686063]",San Carlos Boulevard,secondary,False,False,44.924,4,FL 865,,,45 mph,,,,,,52.20462502997173
"LINESTRING (-81.950985 26.4673477,-81.950989 26.4673023)",4269,7013841585,8288856670,127686063,San Carlos Boulevard,secondary,False,True,5.064,4,FL 865,,,45 mph,,,,,,33.5665396941205
"LINESTRING (-81.9118699 26.4342869,-81.911474 26.4338514,-81.9112042 26.4339395)",2114,7013881500,7013881502,750071528,,service,False,False,91.035,,,private,driveway,,,,,,,252.2099412516033
"LINESTRING (-81.9504499 26.4612594,-81.950678 26.461311)",4273,7013893152,7328205632,168027415,Main Street,residential,False,True,23.42,,,,,,,,,,,0.0
"LINESTRING (-81.9504499 26.4612594,-81.9504544 26.4611494,-81.950464 26.4608101,-81.9505167 26.4602811)",4275,7013893152,8292161645,750072309,,service,False,False,109.037,,,private,,,,,,,,0.0
"LINESTRING (-81.9035041 26.4242302,-81.9037014 26.4245264,-81.9038097 26.4246179)",2118,7016372995,7016372997,750375889,,service,False,False,53.177,,,private,driveway,,,,,,,366.7813319289229
"LINESTRING (-81.95431 26.4659168,-81.9543813 26.4658785,-81.9545614 26.4655723)",4276,7016483559,7016483561,750391713,,service,False,False,46.756,,,private,driveway,,,,,,,0.0
"LINESTRING (-81.9596588 26.4574476,-81.9597716 26.4574299,-81.9599079 26.4573927,-81.9599424 26.4573436,-81.9599026 26.4573008,-81.959823 26.4573087,-81.9596823 26.4574125,-81.9596588 26.4574476)",4280,7058941297,7058941297,755769841,,service,False,False,68.9,,,private,driveway,,,,,,,211.74123967798184
"LINESTRING (-81.8971435 26.4152856,-81.8971435 26.4151776)",2121,7062713920,7062713921,756182503,,service,False,False,12.009,,,,,,,,,,,66.95321849235825
"LINESTRING (-81.8971435 26.4152856,-81.8962924 26.4152949)",2122,7062713920,7062713924,759499757,Lenell Road,residential,False,False,84.764,,,,,,,,,,,33.31923096228171
"LINESTRING (-81.8971435 26.4152856,-81.8981525 26.4152738)",2123,7062713920,7094841908,759499757,Lenell Road,residential,False,True,100.49,,,,,,,,,,,86.4006778596819
"LINESTRING (-81.8971435 26.4151776,-81.8970134 26.4151267,-81.8962863 26.4151401)",2126,7062713921,7062713923,756182503,,service,False,False,86.562,,,,,,,,,,,35.14032253309467
"LINESTRING (-81.8971435 26.4151776,-81.8974866 26.4148761)",2125,7062713921,7062713928,756182505,,service,False,False,47.868,,,,,,,,,,,348.817724952632
"LINESTRING (-81.8962863 26.4151401,-81.8962924 26.4152949)",2127,7062713923,7062713924,756182503,,service,False,False,17.224,,,,,,,,,,,1.5063350030181335
"LINESTRING (-81.8962863 26.4151401,-81.8962226 26.4151395,-81.8961865 26.4151302,-81.8958743 26.4148414)",2129,7062713923,7062713927,756182504,,service,False,False,54.783,,,,,,,,,,,1.5063350030181335
"LINESTRING (-81.8962924 26.4152949,-81.89592 26.415299,-81.8952883 26.4153096)",2132,7062713924,7148341496,759499757,Lenell Road,residential,False,False,100.007,,,,,,,,,,,0.0
"LINESTRING (-81.8995394 26.4152587,-81.8995533 26.4155912)",2136,7081882020,7081882021,758308934,,service,False,False,36.998,,,,,,,,,,,39.7267753781051
"LINESTRING (-81.9513813 26.46147,-81.9513571 26.4608897,-81.9513429 26.4606021,-81.9511218 26.4603527)",4285,7083524141,7083524144,758477957,,service,False,False,131.987,,,,,,,,,,,0.0
"LINESTRING (-81.8986962 26.4152686,-81.898195 26.4152727,-81.8981525 26.4152738)",2140,7094841898,7094841908,"[11026723, 759499757]",Lenell Road,residential,False,False,54.148,,,,,,,,,,,78.8465202326059
"LINESTRING (-81.8986962 26.4152686,-81.8986942 26.4151641,-81.8986849 26.4151561)",2141,7094841898,7094841913,759499755,,service,False,False,12.906,,,,,,,,,,,26.32713863483932
"LINESTRING (-81.8981528 26.4151279,-81.8981063 26.4151623,-81.898107 26.4152304,-81.8981525 26.4152544)",2144,7094841905,7094841910,759499756,,service,True,False,18.838,,,,,,,,,,,9.813660131603214
"LINESTRING (-81.8981528 26.4151279,-81.8976474 26.4151179,-81.8976285 26.4150928,-81.8976093 26.4147026)",2142,7094841905,7094841912,759499755,,service,False,False,97.139,,,,,,,,,,,3.911974485450078
"LINESTRING (-81.8981528 26.4151279,-81.8986311 26.4151374,-81.8986697 26.4151432,-81.8986849 26.4151561)",2143,7094841905,7094841913,759499755,,service,False,True,53.627,,,,,,,,,,,0.5620652996336318
"LINESTRING (-81.8981525 26.4152738,-81.8981525 26.4152544)",2146,7094841908,7094841910,759499758,,service,False,True,2.157,,,,,,,,,,,62.89510702900342
"LINESTRING (-81.8986849 26.4151561,-81.898773 26.4150575,-81.8987678 26.4148302)",2153,7094841913,7094841915,759499759,,service,False,False,39.322,,,,,,,,,,,0.6295131355896676
"LINESTRING (-81.8900146 26.4101586,-81.8899109 26.409972,-81.8898846 26.4099111,-81.889878 26.4098483,-81.8898759 26.4096902,-81.8898616 26.4096391,-81.8898188 26.4096058,-81.8897246 26.4096038,-81.8896741 26.4095861,-81.8891468 26.4092896,-81.8891008 26.4092847,-81.8890361 26.40932,-81.8890076 26.4094997)",2157,7113549196,7113549208,761379632,,service,False,False,175.668,,,,,,,,,,,195.50879382456256
"LINESTRING (-81.8900146 26.4101586,-81.889969 26.410174,-81.889895 26.41019,-81.889797 26.410196,-81.889606 26.410161,-81.889493 26.410093,-81.88937 26.410031,-81.889262 26.409977,-81.8892245 26.409956)",2156,7113549196,7113549214,11025920,Bay Beach Lane,residential,False,True,85.97,,,,,,,,,,,195.50879382456256
"LINESTRING (-81.8890076 26.4094997,-81.8888841 26.409497)",2158,7113549208,7113549209,761379632,,service,False,False,12.303,,,,,,,,,,,0.0
"LINESTRING (-81.8890076 26.4094997,-81.8890667 26.4095096,-81.8893301 26.4096507,-81.889352 26.4096797,-81.8893692 26.4097242,-81.8892245 26.409956)",2160,7113549208,7113549214,761379633,,service,False,False,75.213,,,,,,,,,,,0.0
"LINESTRING (-81.8888841 26.409497,-81.8888861 26.409521)",2161,7113549209,7208366770,11025920,Bay Beach Lane,residential,False,False,2.676,,,,,,,,,,,0.0
"LINESTRING (-81.8888841 26.409497,-81.888868 26.409303,-81.8888451 26.4092463)",2163,7113549209,7208366777,11025920,Bay Beach Lane,residential,False,True,28.336,,,,,,,,,,,35.07287469713864
"LINESTRING (-81.8892245 26.409956,-81.88913 26.409903,-81.889076 26.409858,-81.889027 26.40981,-81.888982 26.409758,-81.888908 26.409646,-81.888889 26.409556,-81.8888861 26.409521)",2165,7113549214,7208366770,11025920,Bay Beach Lane,residential,False,True,61.557,,,,,,,,,,,0.0
"LINESTRING (-81.9509521 26.4649863,-81.9508415 26.4650792)",4291,7116525259,7116525260,761690743,,service,False,False,15.097,,,,,,,,,,,68.79679267515657
"LINESTRING (-81.9508415 26.4650792,-81.9507215 26.4649726,-81.950485 26.464822,-81.9503667 26.4647578,-81.9501784 26.4646743,-81.949876 26.4644991)",4294,7116525260,7116525265,761690743,,service,False,False,116.262,,,,,,,,,,,396.2110710177398
"LINESTRING (-81.9508415 26.4650792,-81.950949 26.4652038,-81.9511517 26.4653476,-81.9512537 26.4654134)",4295,7116525260,7116525267,761690744,,service,False,False,55.766,,,,,,,,,,,63.69323975448318
"LINESTRING (-81.9541324 26.4638597,-81.9542375 26.4638821,-81.9542642 26.4638867,-81.9542927 26.4638848,-81.9543194 26.4638802,-81.9543512 26.4638703,-81.9546093 26.4637514,-81.9546373 26.4637332,-81.9546811 26.4636872)",4301,7132571086,7132571094,763298084,,service,False,False,61.423,,,private,driveway,,,,,,,0.0
"LINESTRING (-81.9546928 26.464486,-81.9547416 26.4644428,-81.9550979 26.464268)",4303,7132571095,7132571097,763298085,,service,False,False,47.276,,,private,driveway,,,,,,,0.0
"LINESTRING (-81.9546928 26.464486,-81.9548149 26.4645655,-81.954934 26.464684,-81.954992 26.464745,-81.955044 26.46481,-81.955087 26.464881,-81.9551728 26.4650561,-81.9553021 26.465325)",4304,7132571095,8900391079,776912761,San Carlos Drive,residential,False,False,113.346,,,,,,,,,,,0.0
"LINESTRING (-81.8952883 26.4153096,-81.8952793 26.4151672)",2168,7148341496,7148341497,765357365,,service,False,False,15.86,,,,,,,,,,,0.0
"LINESTRING (-81.8952883 26.4153096,-81.894988 26.415313,-81.8948983 26.415313)",2169,7148341496,7148341499,759499757,Lenell Road,residential,False,False,38.841,,,,,,,,,,,0.0
"LINESTRING (-81.8952793 26.4151672,-81.8949312 26.4151688)",2171,7148341497,8270558832,765357365,,service,False,False,34.666,,,,,,,,,,,0.0
"LINESTRING (-81.8952793 26.4151672,-81.8955053 26.4151504,-81.8955849 26.4150978,-81.8955971 26.4149663,-81.8956938 26.4148874)",2173,7148341497,8270558838,889616807,,service,False,False,60.135,,,,,,,,,,,0.0
"LINESTRING (-81.8948983 26.415313,-81.8948983 26.415169,-81.8949312 26.4151688)",2176,7148341499,8270558832,765357365,,service,False,True,19.288,,,,,,,,,,,0.0
"LINESTRING (-81.8937016 26.413482,-81.8938305 26.4138254,-81.8938466 26.4138974,-81.8938359 26.4139623,-81.8937903 26.414056,-81.893763 26.4140806,-81.8937045 26.4140824,-81.8934577 26.41408,-81.8934116 26.4140662,-81.8933687 26.4140205,-81.893315 26.4139557,-81.8932244 26.4138902,-81.8932131 26.4138596,-81.8932217 26.4138206,-81.8932963 26.4136362,-81.8933797 26.4135787,-81.8937016 26.413482)",2178,7155292544,7155292544,"[166091712, 766125165]",Harbour Pointe Condos,service,False,False,207.53,,,,,,,,,,,0.0
"LINESTRING (-81.8937016 26.413482,-81.893644 26.4133285)",2177,7155292544,7203305056,166091712,Harbour Pointe Condos,service,False,True,18.007,,,,,,,,,,,0.0
"LINESTRING (-81.9286463 26.443782,-81.9288364 26.4438882,-81.9289608 26.4439604,-81.929109 26.4440338,-81.9291652 26.444055,-81.9292285 26.4440897)",4307,7155506180,7155533385,766143538,,service,False,False,67.392,,,,,,,,,,,1016.4838530814307
"LINESTRING (-81.9292285 26.4440897,-81.9295946 26.4437789)",4308,7155533385,8289061909,191356589,Connecticut Street,residential,False,True,50.228,,,,,,,,,,,466.42426824797315
"LINESTRING (-81.893644 26.4133285,-81.8933133 26.4134842)",2183,7203305056,7203305057,771614825,,service,False,False,37.207,,,,,,,,,,,0.0
"LINESTRING (-81.893644 26.4133285,-81.8935798 26.4131574)",2182,7203305056,7203305058,166091712,Harbour Pointe Condos,service,False,True,20.071,,,,,,,,,,,0.0
"LINESTRING (-81.8935798 26.4131574,-81.8932228 26.4133382)",2186,7203305058,7203305059,771614826,,service,False,False,40.843,,,,,,,,,,,0.0
"LINESTRING (-81.8935798 26.4131574,-81.8935377 26.4130452,-81.893501 26.4129635)",2187,7203305058,7203305060,166091712,Harbour Pointe Condos,service,False,True,22.954,,,,,,,,,,,0.0
"LINESTRING (-81.893501 26.4129635,-81.8932088 26.4131113)",2189,7203305060,7203305061,771614827,,service,False,False,33.42,,,,,,,,,,,0.0
"LINESTRING (-81.8888861 26.409521,-81.8888266 26.4095322,-81.8887759 26.4095516,-81.8887419 26.4095646,-81.888707 26.4095825)",2195,7208366770,7208366771,772146191,,service,False,True,19.233,,,,,,,,,,,0.0
"LINESTRING (-81.888707 26.4095825,-81.8886518 26.4094832,-81.8886318 26.4094121,-81.8886495 26.4093459,-81.8886949 26.4092935,-81.8887448 26.4092733,-81.8887904 26.4092548,-81.8888451 26.4092463)",2198,7208366771,7208366777,772146192,,service,False,False,51.4,,,,,,,,,,,35.07287469713864
"LINESTRING (-81.95972 26.4570096,-81.9594174 26.4573278,-81.9593084 26.4574464)",4313,7225845902,7225845904,774363546,,service,False,False,63.547,,,private,driveway,,,,,,,173.61072975083624
"LINESTRING (-81.8922522 26.4111514,-81.8923029 26.4110713,-81.8923175 26.4110444,-81.892314 26.411037,-81.89231 26.4110191,-81.8922937 26.4109989,-81.8922221 26.4109458,-81.8921532 26.4109016,-81.8921092 26.4108775,-81.8920758 26.4108775,-81.8920434 26.4108906,-81.8920249 26.4109127,-81.8919815 26.4109771)",2204,7226537671,7226537681,774522363,,service,False,False,60.394,,,customers,,,,,,,,8.251118598621716
"LINESTRING (-81.8980291 26.4172235,-81.8991762 26.4172102)",2208,7229628345,7229628352,613150463,Island Pines Way,residential,False,True,114.242,,,,,,,,,,,1.8885394067690031
"LINESTRING (-81.8980291 26.4172235,-81.897982 26.417224,-81.8978889 26.4172342,-81.8978138 26.4172702,-81.8977145 26.4173471,-81.8976139 26.417395,-81.8975629 26.4174113,-81.8975066 26.4174155,-81.8972862 26.4174112,-81.8972353 26.4174187,-81.8971914 26.4174326,-81.8969957 26.4175165,-81.8969349 26.4175652)",2210,7229628345,7556699159,613150463,Island Pines Way,residential,False,False,119.407,,,,,,,,,,,0.0
"LINESTRING (-81.9545023 26.4556586,-81.9546615 26.4553699,-81.9546927 26.4553523,-81.9548472 26.4554122,-81.954889 26.4554,-81.9549751 26.4552494)",4318,7248969646,7248969651,776894685,,service,False,False,79.422,,,,,,,,,,,139.931776996789
"LINESTRING (-81.9444966 26.4584805,-81.944259 26.458339,-81.944023 26.458214,-81.943914 26.458164,-81.943873 26.458146,-81.9437393 26.458094)",4323,7249086631,7249086637,168027412,Main Street,residential,False,False,86.954,,,,,,,,,,,0.0
"LINESTRING (-81.9444966 26.4584805,-81.9445325 26.4583787,-81.9445169 26.4574817,-81.9444856 26.4574572,-81.9443393 26.4574611)",4325,7249086631,7565677419,776897873,,service,False,False,130.333,,,customers,,,,,,,,0.0
"LINESTRING (-81.9437393 26.458094,-81.9437478 26.4575376,-81.9437881 26.4574759,-81.9439548 26.4574714)",4328,7249086637,7565677414,776897873,,service,False,True,86.425,,,customers,,,,,,,,0.0
"LINESTRING (-81.9541943 26.4643197,-81.9542177 26.4642748)",4329,7249222043,7249222044,776912759,,service,False,False,5.509,,,,,,,,,,,0.0
"LINESTRING (-81.9542177 26.4642748,-81.9542811 26.4642405,-81.9548036 26.4640096)",4334,7249222044,7249222046,776912760,,service,False,False,65.377,,,private,driveway,,,,,,,0.0
"LINESTRING (-81.950678 26.461311,-81.9506679 26.4614197,-81.9506656 26.4614638)",4339,7328205632,7328205643,784432016,,service,False,False,17.038,,,private,,,,,,,,0.0
"LINESTRING (-81.9506153 26.4621847,-81.9502939 26.4621968,-81.9502409 26.4621574,-81.9501981 26.4619848,-81.9502003 26.4616264,-81.9502218 26.4615002,-81.9502612 26.4614598,-81.950339 26.4614497,-81.9506656 26.4614638)",4340,7328205635,7328205643,784432016,,service,False,False,158.926,,,private,,,,,,,,5.530722548394938
"LINESTRING (-81.9283704 26.4448038,-81.928392 26.444786,-81.9285025 26.4446936)",4347,7348791469,7348791478,191356589,Connecticut Street,residential,False,True,17.976,,,private,driveway,,,,,,,697.6354499052641
"LINESTRING (-81.9283704 26.4448038,-81.9275897 26.4454468)",4346,7348791469,8110846039,191356589,Connecticut Street,residential,False,False,105.61,,,,,,,,,,,429.4403715320802
"LINESTRING (-81.951387 26.4657576,-81.9512618 26.4657353,-81.9511869 26.465722)",4355,7456537825,7456537826,797279922,,service,False,False,20.308,,,customers,,,,,,,,137.49241359637907
"LINESTRING (-81.951387 26.4657576,-81.951325 26.4659972,-81.951059 26.466912,-81.951028 26.467043,-81.950993 26.467257,-81.950989 26.4673023)",4354,7456537825,8288856670,"[159607668, 127686062, 127686063]",San Carlos Boulevard,secondary,False,False,176.451,4,FL 865,,,45 mph,yes,,,,,77.74487224532398
"LINESTRING (-81.9511869 26.465722,-81.9510438 26.4656908,-81.9509788 26.4658384,-81.9511222 26.46587,-81.9511869 26.465722)",4357,7456537826,7456537826,797279923,,service,True,False,64.675,,,customers,,,,,,,,80.56644004948481
"LINESTRING (-81.9450895 26.4588336,-81.9451869 26.4586962,-81.945227 26.4586216,-81.9452677 26.4585252,-81.9453322 26.4583759,-81.9453708 26.458288)",4362,7543696303,7565677420,806701911,,service,False,False,67.062,,,private,,,,,,,,0.0
"LINESTRING (-81.9439548 26.4574714,-81.944137 26.4574665)",4363,7565677414,7565677417,776897873,,service,False,True,18.146,,,customers,,,,,,,,0.0
"LINESTRING (-81.9439548 26.4574714,-81.9439597 26.4577896,-81.9439795 26.4578944,-81.9440031 26.4579535,-81.9440385 26.4579957,-81.9441116 26.4580105,-81.9441493 26.4579851)",4365,7565677414,7565677424,"[809115187, 809115182]",,service,False,False,72.21,,,,,,,,,,,0.0
"LINESTRING (-81.944137 26.4574665,-81.9443393 26.4574611)",4367,7565677417,7565677419,776897873,,service,False,True,20.148,,,customers,,,,,,,,0.0
"LINESTRING (-81.944137 26.4574665,-81.9441519 26.4577777,-81.9441493 26.4579851)",4368,7565677417,7565677424,809115183,,service,False,True,57.699,,,,,,,,,,,0.0
"LINESTRING (-81.9443393 26.4574611,-81.9443452 26.457786,-81.9443238 26.458021,-81.9443002 26.4580928,-81.944253 26.4581202,-81.9442153 26.4581033,-81.9441705 26.4580611,-81.9441493 26.4579851)",4371,7565677419,7565677424,"[809115184, 809115183]",,service,False,"[False, True]",95.653,,,,,,,,,,,0.0
"LINESTRING (-81.9453708 26.458288,-81.9448046 26.4581075)",4372,7565677420,7565677421,809115185,,service,False,False,59.831,,,private,parking_aisle,,,,,,,0.0
"LINESTRING (-81.9453708 26.458288,-81.9454115 26.4581953,-81.9454646 26.4580713)",4373,7565677420,7565677422,806701911,,service,False,False,25.842,,,private,,,,,,,,0.0
"LINESTRING (-81.9454646 26.4580713,-81.9447905 26.45785)",4376,7565677422,7565677423,809115186,,service,False,False,71.475,,,private,parking_aisle,,,,,,,0.7419261955163942
"LINESTRING (-81.9454646 26.4580713,-81.9454832 26.4580279,-81.9455513 26.4578709,-81.9455723 26.4578222)",4377,7565677422,8289187852,806701911,,service,False,False,29.702,,,private,,,,,,,,7.756501134944122
"LINESTRING (-81.9517379 26.4644584,-81.9516137 26.4644254,-81.9514842 26.4643909)",4385,7568532381,7568532382,809449937,,service,False,False,26.346,,,customers,,,,,,,,115.83041694849888
"LINESTRING (-81.9517379 26.4644584,-81.9518032 26.4642206)",4384,7568532381,8793196277,86846348,San Carlos Boulevard,secondary,False,True,27.229,4,FL 865,,,45 mph,,,,,,63.71572236646852
"LINESTRING (-81.9517379 26.4644584,-81.9516982 26.464603)",4383,7568532381,8793196287,86846348,San Carlos Boulevard,secondary,False,False,16.557,4,FL 865,,,45 mph,,,,,,155.4672618786626
"LINESTRING (-81.9514842 26.4643909,-81.9514394 26.4645335)",4387,7568532382,7568532384,809449938,,service,False,True,16.472,,,customers,,,,,,,,498.19219898326605
"LINESTRING (-81.9514842 26.4643909,-81.9515542 26.46413)",4386,7568532382,8281228453,809449938,,service,False,False,29.836,,,customers,,,,,,,,151.10563515350563
"LINESTRING (-81.9517688 26.4633249,-81.9517146 26.4635326)",4390,7568548885,7568548886,809449938,,service,False,True,23.717,,,customers,,,,,,,,698.8719935644581
"LINESTRING (-81.9517146 26.4635326,-81.9518568 26.4635599,-81.9519783 26.4635833)",4393,7568548886,7568548887,809449939,,service,False,False,26.848,,,customers,,,,,,,,122.95178429485699
"LINESTRING (-81.9517146 26.4635326,-81.9515542 26.46413)",4392,7568548886,8281228453,809449938,,service,False,True,68.32,,,customers,,,,,,,,175.20699520179576
"LINESTRING (-81.9519783 26.4635833,-81.9519115 26.4638266)",4394,7568548887,8281228431,86846348,San Carlos Boulevard,secondary,False,False,27.859,4,FL 865,,,45 mph,,,,,,7.705915257977094
"LINESTRING (-81.9519783 26.4635833,-81.9521996 26.4636411,-81.9521305 26.4638725)",4397,7568548887,8281228432,890996926,,service,False,False,49.581,,,,,,,,,,,55.27912221896771
"LINESTRING (-81.9519783 26.4635833,-81.952256 26.4625723)",4395,7568548887,8406747606,86846348,San Carlos Boulevard,secondary,False,True,115.767,4,FL 865,,,45 mph,,,,,,143.47840903747723
"LINESTRING (-81.9529767 26.4590894,-81.9525063 26.4589857)",4398,7592286880,11696334035,1258089682,,service,False,True,48.226,,,,parking_aisle,,,,,,,39.569397094207694
"LINESTRING (-81.9529767 26.4590894,-81.952934 26.4592556)",4400,7592286880,11696334036,1258089686,,service,False,False,18.963,,,,,,,,,,,1.955987242725039
"LINESTRING (-81.9524657 26.459146,-81.9525063 26.4589857)",4402,7592286884,11696334035,812829221,,service,False,True,18.277,,,,,,,,,,,174.01541676657246
"LINESTRING (-81.9524657 26.459146,-81.952934 26.4592556)",4401,7592286884,11696334036,812829221,,service,False,False,48.185,,,,,,,,,,,156.18670546219363
"LINESTRING (-81.9524657 26.459146,-81.9524336 26.4592968)",4403,7592286884,11696334039,1258089685,,service,False,False,17.07,,,,,,,,,,,159.39722245370095
"LINESTRING (-81.9530646 26.4592857,-81.952934 26.4592556)",4404,7592299587,11696334036,812829221,,service,False,True,13.425,,,,,,,,,,,0.1348956719120716
"LINESTRING (-81.9475246 26.4598943,-81.9472709 26.4598972,-81.9472696 26.459804)",4406,7927797312,7927797318,849732462,,service,False,False,35.621,,,,parking_aisle,,,,,,,0.0
"LINESTRING (-81.947272 26.4596554,-81.9472696 26.459804)",4407,7927797317,7927797318,849732462,,service,False,True,16.525,,,,parking_aisle,,,,,,,0.0
"LINESTRING (-81.947272 26.4596554,-81.9472741 26.4591603,-81.9474335 26.4591589,-81.9474325 26.4594669)",4408,7927797317,8704194477,849732462,,service,False,False,105.17,,,,parking_aisle,,,,,,,0.0
"LINESTRING (-81.9275897 26.4454468,-81.927553 26.445477,-81.927363 26.445627,-81.927299 26.44567,-81.9273348 26.4457093,-81.9273122 26.4457725,-81.9272967 26.4458964,-81.9273164 26.4460354,-81.9273602 26.4461668,-81.9273983 26.4462452,-81.9275014 26.4464057,-81.9276044 26.4465245,-81.9277667 26.4466105,-81.9278783 26.4466547,-81.9279968 26.4466105,-81.9282326 26.446383,-81.9282792 26.4463046,-81.9282947 26.4462149,-81.9282538 26.4461176,-81.9281507 26.4459912,-81.9279418 26.4457889,-81.9278387 26.4456967,-81.9275897 26.4454468)",4417,8110846039,8110846039,"[870690938, 191356589]",Connecticut Street,"['residential', 'service']",False,"[False, True]",352.208,,,,,,,,,,,394.9295621345752
"LINESTRING (-81.8949312 26.4151688,-81.8948565 26.4149016,-81.8945751 26.4149203)",2222,8270558832,8270558834,889616806,,service,False,False,58.729,,,,,,,,,,,0.0
"LINESTRING (-81.9008689 26.4152996,-81.9012187 26.4152398,-81.9015077 26.4152209)",2227,8277500437,8277500439,890598563,,service,False,False,64.321,,,,,,,,,,,86.46812569563795
"LINESTRING (-81.9538777 26.4587104,-81.9538242 26.4588089,-81.9538138 26.4588278,-81.9537584 26.4589285,-81.9537052 26.4590612,-81.9536133 26.4593705)",4422,8278573202,8278573206,890750480,,service,False,False,78.27,,,customers,,,,,,,,352.3250124223459
"LINESTRING (-81.9519115 26.4638266,-81.9521305 26.4638725)",4426,8281228431,8281228432,890996916,,service,False,False,22.39,,,,,,,,,,,50.40601607114411
"LINESTRING (-81.9519115 26.4638266,-81.9518032 26.4642206)",4424,8281228431,8793196277,86846348,San Carlos Boulevard,secondary,False,False,45.118,4,FL 865,,,45 mph,,,,,,41.8626235167129
"LINESTRING (-81.9521305 26.4638725,-81.9520954 26.463985,-81.9521369 26.4639962,-81.9524907 26.4640731)",4428,8281228432,8281228438,"[890996916, 890996927]",,service,False,False,53.545,,,,,,,,,,,66.82956412643884
"LINESTRING (-81.9524907 26.4640731,-81.9528106 26.4641339)",4436,8281228438,8281228435,922080595,,service,True,False,32.554,,,,,,,,,,,35.696767179731964
"LINESTRING (-81.9528106 26.4641339,-81.9528218 26.4640918)",4430,8281228435,8281228442,890996928,,service,False,False,4.812,,,,,,,,,,,54.00323398879936
"LINESTRING (-81.9528373 26.4640338,-81.9525276 26.4639627)",4433,8281228436,8281228437,890996929,,service,True,False,31.826,,,,,,,,,,,20.40297037670084
"LINESTRING (-81.9528373 26.4640338,-81.9528961 26.4637966)",4431,8281228436,8281228441,890996918,,service,False,False,27.017,,,,,,,,,,,122.53023532013177
"LINESTRING (-81.9528373 26.4640338,-81.9528218 26.4640918)",4432,8281228436,8281228442,890996928,,service,False,True,6.631,,,,,,,,,,,9.082975242079492
"LINESTRING (-81.9525276 26.4639627,-81.9524907 26.4640731)",4434,8281228437,8281228438,890996929,,service,True,False,12.814,,,,,,,,,,,25.006285180700285
"LINESTRING (-81.9525276 26.4639627,-81.9526101 26.4637218,-81.9528961 26.4637966)",4435,8281228437,8281228441,890996917,,service,False,True,57.678,,,,,,,,,,,146.06953006878825
"LINESTRING (-81.9530487 26.4638365,-81.9528961 26.4637966)",4438,8281228439,8281228441,890996917,,service,False,False,15.825,,,,,,,,,,,118.57329561071099
"LINESTRING (-81.9530487 26.4638365,-81.953004 26.464001,-81.9529736 26.4641215)",4439,8281228439,8281228443,11016189,South Street,residential,False,False,32.561,,,,,,,,,,,21.26855093813663
"LINESTRING (-81.9528218 26.4640918,-81.9528439 26.4640961,-81.9529736 26.4641215)",4446,8281228442,8281228443,890996919,,service,False,False,15.467,,,private,,,,,,,,17.041819884891723
"LINESTRING (-81.9509572 26.4647536,-81.9510555 26.4646492,-81.9512133 26.4640526)",4451,8281228444,8281228454,890996921,,service,False,True,83.356,,,,,,,,,,,107.93677188044416
"LINESTRING (-81.9508193 26.4641848,-81.9506967 26.4645488,-81.9507046 26.4645981,-81.9507544 26.4646333,-81.9509572 26.4647536)",4475,8281228457,8281228444,890996924,,service,True,False,78.346,,,,,,,,,,,114.50843936376056
"LINESTRING (-81.9508698 26.4640348,-81.9507363 26.463989)",4453,8281228448,8281228449,890996925,,service,False,False,14.231,,,,,,,,,,,27.203960502267783
"LINESTRING (-81.9508698 26.4640348,-81.9509146 26.463988)",4452,8281228448,8281228455,890996922,,service,False,True,6.853,,,,,,,,,,,0.5171000756629414
"LINESTRING (-81.9508698 26.4640348,-81.9508193 26.4641848)",4454,8281228448,8281228457,890996925,,service,False,True,17.42,,,,,,,,,,,192.09143680279007
"LINESTRING (-81.9507363 26.463989,-81.95078 26.463867,-81.9508776 26.4635349)",4457,8281228449,8281228450,11038746,Buttonwood Drive,residential,False,True,52.431,,,,,,,,,,,42.17738008450774
"LINESTRING (-81.9508776 26.4635349,-81.9509435 26.4635515,-81.951033 26.4635739)",4460,8281228450,8281228456,890996921,,service,False,False,16.066,,,,,,,,,,,23.7866034804953
"LINESTRING (-81.9515542 26.46413,-81.9512133 26.4640526)",4463,8281228453,8281228454,890996922,,service,False,False,35.009,,,,,,,,,,,129.06143410187457
"LINESTRING (-81.9512133 26.4640526,-81.9509146 26.463988)",4464,8281228454,8281228455,890996922,,service,False,False,30.589,,,,,,,,,,,70.5391951040208
"LINESTRING (-81.9512133 26.4640526,-81.9513309 26.4636434,-81.951033 26.4635739)",4467,8281228454,8281228456,890996921,,service,False,True,77.628,,,,,,,,,,,78.83527892661321
"LINESTRING (-81.9509146 26.463988,-81.951033 26.4635739)",4470,8281228455,8281228456,890996923,,service,False,False,47.53,,,,,,,,,,,8.341049046563098
"LINESTRING (-81.9509858 26.4677513,-81.9511023 26.4677433,-81.9512031 26.4677305,-81.9512295 26.4677183,-81.9511847 26.4673698,-81.9511168 26.467322,-81.950989 26.4673023)",4478,8288856664,8288856670,891818826,,service,False,False,85.236,,,,,,,,,,,60.27588273271069
"LINESTRING (-81.9295946 26.4437789,-81.9295094 26.443732,-81.9294629 26.4436949,-81.9293133 26.4435598,-81.9292593 26.4435285,-81.9291782 26.443492)",4484,8289061909,8289061914,891840843,,service,False,False,52.755,,,,,,,,,,,1508.7856077245362
"LINESTRING (-81.9455723 26.4578222,-81.9455914 26.4577781,-81.9456009 26.4577176,-81.945592 26.45768,-81.9455606 26.4576518,-81.9455261 26.4576301,-81.9454761 26.4576122,-81.9453624 26.4575782,-81.9452628 26.4575511,-81.9449536 26.4574733,-81.9449047 26.4574703,-81.9448626 26.4574824,-81.9448373 26.4575095,-81.9448238 26.4575397,-81.9448221 26.4575774,-81.9448424 26.4576091,-81.9448929 26.4576333,-81.9455723 26.4578222)",4486,8289187852,8289187852,"[891852418, 806701911]",,service,False,False,186.186,,,private,,,,,,,,15.513002269888242
"LINESTRING (-81.9455041 26.4535694,-81.9457197 26.4535783,-81.9457472 26.4536159,-81.9457525 26.4537643)",4491,8292117455,8292117458,892131753,,service,False,False,42.994,,,,,,,,,,,1092.1603250241028
"LINESTRING (-81.952256 26.4625723,-81.9528106 26.4627047)",4496,8406747606,8406747607,905258994,,service,False,False,57.137,,,,,,,,,,,895.0327831365955
"LINESTRING (-81.9476475 26.4594659,-81.9474325 26.4594669)",4499,8704194476,8704194477,939678566,,service,False,False,21.403,,,,,,,,,,,0.0
"LINESTRING (-81.9343098 26.4451082,-81.9342362 26.4450604,-81.9341676 26.4450093,-81.9340826 26.4449316)",4507,8776543597,8776543600,948152859,,service,False,False,30.03,,,,,,,,,,,284.9221416902807
"LINESTRING (-81.9322148 26.4469375,-81.9321334 26.4470341,-81.9320076 26.4471563,-81.9319386 26.4472248,-81.9318954 26.447271,-81.9318757 26.4473165,-81.9318787 26.4473925)",4511,8776543601,8776543607,948152860,,service,False,False,62.775,,,,driveway,,,,,,,671.263346046454
"LINESTRING (-81.9590043 26.4567031,-81.9590801 26.4567832,-81.9592924 26.4569275)",4515,8793154921,8793154923,949850047,,service,False,False,38.208,,,,,,,,,,,421.9086965169895
"LINESTRING (-81.9518032 26.4642206,-81.9521228 26.4643014,-81.952135 26.4643707,-81.9522536 26.4644146,-81.9522827 26.4645247,-81.9522869 26.4645771)",4519,8793196277,8793196282,949854886,,service,False,False,72.057,,,customers,,,,,,,,111.6261685072393
"LINESTRING (-81.9522869 26.4645771,-81.9522199 26.4645837,-81.9521634 26.4646174,-81.9520954 26.4646577,-81.9520294 26.464683,-81.9516982 26.464603)",4521,8793196282,8793196287,949854886,,service,False,False,62.881,,,customers,,,,,,,,203.37770801943336
"LINESTRING (-81.9522869 26.4645771,-81.9525195 26.4649193)",4520,8793196282,8793196288,949854887,,service,False,True,44.542,,,customers,,,,,,,,133.88395437273113
"LINESTRING (-81.9399951 26.4476804,-81.94008 26.4474873,-81.9402371 26.4471467)",4531,8793390779,8793390781,949874983,,service,False,False,64.052,,,,driveway,,,,,,,130.87128436669485
"LINESTRING (-81.9481169 26.4589177,-81.9481302 26.4587994,-81.9481395 26.4586745,-81.9481287 26.4586118,-81.9480973 26.4585541,-81.9480472 26.4585227,-81.9478384 26.4584761)",4535,8796853443,8796853449,950231124,,service,False,False,68.841,,,,,,,,,,,74.39496305950752
"LINESTRING (-81.9553493 26.4654231,-81.9553021 26.465325)",4539,8900391071,8900391079,776912761,San Carlos Drive,residential,False,True,11.877,,,,,,,,,,,0.0
"LINESTRING (-81.9553493 26.4654231,-81.9554868 26.46538,-81.9556164 26.4653194)",4541,8900391071,8900391081,962192505,,service,False,False,29.057,,,,driveway,,,,,,,0.0
"LINESTRING (-81.9553021 26.465325,-81.9555337 26.4652235,-81.9555571 26.4652132)",4544,8900391079,8900391080,962192505,,service,False,True,28.264,,,,driveway,,,,,,,0.0
"LINESTRING (-81.9555571 26.4652132,-81.9556164 26.4653194)",4545,8900391080,8900391081,962192506,,service,False,False,13.202,,,,driveway,,,,,,,0.0
"LINESTRING (-81.8974592 26.4108625,-81.8973973 26.4108338,-81.8973677 26.41082,-81.8973553 26.4108142,-81.8970471 26.4107087)",2232,9258342816,9258342819,1003255567,,service,False,False,44.517,,,,,,,,,,,77.83480269326536
"LINESTRING (-81.8836084 26.4046999,-81.8835881 26.4046106)",2234,9629857104,9629857105,1047269715,,service,False,False,10.133,,,,,,,,,,,0.0
"LINESTRING (-81.8970245 26.4134419,-81.8972448 26.4133755)",2238,10069586511,10069586512,1099947456,Royal Pelican Condos,service,False,True,23.148,,,,parking_aisle,,,,,,,125.65531838609476
"LINESTRING (-81.896884 26.4130744,-81.8970245 26.4134419)",2244,10069586514,10069586511,166091710,Royal Pelican Condos,service,True,False,43.193,,,,,,,,,,,17.131750332833104
"LINESTRING (-81.8972448 26.4133755,-81.8971015 26.4130068)",2240,10069586512,10069586513,166091710,Royal Pelican Condos,service,True,False,43.41,,,,,,,,,,,24.87138950878821
"LINESTRING (-81.8971015 26.4130068,-81.896884 26.4130744)",2243,10069586513,10069586514,1099947457,,service,False,True,22.927,,,,parking_aisle,,,,,,,0.2360674258461254
"LINESTRING (-81.8971015 26.4130068,-81.8970308 26.4128247)",2242,10069586513,10069586516,166091710,Royal Pelican Condos,service,True,False,21.438,,,,,,,,,,,3.0520145770106217
"LINESTRING (-81.8968138 26.4128907,-81.896884 26.4130744)",2246,10069586515,10069586514,166091710,Royal Pelican Condos,service,True,False,21.59,,,,,,,,,,,11.02772117881186
"LINESTRING (-81.8968138 26.4128907,-81.8970308 26.4128247)",2247,10069586515,10069586516,1099947458,,service,False,True,22.823,,,,parking_aisle,,,,,,,27.923404085798836
"LINESTRING (-81.8966103 26.4123582,-81.8968138 26.4128907)",2250,10069586517,10069586515,166091710,Royal Pelican Condos,service,True,False,62.584,,,,,,,,,,,12.916260585580863
"LINESTRING (-81.8970308 26.4128247,-81.8968236 26.4122914)",2248,10069586516,10069586518,166091710,Royal Pelican Condos,service,True,False,62.788,,,,,,,,,,,5.17662140962575
"LINESTRING (-81.8966103 26.4123582,-81.8968236 26.4122914)",2251,10069586517,10069586518,1099947459,,service,False,True,22.503,,,,parking_aisle,,,,,,,8.262359904614389
"LINESTRING (-81.8965421 26.4121798,-81.8966103 26.4123582)",2256,10069586520,10069586517,166091710,Royal Pelican Condos,service,True,False,20.968,,,,,,,,,,,7.554157627076013
"LINESTRING (-81.8968236 26.4122914,-81.8967532 26.4121102)",2252,10069586518,10069586519,166091710,Royal Pelican Condos,service,True,False,21.334,,,,,,,,,,,2.2426405455381917
"LINESTRING (-81.8967532 26.4121102,-81.8965421 26.4121798)",2255,10069586519,10069586520,1099947460,,service,False,True,22.402,,,,parking_aisle,,,,,,,11.33123644061402
"LINESTRING (-81.8967532 26.4121102,-81.896683 26.4119293)",2254,10069586519,10069586522,166091710,Royal Pelican Condos,service,True,False,21.295,,,,,,,,,,,2.74849931520846
"LINESTRING (-81.8964706 26.4119928,-81.8965421 26.4121798)",2258,10069586521,10069586520,166091710,Royal Pelican Condos,service,True,False,21.979,,,,,,,,,,,8.07687835573529
"LINESTRING (-81.8964706 26.4119928,-81.896683 26.4119293)",2259,10069586521,10069586522,1099947461,,service,False,True,22.3,,,,parking_aisle,,,,,,,10.319518901273483
"LINESTRING (-81.9531671 26.4585484,-81.9531941 26.4584251)",4555,11458897845,11458897846,1234537438,,service,True,False,13.971,,,,,,,,,,,15.044239809993792
"LINESTRING (-81.9531671 26.4585484,-81.9528029 26.4584771)",4553,11458897845,11458897851,168027416,Fishermans Wharf,residential,False,False,37.112,,,,,,,,,,,155.83148019282518
"LINESTRING (-81.9531941 26.4584251,-81.953147 26.4584115,-81.9530375 26.4583905,-81.9528863 26.4583877,-81.9528214 26.4584029,-81.9528029 26.4584771)",4557,11458897846,11458897851,1234537438,,service,True,False,46.262,,,,,,,,,,,63.71459823586925
"LINESTRING (-81.9531941 26.4584251,-81.9532743 26.4584346)",4556,11458897846,11458897852,1234537440,,service,False,True,8.053,,,,,,,,,,,1.1128892932745913
"LINESTRING (-81.9532743 26.4584346,-81.9533337 26.4584296,-81.9535515 26.4584581)",4562,11458897852,11458897854,1234537439,,service,False,False,27.851,,,,,,,,,,,106.3652373026685
"LINESTRING (-81.9524336 26.4592968,-81.9528545 26.4593937,-81.9529017 26.4593633,-81.952934 26.4592556)",4571,11696334039,11696334036,1258089683,,service,True,False,61.451,,,,,,,,,,,1.7401541676657242
"LINESTRING (-81.9524336 26.4592968,-81.9523275 26.4593664,-81.9522536 26.4594415,-81.9521833 26.4596169)",4572,11696334039,11696334044,1258089684,,service,False,False,44.944,,,,,,,,,,,3.345412663419377
"LINESTRING (-81.9528432 26.4521032,-81.9528638 26.4520442,-81.953025 26.4515932)",4576,11905992715,11905992717,1283112970,Waistina Way,unclassified,False,False,59.528,,,,,,,,,,,257.51583768014484
