osmid,x,y,total_CYD
98011186,-81.885036,26.518882,1897.0
98011191,-81.885196,26.518531,157.0
98011223,-81.885342,26.517658,650.0
98021151,-81.8881544,26.5219825,662.0
98021155,-81.8880576,26.5217543,0.0
98021231,-81.868044,26.5328821,0.0
98022211,-81.896709,26.526655,73.0
98022475,-81.8713781,26.5306888,0.0
98022479,-81.872608,26.530654,0.0
98022484,-81.8733447,26.5308346,0.0
98022493,-81.8733279,26.5298605,0.0
98022497,-81.8726055,26.5303074,0.0
98022506,-81.8713728,26.5303513,0.0
98023184,-81.8715373,26.5246602,0.0
98027842,-81.918314,26.527039,189.0
98027843,-81.91831,26.526273,573.0
98027845,-81.918311,26.526128,318.0
98027876,-81.917542,26.5244,710.0
98027890,-81.91589,26.524614,164.0
98029304,-81.891939,26.515202,610.0
98029308,-81.891947,26.515875,507.0
98029324,-81.894171,26.516191,2057.0
98029338,-81.894237,26.514226,627.0
98029340,-81.89413,26.514132,463.0
98029346,-81.893091,26.514137,1740.0
98029351,-81.891994,26.514192,1666.0
98029353,-81.891952,26.514247,196.0
98030116,-81.901661,26.522255,0.0
98032266,-81.900902,26.529465,835.0
98040418,-81.8788266,26.5170432,1144.0
98040434,-81.878225,26.516427,228.0
98042552,-81.890913,26.532657,336.0
98042569,-81.888441,26.532726,1167.0
98050973,-81.898912,26.524321,246.0
98050978,-81.899479,26.524313,319.0
98050980,-81.900351,26.5243,515.0
98050986,-81.901237,26.524287,992.0
98050988,-81.902065,26.524277,118.0
98050992,-81.902921,26.524261,156.0
98050995,-81.903258,26.524257,0.0
98053164,-81.900719,26.48861,1730.0
98053177,-81.899236,26.487826,472.0
98053284,-81.8848192,26.4070972,0.0
98053295,-81.8844258,26.4063622,0.0
98054410,-81.874689,26.524633,44.0
98054440,-81.8748007,26.5222584,0.0
98054450,-81.874795,26.521504,0.0
98054683,-81.895055,26.407529,0.0
98054746,-81.916212,26.525856,0.0
98054764,-81.91633,26.525635,0.0
98055130,-81.902959,26.526053,318.0
98058580,-81.916477,26.531836,167.0
98058585,-81.916652,26.532143,99.0
98058615,-81.916812,26.531836,49.0
98062323,-81.912106,26.432122,0.0
98062337,-81.913219,26.432645,0.0
98062341,-81.913639,26.432986,0.0
98063976,-81.8987588,26.5133076,0.0
98063979,-81.897736,26.513346,45.0
98063981,-81.8963234,26.513373,113.0
98064275,-81.883773,26.53338,0.0
98064758,-81.8976083,26.4964537,1116.0
98064760,-81.8980533,26.4960825,149.0
98065022,-81.899141,26.531585,92.0
98065041,-81.901362,26.531791,338.0
98065046,-81.902247,26.531788,671.0
98065062,-81.90496,26.531853,0.0
98065065,-81.908218,26.531767,0.0
98065793,-81.8892865,26.5221921,0.0
98065801,-81.887206,26.521752,0.0
98068438,-81.8976798,26.5078262,0.0
98068454,-81.895512,26.508214,0.0
98068473,-81.892626,26.508306,73.0
98068497,-81.890587,26.508289,0.0
98069258,-81.8922203,26.5236847,181.0
98069271,-81.893398,26.522173,6.0
98069297,-81.8933885,26.5216365,0.0
98073950,-81.900151,26.530209,83.0
98073953,-81.900332,26.529987,586.0
98073955,-81.900484,26.529876,80.0
98073966,-81.901026,26.529261,778.0
98073973,-81.901198,26.528807,410.0
98073976,-81.901245,26.528426,311.0
98073977,-81.901278,26.528067,554.0
98073991,-81.901028,26.526428,584.0
98074008,-81.90058,26.525775,849.0
98074027,-81.899025,26.53033,266.0
98074031,-81.899591,26.530282,468.0
98074455,-81.908071,26.425265,79.0
98074465,-81.907005,26.424041,0.0
98075446,-81.898756,26.52745,41.0
98075448,-81.898076,26.527463,0.0
98076677,-81.902255,26.532731,0.0
98080660,-81.916401,26.527084,56.0
98080674,-81.916248,26.527226,367.0
98081646,-81.9043939,26.5228636,73.0
98081665,-81.904623,26.522606,1179.0
98083465,-81.904833,26.529269,968.0
98083679,-81.873887,26.504451,0.0
98083694,-81.873393,26.504556,188.0
98085257,-81.9085086,26.5267528,0.0
98085296,-81.907988,26.526873,0.0
98085311,-81.9073025,26.5266843,0.0
98087995,-81.912101,26.431476,0.0
98088001,-81.910259,26.431486,0.0
98088426,-81.898974,26.502934,379.0
98088440,-81.899704,26.50313,228.0
98088533,-81.902597,26.50387,431.0
98088567,-81.901173,26.502883,1584.0
98089921,-81.91876,26.532715,0.0
98090041,-81.918286,26.532766,0.0
98090905,-81.864318,26.504015,2612.0
98093020,-81.8872309,26.5206163,153.0
98093022,-81.887215,26.519848,864.0
98093026,-81.887164,26.516937,521.0
98093609,-81.904909,26.423218,1080.0
98093611,-81.9047103,26.4233448,0.0
98093613,-81.9045097,26.4234881,0.0
98093619,-81.902299,26.42512,0.0
98096713,-81.905418,26.426031,0.0
98096766,-81.904163,26.431017,0.0
98098767,-81.88826,26.40546,0.0
98098769,-81.888269,26.406148,0.0
98099220,-81.898983,26.528079,809.0
98099222,-81.898956,26.526697,42.0
98099224,-81.898942,26.525982,409.0
98099226,-81.898926,26.525064,290.0
98099228,-81.898925,26.524985,160.0
98099230,-81.8989076,26.5236772,1186.0
98099245,-81.8987868,26.5206272,34.0
98099246,-81.898781,26.5204581,339.0
98099247,-81.8987423,26.5185586,463.0
98099334,-81.8984491,26.4801899,191.0
98099340,-81.8985535,26.4833863,754.0
98099341,-81.898579,26.485563,1438.0
98099345,-81.898632,26.487839,0.0
98099347,-81.898655,26.488857,0.0
98099351,-81.898718,26.490863,910.0
98099353,-81.898721,26.490968,92.0
98099355,-81.8987264,26.4911137,156.0
98099359,-81.898727,26.49124,983.0
98099365,-81.898769,26.493736,378.0
98099369,-81.898803,26.49519,0.0
98099377,-81.89885,26.497672,75.0
98099381,-81.898907,26.500477,236.0
98099391,-81.8990518,26.5077868,0.0
98099405,-81.8987395,26.5129872,0.0
98099407,-81.8986757,26.5142996,0.0
98099409,-81.8986778,26.5145517,0.0
98099413,-81.8986877,26.515655,96.0
98099416,-81.8988789,26.5185559,888.0
98099418,-81.8989157,26.5204562,538.0
98099420,-81.8989179,26.5206271,23.0
98099423,-81.8988796,26.5218319,87.0
98103193,-81.873791,26.505781,443.0
98103195,-81.873119,26.506157,1287.0
98103283,-81.9155748,26.5041277,0.0
98103882,-81.900265,26.526633,271.0
98103884,-81.900392,26.527276,700.0
98104105,-81.866234,26.5242,0.0
98104107,-81.866224,26.523403,0.0
98104110,-81.866216,26.522878,0.0
98105248,-81.9110969,26.4276028,0.0
98105250,-81.910741,26.427893,531.0
98105254,-81.909955,26.428561,0.0
98107798,-81.867965,26.523387,0.0
98107800,-81.867983,26.524181,0.0
98108459,-81.9061308,26.5211128,721.0
98108474,-81.905551,26.521036,1535.0
98108500,-81.911239,26.505242,0.0
98108543,-81.911236,26.50513,0.0
98108670,-81.9067296,26.5218253,0.0
98108674,-81.906856,26.521392,0.0
98108680,-81.9078538,26.5250785,0.0
98108682,-81.9082122,26.5252527,0.0
98108684,-81.908436,26.525357,0.0
98108691,-81.909241,26.525536,0.0
98108697,-81.9095856,26.5255166,0.0
98108701,-81.9100413,26.5253892,0.0
98108712,-81.9102349,26.5252834,0.0
98108718,-81.910863,26.524595,0.0
98108760,-81.906083,26.523625,227.0
98108784,-81.9076577,26.5249813,0.0
98108788,-81.9077014,26.5251223,0.0
98109541,-81.889523,26.52568,115.0
98109576,-81.888247,26.525691,0.0
98112342,-81.9101215,26.5291201,0.0
98113096,-81.865049,26.521845,0.0
98113098,-81.86503,26.521188,0.0
98113104,-81.865044,26.521955,0.0
98113106,-81.865053,26.52248,0.0
98113802,-81.910403,26.496499,1105.0
98113953,-81.906085,26.500687,1622.0
98114003,-81.903097,26.495859,2733.0
98114016,-81.902951,26.494559,1910.0
98114066,-81.90389,26.489562,768.0
98114087,-81.906094,26.5021,207.0
98119510,-81.9171325,26.5161007,1691.0
98119526,-81.9171677,26.5168224,847.0
98119551,-81.8711822,26.5316202,0.0
98119553,-81.8708682,26.5316219,0.0
98124288,-81.903186,26.420623,714.0
98124294,-81.899233,26.423503,0.0
98125738,-81.92342,26.4382,2445.0
98125742,-81.91514,26.529059,153.0
98125753,-81.9137022,26.5281793,467.0
98128390,-81.893039,26.511087,0.0
98128392,-81.894633,26.511066,0.0
98128527,-81.918062,26.434305,82.0
98128539,-81.917225,26.435303,0.0
98128546,-81.916457,26.434768,0.0
98128554,-81.913153,26.434192,0.0
98130153,-81.910495,26.496435,967.0
98130228,-81.908702,26.493527,436.0
98130270,-81.907035,26.489572,3896.0
98130280,-81.907017,26.487763,1059.0
98130292,-81.902798,26.487528,317.0
98130309,-81.906367,26.487408,93.0
98131703,-81.864462,26.521851,0.0
98131709,-81.865621,26.521864,0.0
98131718,-81.866209,26.521973,0.0
98131719,-81.866791,26.521966,0.0
98131721,-81.867373,26.521961,0.0
98131765,-81.8696175,26.5220591,0.0
98131800,-81.8697066,26.5221942,0.0
98131826,-81.867362,26.522071,0.0
98131829,-81.866792,26.522078,0.0
98131831,-81.866207,26.522084,0.0
98131842,-81.86565,26.521989,0.0
98131847,-81.864464,26.521962,0.0
98132991,-81.895447,26.53116,868.0
98133000,-81.895429,26.528167,507.0
98134594,-81.901366,26.484944,1126.0
98134661,-81.898843,26.485011,2163.0
98136499,-81.902616,26.48441,0.0
98136509,-81.902198,26.484227,158.0
98136514,-81.90191,26.484125,156.0
98136561,-81.8990546,26.4834102,287.0
98136574,-81.90262,26.48431,772.0
98137989,-81.918998,26.524008,123.0
98145609,-81.898724,26.525983,0.0
98145614,-81.897294,26.526009,0.0
98145775,-81.897951,26.526956,0.0
98145777,-81.897285,26.526967,0.0
98148625,-81.917753,26.528758,81.0
98148638,-81.917497,26.528765,327.0
98153412,-81.884939,26.404842,786.0
98153441,-81.8845141,26.4078093,0.0
98157371,-81.906366,26.4242508,0.0
98159361,-81.9145101,26.5207708,0.0
98159367,-81.9145326,26.5220034,0.0
98159374,-81.9143691,26.5204037,67.0
98161330,-81.917187,26.5173337,684.0
98161331,-81.9157524,26.5173413,585.0
98161524,-81.8907744,26.5294806,0.0
98161530,-81.8909425,26.5298583,0.0
98161550,-81.892932,26.530554,0.0
98161598,-81.891011,26.530599,263.0
98161618,-81.890673,26.529516,0.0
98162532,-81.9149944,26.5217517,0.0
98162533,-81.9150065,26.522156,0.0
98162534,-81.9150118,26.5226411,0.0
98164656,-81.899392,26.490986,630.0
98166589,-81.887127,26.405423,0.0
98166591,-81.887128,26.405889,0.0
98168159,-81.899428,26.496408,235.0
98168161,-81.900977,26.496375,45.0
98168769,-81.90538,26.527823,814.0
98168784,-81.90548,26.527664,598.0
98170208,-81.9227084,26.4376888,416.0
98170391,-81.918815,26.527066,47.0
98170404,-81.918973,26.52721,285.0
98173523,-81.9095563,26.5289028,0.0
98173530,-81.9093869,26.5288249,0.0
98173925,-81.8850999,26.5198526,327.0
98181991,-81.8953527,26.4846588,885.0
98181993,-81.8953676,26.4852944,3612.0
98184098,-81.868529,26.502062,431.0
98184115,-81.868803,26.500592,0.0
98184130,-81.868979,26.499592,626.0
98184140,-81.868624,26.50206,413.0
98184704,-81.8922646,26.4972076,1065.0
98184705,-81.891753,26.4970476,0.0
98186580,-81.892141,26.500884,553.0
98186595,-81.89024,26.500548,0.0
98186609,-81.889064,26.496675,0.0
98187074,-81.887568,26.529606,266.0
98187186,-81.890103,26.526898,234.0
98189099,-81.909143,26.523464,0.0
98189151,-81.908468,26.524932,68.0
98189161,-81.908669,26.524228,0.0
98192633,-81.869139,26.524168,0.0
98193156,-81.892296,26.532802,77.0
98194453,-81.90591,26.526996,954.0
98195752,-81.872804,26.502046,137.0
98195874,-81.870057,26.509234,1624.0
98197213,-81.867715,26.513606,0.0
98197220,-81.8672305,26.5135037,403.0
98197792,-81.9064398,26.5271785,764.0
98197945,-81.8830916,26.5188852,3044.0
98197951,-81.8829845,26.5187518,0.0
98197956,-81.88131,26.5173073,0.0
98197963,-81.885106,26.520797,343.0
98197970,-81.8851144,26.5232772,11.0
98197980,-81.885104,26.520644,526.0
98200308,-81.902439,26.496761,2275.0
98200319,-81.902422,26.495957,208.0
98201406,-81.8651598,26.5151656,0.0
98201420,-81.866835,26.515067,167.0
98201443,-81.870853,26.513577,245.0
98201473,-81.8652309,26.5152677,0.0
98203979,-81.912109,26.432351,0.0
98203983,-81.910293,26.432368,0.0
98206072,-81.9075482,26.5177407,0.0
98206409,-81.865075,26.524214,0.0
98206411,-81.865063,26.523415,0.0
98206413,-81.865056,26.522893,0.0
98206415,-81.8975349,26.4200771,0.0
98206428,-81.8988,26.422587,0.0
98206725,-81.9127544,26.5321918,266.0
98209094,-81.890157,26.515227,712.0
98212461,-81.864443,26.51996,0.0
98218152,-81.9070876,26.4237222,0.0
98218157,-81.9066806,26.4240156,0.0
98218165,-81.9051243,26.425102,0.0
98218174,-81.9033952,26.426358,0.0
98218527,-81.907095,26.526644,569.0
98218623,-81.904612,26.530601,467.0
98218626,-81.90476,26.530724,687.0
98218650,-81.9065691,26.5305589,491.0
98218662,-81.907067,26.529229,400.0
98218666,-81.907314,26.52872,315.0
98218673,-81.90775,26.528045,0.0
98218819,-81.911373,26.511111,0.0
98218826,-81.912968,26.511071,0.0
98218850,-81.9113723,26.511244,0.0
98220405,-81.863768,26.487106,1406.0
98220423,-81.863755,26.486371,1941.0
98221775,-81.8884934,26.5298046,270.0
98221788,-81.888797,26.531066,64.0
98224480,-81.9080307,26.5222536,180.0
98224496,-81.908127,26.521238,125.0
98225666,-81.89673,26.527264,0.0
98226462,-81.870162,26.502039,1288.0
98226464,-81.87119,26.502026,187.0
98228841,-81.9104337,26.530248,16.0
98231941,-81.914948,26.432989,0.0
98231946,-81.913871,26.432065,0.0
98234897,-81.865619,26.521181,0.0
98234898,-81.865634,26.522467,0.0
98235030,-81.877624,26.516569,2425.0
98235083,-81.874296,26.518386,3739.0
98235454,-81.887306,26.408614,0.0
98235466,-81.887866,26.408636,0.0
98235475,-81.888563,26.408957,0.0
98235542,-81.893052,26.411553,0.0
98235544,-81.89317,26.411584,0.0
98235590,-81.897108,26.411402,0.0
98235630,-81.898483,26.409758,2556.0
98235674,-81.8984,26.409653,107.0
98238936,-81.9140897,26.5220198,0.0
98238939,-81.91399,26.521289,0.0
98238951,-81.9136307,26.5222969,0.0
98240373,-81.864821,26.509789,1308.0
98240404,-81.864721,26.50611,1726.0
98241084,-81.9023,26.526765,100.0
98241090,-81.902157,26.527512,161.0
98241915,-81.911293,26.42985,0.0
98241918,-81.910242,26.42884,0.0
98241924,-81.909125,26.4277835,0.0
98241934,-81.908614,26.427298,0.0
98242411,-81.909125,26.528639,0.0
98243761,-81.889277,26.53019,76.0
98243774,-81.889702,26.531347,106.0
98243788,-81.8942,26.4151995,0.0
98243793,-81.8943634,26.4152698,0.0
98243801,-81.900838,26.415216,43.0
98243803,-81.9004532,26.4152372,0.0
98245391,-81.892007,26.52714,156.0
98245393,-81.8916368,26.5271504,0.0
98245398,-81.904567,26.523794,202.0
98245811,-81.897578,26.491488,155.0
98245813,-81.897568,26.491127,0.0
98247303,-81.871157,26.498731,160.0
98248272,-81.905027,26.523642,632.0
98248278,-81.905034,26.522881,371.0
98248284,-81.905343,26.522556,780.0
98248812,-81.8841963,26.4047774,655.0
98251920,-81.916885,26.530163,370.0
98251930,-81.915023,26.529725,348.0
98258838,-81.897917,26.485571,851.0
98259693,-81.9072603,26.5241838,0.0
98259726,-81.907079,26.522537,0.0
98259758,-81.907468,26.52309,0.0
98259778,-81.907652,26.523212,0.0
98259782,-81.906975,26.522924,0.0
98259793,-81.906691,26.523495,0.0
98259814,-81.907206,26.524048,0.0
98260673,-81.872863,26.521037,0.0
98260676,-81.872592,26.521093,0.0
98260678,-81.871953,26.521215,127.0
98260708,-81.871991,26.523637,79.0
98260715,-81.872639,26.524142,58.0
98260721,-81.871999,26.52415,58.0
98260723,-81.872947,26.524139,0.0
98261333,-81.8982858,26.5046366,381.0
98261353,-81.896817,26.504027,1251.0
98264148,-81.895347,26.507153,0.0
98264599,-81.919758,26.529746,229.0
98264613,-81.9195872,26.520063,0.0
98265129,-81.902476,26.500388,4123.0
98265133,-81.900899,26.500422,609.0
98266558,-81.89728,26.526457,0.0
98266561,-81.89729,26.527473,0.0
98266565,-81.897294,26.527965,184.0
98266568,-81.897298,26.528092,610.0
98272065,-81.9247624,26.4390708,1226.0
98272072,-81.924111,26.438678,1790.0
98272073,-81.922039,26.437222,846.0
98272079,-81.9205098,26.4361169,2028.0
98272090,-81.919555,26.435414,131.0
98272096,-81.918787,26.434844,299.0
98272103,-81.916437,26.433102,491.0
98272109,-81.914518,26.431482,1501.0
98272120,-81.9125578,26.429782,32.0
98272125,-81.91208,26.429181,1161.0
98272136,-81.909408,26.426618,305.0
98272162,-81.907901,26.425489,12085.0
98272180,-81.906821,26.425303,178.0
98272207,-81.90539,26.423895,316.0
98272215,-81.9052523,26.4237198,18.0
98272222,-81.905143,26.423571,211.0
98272226,-81.904361,26.422395,2345.0
98272231,-81.903802,26.421548,1455.0
98272235,-81.902649,26.4198,438.0
98272236,-81.902606,26.419723,298.0
98272245,-81.901581,26.417219,2718.0
98272259,-81.899579,26.411833,584.0
98272261,-81.899549,26.411751,718.0
98272281,-81.896228,26.407141,1017.0
98272282,-81.896134,26.40704,2174.0
98272296,-81.894552,26.405797,1403.0
98272308,-81.892473,26.40486,191.0
98272332,-81.890671,26.404487,325.0
98272355,-81.889438,26.404434,335.0
98272390,-81.885915,26.40472,1584.0
98272501,-81.867661,26.394242,4593.0
98272509,-81.8672343,26.3931791,67.0
98274443,-81.891569,26.405518,0.0
98274447,-81.891372,26.405947,0.0
98275373,-81.9014988,26.4205854,0.0
98275382,-81.900562,26.421297,0.0
98275387,-81.899677,26.421937,0.0
98276792,-81.864492,26.524218,0.0
98276794,-81.864479,26.523419,0.0
98276797,-81.864472,26.522903,0.0
98277178,-81.87309,26.501951,0.0
98277183,-81.873265,26.501562,213.0
98277193,-81.873347,26.50058,19.0
98277195,-81.873483,26.499839,0.0
98277781,-81.898329,26.502911,728.0
98277835,-81.895433,26.504137,549.0
98277841,-81.8954527,26.5046895,155.0
98278994,-81.866862,26.502503,417.0
98279006,-81.866699,26.5031608,163.0
98279008,-81.8666141,26.5034104,137.0
98279013,-81.866519,26.503929,631.0
98280881,-81.89022,26.5224,0.0
98280898,-81.888798,26.524051,47.0
98280902,-81.889925,26.522566,0.0
98280925,-81.8899154,26.522442,0.0
98280948,-81.896536,26.515483,141.0
98280979,-81.896897,26.514442,0.0
98280985,-81.896701,26.514338,0.0
98280988,-81.896554,26.514318,0.0
98280994,-81.896529,26.514618,0.0
98284674,-81.880321,26.520772,0.0
98284690,-81.880023,26.519743,661.0
98284692,-81.879552,26.519136,306.0
98284723,-81.879871,26.517419,1204.0
98284942,-81.914454,26.532349,0.0
98284950,-81.914663,26.53194,326.0
98284958,-81.914712,26.531568,0.0
98285619,-81.889452,26.405301,0.0
98285620,-81.889455,26.406152,0.0
98286233,-81.912105,26.4316748,0.0
98287293,-81.8882888,26.5208774,0.0
98287321,-81.8951956,26.5207578,213.0
98287362,-81.9156379,26.5203803,0.0
98287428,-81.9251206,26.5183581,0.0
98287475,-81.8934429,26.5205799,6.0
98287578,-81.882143,26.520657,0.0
98287588,-81.8801393,26.5208137,0.0
98287595,-81.878822,26.521381,206.0
98287600,-81.878539,26.521574,99.0
98287617,-81.8766873,26.5245628,0.0
98287638,-81.874786,26.527311,72.0
98287653,-81.8713503,26.5278567,0.0
98288708,-81.9013744,26.521261,0.0
98289215,-81.899519,26.523736,130.0
98289270,-81.8995312,26.5236328,119.0
98291437,-81.893067,26.406002,0.0
98291458,-81.890333,26.40627,0.0
98291876,-81.908234,26.532521,0.0
98293796,-81.866199,26.521174,0.0
98293799,-81.866217,26.522468,0.0
98293802,-81.892016,26.502969,207.0
98293816,-81.890983,26.503967,0.0
98295128,-81.896976,26.490992,91.0
98295236,-81.890629,26.490932,1490.0
98295297,-81.8975527,26.490747,0.0
98296566,-81.893369,26.519877,0.0
98296573,-81.894456,26.519717,0.0
98297971,-81.897961,26.526447,0.0
98298342,-81.895863,26.528102,759.0
98299870,-81.864235,26.496019,1847.0
98299903,-81.864293,26.498978,1908.0
98300512,-81.893731,26.50677,0.0
98300529,-81.892533,26.507462,92.0
98300546,-81.890836,26.507292,0.0
98302930,-81.9048959,26.494557,938.0
98303593,-81.916447,26.528767,250.0
98303605,-81.916276,26.528625,82.0
98308614,-81.871848,26.517133,2924.0
98308618,-81.8718822,26.5197074,898.0
98309700,-81.8894541,26.5223634,0.0
98309724,-81.890887,26.521321,0.0
98309834,-81.9089682,26.5296099,0.0
98309849,-81.9088872,26.5309836,0.0
98310377,-81.869839,26.517154,554.0
98311425,-81.9095846,26.5276565,0.0
98311820,-81.891475,26.523467,94.0
98311822,-81.891532,26.526244,5.0
98311823,-81.891551,26.52715,0.0
98311828,-81.8915756,26.5282664,4.0
98311844,-81.89091,26.529402,245.0
98311853,-81.8884864,26.5296634,16.0
98311858,-81.887142,26.529597,39.0
98311878,-81.891498,26.528923,0.0
98311887,-81.891662,26.528271,0.0
98311892,-81.8916037,26.5249182,0.0
98311904,-81.8915914,26.5217301,2365.0
98311908,-81.895057,26.521594,260.0
98312217,-81.872001,26.524654,97.0
98312842,-81.912655,26.498937,0.0
98312856,-81.912718,26.498697,0.0
98312859,-81.912621,26.498749,0.0
98312864,-81.911115,26.500522,0.0
98313024,-81.89514,26.419287,0.0
98315980,-81.895124,26.40765,0.0
98315994,-81.8944768,26.4080993,0.0
98315998,-81.893942,26.406458,0.0
98316007,-81.894066,26.406527,0.0
98316112,-81.8987379,26.4200845,0.0
98316221,-81.895135,26.527942,254.0
98316235,-81.895283,26.527411,186.0
98316281,-81.892501,26.524376,100.0
98316297,-81.8919743,26.52489,0.0
98316787,-81.899442,26.497665,550.0
98316790,-81.899394,26.495185,0.0
98317275,-81.90816,26.429341,0.0
98318230,-81.903355,26.526915,444.0
98318236,-81.902964,26.526907,147.0
98318248,-81.901675,26.526132,443.0
98319178,-81.8981544,26.5250372,725.0
98319184,-81.8955087,26.5250691,1046.0
98319724,-81.877725,26.520052,321.0
98319733,-81.878364,26.521222,320.0
98319756,-81.878168,26.520183,745.0
98323662,-81.898735,26.526437,0.0
98323736,-81.898743,26.526946,0.0
98326756,-81.864767,26.485948,1346.0
98326951,-81.873606,26.524638,151.0
98329901,-81.900298,26.424095,0.0
98333702,-81.904205,26.503369,688.0
98333706,-81.904066,26.503409,344.0
98333727,-81.910994,26.501517,234.0
98333793,-81.907977,26.503513,147.0
98334787,-81.9055181,26.525628,152.0
98334810,-81.905058,26.525629,948.0
98337838,-81.89307,26.512903,1291.0
98337844,-81.891627,26.512925,0.0
98338471,-81.897971,26.527462,147.0
98339443,-81.904424,26.523918,436.0
98339445,-81.904488,26.523858,0.0
98339503,-81.90504,26.52445,686.0
98339911,-81.901482,26.530869,1590.0
98341638,-81.906114,26.487165,1482.0
98341682,-81.905397,26.483284,171.0
98341694,-81.904386,26.483056,331.0
98341709,-81.903783,26.483233,679.0
98341731,-81.903019,26.483331,1104.0
98341778,-81.90281,26.487071,0.0
98342148,-81.9115144,26.5174007,266.0
98342150,-81.9107011,26.5174181,0.0
98342152,-81.9100959,26.5174149,0.0
98342159,-81.9090704,26.5167424,0.0
98342161,-81.9089898,26.5166942,0.0
98342163,-81.9083125,26.5164972,0.0
98342168,-81.9073099,26.5162514,0.0
98342172,-81.906703,26.5159548,0.0
98342213,-81.904234,26.5156253,0.0
98342222,-81.904473,26.5136411,0.0
98342233,-81.9062324,26.5136154,0.0
98342238,-81.9065173,26.5138762,0.0
98342290,-81.899512,26.500459,476.0
98343626,-81.872445,26.514621,0.0
98343640,-81.872212,26.514714,99.0
98343652,-81.870924,26.51491,1147.0
98343919,-81.872348,26.510436,1426.0
98348531,-81.874264,26.517124,3689.0
98348597,-81.8665703,26.5172344,0.0
98348605,-81.87876,26.515805,6388.0
98348836,-81.87452,26.516747,5786.0
98351561,-81.867197,26.495982,2197.0
98351644,-81.86762,26.501849,1003.0
98354316,-81.865657,26.524205,0.0
98354327,-81.865644,26.523409,0.0
98354330,-81.865638,26.522886,0.0
98355906,-81.893056,26.511996,0.0
98355908,-81.893049,26.511772,0.0
98355917,-81.893007,26.510444,0.0
98357277,-81.9042341,26.5185378,0.0
98357279,-81.9054207,26.5185209,0.0
98373403,-81.8963143,26.5263308,334.0
98376247,-81.867385,26.523393,0.0
98376248,-81.867396,26.524187,0.0
98377901,-81.905395,26.5244415,178.0
98379275,-81.912099,26.430994,0.0
98379347,-81.904088,26.505415,1042.0
98386589,-81.917481,26.531905,4.0
98386596,-81.916128,26.531836,0.0
98387285,-81.8842667,26.5137691,0.0
98387420,-81.885965,26.516731,100.0
98387429,-81.88617,26.516366,0.0
98388518,-81.890568,26.405328,0.0
98389689,-81.8893707,26.501295,0.0
98392817,-81.91053,26.521556,596.0
98393647,-81.868551,26.523385,0.0
98393649,-81.868557,26.524176,0.0
98394314,-81.8945818,26.4956031,945.0
98394398,-81.898117,26.4976813,8652.0
98394567,-81.893097,26.50544,459.0
98396830,-81.904968,26.532609,0.0
98397009,-81.918557,26.529708,587.0
98397040,-81.915033,26.530572,492.0
98397564,-81.904841,26.508878,0.0
98397579,-81.9064466,26.5098519,0.0
98397618,-81.911185,26.5111078,0.0
98397814,-81.914733,26.436666,0.0
98400774,-81.9121318,26.4328927,0.0
98400778,-81.912123,26.433071,0.0
98400918,-81.864422,26.501722,253.0
98400924,-81.864212,26.501791,8208.0
98401135,-81.9022512,26.4936681,3836.0
98413031,-81.90299,26.528776,666.0
98415718,-81.900616,26.5303,315.0
98416001,-81.9060979,26.4233454,0.0
98416556,-81.882149,26.520445,143.0
98416582,-81.882146,26.519865,0.0
98420994,-81.905671,26.425485,0.0
98421417,-81.899521,26.526692,485.0
98421825,-81.910223,26.430401,0.0
98421833,-81.908923,26.430985,0.0
98422831,-81.9155863,26.5186199,37.0
98422837,-81.9121332,26.5161827,935.0
98422871,-81.9121513,26.5174025,173.0
98423326,-81.864469,26.522488,0.0
98423351,-81.864434,26.519309,0.0
98424246,-81.9056235,26.5227617,403.0
98428988,-81.9051523,26.4240411,0.0
98428992,-81.902807,26.425754,0.0
98430249,-81.864885,26.487132,1107.0
98431359,-81.90914,26.430056,0.0
98432973,-81.907709,26.494436,0.0
98435295,-81.866806,26.523398,0.0
98436459,-81.9091705,26.5135123,0.0
98436464,-81.909204,26.5149731,0.0
98436466,-81.9092213,26.5162462,0.0
98438883,-81.905099,26.489743,734.0
98439199,-81.866779,26.521177,0.0
98439207,-81.866813,26.524192,0.0
98440048,-81.908382,26.425036,0.0
98447068,-81.909856,26.525851,0.0
98447069,-81.9100635,26.5261106,0.0
98448028,-81.907117,26.517679,0.0
98448068,-81.9063133,26.5197458,714.0
98449429,-81.902795,26.489004,1093.0
98449443,-81.899215,26.488838,342.0
98450571,-81.8711466,26.5278643,0.0
98450668,-81.8711471,26.528023,0.0
98457384,-81.9105583,26.5137835,0.0
98457411,-81.908127,26.5136202,0.0
98457424,-81.911144,26.5028266,0.0
98457530,-81.911062,26.5052451,0.0
98457536,-81.911025,26.503635,0.0
98457539,-81.911013,26.503199,0.0
98457552,-81.9110099,26.5029514,0.0
98457630,-81.9111494,26.503081,0.0
98458155,-81.902787,26.486675,386.0
98458503,-81.9091195,26.5020378,427.0
98460971,-81.911169,26.532453,0.0
98469039,-81.88126,26.5197,72.0
98469066,-81.881931,26.520442,0.0
98482391,-81.8650364,26.5153406,40.0
98484037,-81.8872679,26.5236897,78.0
98484043,-81.887261,26.522904,0.0
98485984,-81.8990449,26.489888,720.0
98487541,-81.865714,26.502154,652.0
98489507,-81.894429,26.511977,0.0
98490148,-81.909094,26.43224,0.0
98490196,-81.908946,26.432149,0.0
98490217,-81.908011,26.432311,0.0
98494565,-81.867357,26.521174,0.0
98498433,-81.8944647,26.5128935,0.0
98501922,-81.918991,26.528574,168.0
98502011,-81.918836,26.528718,0.0
98504727,-81.9009614,26.4119186,0.0
98504747,-81.9009407,26.411843,0.0
98510138,-81.8902041,26.5086138,0.0
98510173,-81.8909333,26.5060162,0.0
98510181,-81.8911054,26.5271156,0.0
98513443,-81.89805,26.526444,0.0
98514436,-81.9142988,26.5173978,490.0
98516965,-81.9126202,26.4328824,0.0
98518757,-81.9082066,26.5280611,0.0
98518787,-81.909107,26.525859,0.0
98524121,-81.8975505,26.4902182,443.0
98524144,-81.8975692,26.4900298,648.0
98530199,-81.8743093,26.5188163,804.0
98535017,-81.873476,26.521905,0.0
98536616,-81.899243,26.522398,0.0
98538693,-81.8999483,26.4200814,0.0
98545057,-81.8982349,26.5077917,0.0
98545093,-81.895717,26.507868,0.0
98545204,-81.890541,26.503707,0.0
98545219,-81.890133,26.503569,0.0
98545222,-81.8898448,26.5033166,0.0
98549800,-81.9074936,26.5293822,597.0
98550561,-81.91865,26.434986,142.0
98551612,-81.9027247,26.4806554,1472.0
98558374,-81.915656,26.437147,0.0
98558387,-81.898075,26.526956,0.0
98558743,-81.88986,26.516011,1077.0
98558823,-81.888349,26.514373,2051.0
98558831,-81.887808,26.514316,3520.0
98560194,-81.9080466,26.5149937,0.0
98560201,-81.907998,26.429324,0.0
98565023,-81.905493,26.425469,0.0
98576401,-81.8871106,26.5280328,0.0
98577158,-81.8870044,26.5296017,71.0
98577183,-81.8875127,26.5245658,0.0
98577194,-81.8879154,26.5238458,87.0
98577223,-81.8941015,26.5178814,13.0
98577244,-81.8991409,26.5138652,0.0
98580224,-81.873193,26.5196021,940.0
98580739,-81.8963966,26.4202244,0.0
98581240,-81.9129483,26.5102975,0.0
98581249,-81.9130212,26.510135,0.0
98581253,-81.9128772,26.5101294,0.0
98582945,-81.877747,26.52213,0.0
384230105,-81.9013595,26.5205939,0.0
384230115,-81.9113932,26.5204535,0.0
384230116,-81.9115697,26.5204521,0.0
537942416,-81.9079431,26.5163088,0.0
612760907,-81.9111409,26.5015148,0.0
612760941,-81.9110594,26.505131,0.0
612761038,-81.9283714,26.49478,165.0
612761051,-81.9109898,26.5005261,476.0
612761809,-81.9047111,26.5087448,0.0
614657492,-81.891147,26.5208605,0.0
614657494,-81.8914585,26.5206017,0.0
614657499,-81.8928461,26.5193369,0.0
614657501,-81.8947443,26.5176244,0.0
614657561,-81.8961175,26.5205452,150.0
614657603,-81.8870831,26.520853,84.0
614657650,-81.8910028,26.5206065,0.0
614657692,-81.8907132,26.5208696,0.0
681211172,-81.9067353,26.5205352,0.0
681211173,-81.9068547,26.520535,0.0
681211228,-81.8713519,26.5280188,0.0
1335983161,-81.906199,26.422994,0.0
1335983164,-81.9052548,26.4231484,38.0
1335983167,-81.9059811,26.4228021,0.0
1335983169,-81.905652,26.4228343,0.0
1335983175,-81.9048436,26.4231214,62.0
1335983177,-81.9053602,26.4232705,0.0
1335983179,-81.9057624,26.4229646,0.0
1387634859,-81.9023122,26.4159553,0.0
1387634866,-81.9015149,26.4162967,121.0
1387634867,-81.9012646,26.4163693,1365.0
1387634872,-81.9017534,26.4170233,274.0
1387634873,-81.9025344,26.4170254,0.0
1387634874,-81.901522,26.4170568,1669.0
1387634887,-81.9057548,26.4225552,0.0
1387634893,-81.9057857,26.4227285,0.0
1387634904,-81.9055801,26.4228912,0.0
1387637810,-81.904094,26.4219942,2064.0
1387637811,-81.9038304,26.4221175,22.0
1390578781,-81.904142,26.4225292,31.0
1390578786,-81.9045054,26.4230508,103.0
1390578792,-81.9043382,26.4232349,0.0
1390578798,-81.9045607,26.4234512,0.0
1390589090,-81.9046956,26.4216814,0.0
1390589102,-81.9049483,26.4220778,17.0
1390589103,-81.9044404,26.4221855,330.0
1390589104,-81.9042837,26.4222778,1065.0
1412670487,-81.9126647,26.4317455,0.0
1412809413,-81.913293,26.5253917,0.0
1412809414,-81.913437,26.5254177,0.0
1412809541,-81.9135704,26.5265673,457.0
1422404625,-81.882006,26.5243302,0.0
1422404633,-81.8768617,26.5245768,0.0
1422404711,-81.8778464,26.5244384,0.0
1422404762,-81.8778489,26.5245467,0.0
1422404844,-81.8826832,26.5244897,0.0
1422404873,-81.8769033,26.52447,0.0
1422404906,-81.8786357,26.5246151,0.0
1422404968,-81.8816496,26.5243561,0.0
1440323397,-81.8945955,26.4920841,74.0
1440323400,-81.8944409,26.4920896,185.0
1440323429,-81.8909631,26.4922065,829.0
1440323433,-81.8945793,26.492214,91.0
1440323686,-81.8928686,26.4934235,180.0
1440323700,-81.898016,26.4936598,2001.0
1440323710,-81.898768,26.4936968,0.0
1440323713,-81.8982826,26.4937021,0.0
1440323717,-81.8979802,26.4937272,120.0
1440323733,-81.898771,26.4938212,3.0
1440323735,-81.8982791,26.4938261,0.0
1440323812,-81.8948533,26.4942172,387.0
1440323823,-81.8912843,26.4942692,283.0
1440323834,-81.8948318,26.4943432,77.0
1440323835,-81.8949889,26.4943447,43.0
1440323845,-81.891424,26.4943948,85.0
1440323847,-81.8912675,26.4944003,188.0
1440323868,-81.8928911,26.4944794,179.0
1440328089,-81.8985442,26.4831017,79.0
1440328091,-81.8982898,26.4830745,0.0
1440328095,-81.8979074,26.4832181,0.0
1440328100,-81.8985473,26.4831945,0.0
1440328103,-81.8982868,26.483152,0.0
1620821904,-81.8769002,26.4050248,0.0
1621351072,-81.8753792,26.4037721,800.0
1623448481,-81.8715112,26.4023697,0.0
1623448491,-81.8704571,26.4013486,0.0
1623448499,-81.8719609,26.4019283,0.0
1715951933,-81.9003683,26.5129941,0.0
1715951936,-81.8894093,26.5205944,91.0
1754856875,-81.8915003,26.5249096,0.0
1754856878,-81.8916219,26.5262429,0.0
1756886988,-81.912091,26.5019644,0.0
1756886991,-81.9111417,26.5023017,144.0
1756887004,-81.9103417,26.5038187,0.0
1756887011,-81.9161479,26.5104889,0.0
1756887021,-81.9129712,26.5112105,0.0
1756887030,-81.9078897,26.5165446,0.0
1756887038,-81.9113324,26.5174061,65.0
1756887039,-81.9074574,26.517725,0.0
1756887055,-81.9251152,26.5182266,0.0
1756887069,-81.9155069,26.518622,0.0
1756887083,-81.9195692,26.5199131,4.0
1756887096,-81.9156205,26.5202085,0.0
1756887097,-81.9155169,26.5202091,0.0
1756887102,-81.9115591,26.5202661,0.0
1756887103,-81.9113816,26.5202779,0.0
1756887108,-81.9068492,26.5203577,0.0
1756887110,-81.9067414,26.5203593,145.0
1756887111,-81.915513,26.520385,37.0
1756887114,-81.9019107,26.5204155,64.0
1756887129,-81.9156363,26.5206451,0.0
1756887130,-81.9155407,26.5206677,0.0
1756887134,-81.918411,26.5207053,89.0
1756887154,-81.9159924,26.521134,0.0
1756887155,-81.9177329,26.5211474,14.0
1756887157,-81.9158941,26.5211792,0.0
1756887166,-81.9113925,26.5216175,0.0
1756887167,-81.9160269,26.5215578,0.0
1756887169,-81.9116001,26.5216186,0.0
1756887184,-81.9190252,26.5227439,632.0
1756887198,-81.9160658,26.5234062,0.0
1757897173,-81.9078743,26.5060822,0.0
1757897174,-81.9086753,26.5066118,0.0
1757897176,-81.9076823,26.5062584,0.0
1757897202,-81.9091456,26.5054698,0.0
1757897207,-81.9105228,26.5065286,0.0
1757897217,-81.9086534,26.5059295,99.0
1757897224,-81.9087802,26.5060421,0.0
1757897226,-81.9111185,26.5076375,0.0
1757897228,-81.9086992,26.5070471,0.0
1757897229,-81.9111168,26.5075656,0.0
1757897234,-81.9101543,26.5077481,0.0
1757897242,-81.9094842,26.5074684,0.0
1757897244,-81.9100101,26.5069925,0.0
1757897247,-81.9101605,26.5079088,0.0
1757897249,-81.9096813,26.5075363,0.0
1757897251,-81.910734,26.5070196,0.0
1757897254,-81.9086629,26.5068358,0.0
1757897259,-81.908798,26.5069567,0.0
1757897261,-81.9083721,26.5067772,0.0
1757897273,-81.9105284,26.5067853,0.0
1757897275,-81.9102727,26.5074948,0.0
1757897278,-81.9092822,26.5055855,0.0
1757897282,-81.9102754,26.5052554,0.0
1757897285,-81.9095421,26.5058056,0.0
1757897287,-81.9085395,26.5064968,0.0
1757897296,-81.9093409,26.5074191,0.0
1757897297,-81.9096649,26.5059249,0.0
1757897299,-81.9089088,26.5061562,0.0
1757897301,-81.9093148,26.5053118,0.0
1757897304,-81.90904,26.5062726,0.0
1757897309,-81.9101002,26.5053376,0.0
1757897316,-81.9101388,26.507348,0.0
1757897320,-81.9107751,26.5077304,0.0
1757897325,-81.9105324,26.5069678,0.0
1757897327,-81.9094395,26.5051954,0.0
1757897329,-81.9092966,26.5065004,0.0
1757897349,-81.9101491,26.5076136,0.0
1757897356,-81.9097052,26.5055232,0.0
1757897359,-81.9097514,26.5070346,0.0
1757897360,-81.9102642,26.5072269,0.0
1757897362,-81.9105181,26.5063126,100.0
1757897368,-81.9091566,26.5073349,0.0
1757897371,-81.9097913,26.5060478,0.0
1757897373,-81.9083722,26.5066512,0.0
1757897391,-81.9091626,26.5063815,0.0
1757897393,-81.9102899,26.5072021,0.0
1757897396,-81.9101497,26.5071211,0.0
1757897403,-81.9105732,26.5076149,0.0
1757897409,-81.9081962,26.5066843,0.0
1757897422,-81.9082566,26.5066294,0.0
1757897427,-81.9104949,26.5052525,0.0
1757897430,-81.9084089,26.5063862,0.0
1757897432,-81.910732,26.5068382,0.0
1757897434,-81.9101722,26.5082088,0.0
1757897436,-81.9082806,26.5062776,0.0
1757897447,-81.9104812,26.5051638,0.0
1762748196,-81.8996765,26.5141231,0.0
1762748198,-81.8994203,26.5143641,0.0
1762748200,-81.900973,26.5137592,0.0
1762748202,-81.9019872,26.5132577,0.0
1762748204,-81.9006541,26.5134689,0.0
1762748205,-81.8999021,26.5151697,0.0
1762748212,-81.8993516,26.5150853,0.0
1762748214,-81.9013411,26.513857,0.0
1762748216,-81.8995761,26.5148707,0.0
1762748218,-81.9011014,26.5136443,0.0
1762748219,-81.8992462,26.5145085,0.0
1762748220,-81.9004668,26.5146117,0.0
1762748222,-81.9007762,26.5133558,0.0
1762748224,-81.8995614,26.5142314,0.0
1762748228,-81.9008217,26.5143054,0.0
1762748230,-81.9013533,26.5128209,0.0
1762748232,-81.8997289,26.5150188,0.0
1762748235,-81.9010852,26.5140779,0.0
1762748237,-81.9009555,26.5141899,0.0
1762748244,-81.898704,26.5165239,0.0
1762748245,-81.900851,26.5138684,0.0
1762748246,-81.9019028,26.5133359,0.0
1762748247,-81.8994284,26.5149078,0.0
1762748251,-81.901757,26.5131993,0.0
1762748252,-81.9005815,26.5145127,0.0
1762748258,-81.8998049,26.5154716,0.0
1762748260,-81.8992767,26.5154666,0.0
1762748261,-81.9005895,26.5141024,0.0
1762748262,-81.9014078,26.5127704,0.0
1762748265,-81.8999054,26.5139079,0.0
1762748268,-81.9003466,26.5147155,0.0
1762748270,-81.9000162,26.5150553,0.0
1762748271,-81.9012081,26.5139718,0.0
1762748272,-81.9007236,26.5139824,0.0
1762748276,-81.900115,26.5149261,0.0
1762748278,-81.9004795,26.5142008,0.0
1762748284,-81.8994396,26.5150828,0.0
1762748285,-81.9000283,26.5137923,0.0
1762748288,-81.8993676,26.5156402,0.0
1762748292,-81.8997824,26.5140137,0.0
1762748296,-81.8994464,26.5143396,0.0
1762748297,-81.9001093,26.5137161,0.0
1762748298,-81.8995397,26.5146433,0.0
1762748299,-81.9003657,26.5127429,0.0
1762748306,-81.9002223,26.5148227,0.0
1762748308,-81.8998154,26.5156301,0.0
1762748309,-81.8993613,26.5154634,0.0
1762748310,-81.9007057,26.5144055,0.0
1762750572,-81.9027598,26.522155,0.0
1762750583,-81.9028954,26.5219822,0.0
1762750597,-81.9016955,26.5227488,0.0
1762750606,-81.9016772,26.5229206,0.0
1769035619,-81.9059537,26.4245528,108.0
1769035621,-81.9059228,26.424518,156.0
1775637503,-81.8775861,26.4044233,0.0
1775637523,-81.8769069,26.4053612,0.0
1775637525,-81.8762313,26.4058121,0.0
1775637529,-81.8769378,26.4045478,0.0
1775637532,-81.8754457,26.4060161,0.0
1775637536,-81.8772536,26.404916,0.0
1775637539,-81.8770491,26.4049792,0.0
1775637585,-81.8769731,26.4058445,0.0
1775637594,-81.8768768,26.4054304,0.0
1775637604,-81.8773474,26.4060713,0.0
1775637606,-81.8772876,26.4055816,0.0
1775637643,-81.8764461,26.4062251,0.0
1775637647,-81.8771382,26.4054462,0.0
1775637661,-81.8763925,26.4047429,0.0
1775637671,-81.8771057,26.4055201,0.0
1775637673,-81.8770684,26.4058079,0.0
1775637700,-81.8753733,26.4058695,0.0
1775637709,-81.876059,26.405792,0.0
1775637710,-81.8762664,26.4061602,0.0
1775637729,-81.8769273,26.4051684,0.0
1775637748,-81.8758307,26.4043155,0.0
1775637759,-81.87625,26.4060762,0.0
1775637768,-81.8761959,26.4057813,0.0
1775637793,-81.8771247,26.4058719,0.0
1775637803,-81.8772163,26.404928,0.0
1775637817,-81.8774572,26.4048642,0.0
1775763042,-81.8910915,26.4106046,0.0
1775763043,-81.8936589,26.4119013,0.0
1775763045,-81.8940607,26.4131101,0.0
1775763047,-81.8921032,26.4110555,0.0
1775763066,-81.8936911,26.4120526,0.0
1775763075,-81.8939051,26.4126945,0.0
1775763083,-81.8942851,26.4132065,0.0
1775763089,-81.893814,26.4116428,0.0
1775763090,-81.895037,26.4140037,0.0
1775763099,-81.8965968,26.4116037,0.0
1775763103,-81.8944076,26.4135685,0.0
1775763107,-81.894505,26.4136838,0.0
1775763110,-81.8988779,26.4114718,0.0
1775763115,-81.8948042,26.4117858,0.0
1775763126,-81.894131,26.4118749,0.0
1775763132,-81.8979216,26.4102621,0.0
1775763133,-81.8942624,26.4123096,0.0
1775763146,-81.8963565,26.4116113,0.0
1775763153,-81.8943516,26.4129544,0.0
1775763154,-81.8944072,26.4140488,0.0
1775763158,-81.8938574,26.4125546,0.0
1775763159,-81.8939995,26.4119061,0.0
1775763160,-81.894021,26.412507,0.0
1775763180,-81.8978318,26.4100816,0.0
1775763185,-81.8977163,26.4102415,0.0
1775763188,-81.8938246,26.4118778,0.0
1775763193,-81.8942029,26.4129972,0.0
1775763199,-81.8941471,26.4123882,0.0
1775763200,-81.8978158,26.4103007,0.0
1775763205,-81.8942785,26.4123552,0.0
1775763206,-81.8941122,26.4132512,0.0
1775763207,-81.8902895,26.4103475,0.0
1775763218,-81.8990769,26.4111518,432.0
1775763228,-81.8909499,26.4107722,0.0
1775763250,-81.8972387,26.4095597,0.0
1775763261,-81.8942967,26.4124135,0.0
1775763267,-81.8956056,26.4116206,0.0
1775763274,-81.8979362,26.4101435,0.0
1775763290,-81.8914731,26.4106493,0.0
1775763296,-81.8912562,26.4105095,0.0
1775763304,-81.8947473,26.4116306,0.0
1775763311,-81.8941739,26.4134266,0.0
1775763327,-81.8939957,26.4124263,0.0
1775763328,-81.8936369,26.4117961,0.0
1775763337,-81.8971374,26.4113229,0.0
1775763345,-81.893844,26.4119414,0.0
1775763352,-81.8947393,26.4133551,0.0
1775763360,-81.8944684,26.412817,0.0
1775763364,-81.897187,26.4113664,0.0
1775763367,-81.8938273,26.4124591,0.0
1775763368,-81.8977655,26.4100902,0.0
1775763372,-81.8945413,26.4136796,0.0
1795943307,-81.8846489,26.5263791,0.0
1795943321,-81.8869767,26.5264762,57.0
1795943342,-81.8851223,26.5262575,0.0
1795943357,-81.8847901,26.5263282,0.0
1795943363,-81.8864469,26.5263788,0.0
1795943433,-81.8846392,26.5261752,0.0
1795943566,-81.885489,26.5262559,0.0
1795943605,-81.8851112,26.5263615,0.0
1795943842,-81.8809052,26.5184585,0.0
1795943989,-81.8864373,26.526466,682.0
1795944004,-81.8847917,26.5262257,0.0
1795962708,-81.8730066,26.5308394,0.0
1795962755,-81.8726075,26.5301341,0.0
1795962758,-81.8729583,26.529875,0.0
1795962762,-81.8734218,26.5315883,0.0
1795962776,-81.873315,26.5284959,0.0
1800539066,-81.9164658,26.504852,0.0
1800539071,-81.917123,26.5066546,0.0
1800539073,-81.9156504,26.5058073,0.0
1800539084,-81.9146148,26.5027361,0.0
1800539109,-81.9140776,26.5027294,0.0
1800539159,-81.9141913,26.5030543,0.0
1800539167,-81.9149335,26.5030212,0.0
1800539173,-81.9155306,26.5026663,0.0
1800539176,-81.915044,26.5026669,0.0
1800539184,-81.915531,26.5025007,0.0
1800539187,-81.9155316,26.5022798,0.0
1800539212,-81.9151603,26.5022747,0.0
1800539219,-81.9147707,26.5026915,0.0
1800539231,-81.9148856,26.5032602,0.0
1800539232,-81.915063,26.5020605,0.0
1800539240,-81.914846,26.5030338,0.0
1800539245,-81.9155302,26.5028343,0.0
1800539246,-81.9141291,26.5028983,0.0
1800539247,-81.9152794,26.5038836,0.0
1800539250,-81.9149799,26.5032367,0.0
1800539253,-81.9149004,26.5028513,0.0
1800539260,-81.9148178,26.502872,0.0
1800539264,-81.915032,26.5033426,0.0
1800539271,-81.9149053,26.5033734,0.0
1800539277,-81.9186432,26.5063986,0.0
1800539281,-81.9148915,26.502675,0.0
1800539284,-81.9143733,26.5024142,0.0
1800540762,-81.9166691,26.5047345,0.0
1800540772,-81.9161448,26.5046677,0.0
1800540783,-81.9157715,26.5042308,0.0
1800540786,-81.9167425,26.5034463,0.0
1800540787,-81.9162692,26.5045021,0.0
1800540788,-81.9163907,26.5043401,0.0
1800540789,-81.9156469,26.5045318,0.0
1800540790,-81.9154355,26.5045025,0.0
1800540799,-81.9160443,26.5040129,0.0
1800540801,-81.9166773,26.5045193,0.0
1800544357,-81.9165671,26.5024933,0.0
1800544371,-81.9173511,26.5036412,0.0
1800544373,-81.9165809,26.5030562,0.0
1800544375,-81.9174546,26.5039407,0.0
1800544381,-81.9180239,26.5033999,0.0
1800544386,-81.9172593,26.5033874,0.0
1800544406,-81.9178916,26.5041968,0.0
1800544407,-81.9176516,26.5042672,0.0
1800544420,-81.9179758,26.5038472,0.0
1800544436,-81.9180006,26.5023264,0.0
1800544437,-81.9173632,26.5023686,0.0
1800544444,-81.9180062,26.5035473,0.0
1800545058,-81.9191155,26.5049803,0.0
1800569338,-81.9189359,26.5113431,132.0
1800569343,-81.9189039,26.5101575,0.0
1800569348,-81.9187749,26.5093371,71.0
1800569361,-81.9173586,26.5093006,0.0
1800569373,-81.9172489,26.5097513,98.0
1800569379,-81.9168565,26.5088988,154.0
1800569385,-81.9174949,26.5077743,72.0
1800569390,-81.9169106,26.5107857,62.0
1800569394,-81.917102,26.511379,33.0
1800569395,-81.9176539,26.5095471,6.0
1800569409,-81.9173645,26.5090702,58.0
1800569412,-81.9182087,26.5079221,147.0
1800569422,-81.9174395,26.5094701,0.0
1800569441,-81.9188766,26.509241,27.0
1800569447,-81.9188819,26.5094352,0.0
1800569462,-81.9189412,26.5119357,0.0
1800569464,-81.9189198,26.5107455,89.0
1800569466,-81.9174005,26.5093884,0.0
1800569476,-81.9175548,26.509342,22.0
1800569481,-81.9166156,26.5102367,67.0
1800569491,-81.9173627,26.5119782,301.0
1800580271,-81.9130085,26.5082988,0.0
1800580274,-81.9135851,26.5057137,0.0
1800580276,-81.9128216,26.5086117,0.0
1800580292,-81.9132199,26.5083045,0.0
1800580293,-81.9120832,26.5078573,0.0
1800580297,-81.9111158,26.5075221,0.0
1800580300,-81.9126416,26.5092969,0.0
1800580303,-81.9111191,26.5076613,0.0
1800580305,-81.9145615,26.509261,0.0
1800580306,-81.9123006,26.5083552,0.0
1800580313,-81.9112955,26.5076541,0.0
1800580357,-81.911611,26.5086444,0.0
1800580362,-81.9116915,26.5081308,0.0
1800580365,-81.9142436,26.5086115,0.0
1800580377,-81.9129709,26.5079195,0.0
1800580378,-81.9112924,26.5075234,0.0
1800580380,-81.9116598,26.5075477,0.0
1800580394,-81.9119985,26.5079154,0.0
1800586012,-81.9146607,26.5066682,0.0
1800586022,-81.9134452,26.5056739,0.0
1800586024,-81.9140625,26.5068049,0.0
1800586025,-81.9139188,26.5078279,0.0
1800586029,-81.9136035,26.5086754,0.0
1800586040,-81.9132187,26.5062289,0.0
1800586050,-81.9134986,26.5063274,0.0
1800586058,-81.914427,26.5080084,0.0
1800586064,-81.9133417,26.5062669,0.0
1800590149,-81.91318,26.5057807,0.0
1800590216,-81.9144607,26.5067139,0.0
1800590217,-81.9140625,26.5078789,0.0
1800590219,-81.9137067,26.5059479,0.0
1800590225,-81.9142537,26.5079468,0.0
1800590233,-81.9137694,26.5057852,0.0
1800590246,-81.9132634,26.5056196,0.0
1800590268,-81.9142691,26.5067577,0.0
1800591390,-81.9143002,26.5088102,0.0
1800591393,-81.9118293,26.5080207,0.0
1800591397,-81.9127252,26.5089817,0.0
1800591399,-81.912769,26.5088163,0.0
1800591400,-81.9126819,26.5091448,0.0
1800591409,-81.9144752,26.5091218,0.0
1800591411,-81.9131917,26.5086633,0.0
1800591423,-81.9133922,26.50802,0.0
1800591426,-81.9116176,26.508343,0.0
1800591430,-81.9143833,26.5089625,0.0
1818293061,-81.8820141,26.5245208,0.0
1818297968,-81.877839,26.5252647,0.0
1818297995,-81.8810244,26.5243784,0.0
1818298019,-81.8810566,26.5247553,0.0
1818298023,-81.8810424,26.5245892,0.0
1818298089,-81.8776727,26.5251294,0.0
1818298100,-81.8772931,26.5264233,0.0
1818298142,-81.8792917,26.5246353,0.0
1818298177,-81.8792564,26.5244865,0.0
1818308350,-81.8798871,26.5244527,0.0
1818308415,-81.8801097,26.524448,0.0
1818379988,-81.8783505,26.5247214,0.0
1826815084,-81.9112356,26.5128366,377.0
1826815157,-81.908092,26.5110726,0.0
1826815176,-81.9076224,26.5125112,0.0
1826815184,-81.8960919,26.5215708,0.0
1826815192,-81.9081053,26.5116534,0.0
1826815227,-81.8983071,26.5218402,0.0
1826815241,-81.9098356,26.5121965,0.0
1826815252,-81.8985944,26.5226459,111.0
1826815299,-81.9103395,26.5127608,0.0
1826815361,-81.8979765,26.5240763,0.0
1826815364,-81.8917945,26.5291588,0.0
1826815385,-81.8986195,26.5236749,0.0
1826815394,-81.8920231,26.5291899,0.0
1826815409,-81.9087875,26.5106524,28.0
1826815422,-81.9086899,26.5105993,0.0
1826815438,-81.9085348,26.511065,0.0
1826815446,-81.9061901,26.5105839,0.0
1826815448,-81.9106506,26.5128232,5.0
1826815465,-81.9086528,26.5110629,96.0
1826815504,-81.8953811,26.5215867,0.0
1826815521,-81.8914243,26.5288848,0.0
1826815535,-81.9079121,26.5127944,0.0
1826815546,-81.9098257,26.5116269,0.0
1826815548,-81.8988945,26.5226418,245.0
1826815552,-81.9081186,26.5122208,0.0
1826815558,-81.9081298,26.5127906,0.0
1826815561,-81.8918135,26.5290757,0.0
1826815567,-81.9062693,26.5105926,0.0
1826815572,-81.8920463,26.5290894,0.0
1826815598,-81.8970119,26.5225686,0.0
1826815603,-81.8914395,26.52901,312.0
1826815622,-81.9080864,26.5108287,0.0
1826815629,-81.9129861,26.5120316,0.0
1826815642,-81.8913712,26.5289652,115.0
1826815688,-81.9106482,26.5127555,0.0
1826815722,-81.9063541,26.5098338,0.0
1826815733,-81.9112336,26.5127453,86.0
1826983220,-81.8913452,26.4890421,0.0
1826983248,-81.8959103,26.4823813,0.0
1826983256,-81.8914534,26.4893856,445.0
1826983262,-81.8977225,26.5128999,0.0
1826983433,-81.896554,26.4809728,0.0
1826983470,-81.8983466,26.4883565,0.0
1826983630,-81.9007123,26.5079714,0.0
1826983687,-81.9000956,26.5081294,118.0
1826983735,-81.898753,26.4927669,611.0
1826983742,-81.9000281,26.5081702,106.0
1826983781,-81.9026634,26.5091608,384.0
1826983791,-81.8994864,26.4928436,0.0
1826983804,-81.8944598,26.4824075,0.0
1826983820,-81.9017198,26.509177,119.0
1826983846,-81.8986435,26.4883496,0.0
1826983856,-81.8984561,26.5118864,0.0
1826983885,-81.9024721,26.5069752,114.0
1826983929,-81.8994866,26.4928748,303.0
1826983944,-81.9001874,26.5084861,181.0
1826983956,-81.8979049,26.4882961,554.0
1826984019,-81.8990477,26.5076517,0.0
1826984020,-81.8982253,26.5076346,0.0
1826984068,-81.898813,26.5119929,0.0
1826984094,-81.8984747,26.4809736,1685.0
1826984098,-81.8973577,26.5021493,796.0
1826984139,-81.8959407,26.483256,0.0
1826984226,-81.8983386,26.4882249,0.0
1826984248,-81.8984515,26.5119738,0.0
1826984259,-81.8980168,26.5119408,0.0
1826984284,-81.8987538,26.4928677,210.0
1826984348,-81.9010296,26.507538,716.0
1826984350,-81.890225,26.4884664,0.0
1826984385,-81.8995966,26.5077763,0.0
1826984402,-81.8996124,26.5076668,35.0
1826984425,-81.894487,26.4832863,0.0
1826984457,-81.8972792,26.4832335,0.0
1826984552,-81.8945377,26.4884184,343.0
1826984572,-81.8909974,26.4879176,0.0
1826984604,-81.8989382,26.5018767,727.0
1826984663,-81.8986407,26.4882225,0.0
1826984669,-81.899047,26.5076205,0.0
1826984742,-81.8953483,26.5020569,1736.0
1826984816,-81.8973326,26.5009147,1028.0
1843518784,-81.9301154,26.4943562,0.0
1844685973,-81.8730247,26.5161713,0.0
1844685989,-81.8698402,26.5220412,0.0
1844685994,-81.8677245,26.5189344,0.0
1844686009,-81.8736362,26.5161689,0.0
1844686016,-81.8663674,26.5196442,0.0
1844686020,-81.8730367,26.5171265,1559.0
1844686029,-81.864061,26.5188623,0.0
1844686033,-81.8640633,26.5109961,0.0
1844686054,-81.8675504,26.519028,0.0
1844686056,-81.866379,26.517299,0.0
1844686074,-81.8640587,26.5108307,0.0
1844686076,-81.8724614,26.5161737,0.0
1844686081,-81.8640558,26.5105785,509.0
1844686087,-81.8690877,26.5204993,0.0
1844686099,-81.8688721,26.5206191,0.0
1844686107,-81.8702754,26.5220753,0.0
1844686111,-81.8689772,26.5203353,0.0
1844686119,-81.8640607,26.5109078,0.0
1844686133,-81.8654985,26.5181641,0.0
1844686143,-81.8701467,26.5218665,0.0
1870543239,-81.9076576,26.5162409,0.0
1870543245,-81.9075656,26.5164504,0.0
1870543267,-81.9075874,26.5164947,0.0
1870543281,-81.9078619,26.5178259,0.0
1870543286,-81.9083053,26.517904,0.0
1870543329,-81.9083198,26.5198233,0.0
1921020698,-81.9162817,26.4997079,151.0
1921020701,-81.9156661,26.4974432,483.0
1921020705,-81.9163658,26.4998659,0.0
1925188171,-81.9210956,26.436543,1129.0
1925188198,-81.9210328,26.4364946,3789.0
1925244888,-81.8849446,26.4051462,0.0
1925244896,-81.8840902,26.4055735,0.0
1925244902,-81.8841586,26.4054271,0.0
1926196238,-81.8763636,26.391963,0.0
1926196241,-81.8752157,26.3932247,0.0
1926196256,-81.8754487,26.3928788,0.0
1926196263,-81.8742353,26.3921026,0.0
1926196264,-81.8755598,26.3930493,0.0
1926196269,-81.8747164,26.3926918,0.0
1926196272,-81.8754193,26.3933937,0.0
1926196276,-81.8756845,26.3932704,0.0
1926196279,-81.8752294,26.3925592,0.0
1926196286,-81.8761032,26.3924339,0.0
1926196288,-81.8754861,26.3937263,0.0
1926196289,-81.8750572,26.3930724,0.0
1926196292,-81.8760767,26.3917351,0.0
1926196296,-81.8761456,26.3941962,0.0
1926196299,-81.8762775,26.3918308,0.0
1926196300,-81.8762015,26.3925967,0.0
1926196301,-81.8760943,26.3943252,0.0
1926196311,-81.8747624,26.3925376,0.0
1926196314,-81.875317,26.3926845,0.0
1926196316,-81.8671784,26.3930487,0.0
1926196320,-81.8749473,26.3928834,0.0
1926196321,-81.8760679,26.3938395,0.0
1926196333,-81.8757648,26.3933876,0.0
1926196334,-81.8755136,26.3918911,0.0
1926196340,-81.8765088,26.3943756,0.0
1926196349,-81.8755316,26.3939456,0.0
1926196361,-81.8748287,26.3927726,0.0
1926196367,-81.8765182,26.3942362,0.0
1926196374,-81.8745603,26.3924706,0.0
1926196376,-81.8758784,26.3935346,0.0
1926196381,-81.8754494,26.3935563,0.0
1926196387,-81.8689067,26.3924789,0.0
1926196398,-81.8761058,26.394191,0.0
1926196399,-81.8718552,26.3906443,0.0
1926196424,-81.8707984,26.3915285,0.0
1926242295,-81.8762699,26.3916357,0.0
1926242299,-81.8756539,26.3920081,0.0
1926242339,-81.8764972,26.3916245,0.0
1926242407,-81.8763961,26.3920187,0.0
1926242423,-81.8759888,26.3923062,0.0
1926242511,-81.8747019,26.3860106,0.0
1926242514,-81.8764623,26.3921759,0.0
1926242570,-81.8689686,26.3925874,0.0
1926242574,-81.868673,26.3945379,0.0
1926242585,-81.867817,26.3929735,0.0
1926242606,-81.8677609,26.3928649,0.0
1926242670,-81.8690406,26.3947057,847.0
1926242718,-81.8765173,26.3923163,0.0
1926242721,-81.8757826,26.3921212,0.0
1926242728,-81.8764543,26.3917426,0.0
1926242730,-81.8745488,26.3857862,0.0
1926242763,-81.8747184,26.385734,0.0
1926268881,-81.8712931,26.3912063,0.0
1926268983,-81.8711899,26.3910777,0.0
1926269057,-81.8709143,26.3914547,0.0
1926269178,-81.8708266,26.3913433,0.0
1926499502,-81.8716456,26.4024945,0.0
1926591264,-81.8675508,26.3930677,0.0
1926591301,-81.8674927,26.392937,0.0
1926611060,-81.8672081,26.394419,71902.0
1926611165,-81.8666875,26.3936916,99.0
1928188496,-81.8664734,26.3935164,0.0
1928244716,-81.8705518,26.3919226,0.0
1928244729,-81.8703486,26.3918322,0.0
1928648249,-81.913078,26.5046272,0.0
1928648414,-81.9129728,26.5047295,0.0
1928648427,-81.9129885,26.5045497,0.0
1928648438,-81.9128792,26.5046585,0.0
1930104789,-81.9118759,26.5100335,0.0
1930104817,-81.9126913,26.510411,0.0
1930104819,-81.9126222,26.5100006,0.0
1930104847,-81.9120529,26.5100347,0.0
1930104849,-81.9127425,26.5099265,0.0
1930104864,-81.9124157,26.5097198,0.0
1930104883,-81.9122487,26.5097204,0.0
1930104916,-81.9125391,26.5104134,0.0
1930104942,-81.912958,26.5104067,0.0
1930106727,-81.9135872,26.5107043,0.0
1930106736,-81.9131364,26.5100754,94.0
1930106752,-81.912962,26.5106732,0.0
1930113257,-81.915444,26.51096,0.0
1930113267,-81.9155453,26.5111643,0.0
1930113274,-81.9147995,26.5114046,0.0
1930113278,-81.9148067,26.5115684,0.0
1930113279,-81.9147749,26.5111512,0.0
1930113284,-81.9123184,26.5118244,0.0
1930113287,-81.9119619,26.5118305,0.0
1930113296,-81.9147487,26.5110255,0.0
1930113298,-81.9141713,26.5115731,0.0
1930113306,-81.9153795,26.5108401,0.0
1930113318,-81.9129822,26.5118131,0.0
1930113319,-81.9148369,26.5117129,0.0
1930113321,-81.9154117,26.5112197,0.0
1930113346,-81.9149605,26.5116668,0.0
1930127972,-81.9066358,26.5096097,0.0
1930128042,-81.9076683,26.510052,0.0
1930128124,-81.9076628,26.5097798,0.0
1930128156,-81.9064103,26.5098448,0.0
1930128158,-81.9068313,26.5090765,0.0
1930128172,-81.9074727,26.5097256,0.0
1930139036,-81.9111576,26.5093604,0.0
1930139039,-81.910235,26.5120359,0.0
1930139048,-81.910693,26.5092455,0.0
1930139051,-81.910146,26.5108972,0.0
1930139053,-81.9108895,26.5120311,76.0
1930139056,-81.9104524,26.504935,0.0
1930139066,-81.9102967,26.5095709,0.0
1930139075,-81.910514,26.508462,0.0
1930139082,-81.9107448,26.504705,0.0
1930139126,-81.9104167,26.5049627,0.0
1930139129,-81.9106963,26.5095685,0.0
1930139145,-81.9103102,26.5103844,0.0
1930139146,-81.9103605,26.5120325,0.0
1930139150,-81.911161,26.509414,0.0
1930139154,-81.9101464,26.5111482,0.0
1930139171,-81.9102846,26.5050481,0.0
1930139194,-81.9106948,26.5094172,0.0
1930139203,-81.9087377,26.5050405,0.0
1930139208,-81.9105113,26.5094317,0.0
1930139210,-81.9108626,26.5113902,0.0
1930139224,-81.9100505,26.5111777,241.0
1930139313,-81.910694,26.5093653,0.0
1930139315,-81.9103503,26.5115222,0.0
1930139322,-81.911199,26.5112381,26.0
1930139334,-81.9101502,26.5112076,0.0
1938153355,-81.8656702,26.4853143,414.0
1942379552,-81.9089798,26.5104841,63.0
1942379561,-81.9087445,26.510629,0.0
1942379573,-81.9100459,26.510899,0.0
1972365575,-81.8713895,26.5321886,0.0
1997091297,-81.8679843,26.5279032,0.0
1997091304,-81.8679829,26.5280809,0.0
1997091316,-81.8681251,26.528478,0.0
2003969981,-81.8754837,26.5245977,0.0
2003969994,-81.8753216,26.5256604,0.0
2003969998,-81.8753191,26.5258669,0.0
2003970003,-81.8757959,26.5260733,49.0
2003970010,-81.8759952,26.5261671,98.0
2019424575,-81.9227553,26.4377225,324.0
2019424577,-81.9148806,26.4311393,0.0
2071118308,-81.8657411,26.516386,0.0
2071118317,-81.8673265,26.5183553,0.0
2071118325,-81.8703137,26.5231667,0.0
2071118330,-81.8706365,26.5238366,0.0
2071118337,-81.8709979,26.5242822,0.0
2071118340,-81.8708966,26.5246581,0.0
2071118347,-81.8712267,26.525213,0.0
2071118350,-81.8712748,26.52553,0.0
2071118354,-81.8711318,26.5263464,0.0
2071118358,-81.8713477,26.5275365,0.0
2071118366,-81.871959,26.5278445,0.0
2079875361,-81.8735613,26.5332542,0.0
2079875370,-81.8713928,26.5325391,0.0
2079883705,-81.8711655,26.5299754,0.0
2079883707,-81.8711524,26.52877,0.0
2079883722,-81.8694144,26.5284372,0.0
2079883727,-81.8694571,26.5301319,0.0
2079883733,-81.8683523,26.5301369,0.0
2079883746,-81.8692626,26.5280704,0.0
2079883747,-81.8706858,26.5287732,0.0
2079883750,-81.8692691,26.5283723,0.0
2079883762,-81.8694681,26.5305202,0.0
2079883767,-81.8671805,26.5307735,0.0
2079883775,-81.8694531,26.5299882,0.0
2079883782,-81.8707407,26.5299898,0.0
2079883784,-81.8671881,26.5316483,0.0
2133256617,-81.8911597,26.5204703,0.0
2133256622,-81.8913681,26.5208581,0.0
2133256632,-81.890726,26.5206044,0.0
2133256636,-81.8917535,26.5203406,0.0
2133256655,-81.8918235,26.5202815,0.0
2133256661,-81.890273,26.5212638,70.0
2133256673,-81.891143,26.5206023,0.0
2133256678,-81.8920206,26.5205995,127.0
2133256695,-81.8909197,26.520678,0.0
2133256699,-81.8915184,26.5201659,0.0
2133256702,-81.8894479,26.5208714,0.0
2133326879,-81.8915615,26.5234673,1374.0
2133326880,-81.8891577,26.5240527,261.0
2133326882,-81.8891529,26.5235584,0.0
2133326883,-81.891387,26.5234669,304.0
2133330711,-81.8700612,26.5134276,0.0
2213482532,-81.9097977,26.4262994,7.0
2213576180,-81.9124291,26.4289031,0.0
2883622392,-81.8922196,26.5234669,85.0
2912378489,-81.8882836,26.5213803,0.0
2912378490,-81.8876956,26.5213853,0.0
2912378494,-81.887704,26.5215966,0.0
2912378495,-81.8877102,26.5217538,0.0
2912378853,-81.8968435,26.5206904,0.0
2912378854,-81.8969475,26.5210491,0.0
2912378856,-81.8977268,26.5216379,0.0
2912378858,-81.8965281,26.5216221,0.0
2912378859,-81.8969445,26.5216447,0.0
2912378860,-81.896741,26.5210491,0.0
2912378861,-81.8967381,26.5216472,0.0
2912378862,-81.8971447,26.5216423,0.0
2912378863,-81.8971477,26.5210491,0.0
2912378864,-81.8973449,26.5216399,0.0
2912378865,-81.897348,26.5210491,0.0
2912378866,-81.8975175,26.5210491,0.0
2912378867,-81.8975174,26.5216378,0.0
2918603688,-81.896414,26.516415,356.0
2918603692,-81.8982132,26.5165309,0.0
2918603693,-81.8982267,26.5163181,0.0
2918603694,-81.8977761,26.5158572,0.0
2918603695,-81.8981274,26.5155524,0.0
2918603698,-81.898511,26.5156556,16.0
2918603699,-81.8983505,26.5157795,0.0
2919871623,-81.8932334,26.5196697,0.0
2919871626,-81.8934298,26.5202219,0.0
2935181381,-81.9094082,26.5056922,0.0
2935181382,-81.9009585,26.5131868,0.0
3009960890,-81.8667208,26.3935475,0.0
3009960891,-81.8665426,26.3934504,0.0
3069755057,-81.8909978,26.5208651,0.0
3529525923,-81.9074908,26.5236435,0.0
3529525926,-81.9087184,26.5303248,0.0
3529525935,-81.9068416,26.523062,0.0
3529525947,-81.9119006,26.5161832,281.0
3529525953,-81.9069653,26.5239117,0.0
3529525955,-81.9045343,26.5172444,0.0
3529525956,-81.9101707,26.5307723,0.0
3529525970,-81.910278,26.5135488,0.0
3529525976,-81.9074041,26.5238117,0.0
3529525984,-81.908339,26.5273142,0.0
3529527393,-81.8908624,26.5299062,0.0
3529527402,-81.9042772,26.5174745,0.0
3529527410,-81.9101936,26.5305791,0.0
3529527414,-81.9104827,26.5286262,54.0
3529527419,-81.9087706,26.5300048,0.0
3529527423,-81.9107156,26.5186049,280.0
3529527446,-81.9067556,26.5232316,0.0
3529527472,-81.9098211,26.5254596,0.0
3529527496,-81.9068447,26.5237617,0.0
3529527520,-81.9089237,26.5300526,0.0
3703240451,-81.891822,26.5254539,224.0
3703240452,-81.8921463,26.5255408,0.0
3703240748,-81.8922781,26.5251402,0.0
4052222818,-81.8677122,26.5224099,0.0
4052222820,-81.8677078,26.5220667,0.0
4052222821,-81.8671681,26.5222579,0.0
4052222822,-81.8675644,26.5222603,0.0
4052222823,-81.8673712,26.5222592,0.0
4052222835,-81.868163,26.5233854,0.0
4052222839,-81.8671597,26.5233949,0.0
4052239585,-81.867977,26.5274158,0.0
4052239792,-81.8703481,26.5274661,0.0
4052239794,-81.8703527,26.5264086,0.0
4052239795,-81.8703509,26.5261286,0.0
4052239796,-81.8702254,26.5259089,0.0
4052239797,-81.8679595,26.5259119,0.0
4052239802,-81.8699943,26.5232799,0.0
4052239807,-81.8689464,26.5227932,0.0
4052239813,-81.870404,26.524234,0.0
4052239816,-81.8689288,26.5222631,0.0
4052239817,-81.8689865,26.5221761,0.0
4052239819,-81.8703139,26.5246735,0.0
4052239852,-81.870781,26.5263981,0.0
4052239864,-81.874253,26.5268651,0.0
4052239866,-81.8734048,26.5268418,0.0
4052239868,-81.8719194,26.5268541,0.0
4052239875,-81.8738853,26.5256609,0.0
4052239876,-81.8738613,26.524634,124.0
4100176787,-81.8912239,26.5208025,0.0
4216673490,-81.9143268,26.5134332,344.0
4216673500,-81.911789,26.513519,138.0
4216673514,-81.9121861,26.5137074,0.0
4216673519,-81.9114335,26.5139116,0.0
4216673520,-81.9112534,26.5139076,92.0
4216673539,-81.9118832,26.5152636,132.0
4216673540,-81.9143894,26.5153271,41.0
4216673543,-81.9143927,26.5155533,898.0
4218561990,-81.9139091,26.5233526,96.0
4218561995,-81.915001,26.5219727,0.0
4218562013,-81.9154117,26.5219673,0.0
4218562061,-81.915299,26.5221497,0.0
4231017465,-81.9075226,26.525435,0.0
4231017468,-81.9106878,26.5216718,45.0
4231017496,-81.9073234,26.525784,0.0
4231017502,-81.9109874,26.5223246,272.0
4231017503,-81.9082069,26.5212713,40.0
4231017510,-81.9090227,26.5255189,0.0
4231017524,-81.9080277,26.5211811,178.0
4231017535,-81.9073527,26.5257311,0.0
4231031720,-81.8884604,26.5273585,0.0
4231031752,-81.8879202,26.5281458,0.0
4231031757,-81.8897957,26.5283602,0.0
4231031772,-81.8898137,26.5289306,0.0
4231038824,-81.8893138,26.5293025,0.0
4231038825,-81.8884877,26.5293139,0.0
4231038826,-81.888497,26.5287085,0.0
4231050928,-81.8650185,26.5279269,0.0
4231050929,-81.8648836,26.5279285,0.0
4231050930,-81.8650204,26.5281024,0.0
4231050931,-81.8648873,26.5281063,0.0
4231050935,-81.8671011,26.5283662,0.0
4231050947,-81.8650443,26.5292472,0.0
4231050948,-81.864913,26.5292486,0.0
4297104076,-81.8880717,26.5213821,0.0
4307034765,-81.898235,26.4829292,140.0
4326838577,-81.895954,26.4839984,169.0
4326838580,-81.8975412,26.4839538,279.0
4334579036,-81.9075517,26.5117115,0.0
4334579037,-81.9073772,26.5117856,0.0
4334579043,-81.9044468,26.5128513,0.0
4334579052,-81.9041795,26.511708,0.0
4334579054,-81.9039512,26.5122589,0.0
4334579055,-81.9037646,26.5122623,0.0
4334579056,-81.9044483,26.513057,0.0
4334579057,-81.9063598,26.5130195,0.0
4334579062,-81.9062914,26.5127611,0.0
4334579063,-81.9068339,26.5129225,0.0
4334579064,-81.9075471,26.5122749,0.0
4334579065,-81.9073542,26.5127896,0.0
4334579066,-81.9071562,26.5126298,0.0
4334579075,-81.9070621,26.5129996,0.0
4334579077,-81.907248,26.5116193,0.0
4334579079,-81.9068746,26.5114119,0.0
4334579080,-81.9069136,26.5119281,0.0
4334579088,-81.9073772,26.5113501,0.0
4334579389,-81.9068289,26.5111647,0.0
4334579390,-81.9069366,26.5110714,0.0
4334579394,-81.9073492,26.5105475,0.0
4334579399,-81.9075048,26.5106916,0.0
4334579401,-81.907655,26.5108307,0.0
4334579402,-81.9071472,26.5103604,0.0
4334579403,-81.9062207,26.5105871,0.0
4334579404,-81.9061987,26.5107626,0.0
4334579405,-81.9064694,26.5109542,0.0
4334579415,-81.9058624,26.5108196,0.0
4334579416,-81.9050238,26.5111972,0.0
4334579421,-81.9045806,26.5107277,0.0
4334579425,-81.9049005,26.5102722,0.0
4334579427,-81.9043635,26.5098042,0.0
4334579430,-81.905517,26.5097582,0.0
4334579431,-81.9050627,26.5101818,0.0
4334579437,-81.90505,26.5105606,0.0
4334579443,-81.9038827,26.5117516,0.0
4334579444,-81.9044197,26.5108763,0.0
4334579445,-81.9037797,26.5103182,132.0
4334649518,-81.9110396,26.4981461,0.0
4334649525,-81.9116875,26.4979893,0.0
4334649528,-81.9115965,26.4979455,0.0
4334649533,-81.9110348,26.4980187,0.0
4334649534,-81.9109131,26.4980228,100.0
4334649535,-81.9109174,26.4981545,701.0
4334649546,-81.9128037,26.4963803,0.0
4334649547,-81.9128387,26.4963155,0.0
4334649574,-81.9144458,26.4963509,55212.0
4334649575,-81.9129636,26.4965383,0.0
4334649584,-81.9131967,26.496768,0.0
4334650051,-81.9121858,26.4984228,0.0
4334650052,-81.9123092,26.4984492,0.0
4334650060,-81.9114873,26.4980888,0.0
4334650066,-81.9120373,26.4979398,0.0
4334650073,-81.9157344,26.4977946,0.0
4334650074,-81.9154702,26.497448,21410.0
4334650080,-81.914073,26.4971667,0.0
4334650081,-81.9152063,26.4974544,116302.0
4334650086,-81.9140802,26.49733,0.0
4350530120,-81.8656738,26.5294684,0.0
4350530123,-81.8650443,26.5294885,0.0
4350530124,-81.8649121,26.529489,0.0
4350530125,-81.864922,26.529489,0.0
4350530126,-81.8644358,26.5294909,0.0
4350530150,-81.8656743,26.5296588,0.0
4350530185,-81.8657489,26.5298377,0.0
4350530754,-81.8658522,26.5305615,0.0
4350530787,-81.8664377,26.531204,0.0
4350530833,-81.8644438,26.5314115,0.0
4350530848,-81.8664409,26.531537,0.0
4350530850,-81.8647711,26.5315626,0.0
4465982469,-81.9021711,26.5055654,395.0
4730094478,-81.8895693,26.5191245,0.0
4730094483,-81.889572,26.5188765,0.0
4730094484,-81.8883661,26.5199995,0.0
4730094485,-81.8883662,26.5206008,0.0
4730094486,-81.8881832,26.520601,0.0
4730094591,-81.8882233,26.5200003,0.0
4730094596,-81.893206,26.518681,0.0
4730094597,-81.8928455,26.5179759,0.0
4730094615,-81.8892505,26.5203353,0.0
4730094616,-81.8892441,26.5199881,0.0
4730094620,-81.8895868,26.5199,0.0
4730094626,-81.8896715,26.5200234,0.0
4730094633,-81.8894815,26.5199901,0.0
4730094634,-81.8879876,26.5199998,0.0
4730094635,-81.8879885,26.5203586,0.0
4730094644,-81.8879378,26.5175405,4.0
4730094645,-81.8879548,26.5179241,102.0
4730094653,-81.8894724,26.5179019,0.0
4730094657,-81.8895659,26.5179879,0.0
4730094661,-81.8896658,26.5178661,0.0
4971345810,-81.9094422,26.5204947,0.0
4971345811,-81.9094523,26.5207221,0.0
4971345813,-81.9089825,26.5209833,0.0
4971345816,-81.9113946,26.5209135,0.0
4972595876,-81.9119062,26.5227359,0.0
4972595877,-81.9118739,26.5216323,0.0
4972595903,-81.9115978,26.5215306,0.0
4972595904,-81.9118866,26.5220929,9.0
4972595910,-81.9120409,26.5216295,0.0
4972595911,-81.9128107,26.5218463,0.0
4972595919,-81.9127995,26.5213929,0.0
4972595920,-81.9122334,26.5215277,0.0
4972596021,-81.9122269,26.5214012,0.0
4972596025,-81.9125582,26.5207742,0.0
4972596026,-81.9125735,26.5213962,0.0
4972596027,-81.9123526,26.5213994,0.0
4972596028,-81.912333,26.5207575,0.0
4972596029,-81.9120902,26.5207798,0.0
4972596030,-81.9121081,26.521403,0.0
4980283158,-81.9153442,26.5195736,0.0
4980283159,-81.9155235,26.519572,55.0
4980283161,-81.9149463,26.520009,0.0
4980283163,-81.9149761,26.5191468,89.0
4980283172,-81.9156069,26.519578,15.0
4980283174,-81.9161446,26.5190934,324.0
4980283175,-81.9160993,26.5198723,0.0
4980283176,-81.916089,26.5195768,0.0
4980283177,-81.9159759,26.5195771,0.0
4980283178,-81.9159611,26.5191017,0.0
4980283179,-81.9157797,26.5195776,0.0
4980283180,-81.9157698,26.5191117,0.0
4980298505,-81.8707421,26.5208599,0.0
4980298507,-81.8693836,26.5209385,0.0
4980298508,-81.8707392,26.5207364,0.0
4980298512,-81.8692264,26.5207052,0.0
4980298516,-81.8697614,26.5214995,0.0
4980298517,-81.8701776,26.5216202,0.0
4980298518,-81.8703552,26.5216219,0.0
5006059920,-81.9013623,26.5214085,0.0
5006073921,-81.8989313,26.5214302,23.0
5006073922,-81.8988875,26.5222183,88.0
5006073923,-81.8994993,26.5222181,0.0
5006073924,-81.8994848,26.5214252,0.0
5006073925,-81.9000202,26.5206121,0.0
5006073926,-81.9000491,26.5214202,0.0
5074699936,-81.913145,26.5204296,115.0
5074699937,-81.9131525,26.5205152,0.0
5074699946,-81.9131425,26.5220582,0.0
5074699950,-81.9131217,26.5206973,49.0
5094979733,-81.8854471,26.4096514,0.0
5094979738,-81.8858046,26.4088185,0.0
5094979739,-81.8857684,26.408724,0.0
5094979740,-81.8851067,26.4096661,0.0
5094979746,-81.8850732,26.4089157,0.0
5094979808,-81.8863992,26.4086894,0.0
5094979809,-81.886384,26.4088515,0.0
5094979813,-81.8869341,26.4088144,0.0
5094979814,-81.8869264,26.4086865,0.0
5094979958,-81.8862549,26.4083562,0.0
5094979961,-81.8863003,26.4079049,0.0
5095138163,-81.8841741,26.404944,143.0
5095138164,-81.8838425,26.4050875,0.0
5095138173,-81.8832919,26.4049059,0.0
5095138217,-81.8858745,26.4045282,313.0
5095138218,-81.8854759,26.4046113,35.0
5095138219,-81.885323,26.4042761,0.0
5095138421,-81.8850735,26.4041764,0.0
5095138425,-81.8850213,26.4042792,0.0
5095138426,-81.8851049,26.4044691,0.0
5095138429,-81.8842271,26.4046203,356.0
5095138432,-81.8844901,26.4042912,0.0
5095138433,-81.8846235,26.4042437,0.0
5095138434,-81.8843756,26.4043272,0.0
5095138435,-81.8842709,26.405387,0.0
5095138445,-81.8846453,26.4054526,0.0
5095138446,-81.884264,26.4055623,0.0
5095138449,-81.8850198,26.4057839,0.0
5095138450,-81.8852001,26.4057239,0.0
5095138452,-81.8838402,26.4061941,0.0
5095228502,-81.8697705,26.517155,53.0
5095228504,-81.8698063,26.5182833,0.0
5095228506,-81.8692557,26.518534,0.0
5095228507,-81.870002,26.5182151,0.0
5095228520,-81.8704547,26.5171428,412.0
5095228521,-81.870448,26.5175334,0.0
5565775979,-81.8909295,26.5210283,0.0
5594768019,-81.8927274,26.4117887,0.0
5594768020,-81.8925176,26.41187,0.0
5653444415,-81.8770156,26.5241819,119.0
5653444419,-81.8773754,26.5244574,0.0
5653444420,-81.8765614,26.5248809,0.0
5653444623,-81.8763449,26.5245638,0.0
5653444628,-81.8767161,26.5244765,0.0
5674528959,-81.8918986,26.5208575,0.0
5750060796,-81.9215716,26.4369115,174.0
5750312026,-81.9205945,26.4361775,832.0
5750312039,-81.9194952,26.4353696,392.0
5750312041,-81.9193165,26.435237,393.0
5750312072,-81.9180505,26.4342965,472.0
5750312073,-81.9177088,26.4336869,4541.0
5750312075,-81.9168998,26.4334496,68.0
5750312076,-81.9169828,26.4333619,76.0
5750312077,-81.9181193,26.4342172,164.0
5750312083,-81.9191594,26.4351204,258.0
5750312085,-81.919002,26.4350036,648.0
5750312126,-81.9186549,26.4347458,838.0
5750312128,-81.9182506,26.4344452,513.0
5750312186,-81.9196492,26.4354833,581.0
5751752807,-81.9222131,26.4373386,188.0
5751752810,-81.9223836,26.4374592,201.0
5754062419,-81.9149144,26.4313732,0.0
5754062420,-81.9146636,26.4316067,927.0
5754063115,-81.9143258,26.4306345,0.0
5754063117,-81.9139977,26.4308754,274.0
5754063118,-81.9136227,26.4305502,87.0
5754063119,-81.913869,26.4303192,0.0
5754063120,-81.9135286,26.4306385,8693.0
5754063221,-81.9139082,26.4309621,3340.0
5754569573,-81.9057817,26.4236674,22.0
5754569574,-81.9054187,26.4239285,560.0
5754569575,-81.9063105,26.4242915,0.0
5754569579,-81.9060951,26.4244492,124.0
5754578330,-81.9064485,26.4244878,0.0
5754578331,-81.9061137,26.4247328,284.0
5755082378,-81.9056712,26.4253641,0.0
5755082380,-81.9063765,26.4249975,860.0
5755082393,-81.9062108,26.4248415,861.0
5755082395,-81.9056168,26.4253685,0.0
5755082407,-81.9056883,26.4246889,66.0
5755082408,-81.9054423,26.4248682,0.0
5755082409,-81.9061505,26.4247742,529.0
5755082410,-81.9059302,26.4249331,114.0
5755082522,-81.9052265,26.4245946,0.0
5755082523,-81.9054576,26.424857,0.0
5755082524,-81.9053461,26.4247304,0.0
5755082527,-81.9057306,26.4242932,986.0
5755082543,-81.9051625,26.424124,0.0
5755082546,-81.90565,26.424199,809.0
5755082593,-81.9039149,26.422243,100.0
5755082599,-81.9038605,26.4224755,0.0
5755082604,-81.903762,26.4223314,0.0
5755082605,-81.9036703,26.422192,34.0
5756053356,-81.9135714,26.5262355,95.0
5756963343,-81.9041221,26.4215534,101.0
5756963345,-81.9049435,26.4209502,0.0
5756963348,-81.9038536,26.4216269,608.0
5756963352,-81.903947,26.4217695,1409.0
5756963367,-81.9046009,26.4205337,0.0
5756963368,-81.903615,26.4212671,2426.0
5756963369,-81.9041509,26.4208685,149.0
5756963371,-81.9047446,26.4207034,0.0
5756963381,-81.903351,26.4211525,1.0
5756963382,-81.903659,26.421631,140.0
5756963383,-81.9034872,26.4210753,350.0
5756987937,-81.9035675,26.4209467,610.0
5756987938,-81.9034502,26.4210198,437.0
5758643548,-81.9033863,26.4206308,134.0
5758643550,-81.903259,26.4207327,863.0
5758643551,-81.903084,26.420152,89.0
5758643552,-81.9029356,26.4202392,899.0
5758643556,-81.9036759,26.4199437,0.0
5758643557,-81.9038083,26.4200902,0.0
5758996101,-81.9027867,26.420011,1119.0
5758996102,-81.9038062,26.4193318,0.0
5758996105,-81.9036191,26.4191267,0.0
5758996108,-81.9026949,26.4198704,379.0
5758996109,-81.9029514,26.4199027,241.0
5758996110,-81.9028431,26.419757,291.0
5758996111,-81.9033316,26.4196574,52.0
5758996112,-81.9031594,26.4194825,180.0
5758996153,-81.9032393,26.4191823,87.0
5758996155,-81.9025521,26.4196253,1540.0
5758996157,-81.9022183,26.4189187,405.0
5758996158,-81.9027586,26.419507,213.0
5759422371,-81.9024606,26.4172416,0.0
5759422376,-81.9023775,26.4185019,229.0
5759422377,-81.9020613,26.4185068,3025.0
5759422378,-81.9025597,26.4184991,0.0
5759422379,-81.9020978,26.4172492,68.0
5759422381,-81.9022669,26.4177066,0.0
5759422382,-81.9020701,26.4176892,0.0
5759422383,-81.9017781,26.4177448,295.0
5759422387,-81.9022207,26.4175817,0.0
5759422388,-81.9028483,26.4184947,0.0
5759422390,-81.9029884,26.4184483,0.0
5759422396,-81.902987,26.4183295,0.0
5759422397,-81.902499,26.4183346,26.0
5759422398,-81.9027223,26.4183323,0.0
5759422400,-81.902454,26.418213,135.0
5763946153,-81.9009288,26.4154616,785.0
5763946155,-81.9010308,26.4157372,748.0
5763946217,-81.901506,26.4150124,0.0
5763946218,-81.9008252,26.4151819,0.0
5763946233,-81.9005999,26.4145821,1117.0
5763946235,-81.9007932,26.4145136,383.0
5763946236,-81.9007566,26.4149994,576.0
5763946237,-81.9011328,26.4148062,0.0
5763946238,-81.900934,26.4148698,136.0
5763946358,-81.9019134,26.4142425,0.0
5763946360,-81.9017468,26.4148141,0.0
5763946363,-81.9012063,26.4144153,0.0
5763946364,-81.9015541,26.4148619,0.0
5763946365,-81.9014138,26.4143679,0.0
5764153773,-81.9015149,26.4139736,0.0
5764153790,-81.9018126,26.4139075,0.0
5764153791,-81.9014704,26.414355,0.0
5764153792,-81.9013995,26.4140977,0.0
5764153794,-81.9004559,26.4141986,168.0
5764153844,-81.901247,26.4130711,0.0
5764153845,-81.9015588,26.4129889,0.0
5764153846,-81.9011101,26.4131193,0.0
5764153847,-81.9001456,26.4133634,908.0
5764153848,-81.9006627,26.4132325,0.0
5764153849,-81.9009229,26.4141009,0.0
5764153870,-81.9007511,26.4142572,192.0
5764153871,-81.9008308,26.414501,0.0
5766143306,-81.9015401,26.4128223,0.0
5766143309,-81.9012254,26.4128946,0.0
5766143310,-81.900805,26.4113473,0.0
5766143313,-81.9008617,26.4115544,0.0
5766143315,-81.8999605,26.4117618,0.0
5766143316,-81.8999532,26.4116682,0.0
5766143319,-81.9010345,26.4121888,0.0
5766143320,-81.901144,26.4125939,0.0
5766143329,-81.9003085,26.4129133,73.0
5766143330,-81.9011771,26.412716,0.0
5766143331,-81.9011275,26.4125327,0.0
5766143333,-81.9010814,26.4123625,0.0
5766143334,-81.9005143,26.4120956,0.0
5766143335,-81.9006527,26.4120901,0.0
5766143336,-81.9009868,26.4120125,0.0
5766143337,-81.900701,26.4122636,0.0
5766143338,-81.9004764,26.4115828,0.0
5766143339,-81.9008458,26.4114962,0.0
5766143342,-81.8996231,26.4114607,452.0
5766143557,-81.8992529,26.411011,2390.0
5766143566,-81.9007375,26.4111451,0.0
5766143568,-81.9000714,26.4113352,0.0
5766143569,-81.8998898,26.4108338,9.0
5766143570,-81.9000465,26.4112664,0.0
5766143571,-81.9006725,26.4108357,0.0
5766143572,-81.9007098,26.4110135,0.0
5766143573,-81.8999583,26.4110229,0.0
5766449219,-81.9012533,26.4106199,0.0
5766449221,-81.8991066,26.4107136,5258.0
5766449223,-81.9003757,26.4106283,0.0
5766449224,-81.9009289,26.41062,0.0
5766451157,-81.8988467,26.4102624,4891.0
5766451159,-81.8991449,26.4100585,0.0
5766451160,-81.8994193,26.4104972,0.0
5766451161,-81.8994215,26.4106426,105.0
5766451162,-81.8992376,26.4102015,399.0
5766451166,-81.8993658,26.4101192,22.0
5768234068,-81.8992432,26.4097408,0.0
5768234071,-81.8987055,26.4089906,0.0
5768234072,-81.8988978,26.4090615,0.0
5768234073,-81.8985013,26.4093395,0.0
5768234074,-81.899264,26.4095183,0.0
5768234075,-81.8988806,26.4097953,863.0
5768234076,-81.8991681,26.4095876,2.0
5768234080,-81.898713,26.4091911,0.0
5768234124,-81.8987194,26.4096016,166.0
5768540101,-81.898538,26.4088793,0.0
5768540102,-81.8982047,26.4091062,0.0
5768540103,-81.8978623,26.408755,1358.0
5768540105,-81.8980517,26.4092449,261.0
5768796994,-81.8978671,26.4083788,0.0
5768796997,-81.8976525,26.4081336,0.0
5768796998,-81.8976342,26.4083411,0.0
5768796999,-81.897413,26.4084995,1267.0
5768797047,-81.8976619,26.4078123,0.0
5768797050,-81.8972088,26.407332,0.0
5768797052,-81.8969941,26.4077515,827.0
5768797054,-81.8971495,26.4079271,103.0
5768797088,-81.8970641,26.4078306,0.0
5768797089,-81.8969222,26.4079288,943.0
5768797104,-81.8971155,26.4072123,0.0
5768797106,-81.8965967,26.4069632,0.0
5768797107,-81.8966957,26.4070831,0.0
5768797109,-81.8965239,26.4073263,611.0
5768797111,-81.8968125,26.4072247,0.0
5768797112,-81.8964487,26.4073783,443.0
5768797207,-81.8954568,26.4058995,0.0
5768797214,-81.8951597,26.4062061,15.0
5768797217,-81.8952476,26.4056557,0.0
5768797223,-81.8950051,26.4060987,254.0
5770662455,-81.8948585,26.4052666,91.0
5770662458,-81.894207,26.4048595,0.0
5770662459,-81.8944454,26.4054938,183.0
5770662460,-81.8943212,26.4056627,1888.0
5770662461,-81.8941197,26.4053112,199.0
5770662462,-81.8939955,26.4054857,532.0
5770662465,-81.8944498,26.4054962,219.0
5770662549,-81.893406,26.4052067,849.0
5770662550,-81.8937695,26.4048937,0.0
5770662551,-81.8936029,26.4051118,0.0
5770662552,-81.8934674,26.405058,146.0
5770662561,-81.8931949,26.4051177,839.0
5770662564,-81.8934324,26.4045961,0.0
5770662574,-81.8930987,26.4050792,224.0
5770662575,-81.8931744,26.4048186,34.0
5770662576,-81.8929159,26.4048272,0.0
5770662577,-81.8928484,26.4049851,97.0
5770662582,-81.8925834,26.4048968,133.0
5770662583,-81.8926989,26.4049353,515.0
5770662598,-81.8925328,26.4047144,96.0
5770662608,-81.892252,26.4046393,206.0
5770662609,-81.8922011,26.4047793,1567.0
5770662617,-81.8917464,26.4045134,875.0
5770662618,-81.8917083,26.4046563,922.0
5770662622,-81.8916655,26.4044572,0.0
5770662623,-81.8916221,26.4046383,235.0
5770662624,-81.891547,26.4044364,390.0
5770662625,-81.8915085,26.4046145,663.0
5770662630,-81.8912833,26.4045744,208.0
5770662631,-81.8913871,26.4045916,472.0
5770662655,-81.8894534,26.4044337,190.0
5770662656,-81.8895919,26.4044312,338.0
5770662663,-81.8890021,26.4044393,488.0
5770662664,-81.8891334,26.4044377,630.0
5770662673,-81.8888796,26.4041823,0.0
5770662674,-81.888888,26.4044407,202.0
5770662675,-81.8887434,26.4042561,0.0
5770662676,-81.888882,26.4042557,50.0
5770662677,-81.8886279,26.4044439,590.0
5770662680,-81.8885045,26.4044454,399.0
5770662683,-81.8901668,26.4044457,443.0
5770662684,-81.8902751,26.4044528,187.0
5770662685,-81.8904502,26.4043303,287.0
5770662686,-81.8904382,26.4044669,397.0
5770662687,-81.8907182,26.4044919,742.0
5770662691,-81.8905963,26.4044806,587.0
5770662692,-81.8911644,26.4045548,819.0
5770662695,-81.8910527,26.4045377,1029.0
5770662696,-81.8898214,26.404434,314.0
5770662699,-81.8897131,26.4044327,265.0
5770662708,-81.8876192,26.4044562,271.0
5770662710,-81.8875004,26.4042514,0.0
5771293186,-81.8872362,26.4041267,0.0
5771293187,-81.8872456,26.4044654,395.0
5771293188,-81.8869215,26.4041356,0.0
5771293189,-81.8869518,26.4044951,252.0
5771293248,-81.8839625,26.4044755,0.0
5781896148,-81.9231909,26.4380354,488.0
5781896275,-81.9230447,26.4379304,846.0
5783014101,-81.9208051,26.4363305,1315.0
5784212568,-81.9155695,26.4323826,2646.0
5784212569,-81.9158997,26.4320692,0.0
5784212570,-81.9161489,26.432627,66.0
5784212571,-81.9160052,26.4327557,1033.0
5784212577,-81.9160491,26.4325691,294.0
5784212578,-81.9159261,26.432688,2882.0
5784212617,-81.9149523,26.431854,4713.0
5784212618,-81.9154325,26.4314248,0.0
5784803018,-81.9127197,26.4296466,141.0
5784803019,-81.9125656,26.4297892,1747.0
5784803030,-81.912513,26.4297256,211.0
5784803031,-81.9126183,26.429657,223.0
5784803032,-81.9124021,26.4295861,1179.0
5784803033,-81.9125564,26.4294835,73.0
5784803556,-81.912588,26.4296767,0.0
5784803557,-81.9124834,26.4295321,84.0
5784803682,-81.9112317,26.4280387,931.0
5784803684,-81.9110634,26.4281996,7691.0
5787253593,-81.9106763,26.4275227,79.0
5787253595,-81.9104313,26.4275968,2431.0
5787253620,-81.9102085,26.4270555,0.0
5787253621,-81.9100253,26.4272084,1579.0
5787254818,-81.9097392,26.4269348,508.0
5787254821,-81.9096238,26.4268244,85.0
5787531652,-81.9092827,26.4261706,139.0
5787532253,-81.9091053,26.4263235,577.0
5787532260,-81.9089386,26.4258951,0.0
5787532261,-81.908788,26.4260149,247.0
5787532264,-81.9086766,26.4259065,350.0
5787532267,-81.9085759,26.4258171,1126.0
5787532319,-81.9085175,26.4253441,0.0
5787532321,-81.9082384,26.4255969,6146.0
5787532323,-81.9083489,26.4254696,52.0
5787532325,-81.9084312,26.4254083,0.0
5787669196,-81.9075729,26.4253283,245.0
5787669198,-81.9074072,26.4251756,90.0
5787669199,-81.907538,26.4253304,292.0
5787669200,-81.9075391,26.4254563,2071.0
5787669210,-81.9072033,26.425345,71.0
5787669219,-81.9068347,26.4247325,0.0
5787669226,-81.9070994,26.4252499,0.0
5787669227,-81.9070486,26.4253842,1052.0
5787669232,-81.9069045,26.4253346,373.0
5787669253,-81.9067632,26.4248114,0.0
5787669257,-81.9065761,26.4247604,84.0
5787669258,-81.9067471,26.4246425,0.0
5787669259,-81.9068697,26.4250068,0.0
5787669260,-81.90698,26.4248254,0.0
5787669270,-81.9063786,26.4246044,66.0
5789781070,-81.9077106,26.4250125,0.0
5789781071,-81.9078149,26.4249363,0.0
5789781098,-81.9069541,26.4248131,0.0
5789781099,-81.907029,26.4247665,0.0
5789781116,-81.9069164,26.4246755,0.0
5789781117,-81.9068407,26.424737,0.0
5789781143,-81.9065443,26.4242485,0.0
5789781144,-81.906475,26.4241693,0.0
5789834735,-81.9070644,26.4241094,0.0
5789834736,-81.9071648,26.424033,0.0
5789834737,-81.9073326,26.4241556,0.0
5789834738,-81.9071884,26.4242523,0.0
5789834751,-81.9062374,26.4240473,0.0
5789834753,-81.9063948,26.4242293,0.0
5789834754,-81.9065034,26.4241481,0.0
5789834756,-81.9063291,26.4241621,0.0
5789834829,-81.9064699,26.423404,0.0
5789834832,-81.9063391,26.4236205,0.0
5789834835,-81.9061402,26.4233937,0.0
5789834844,-81.9063305,26.4236107,0.0
5797187881,-81.8852548,26.4052198,48.0
5797187885,-81.8851912,26.4048321,337.0
5797187888,-81.8856708,26.4050995,3.0
5797187890,-81.8855142,26.4047961,596.0
5797187893,-81.8858902,26.4050239,67.0
5797187895,-81.8857981,26.4047431,661.0
5797187907,-81.8863648,26.4048274,463.0
5797187908,-81.8862867,26.4046322,2955.0
5797187911,-81.8866311,26.4045556,1743.0
5797187918,-81.8867723,26.4045258,545.0
5797187934,-81.8868684,26.4045067,267.0
5797187943,-81.8870158,26.4044862,180.0
5797187948,-81.8871223,26.4044758,129.0
5797188158,-81.8873066,26.4044634,85.0
5797188162,-81.8873942,26.4046515,180.0
5797188164,-81.8873912,26.4044606,130.0
5797188167,-81.8877669,26.4046555,53.0
5797188174,-81.8876411,26.4046581,0.0
5797188175,-81.8877026,26.4045892,183.0
5797188177,-81.8876997,26.4044552,468.0
5797188178,-81.8878498,26.4044534,301.0
5797188187,-81.8879863,26.4044517,288.0
5797188199,-81.888125,26.40445,365.0
5797188204,-81.8882436,26.4044486,376.0
5797188209,-81.8888304,26.4044414,354.0
5797188338,-81.8922975,26.4049754,245.0
5797188340,-81.8923424,26.4048212,338.0
5797188341,-81.8924377,26.4050993,0.0
5797188342,-81.8925097,26.4048722,0.0
5797188360,-81.8927621,26.4051376,137.0
5797188361,-81.8928355,26.4049808,93.0
5797188404,-81.8929519,26.4050229,506.0
5797188413,-81.893085,26.405074,243.0
5797188422,-81.8934009,26.4053649,428.0
5797188423,-81.8934691,26.4052333,0.0
5797188460,-81.8935926,26.4052892,275.0
5797188466,-81.8937195,26.4053487,235.0
5797188497,-81.8937295,26.4055394,68.0
5797188499,-81.8938138,26.4053928,526.0
5797188500,-81.8940362,26.4056958,176.0
5797188502,-81.8941258,26.4055535,894.0
5797188528,-81.8944486,26.4059506,251.0
5797188537,-81.8946591,26.4060932,362.0
5797188539,-81.8947751,26.4059392,929.0
5797188540,-81.8945925,26.4059903,609.0
5797188542,-81.8946735,26.4058744,693.0
5797188668,-81.8948813,26.4060127,647.0
5797188677,-81.8949733,26.4060766,270.0
5798972027,-81.8950577,26.4061352,163.0
5798972035,-81.8951503,26.4061996,266.0
5798972453,-81.8950936,26.4064248,53.0
5798972455,-81.8952425,26.4062669,703.0
5798972463,-81.8952938,26.406511,499.0
5798972465,-81.8954102,26.4063973,4510.0
5798972592,-81.8964791,26.4076114,69.0
5798972594,-81.8965862,26.4075382,1697.0
5798972595,-81.8958712,26.4075072,0.0
5798972596,-81.8958076,26.4074187,0.0
5798972600,-81.8970052,26.4080253,546.0
5798972604,-81.896616,26.4080735,154.0
5799216664,-81.8994751,26.4115557,1755.0
5799216665,-81.8993383,26.4121099,334.0
5799216666,-81.8991544,26.4115942,134.0
5799216667,-81.8991923,26.4117004,54.0
5799216668,-81.8994999,26.4116212,0.0
5799216669,-81.8986392,26.4118286,0.0
5799216670,-81.8986355,26.411603,0.0
5799216671,-81.898443,26.4120193,0.0
5799216672,-81.8984375,26.4116063,0.0
5799216673,-81.8973786,26.4116711,0.0
5799216674,-81.8981166,26.4116653,0.0
5799216681,-81.8977558,26.4119961,0.0
5799216694,-81.8978058,26.4119075,0.0
5799216695,-81.8973823,26.411853,0.0
5799216696,-81.8978627,26.4118552,0.0
5799216697,-81.8975968,26.4124484,0.0
5801434578,-81.9000612,26.4131354,223.0
5801434579,-81.899089,26.4148813,0.0
5801434580,-81.8997606,26.4132229,0.0
5801434582,-81.9004159,26.4147496,0.0
5801434583,-81.8997618,26.41339,0.0
5801434589,-81.9002322,26.414754,0.0
5801434593,-81.8997694,26.41386,0.0
5801434594,-81.9002414,26.4142652,57.0
5801434595,-81.9000703,26.4143184,0.0
5801434596,-81.8998971,26.4143722,0.0
5801434597,-81.8997777,26.4143762,0.0
5801434598,-81.9000318,26.4147588,0.0
5801434599,-81.8994093,26.4133252,0.0
5801434604,-81.8992608,26.4131027,0.0
5801434605,-81.8989902,26.412357,0.0
5801434609,-81.8992199,26.4130414,0.0
5801434610,-81.8996673,26.4130009,29.0
5801434611,-81.8992704,26.4131172,0.0
5801434616,-81.89427,26.4153188,0.0
5801434621,-81.8942743,26.415157,0.0
5801434627,-81.8988635,26.4143805,0.0
5801434630,-81.8987964,26.4131534,0.0
5801434648,-81.8979339,26.4129746,0.0
5801434650,-81.8981352,26.4131284,0.0
5801434651,-81.8988125,26.4146797,0.0
5801434652,-81.8993346,26.4146772,0.0
5801435553,-81.8993358,26.4148797,0.0
5801435554,-81.8993408,26.4152616,0.0
5801435555,-81.8990866,26.4150404,0.0
5801435556,-81.8993379,26.4150386,0.0
5802006318,-81.900065,26.4152463,0.0
5802006324,-81.9010511,26.4157921,1337.0
5802006325,-81.9000656,26.4154398,0.0
5802006328,-81.9006881,26.4157983,25.0
5802006383,-81.9008209,26.4170717,30.0
5802006387,-81.8994364,26.4161609,0.0
5802006388,-81.9004504,26.4159941,0.0
5802006390,-81.9006401,26.4165424,0.0
5802006391,-81.9009783,26.4164417,520.0
5802006394,-81.9004464,26.4165785,0.0
5802006395,-81.9005849,26.4164071,0.0
5802006396,-81.900334,26.4165798,0.0
5802006400,-81.90001,26.4159963,0.0
5802006401,-81.9000398,26.4162464,0.0
5802006405,-81.8995157,26.4162276,0.0
5802006406,-81.9000646,26.4161734,0.0
5802006408,-81.9001848,26.4159954,0.0
5802444795,-81.9017535,26.4176787,2483.0
5802444799,-81.9009726,26.4178911,0.0
5802444816,-81.9014592,26.4179133,172.0
5802444818,-81.9018222,26.4178636,1679.0
5802444823,-81.9020749,26.4185433,974.0
5802444830,-81.9017131,26.4184218,171.0
5802444835,-81.9007677,26.418032,0.0
5802444837,-81.9010294,26.4184358,0.0
5802444838,-81.900525,26.4178961,0.0
5802444839,-81.9005186,26.4175434,0.0
5802444841,-81.9004805,26.4171953,0.0
5802444842,-81.9005207,26.4176565,0.0
5802444844,-81.899599,26.4176501,0.0
5802444845,-81.9004811,26.4174303,0.0
5802444847,-81.899406,26.4172076,0.0
5802444860,-81.9016999,26.4181691,1106.0
5802444925,-81.901091,26.4172055,350.0
5802444926,-81.9014299,26.4173649,1078.0
5802444931,-81.9007791,26.4174147,0.0
5802444932,-81.9007744,26.4171998,0.0
5802444936,-81.9015628,26.4171689,1167.0
5802469957,-81.9014123,26.4188581,0.0
5802469962,-81.9023261,26.4197151,0.0
5802469963,-81.9020099,26.4190516,141.0
5802469964,-81.90224,26.4189742,1386.0
5802469965,-81.9017601,26.4191269,0.0
5802469970,-81.9013696,26.4189866,0.0
5802469973,-81.9019399,26.4197211,0.0
5802469974,-81.9022687,26.4195947,674.0
5802469980,-81.9019319,26.4201934,0.0
5802469982,-81.9022754,26.4198424,21.0
5802469983,-81.9018748,26.4201295,0.0
5802470186,-81.901985,26.4202499,0.0
5804156700,-81.9072521,26.4254344,855.0
5804156701,-81.9072292,26.426144,0.0
5804156703,-81.9067031,26.4254368,60.0
5804156704,-81.906196,26.4264083,0.0
5804156705,-81.9071969,26.4263342,0.0
5804156706,-81.9067137,26.4263596,0.0
5804156709,-81.9067123,26.4262384,0.0
5804156710,-81.9071771,26.4261848,0.0
5804156711,-81.9077881,26.4260993,0.0
5804156712,-81.9077093,26.4262621,0.0
5804156713,-81.9077938,26.4263875,0.0
5804156714,-81.908293,26.4265146,0.0
5804156725,-81.9069614,26.42725,0.0
5804156728,-81.9072367,26.4266556,0.0
5804156729,-81.9079014,26.4265237,0.0
5804156730,-81.9072118,26.4264518,0.0
5804156731,-81.9071935,26.4263086,0.0
5804156732,-81.9078123,26.4267785,0.0
5804156733,-81.9077997,26.4265312,0.0
5804156759,-81.9083825,26.4262764,0.0
5804464458,-81.9089095,26.4261332,61.0
5804464462,-81.9088182,26.4263254,0.0
5804464473,-81.9087549,26.4265434,0.0
5804464474,-81.9090615,26.4262809,334.0
5804664324,-81.9094847,26.4269359,22.0
5804664325,-81.9096196,26.4268204,193.0
5804664342,-81.9096577,26.4271907,0.0
5804664345,-81.9098245,26.4270165,552.0
5804668956,-81.9098727,26.4272944,342.0
5804668957,-81.9100031,26.4271871,191.0
5804668998,-81.9103145,26.4278457,6.0
5804668999,-81.9105093,26.4276714,715.0
5806958410,-81.9119233,26.4290226,5587.0
5806958411,-81.9117165,26.4291873,0.0
5806958412,-81.9117828,26.4292612,0.0
5806958413,-81.9119921,26.4290909,241.0
5806958414,-81.9118413,26.4292136,96.0
5806958415,-81.9117715,26.4291435,3888.0
5806958420,-81.9115215,26.4293076,5.0
5806958421,-81.9117378,26.4294799,0.0
5806958452,-81.9124732,26.4302777,1609.0
5806958453,-81.9120895,26.4302873,91.0
5807085162,-81.9134268,26.4311002,0.0
5807085163,-81.9137356,26.4308149,719.0
5807085164,-81.9134435,26.4308537,222.0
5807085165,-81.913603,26.4307019,790.0
5807085166,-81.9136391,26.430904,116.0
5807085167,-81.9135119,26.4307886,259.0
5807085205,-81.9138975,26.430953,473.0
5807085213,-81.913784,26.4308562,44.0
5807601448,-81.9160257,26.4329686,430.0
5807601449,-81.9161342,26.4328596,1063.0
5807601450,-81.9159584,26.4331561,0.0
5807601451,-81.9159669,26.4330495,0.0
5807601452,-81.9158712,26.4331577,82.0
5807601453,-81.9158959,26.4330488,47.0
5807601559,-81.9166659,26.4328036,0.0
5807601561,-81.916625,26.4327699,48.0
5807601567,-81.9165327,26.4328975,52.0
5807601568,-81.9163766,26.4330536,1235.0
5807601569,-81.9165853,26.4330322,0.0
5807601570,-81.9164847,26.4329455,0.0
5807601571,-81.9170432,26.4329948,84.0
5807601577,-81.9162228,26.4328055,884.0
5808109809,-81.9162898,26.4331456,184.0
5808109819,-81.9165332,26.4331744,791.0
5808110167,-81.9164653,26.4334273,0.0
5808110168,-81.9166306,26.4332477,335.0
5808110169,-81.9167951,26.4333714,0.0
5808110180,-81.9169096,26.4334568,41.0
5808110181,-81.9167052,26.4336509,0.0
5808110182,-81.9167637,26.4335742,159.0
5808110212,-81.9169193,26.4336491,928.0
5808110213,-81.9170202,26.4335382,2399.0
5808110365,-81.9190797,26.4350612,223.0
5808110408,-81.9191911,26.4351439,164.0
5808110414,-81.9192923,26.4352191,187.0
5812474104,-81.9197914,26.4355878,3132.0
5812474292,-81.9188209,26.4348692,568.0
5814968579,-81.9223611,26.4374433,97.0
5814968629,-81.9229471,26.4378603,832.0
5814969781,-81.9231667,26.438018,217.0
5820587793,-81.8895717,26.4047749,33.0
5820587794,-81.8894435,26.4047763,0.0
5820587824,-81.8904632,26.4047078,166.0
5820587825,-81.8906391,26.4047217,0.0
5820587830,-81.890796,26.4047261,245.0
5820587831,-81.8906414,26.4047046,0.0
5820587880,-81.9185153,26.4351427,67.0
5829707172,-81.8917762,26.5199471,0.0
5829707179,-81.8884324,26.5207685,0.0
5829707184,-81.8870301,26.5220355,0.0
5829709291,-81.8865676,26.5208306,0.0
5829709307,-81.8854779,26.5264099,0.0
5829709309,-81.8966547,26.5166862,0.0
5829709317,-81.8988294,26.5156548,55.0
5829709319,-81.898785,26.514457,0.0
5829709323,-81.8987751,26.5142039,0.0
5829709330,-81.8982979,26.5148942,0.0
5829709337,-81.8986718,26.5149421,0.0
5829709341,-81.8962591,26.5207106,0.0
5829709345,-81.8972288,26.5205008,0.0
5829709347,-81.8965462,26.5205281,200.0
5829709356,-81.8935289,26.5103124,0.0
5829709377,-81.8987766,26.513801,0.0
5829709378,-81.898843,26.5165233,69.0
5829709389,-81.8864053,26.5206384,85.0
5829709390,-81.8863819,26.5198439,6537.0
6042467995,-81.8883655,26.52027,0.0
6042467996,-81.8881901,26.5202727,0.0
6200124633,-81.9115731,26.5070153,0.0
6200124634,-81.9116633,26.5070106,0.0
6200136003,-81.912425,26.5064357,0.0
6200136006,-81.912189,26.50633,0.0
6200136011,-81.9116497,26.507645,0.0
6200136023,-81.9119368,26.5063128,0.0
6200136031,-81.9115588,26.5063192,0.0
6200136033,-81.9117612,26.506312,0.0
6200136038,-81.9119905,26.5063132,0.0
6200140895,-81.9122627,26.5075742,0.0
6200142886,-81.9125526,26.5096238,0.0
6200142892,-81.9116379,26.5092229,0.0
6200142894,-81.9120594,26.5094686,0.0
6200142904,-81.9125967,26.5094618,0.0
6200142905,-81.9128932,26.5096262,0.0
6200142908,-81.9116285,26.5090207,0.0
6200145190,-81.9149491,26.5106869,0.0
6200145192,-81.9147746,26.5107321,0.0
6200145196,-81.9149492,26.5096521,0.0
6200145201,-81.9147386,26.5095326,0.0
6200151061,-81.8821917,26.5208101,0.0
6200151063,-81.8810318,26.5218725,0.0
6200151073,-81.8818725,26.5219422,0.0
6200151690,-81.8800266,26.5230137,0.0
6200151691,-81.8821333,26.521841,0.0
6200151707,-81.8801943,26.5230892,0.0
6200151721,-81.8805312,26.5219752,0.0
6200151747,-81.8803827,26.5222955,0.0
6200151748,-81.8801787,26.5209674,0.0
6200151758,-81.8802682,26.5209465,0.0
6200151778,-81.8806848,26.5219594,0.0
6200151888,-81.8805,26.5220756,0.0
6200151893,-81.8806059,26.522159,0.0
6200151918,-81.8827517,26.5222289,0.0
6200151920,-81.8820925,26.5208105,0.0
6200151922,-81.880629,26.5219431,0.0
6200151932,-81.8807413,26.5220504,0.0
6200151943,-81.8821442,26.5214861,0.0
6200162223,-81.8802317,26.5207925,0.0
6200162224,-81.8803573,26.5209253,0.0
6200583384,-81.8880218,26.531085,185.0
6215220556,-81.8912501,26.5248954,0.0
6215220560,-81.8911573,26.5260879,0.0
6215220568,-81.8912071,26.5262856,0.0
6215220570,-81.8895174,26.5253084,0.0
6215220571,-81.8896914,26.5253084,0.0
6215220576,-81.8889503,26.5246257,512.0
6215220577,-81.8889544,26.5247818,0.0
6215220885,-81.8880929,26.5251868,28.0
6215220886,-81.8882501,26.5252314,110.0
6215220887,-81.8879723,26.5255419,368.0
6215220888,-81.889698,26.5254713,0.0
6215220889,-81.8891629,26.5256797,0.0
6215220890,-81.8891702,26.5258462,334.0
6215220892,-81.8896368,26.5260165,0.0
6215220896,-81.8879326,26.5265485,374.0
6215220897,-81.8879555,26.5262173,0.0
6215220898,-81.8877764,26.5262046,53.0
6215220900,-81.8877637,26.5266734,0.0
6215220902,-81.8878449,26.5257955,212.0
6215328778,-81.9000651,26.5315943,667.0
6215328779,-81.8999623,26.5318724,0.0
6215328890,-81.9001908,26.5318822,0.0
6215328892,-81.9002734,26.531664,958.0
6270628612,-81.8907699,26.5306031,0.0
6270628613,-81.8907661,26.5312704,587.0
6302060427,-81.8770226,26.5188866,2786.0
6302060445,-81.8743945,26.521459,0.0
6302060447,-81.8757886,26.5213395,911.0
6302060448,-81.873074,26.5237294,0.0
6302060452,-81.8738523,26.5238653,0.0
6302175657,-81.8850942,26.5197523,764.0
6302175660,-81.8830535,26.5199945,85.0
6302175663,-81.8837864,26.5200179,216.0
6302175664,-81.8833707,26.5199831,153.0
6302175671,-81.8849807,26.5201637,1042.0
6302175672,-81.8851047,26.5201601,415.0
6302175673,-81.884125,26.5205249,0.0
6302175674,-81.8841311,26.5206481,0.0
6302209112,-81.9126226,26.4991412,0.0
6302209117,-81.9133771,26.4996187,0.0
6302209118,-81.9127755,26.5001779,39.0
6302209119,-81.913533,26.4994742,0.0
6302209120,-81.9129087,26.500053,0.0
6302209121,-81.9125671,26.4997629,16.0
6302217826,-81.8696237,26.4971756,0.0
6302331619,-81.8652041,26.4928917,0.0
6302331628,-81.8637131,26.492912,0.0
6302331629,-81.8659792,26.4928845,0.0
6302408388,-81.8656675,26.5267953,0.0
6302408389,-81.8656795,26.5272578,0.0
6302408390,-81.8649675,26.5272771,0.0
6302408391,-81.8648644,26.5272748,0.0
6302408393,-81.8676395,26.5259067,0.0
6302408395,-81.8677515,26.5259079,0.0
6302408397,-81.8677609,26.5267587,0.0
6302408398,-81.8649539,26.5268079,0.0
6302408399,-81.8648507,26.5268055,0.0
6302433984,-81.8859489,26.5193309,151.0
6302434191,-81.8868166,26.5192949,728.0
6302434192,-81.8863767,26.5194449,45.0
6304043722,-81.9056551,26.4274199,0.0
6304043724,-81.9067241,26.42814,0.0
6304043726,-81.9060159,26.4275527,0.0
6304043727,-81.9072408,26.4287049,0.0
6304043731,-81.9077401,26.4291806,0.0
6304043748,-81.90467,26.4272836,0.0
6304101891,-81.8667799,26.5092828,0.0
6304101892,-81.8667173,26.5096382,0.0
6304101911,-81.8681378,26.5092884,284.0
6304101916,-81.8685582,26.5097302,664.0
6304139544,-81.9000895,26.5227773,0.0
6304139927,-81.9184801,26.501826,0.0
6304139937,-81.9187594,26.5011805,0.0
6322353560,-81.9296416,26.4942591,0.0
6753254963,-81.9054983,26.5094415,0.0
6753254967,-81.905679,26.509285,0.0
6756084973,-81.9169032,26.5154751,194.0
6781953867,-81.8815161,26.5228421,0.0
6782210655,-81.8818751,26.5221331,0.0
6782210661,-81.8820451,26.521918,0.0
6782289917,-81.8828844,26.5223334,0.0
6788484176,-81.86409,26.5153775,367.0
6788484178,-81.8640658,26.5160054,0.0
6788484179,-81.864069,26.5163892,0.0
6788484180,-81.8641978,26.5163951,0.0
6788484182,-81.8642211,26.516823,0.0
6788484184,-81.8640114,26.5168585,0.0
6788499591,-81.8640813,26.5156557,41.0
6788499596,-81.865289,26.5163212,0.0
6788499598,-81.866118,26.517418,0.0
6788499600,-81.8648716,26.5165207,0.0
6788499603,-81.8652621,26.5165118,0.0
6788499604,-81.865066,26.5164184,0.0
6788499609,-81.8640766,26.5158035,0.0
6788499610,-81.8650224,26.5159401,0.0
6788499611,-81.8648178,26.5160469,0.0
6788499615,-81.8644303,26.5167462,0.0
6947764573,-81.895079,26.4079327,0.0
6947764576,-81.89595,26.4082231,0.0
6957344473,-81.895777,26.5151125,0.0
6976381324,-81.8718565,26.5177141,518.0
6976381329,-81.8733808,26.5182142,0.0
6976381330,-81.8728545,26.5184701,0.0
6976381344,-81.8718736,26.51888,1083.0
6986715239,-81.8981917,26.5053664,0.0
6986715240,-81.8982049,26.5057625,0.0
6986715241,-81.8978821,26.5057731,0.0
6986715242,-81.8987185,26.5053546,0.0
6986715247,-81.8987157,26.5051759,0.0
7011017093,-81.895567,26.4118083,0.0
7011017097,-81.8953185,26.4117987,0.0
7011017109,-81.8960081,26.413811,0.0
7011017110,-81.8963525,26.4138087,0.0
7011017112,-81.8950713,26.4117923,0.0
7011017122,-81.8934258,26.4127923,0.0
7011017133,-81.8931951,26.4123273,0.0
7011017134,-81.8933461,26.4126317,0.0
7011017135,-81.8931514,26.4127116,0.0
7011017136,-81.8932676,26.4124735,0.0
7011017137,-81.8929908,26.4125931,0.0
7011017138,-81.8942671,26.4147149,0.0
7011017139,-81.8938426,26.4151078,0.0
7011017142,-81.8940571,26.4151629,0.0
7011017145,-81.8940611,26.4156517,0.0
7011031396,-81.8640078,26.5145852,0.0
7011031414,-81.8640548,26.5151646,0.0
7011031418,-81.8640214,26.5135024,0.0
7011031424,-81.8647679,26.5126791,0.0
7011037508,-81.8718783,26.5334772,0.0
7011037509,-81.8724088,26.5334729,0.0
7011037517,-81.8716889,26.5330964,0.0
7011037523,-81.871717,26.5334718,0.0
7011037526,-81.8723151,26.5326914,0.0
7011037530,-81.8713923,26.5330949,0.0
7011065918,-81.866053,26.517324,0.0
7011065922,-81.8652589,26.5177861,0.0
7011065923,-81.8657347,26.5168629,0.0
7011065926,-81.8659034,26.5174075,0.0
7011065927,-81.8644658,26.5187263,0.0
7011065933,-81.8647189,26.5176107,0.0
7011065934,-81.8669258,26.5172118,0.0
7011065941,-81.8662746,26.5168002,0.0
7011065942,-81.8689843,26.5171663,344.0
7011065945,-81.8690372,26.5165614,0.0
7011065949,-81.8694313,26.5171599,99.0
7011065950,-81.867755,26.5171861,223.0
7011065956,-81.8684991,26.5177538,0.0
7011065957,-81.8658728,26.517692,0.0
7011065962,-81.8669096,26.519144,0.0
7011065964,-81.8669879,26.5193139,0.0
7011065965,-81.8661599,26.5178265,0.0
7011083496,-81.8657008,26.5186857,0.0
7011083497,-81.8655697,26.5187561,0.0
7011083498,-81.8661835,26.5196822,0.0
7011083499,-81.8656369,26.5199728,0.0
7011083501,-81.8688924,26.5209958,0.0
7011083503,-81.868659,26.5212043,0.0
7011083504,-81.8687,26.5213191,0.0
7011083505,-81.8693324,26.5221934,0.0
7011083506,-81.8691855,26.5219897,0.0
7011083515,-81.8681614,26.5218186,0.0
7011083516,-81.8681838,26.5219582,0.0
7011083517,-81.8682047,26.5220639,0.0
7011148986,-81.9053075,26.509621,0.0
7011222414,-81.9062187,26.4840466,2958.0
7011222422,-81.9050814,26.4829689,0.0
7011222427,-81.9036542,26.4830624,268.0
7011222436,-81.9043849,26.4828909,101.0
7011222437,-81.9050267,26.483139,608.0
7011222438,-81.9056402,26.4834365,433.0
7011222439,-81.9057731,26.4832819,0.0
7011222464,-81.9034339,26.4844834,666.0
7011222465,-81.9052855,26.48347,119.0
7011222466,-81.9040086,26.4834337,442.0
7011222467,-81.9038114,26.4832116,222.0
7011222468,-81.9055864,26.4870484,681.0
7011222482,-81.9033824,26.4870834,749.0
7011222483,-81.9045838,26.4870911,1255.0
7011222484,-81.9045948,26.4868902,141.0
7011222975,-81.9122887,26.5000254,157.0
7011222978,-81.9113288,26.4999379,0.0
7011222979,-81.9117621,26.5004607,0.0
7011222980,-81.9117412,26.499925,0.0
7011222981,-81.9118417,26.500427,0.0
7011226185,-81.9026734,26.4848429,540.0
7011234785,-81.9117527,26.5000456,0.0
7011234786,-81.9126309,26.4994477,0.0
7011234787,-81.9112966,26.4994843,136.0
7011234796,-81.9135007,26.4991776,0.0
7011234800,-81.9139744,26.4992548,0.0
7011234802,-81.9129365,26.4985748,0.0
7011250408,-81.9098685,26.4906163,1442.0
7011250416,-81.9094139,26.4931071,110.0
7011250417,-81.9092673,26.4929944,361.0
7011250420,-81.9092739,26.4935289,35.0
7011250421,-81.9090762,26.4935212,336.0
7011250422,-81.9089252,26.4879378,131.0
7011250423,-81.9088598,26.488052,56.0
7011250429,-81.90943,26.4894312,225.0
7011250431,-81.9096401,26.4906487,440.0
7011250435,-81.9096352,26.4919623,532.0
7011250439,-81.9088839,26.4931813,13.0
7011250440,-81.9089983,26.4932769,236.0
7011250441,-81.9098189,26.4920142,1143.0
7011250442,-81.9096298,26.4893801,1114.0
7011250447,-81.9080199,26.4877376,913.0
7011250448,-81.9073808,26.4942295,839.0
7011250450,-81.9071923,26.4944678,0.0
7011250451,-81.9071993,26.4946038,0.0
7011250456,-81.9079791,26.4949817,0.0
7011250458,-81.908259,26.4950468,0.0
7011250459,-81.9083883,26.4949572,0.0
7011250469,-81.907056,26.4947896,0.0
7011250470,-81.9084568,26.494898,0.0
7011260936,-81.9146834,26.5108106,0.0
7011260942,-81.9145123,26.510532,0.0
7011267769,-81.872698,26.5246471,83.0
7011267771,-81.8718535,26.5254363,0.0
7011267772,-81.8717723,26.5255702,0.0
7011267773,-81.8718904,26.5257107,0.0
7011267774,-81.8694263,26.5289125,0.0
7011267775,-81.8682475,26.5289359,0.0
7011267776,-81.8707433,26.5298156,0.0
7011267778,-81.8707824,26.5287725,0.0
7011267781,-81.8707821,26.5289461,0.0
7011267782,-81.8729869,26.5279668,0.0
7011291894,-81.8716147,26.5295806,0.0
7011291895,-81.8713662,26.5296147,0.0
7011291898,-81.8713692,26.5299515,0.0
7011291900,-81.8723874,26.5297214,0.0
7011291903,-81.8716476,26.5299472,0.0
7011352519,-81.8913588,26.5283198,0.0
7011352532,-81.8913222,26.5284385,0.0
7011352534,-81.8913589,26.5282641,0.0
7011420060,-81.8710549,26.5254185,0.0
7011420065,-81.8707094,26.5254136,0.0
7011420072,-81.8704087,26.5256732,0.0
7011420079,-81.8706964,26.525499,0.0
7011420080,-81.8703746,26.5254231,0.0
7011420081,-81.8702082,26.5254239,0.0
7011573877,-81.8981823,26.5133374,30.0
7011573880,-81.8982786,26.5135877,0.0
7011615489,-81.8978624,26.5140266,0.0
7011615490,-81.8977002,26.5139588,168.0
7011615501,-81.897221,26.5133556,0.0
7011615505,-81.8961189,26.5138777,0.0
7011692884,-81.8951921,26.5256728,105.0
7011735585,-81.895008,26.5256548,55.0
7011735597,-81.8931143,26.5246351,0.0
7011735598,-81.8934185,26.5244105,555.0
7011735599,-81.893449,26.524619,0.0
7011735600,-81.8946455,26.5244057,145.0
7011735601,-81.8945103,26.5247435,0.0
7011735603,-81.8931094,26.5279311,0.0
7011735615,-81.8950106,26.526443,0.0
7011735618,-81.8952052,26.5264344,79.0
7011735620,-81.8949796,26.5273843,0.0
7011735621,-81.894033,26.5281295,137.0
7011735622,-81.8940515,26.5279515,0.0
7011735623,-81.8931085,26.528102,195.0
7011735624,-81.8919766,26.5273277,186.0
7011735625,-81.8922083,26.5273254,0.0
7011735626,-81.8918538,26.5265432,211.0
7011735627,-81.89209,26.5265027,0.0
7012984801,-81.8802926,26.5204497,14.0
7012984807,-81.8801421,26.5203075,316.0
7012984808,-81.8801865,26.5204769,67.0
7012984817,-81.8796935,26.5199538,247.0
7012984818,-81.878848,26.5209212,1747.0
7012984821,-81.8782825,26.5205753,542.0
7012984822,-81.8779734,26.521658,140.0
7012984826,-81.877194,26.5214659,0.0
7012984827,-81.8772962,26.5211048,147.0
7012984828,-81.8777569,26.5215822,0.0
7013125647,-81.8977269,26.5212979,0.0
7013125648,-81.898062,26.5212897,0.0
7013125649,-81.8980441,26.5209151,0.0
7013125650,-81.8985469,26.5209103,229.0
7013125652,-81.8970956,26.5210491,0.0
7013125657,-81.8961914,26.5209545,0.0
7013125658,-81.8956508,26.5209711,0.0
7013125659,-81.89566,26.521434,0.0
7013125661,-81.8958055,26.5215772,0.0
7013125662,-81.8941674,26.5216167,0.0
7013125663,-81.8941594,26.5213869,0.0
7013125664,-81.8933857,26.5213988,0.0
7013151864,-81.8991847,26.5329245,0.0
7013151870,-81.8995131,26.53303,0.0
7013232985,-81.887158,26.4084762,0.0
7013243049,-81.8948515,26.532519,0.0
7013243062,-81.8950446,26.5318568,0.0
7013243063,-81.8939261,26.5325269,46.0
7013243068,-81.8939951,26.532671,0.0
7013243071,-81.8940627,26.53309,0.0
7013243072,-81.8945752,26.5326702,0.0
7013243073,-81.8919935,26.5320205,0.0
7013243074,-81.8920062,26.5325542,281.0
7013243075,-81.8920013,26.5323475,0.0
7013243078,-81.8923543,26.5325003,0.0
7013411758,-81.9027323,26.5205811,135.0
7013411759,-81.9027423,26.5207921,18.0
7013411761,-81.9029418,26.5213833,95.0
7013411766,-81.9013626,26.5214329,0.0
7013411767,-81.9026922,26.5208257,0.0
7013411770,-81.9024475,26.5215209,0.0
7013411771,-81.901356,26.5204217,0.0
7013411776,-81.9011365,26.5201925,0.0
7013431985,-81.9023495,26.5166119,0.0
7013543216,-81.8713886,26.5320697,0.0
7013543219,-81.8726418,26.5319939,0.0
7013543220,-81.8708762,26.5321608,0.0
7013543221,-81.8706107,26.5321782,0.0
7013543223,-81.8696834,26.5319262,0.0
7013543224,-81.8696866,26.5316374,0.0
7013543229,-81.8708767,26.5326695,0.0
7013543230,-81.8709044,26.5334485,0.0
7013543231,-81.8680853,26.5334736,0.0
7013543232,-81.8706258,26.5326653,0.0
7013543234,-81.8683059,26.5321199,0.0
7013543236,-81.8677869,26.5325604,0.0
7013543238,-81.8683094,26.5327841,0.0
7013594194,-81.899398,26.50559,244.0
7013594207,-81.8990055,26.5056219,91.0
7013594209,-81.8990045,26.5055573,125.0
7013594223,-81.8989987,26.5051698,167.0
7013594224,-81.8981985,26.5055702,0.0
7013594225,-81.898725,26.5055558,0.0
7013614811,-81.899612,26.507932,0.0
7013614813,-81.8993047,26.5079776,91.0
7013614814,-81.899049,26.5100711,147.0
7013614815,-81.8996165,26.5100933,0.0
7013614817,-81.8996331,26.5110354,0.0
7013614819,-81.8989236,26.5110738,0.0
7013655016,-81.8930299,26.5105942,0.0
7013655020,-81.8940685,26.5105626,0.0
7013698264,-81.864572,26.5327741,0.0
7013698266,-81.8645745,26.5325007,0.0
7013698267,-81.8648492,26.5326502,100.0
7013698268,-81.8645745,26.5326591,0.0
7013789329,-81.9101142,26.5025647,0.0
7013789336,-81.9097479,26.5023081,0.0
7013789337,-81.909958,26.5024245,0.0
7013789353,-81.9095842,26.5027538,0.0
7013789360,-81.9094096,26.5029166,69.0
7013808026,-81.9102779,26.5294683,0.0
7013808029,-81.9103818,26.529951,0.0
7013821226,-81.8863409,26.5158072,0.0
7013821227,-81.8857432,26.5156303,0.0
7013821232,-81.8852181,26.5137503,0.0
7013851615,-81.8890802,26.5220153,0.0
7013851622,-81.8891966,26.5212842,0.0
7013851626,-81.8892067,26.5218179,0.0
7013851628,-81.88894,26.5218996,0.0
7013861070,-81.8959388,26.5141769,0.0
7013861080,-81.8958836,26.514192,0.0
7013881500,-81.9118699,26.4342869,0.0
7013881502,-81.9112042,26.4339395,0.0
7013892982,-81.9114579,26.5151174,0.0
7014018394,-81.8735545,26.5228992,0.0
7014018399,-81.8730439,26.5223017,57.0
7014213749,-81.9190333,26.5005072,0.0
7014411656,-81.9032852,26.5311711,788.0
7014411658,-81.9029986,26.5309508,1818.0
7016239175,-81.9061189,26.5033676,1375.0
7016239182,-81.9062588,26.5023538,229.0
7016291972,-81.8642299,26.5016654,89.0
7016327074,-81.8919318,26.5145918,791.0
7016327082,-81.8919319,26.5143575,151.0
7016372995,-81.9035041,26.4242302,0.0
7016372997,-81.9038097,26.4246179,0.0
7016461448,-81.9162723,26.4371914,0.0
7016489936,-81.8948163,26.5141281,0.0
7016489938,-81.894753,26.5146357,95.0
7016489940,-81.8942558,26.5144987,1033.0
7025409785,-81.9100162,26.4920778,190.0
7054106110,-81.9006099,26.5205981,246.0
7054106111,-81.9014158,26.520593,0.0
7054106116,-81.8977601,26.5233714,0.0
7054127263,-81.9118699,26.5174995,28.0
7054127264,-81.9118685,26.5174037,0.0
7054127265,-81.9109082,26.5175128,0.0
7054127266,-81.9109109,26.5174145,0.0
7054127267,-81.9121527,26.5174973,168.0
7054127269,-81.9115161,26.5175092,80.0
7054127270,-81.9113342,26.5175128,99.0
7054127271,-81.9107029,26.5175148,0.0
7054127275,-81.9122936,26.5174433,538.0
7054127276,-81.9072965,26.5183457,140.0
7054127280,-81.9070499,26.5182857,91.0
7054140085,-81.9067816,26.5182137,0.0
7054140087,-81.9069238,26.5178585,0.0
7054140089,-81.9075304,26.5178266,0.0
7054140090,-81.9074382,26.517809,0.0
7059362453,-81.8763511,26.5239186,0.0
7059362454,-81.8758481,26.5237629,0.0
7059362459,-81.8754757,26.5244392,0.0
7059423762,-81.8891104,26.5143534,353.0
7059423763,-81.8890687,26.5142621,225.0
7062713920,-81.8971435,26.4152856,0.0
7062713921,-81.8971435,26.4151776,0.0
7062713923,-81.8962863,26.4151401,0.0
7062713924,-81.8962924,26.4152949,0.0
7062713927,-81.8958743,26.4148414,0.0
7062713928,-81.8974866,26.4148761,0.0
7069653778,-81.8705191,26.5171416,944.0
7069653780,-81.8705251,26.5166524,0.0
7069779034,-81.8707891,26.5223581,85.0
7069779037,-81.8703855,26.5220755,0.0
7069779040,-81.8704258,26.5224343,0.0
7069779042,-81.870813,26.5230499,92.0
7079450776,-81.8740327,26.5161822,0.0
7081882020,-81.8995394,26.4152587,0.0
7081882021,-81.8995533,26.4155912,0.0
7083844526,-81.8685439,26.5010733,2.0
7083844527,-81.868728,26.5010792,0.0
7083844532,-81.8685342,26.501437,0.0
7087789306,-81.8921636,26.530153,0.0
7087789308,-81.8920863,26.5302925,0.0
7087789309,-81.8915827,26.5300798,0.0
7087789310,-81.8923969,26.5304954,0.0
7087922822,-81.868086,26.5333101,0.0
7087922824,-81.8676924,26.5327294,96.0
7088053665,-81.8946622,26.5136892,0.0
7094841898,-81.8986962,26.4152686,0.0
7094841905,-81.8981528,26.4151279,0.0
7094841908,-81.8981525,26.4152738,0.0
7094841910,-81.8981525,26.4152544,0.0
7094841912,-81.8976093,26.4147026,0.0
7094841913,-81.8986849,26.4151561,0.0
7094841915,-81.8987678,26.4148302,0.0
7094886489,-81.9073272,26.5043541,221.0
7094886498,-81.9069669,26.5046041,43.0
7094886499,-81.9064546,26.5053386,679.0
7094886508,-81.9061679,26.5055217,423.0
7094886509,-81.9043126,26.5062305,190.0
7094886511,-81.9041348,26.5063105,0.0
7094886529,-81.9032982,26.5040045,0.0
7101380519,-81.8918426,26.5139704,62.0
7101380525,-81.8885704,26.5161179,437.0
7101380531,-81.8890401,26.5161024,468.0
7101380532,-81.8943089,26.5163777,32.0
7111227489,-81.9020273,26.4871086,472.0
7111227494,-81.9016038,26.4869431,1315.0
7111446670,-81.894168,26.531037,234.0
7111446684,-81.8925085,26.5305502,0.0
7111476485,-81.892859,26.5307001,0.0
7111476486,-81.8934051,26.5307637,0.0
7111476487,-81.8933208,26.5309104,0.0
7111476488,-81.8939715,26.5326612,33.0
7111476494,-81.8930092,26.5325347,0.0
7111624976,-81.8899532,26.5326617,443.0
7111624982,-81.8896655,26.5331469,0.0
7111624983,-81.8913986,26.5326511,252.0
7111647700,-81.8910368,26.5326539,526.0
7111647701,-81.8908292,26.5326561,352.0
7111647713,-81.8903215,26.5326552,310.0
7111647714,-81.8894887,26.5326682,159.0
7111647729,-81.8895141,26.5320457,0.0
7111647730,-81.88887,26.5326813,372.0
7111647740,-81.888532,26.5326924,235.0
7111647745,-81.8879217,26.5323428,102.0
7113549196,-81.8900146,26.4101586,0.0
7113549208,-81.8890076,26.4094997,0.0
7113549209,-81.8888841,26.409497,0.0
7113549214,-81.8892245,26.409956,0.0
7113608619,-81.8698456,26.5154828,0.0
7113608630,-81.8707295,26.5158099,0.0
7113840555,-81.8688114,26.5335771,0.0
7113938353,-81.8876324,26.5139553,450.0
7114174954,-81.8883033,26.5250604,141.0
7114174955,-81.8885967,26.5251475,0.0
7122319749,-81.8979656,26.4898163,0.0
7139099824,-81.8678723,26.5335793,0.0
7139375497,-81.9019136,26.4907781,1410.0
7139375499,-81.9022985,26.4905316,1369.0
7145107042,-81.9045515,26.5158929,0.0
7147803812,-81.8939552,26.4912913,1312.0
7147803818,-81.8943979,26.4914603,254.0
7148048346,-81.9008701,26.424603,0.0
7148341496,-81.8952883,26.4153096,0.0
7148341497,-81.8952793,26.4151672,0.0
7148341499,-81.8948983,26.415313,0.0
7155292544,-81.8937016,26.413482,0.0
7171367414,-81.8996519,26.5208683,0.0
7171367415,-81.8996567,26.5214237,0.0
7171367417,-81.900027,26.5208043,0.0
7171367418,-81.9007681,26.5214138,0.0
7171367428,-81.9007717,26.5216216,0.0
7171367432,-81.9006226,26.5214151,0.0
7180407974,-81.8780432,26.5191158,416.0
7180407983,-81.8780929,26.5189089,785.0
7180842021,-81.9033877,26.4845678,96.0
7183522680,-81.89594,26.5209624,68.0
7183522682,-81.8959496,26.5214639,0.0
7183545488,-81.8958026,26.5214664,0.0
7187744674,-81.8920834,26.5129193,0.0
7187744675,-81.892081,26.5124962,0.0
7189398659,-81.9101218,26.4330948,0.0
7192451805,-81.9120134,26.4987362,0.0
7200279709,-81.9077834,26.5038579,250.0
7200279715,-81.9076157,26.5032959,518.0
7203100025,-81.8684798,26.5212662,0.0
7203100031,-81.8684404,26.5215465,0.0
7203134892,-81.910549,26.5251007,0.0
7203134899,-81.9108261,26.524683,0.0
7203305056,-81.893644,26.4133285,0.0
7203305057,-81.8933133,26.4134842,0.0
7203305058,-81.8935798,26.4131574,0.0
7203305059,-81.8932228,26.4133382,0.0
7203305060,-81.893501,26.4129635,0.0
7203305061,-81.8932088,26.4131113,0.0
7205525874,-81.8678401,26.518415,0.0
7207977988,-81.8672228,26.5182017,0.0
7207977989,-81.8674154,26.5180879,0.0
7207977990,-81.8679055,26.5188415,0.0
7208366770,-81.8888861,26.409521,0.0
7208366771,-81.888707,26.4095825,0.0
7208366777,-81.8888451,26.4092463,0.0
7210873592,-81.8747725,26.5230432,0.0
7210873595,-81.8742763,26.5229951,0.0
7217729643,-81.888856,26.5156715,0.0
7217729650,-81.8888054,26.5161095,184.0
7217793338,-81.9107065,26.5305628,5.0
7217793340,-81.9107219,26.5307585,0.0
7218258942,-81.8680144,26.5180639,0.0
7218258943,-81.8669776,26.5173897,0.0
7218258947,-81.8675918,26.5173448,0.0
7218258948,-81.8675903,26.5171903,89.0
7226537671,-81.8922522,26.4111514,0.0
7226537681,-81.8919815,26.4109771,0.0
7227070913,-81.8968703,26.5133624,65.0
7227070916,-81.8964521,26.5133705,0.0
7227115105,-81.8905711,26.5146173,140.0
7227115107,-81.8901331,26.5148093,974.0
7227115108,-81.8877503,26.5161725,991.0
7227115113,-81.8876909,26.5157476,185.0
7229628345,-81.8980291,26.4172235,0.0
7229628352,-81.8991762,26.4172102,0.0
7229901937,-81.8664261,26.5022621,417.0
7229901943,-81.8662832,26.5020082,424.0
7230604419,-81.8724187,26.5283786,0.0
7230604422,-81.8724561,26.5291863,0.0
7230604427,-81.8726172,26.5283769,0.0
7230604429,-81.8716944,26.5292217,0.0
7231880498,-81.8654882,26.5018946,437.0
7232846854,-81.8939504,26.5325267,0.0
7232846855,-81.8939451,26.5324182,0.0
7232846856,-81.8932857,26.5324275,0.0
7232846857,-81.8932927,26.5325323,242.0
7232846858,-81.8944523,26.5324043,0.0
7232846860,-81.8929019,26.5322711,0.0
7238400331,-81.8708625,26.5308219,0.0
7238400332,-81.8704084,26.5308315,0.0
7238400333,-81.8704191,26.5316258,0.0
7238400334,-81.8704162,26.5314226,0.0
7238400335,-81.8690169,26.5314615,0.0
7238400336,-81.8690187,26.531637,0.0
7238400337,-81.86993,26.53163,0.0
7238400338,-81.8699187,26.5314364,0.0
7257240452,-81.8680469,26.4959763,280.0
7257240469,-81.8702042,26.4954405,0.0
7257240470,-81.8689482,26.4965641,0.0
7257240472,-81.8696907,26.4966656,0.0
7262785690,-81.8874047,26.5237597,93.0
7265416350,-81.8966755,26.4908249,146.0
7265416355,-81.8964038,26.4911497,788.0
7281816471,-81.8973259,26.5143392,70.0
7281816472,-81.8974442,26.5144506,74.0
7281816473,-81.8976362,26.5145854,71.0
7281816474,-81.8975081,26.5146873,0.0
7287716204,-81.8713814,26.5311187,0.0
7287716205,-81.8716861,26.5311179,0.0
7287716206,-81.8716907,26.5314212,0.0
7287716207,-81.8713837,26.5314283,0.0
7290745690,-81.8659265,26.5327547,303.0
7298657144,-81.8855892,26.5163196,0.0
7353311364,-81.8920044,26.5161837,525.0
7353311369,-81.8916004,26.516512,0.0
7358971828,-81.8642257,26.5016254,1012.0
7404310617,-81.8986212,26.4873901,408.0
7413409274,-81.872201,26.5171308,912.0
7413416886,-81.8718537,26.5175207,206.0
7414264582,-81.9093403,26.4877535,0.0
7414264583,-81.9093457,26.487969,392.0
7414277087,-81.9090097,26.4877999,0.0
7457329668,-81.8915276,26.5141061,0.0
7459075296,-81.9007688,26.5212512,0.0
7459075297,-81.9007553,26.5208318,0.0
7546852277,-81.8779104,26.5228437,0.0
7546852282,-81.8773593,26.5233108,652.0
7556699107,-81.9067639,26.4316283,0.0
7556699142,-81.8865893,26.4059121,0.0
7556699155,-81.9013716,26.4140078,0.0
7556699159,-81.8969349,26.4175652,0.0
7561774836,-81.8901302,26.5326569,124.0
7561774848,-81.8897883,26.5326649,508.0
7561774849,-81.8894621,26.5326685,459.0
7561774857,-81.8890452,26.5326755,290.0
7561840352,-81.8924134,26.5214145,33.0
7561840356,-81.8938591,26.5211861,0.0
7561840357,-81.89456,26.5211652,0.0
7561840358,-81.8941503,26.5211774,0.0
7561840359,-81.8936682,26.5211922,0.0
7562148366,-81.9189735,26.5240079,541.0
7562733871,-81.8715312,26.5241554,0.0
7564548391,-81.9164745,26.520985,0.0
7564548399,-81.916027,26.5215627,0.0
7564667678,-81.8990814,26.5094556,580.0
7564688785,-81.8987631,26.5094792,932.0
7564688793,-81.8980495,26.5102262,0.0
7564688794,-81.8980356,26.5100631,0.0
7564688796,-81.8978242,26.5102495,0.0
7564688797,-81.8987456,26.5125007,0.0
7564688799,-81.8997457,26.5128305,0.0
7564688806,-81.9006934,26.5124468,0.0
7564688807,-81.8995829,26.5126939,0.0
7564688809,-81.8990396,26.5131632,0.0
7564688811,-81.8989117,26.513147,0.0
7564891014,-81.9078976,26.4299305,0.0
7565404084,-81.9045425,26.5063635,679.0
7565433287,-81.9039357,26.5077482,0.0
7568045785,-81.901077,26.5233102,0.0
7568045786,-81.9006469,26.523296,0.0
7568728173,-81.9117777,26.5007066,0.0
7568728181,-81.9114313,26.5012323,0.0
7569259803,-81.8899711,26.5036834,0.0
7569259812,-81.8902465,26.5034096,0.0
7569259814,-81.8900629,26.5032179,0.0
7569358324,-81.8706365,26.5334511,0.0
7569358327,-81.869142,26.5334645,0.0
7569358330,-81.8701479,26.5334557,0.0
7569358332,-81.8695705,26.5334608,0.0
7591904530,-81.8942376,26.5161364,1733.0
7591904539,-81.8944152,26.516221,0.0
7592719642,-81.907043,26.494803,0.0
7592719643,-81.9082405,26.4952654,0.0
7592719644,-81.9069296,26.4949912,0.0
7594332439,-81.8741247,26.5237223,0.0
7594332440,-81.8747454,26.5237401,0.0
7594332441,-81.8743363,26.5222302,0.0
7594492373,-81.8729667,26.5283439,0.0
7594492377,-81.8716666,26.5293956,0.0
7594492378,-81.8742,26.5260924,0.0
7594492381,-81.874032,26.5268791,0.0
7594492382,-81.8741499,26.5268716,0.0
7594522486,-81.8736001,26.5274515,0.0
7594522493,-81.8717731,26.5268929,0.0
7594522495,-81.8695447,26.5259128,0.0
7594522496,-81.8695598,26.527546,0.0
7594522497,-81.8708015,26.5270329,0.0
7594522499,-81.8706134,26.5264022,0.0
7594725184,-81.908502,26.4931799,1182.0
7594751085,-81.9085876,26.4930439,1339.0
7594751086,-81.9088502,26.4932093,0.0
7594830288,-81.9011597,26.5169312,0.0
7594830291,-81.8993928,26.5169545,471.0
7601305839,-81.8741321,26.5045034,0.0
7601305841,-81.8744676,26.5043649,0.0
7601427886,-81.8892426,26.5143514,898.0
7601427890,-81.8893807,26.5140382,0.0
7601427891,-81.8877998,26.5161685,214.0
7601427902,-81.8883464,26.516126,588.0
7601562010,-81.9041379,26.5032864,124.0
7601562011,-81.9042153,26.5028047,617.0
7601780548,-81.8656672,26.5189032,0.0
7601780549,-81.8650909,26.5192194,0.0
7601780550,-81.865762,26.5190463,0.0
7601780551,-81.8651961,26.5193645,0.0
7601780552,-81.8658518,26.5191818,0.0
7601780553,-81.8652921,26.519497,0.0
7601780554,-81.8660947,26.5195483,0.0
7601780555,-81.8655448,26.5198458,0.0
7601780556,-81.865968,26.519357,0.0
7601780557,-81.8654196,26.519673,0.0
7601780558,-81.8663027,26.5192722,0.0
7601780559,-81.8670037,26.5188856,0.0
7601780560,-81.8662039,26.5191457,0.0
7601780561,-81.8669026,26.5187395,0.0
7601780562,-81.8668854,26.519155,0.0
7601780563,-81.8667794,26.5190093,0.0
7601780564,-81.8666835,26.5188669,0.0
7601997265,-81.8677791,26.5212608,0.0
7602433562,-81.8969366,26.5144427,0.0
7602433567,-81.8967253,26.5148928,0.0
7602433568,-81.8965283,26.5148915,107.0
7602433569,-81.8967262,26.5151224,0.0
7654809651,-81.8711413,26.5203157,0.0
7783249712,-81.900404,26.5208185,0.0
7783249713,-81.9004106,26.521417,0.0
7783267887,-81.9005792,26.5208251,0.0
7783267888,-81.9006003,26.5214153,0.0
7783297163,-81.8998642,26.5214218,0.0
7783297164,-81.8998498,26.5208079,0.0
7783318048,-81.9002286,26.5214186,0.0
7783318049,-81.9002058,26.520811,0.0
7793872278,-81.8898602,26.5145086,2004.0
7808818403,-81.8718962,26.5249666,0.0
7808818405,-81.872698,26.5249224,0.0
7808818409,-81.8699026,26.5250664,0.0
7808818410,-81.869892,26.5259108,0.0
7808818415,-81.8700779,26.5259097,0.0
7808818419,-81.8699317,26.5247018,0.0
7828697321,-81.8899597,26.5159417,771.0
7828697345,-81.8901333,26.5160155,389.0
7839485325,-81.8666186,26.529231,0.0
7839485327,-81.8668994,26.5287144,0.0
7839966657,-81.8708524,26.5260965,0.0
7839966664,-81.8703914,26.5261283,0.0
7842253068,-81.8825692,26.5187402,0.0
7842253071,-81.8829794,26.5184545,166.0
7842253077,-81.8828033,26.5192204,60.0
7842253079,-81.8818189,26.5197265,0.0
7847873312,-81.9041028,26.5059041,86.0
7847873319,-81.9034652,26.5059817,0.0
7848455543,-81.8856946,26.5198482,1747.0
7848455553,-81.8854791,26.5200792,7.0
7848455560,-81.8853202,26.5201106,54.0
7852052201,-81.8913812,26.5300572,0.0
7852052202,-81.8909361,26.5300596,20.0
8061992710,-81.8863607,26.5157294,0.0
8061992714,-81.8866574,26.5159218,91.0
8137099878,-81.875202,26.5221818,0.0
8137099881,-81.8748345,26.521939,0.0
8269675622,-81.8950427,26.5316769,0.0
8269675624,-81.8947225,26.5314008,367.0
8269675625,-81.894741,26.5325199,0.0
8269675626,-81.8949025,26.5320736,0.0
8269675636,-81.8984534,26.5322711,0.0
8269675637,-81.8982916,26.5322193,0.0
8269675638,-81.8986009,26.5316074,0.0
8269675639,-81.8987701,26.531672,0.0
8269675640,-81.8980507,26.5321353,0.0
8269675641,-81.8983477,26.5315116,0.0
8269726211,-81.8719058,26.5261977,0.0
8269726215,-81.8719237,26.5275388,0.0
8269726216,-81.8720973,26.5275356,0.0
8269732817,-81.8720925,26.5268505,0.0
8269732818,-81.872474,26.5275287,0.0
8269732819,-81.8724692,26.5268425,0.0
8269732820,-81.8726515,26.5275254,0.0
8269732821,-81.8726531,26.5268387,0.0
8269732822,-81.8728528,26.5275218,0.0
8269732823,-81.8728464,26.5268382,0.0
8269732824,-81.873032,26.5275185,0.0
8269732825,-81.8730335,26.5268394,0.0
8269732826,-81.8732216,26.5275026,0.0
8269732827,-81.8732174,26.5268406,0.0
8269732828,-81.8734192,26.5274756,0.0
8269732829,-81.8735825,26.526861,0.0
8269732830,-81.8737855,26.5274034,0.0
8269732831,-81.8737764,26.5268923,0.0
8269732832,-81.8739734,26.5273545,0.0
8269732833,-81.8739578,26.5268838,0.0
8270462032,-81.8685406,26.5334697,0.0
8270462036,-81.868539,26.5329712,0.0
8270462037,-81.8685313,26.5327829,0.0
8270462041,-81.8683522,26.5327839,0.0
8270462042,-81.8687161,26.5327819,0.0
8270462043,-81.8686973,26.5320037,0.0
8270558832,-81.8949312,26.4151688,0.0
8270558834,-81.8945751,26.4149203,0.0
8270558838,-81.8956938,26.4148874,0.0
8274120817,-81.885864,26.5158663,0.0
8274120823,-81.8862682,26.5160506,0.0
8274123737,-81.8674496,26.515052,133.0
8274123738,-81.867456,26.5155216,0.0
8274123742,-81.8691615,26.5158913,0.0
8276897902,-81.8972339,26.5144052,0.0
8276897905,-81.8971079,26.5144411,0.0
8276897907,-81.8970865,26.5149615,0.0
8276897908,-81.8965316,26.5152239,114.0
8276897909,-81.8961478,26.5152266,0.0
8276897910,-81.8972003,26.5162924,0.0
8276897916,-81.8968467,26.5165476,0.0
8277126545,-81.8657998,26.5172484,0.0
8277126548,-81.8655831,26.5175938,0.0
8277126553,-81.8653464,26.5179242,0.0
8277126554,-81.8677851,26.5180663,0.0
8277126558,-81.866638,26.5195002,0.0
8277132811,-81.8690678,26.5204697,0.0
8277500437,-81.9008689,26.4152996,82.0
8277500439,-81.9015077,26.4152209,0.0
8280646777,-81.8651323,26.5272726,0.0
8280720906,-81.8888488,26.5218488,0.0
8280720907,-81.8884146,26.5222225,0.0
8280720908,-81.8886735,26.5224594,265.0
8280720913,-81.8889087,26.5221044,0.0
8280720914,-81.8887339,26.5219477,0.0
8280777319,-81.8883281,26.5221243,100.0
8288125785,-81.9045777,26.5198247,0.0
8288125798,-81.9043243,26.519603,0.0
8288373036,-81.8909151,26.5268751,0.0
8288373045,-81.8910033,26.5270264,0.0
8288373046,-81.8912935,26.5280798,0.0
8288373055,-81.8910878,26.5273004,0.0
8288619426,-81.8779877,26.5179058,1046.0
8288677454,-81.8924017,26.5320161,0.0
8288677455,-81.8923987,26.5319176,483.0
8288677457,-81.8919329,26.5318879,0.0
8288677459,-81.892721,26.5319202,194.0
8288703197,-81.8827541,26.5214584,0.0
8289216841,-81.8659662,26.512672,435.0
8289216842,-81.8660475,26.5132715,0.0
8289431072,-81.8734455,26.5229023,0.0
8289431077,-81.8737159,26.5231864,0.0
8289481406,-81.8970239,26.5230233,0.0
8289481416,-81.8970211,26.5229183,0.0
8289630661,-81.8733444,26.5009053,114.0
8289836957,-81.8851165,26.5231338,821.0
8289836961,-81.8859367,26.5235678,0.0
8292119769,-81.9105696,26.5086668,0.0
8292119774,-81.9102488,26.5084062,0.0
8295074123,-81.8821906,26.5246566,0.0
8318498661,-81.8980186,26.5120679,0.0
8318498667,-81.8981584,26.5123879,0.0
8318498668,-81.8984338,26.5123848,0.0
8318498669,-81.8980232,26.5123891,0.0
8333366933,-81.9013792,26.521879,0.0
8333366942,-81.9013716,26.5216806,0.0
8336569544,-81.8919502,26.5106563,0.0
8336569546,-81.8914626,26.510475,0.0
8336716916,-81.8972839,26.5268556,0.0
8336725023,-81.8972865,26.5271205,0.0
8383152486,-81.8993522,26.5227993,86.0
8383152495,-81.8994545,26.522387,0.0
8386646417,-81.8702594,26.5334547,0.0
8386646418,-81.8702577,26.5332694,0.0
8386646419,-81.8700613,26.5334565,0.0
8386646420,-81.8700484,26.5330672,0.0
8386900924,-81.8919696,26.5254934,0.0
8386900925,-81.891893,26.5257384,0.0
8386900926,-81.8920936,26.525122,0.0
8389688287,-81.8685626,26.5017001,0.0
8389688288,-81.8680901,26.501842,706.0
8389873265,-81.9091379,26.5257985,0.0
8389873273,-81.909578,26.5256939,0.0
8396925520,-81.9090867,26.5257939,0.0
8397189785,-81.8686878,26.5217539,0.0
8397189787,-81.8689932,26.5220929,0.0
8397189789,-81.8688231,26.521941,0.0
8397189791,-81.8687055,26.5220572,0.0
8397189792,-81.8700534,26.5234136,0.0
8397189793,-81.8697495,26.5235285,0.0
8397189797,-81.8701214,26.5235673,0.0
8397189798,-81.8694791,26.5238172,0.0
8397189799,-81.8698166,26.5236859,0.0
8397391569,-81.8885313,26.5213778,0.0
8397457738,-81.9042008,26.513904,0.0
8404520158,-81.8823654,26.5189371,0.0
8404824994,-81.8694242,26.5288302,0.0
8404824997,-81.8701126,26.5288132,0.0
8404824998,-81.8700892,26.5284346,0.0
8404824999,-81.8696221,26.5288253,0.0
8404825000,-81.8696263,26.5284364,0.0
8404825001,-81.8698858,26.5288188,0.0
8404825002,-81.8698641,26.5284355,0.0
8404893870,-81.8713914,26.5323902,0.0
8404893875,-81.8724549,26.5324202,0.0
8404893876,-81.8717304,26.5325508,0.0
8404893877,-81.8717438,26.5324333,0.0
8405210835,-81.8889762,26.5301981,0.0
8406255704,-81.870781,26.5295924,0.0
8406255705,-81.8701032,26.5295991,0.0
8406255707,-81.8705928,26.5308276,0.0
8406255808,-81.8691524,26.5289179,0.0
8406255810,-81.8681944,26.5285786,0.0
8406255811,-81.8691486,26.5287529,0.0
8406255812,-81.8682462,26.5287578,0.0
8406255813,-81.8694307,26.5290906,0.0
8406255814,-81.8682487,26.5291001,0.0
8406313738,-81.8682512,26.5294558,0.0
8406313739,-81.8694395,26.5294416,0.0
8406313740,-81.8694435,26.529603,0.0
8406313741,-81.8682524,26.5296199,0.0
8406313742,-81.869448,26.5297839,0.0
8406313743,-81.8682537,26.5297938,0.0
8406313744,-81.8694522,26.5299536,0.0
8406313745,-81.8683382,26.5299627,0.0
8406313746,-81.8694353,26.5292736,0.0
8406313747,-81.86825,26.5292847,0.0
8406796499,-81.8914346,26.5158607,35.0
8406796500,-81.8916543,26.5158604,0.0
8406796511,-81.8919543,26.5160822,279.0
8406945378,-81.8725398,26.5144674,0.0
8406960557,-81.8674076,26.5022703,406.0
8406960563,-81.8670385,26.5024936,212.0
8407000323,-81.9004763,26.5236746,50.0
8407000324,-81.9000754,26.5237877,0.0
8407000325,-81.9000824,26.5236859,0.0
8407037966,-81.896756,26.525054,1222.0
8407037967,-81.8967464,26.5246303,0.0
8424663991,-81.9039825,26.5096681,129.0
8424663999,-81.9058818,26.5076677,0.0
8427605644,-81.9092753,26.4937869,1114.0
8447559348,-81.8693902,26.527548,0.0
8447559349,-81.8693569,26.5259139,0.0
8447559350,-81.8691969,26.5259148,0.0
8447559351,-81.8692228,26.5275501,0.0
8447559352,-81.8690568,26.5275521,0.0
8447559353,-81.8690239,26.5259158,0.0
8447559354,-81.8688301,26.525917,0.0
8447559355,-81.8688622,26.5275538,0.0
8447559356,-81.8686928,26.527547,0.0
8447559357,-81.8686639,26.5259179,0.0
8447559358,-81.8684914,26.5259189,0.0
8447559359,-81.868518,26.52754,0.0
8447559360,-81.8683451,26.5274917,0.0
8447559361,-81.8683289,26.5259199,0.0
8447559362,-81.8681252,26.5259211,0.0
8447559363,-81.8681541,26.5274238,0.0
8554974467,-81.8986817,26.5124715,0.0
8554974470,-81.8987358,26.5119906,0.0
8554974471,-81.8987453,26.5119195,0.0
8554974480,-81.8986512,26.5133384,0.0
8554974481,-81.8987636,26.5134314,0.0
8570985714,-81.9086081,26.430982,0.0
8625537987,-81.8912478,26.524833,66.0
8625537988,-81.8914988,26.5248402,0.0
8625537990,-81.891601,26.5248393,0.0
8627920767,-81.8784875,26.5213489,106.0
8672765778,-81.9136252,26.4990722,0.0
8672765781,-81.9131667,26.498572,0.0
8672765782,-81.9116121,26.5004033,0.0
8672765783,-81.9116079,26.5000537,0.0
8672765784,-81.9116099,26.5002205,0.0
8672765785,-81.9118233,26.5002172,0.0
8672765786,-81.9117566,26.5002182,0.0
8707972639,-81.8651559,26.5327657,120.0
8707972640,-81.8651501,26.532257,0.0
8776546268,-81.8864579,26.5149154,0.0
8776546275,-81.8864197,26.5144479,0.0
8777257537,-81.8932848,26.4961354,100.0
8777257538,-81.8928277,26.4959258,0.0
8777262187,-81.8901589,26.5153615,525.0
8777262192,-81.8897925,26.5151863,0.0
8777262203,-81.8900211,26.5161639,41.0
8777262204,-81.8924955,26.5166303,0.0
8777262205,-81.892497,26.516236,2717.0
8793752157,-81.9042209,26.5061299,134.0
8793752163,-81.9040741,26.5055633,79.0
8793755070,-81.8936827,26.5141285,951.0
8793755076,-81.8933603,26.5141321,417.0
8934138528,-81.869389,26.5104916,0.0
8934138535,-81.8720445,26.5126517,54.0
9068789925,-81.8979063,26.4910362,0.0
9068789933,-81.8979022,26.4908277,0.0
9068789937,-81.8904592,26.4887063,22.0
9068789941,-81.8895271,26.488434,627.0
9068789946,-81.8944011,26.4840211,1324.0
9068789952,-81.8973552,26.4823622,0.0
9068789956,-81.894225,26.4814469,0.0
9068789959,-81.9024922,26.4884922,1115.0
9068789960,-81.9019814,26.4912083,1051.0
9072228289,-81.9112558,26.5140142,0.0
9072228290,-81.9114355,26.5140096,0.0
9072235333,-81.9071988,26.519752,219.0
9072235349,-81.907839,26.5165705,0.0
9072235374,-81.9065683,26.5155505,0.0
9072235381,-81.9062919,26.5158457,0.0
9072235431,-81.9095106,26.5245619,0.0
9072235437,-81.9032029,26.5233682,0.0
9072235440,-81.9017106,26.523666,0.0
9072265040,-81.9055779,26.5296127,232.0
9072265044,-81.9066584,26.5285202,366.0
9072265047,-81.9073239,26.530765,573.0
9258320815,-81.8966954,26.4110291,0.0
9258342816,-81.8974592,26.4108625,0.0
9258342819,-81.8970471,26.4107087,0.0
9405560576,-81.88697,26.526579,0.0
9405560607,-81.8875836,26.5238576,0.0
9405560641,-81.8882401,26.5233876,168.0
9446012291,-81.8831331,26.4876014,0.0
9446012292,-81.8816988,26.48764,0.0
9462326569,-81.8882815,26.5217536,0.0
9629857104,-81.8836084,26.4046999,0.0
9629857105,-81.8835881,26.4046106,0.0
9799289748,-81.8885674,26.5223624,0.0
9799289749,-81.8888823,26.5220807,0.0
9799289773,-81.9115591,26.5216184,0.0
9799289777,-81.9114368,26.524336,0.0
9799289778,-81.9114031,26.5226633,0.0
9799289779,-81.9145166,26.5212005,0.0
9799289843,-81.9151978,26.5186286,56.0
9799289844,-81.9151959,26.5183514,0.0
9857866233,-81.8691857,26.5225259,0.0
9857866234,-81.8689014,26.5226649,0.0
9857866235,-81.8679135,26.521949,0.0
9857866240,-81.8676905,26.5219603,0.0
10005668230,-81.9025543,26.482774,3496.0
10005668231,-81.9021332,26.482798,0.0
10005668235,-81.8988421,26.4828052,117.0
10005668248,-81.9020867,26.4818914,0.0
10005668265,-81.8992085,26.4828227,0.0
10005668281,-81.8992203,26.4819821,0.0
10005668282,-81.8992175,26.4821818,0.0
10005668283,-81.8985138,26.4821691,849.0
10005668284,-81.8992189,26.4820819,0.0
10005668285,-81.899031,26.4820859,0.0
10005668286,-81.8985111,26.4820881,1502.0
10005668289,-81.8990299,26.4821756,0.0
10036640518,-81.9001485,26.4834592,29.0
10036640519,-81.9001459,26.4835582,0.0
10036640520,-81.9002907,26.4834643,42.0
10036640521,-81.90029,26.4835756,0.0
10036640522,-81.9005006,26.4834618,0.0
10036640523,-81.9005059,26.4835654,0.0
10036640524,-81.9006495,26.4834534,128.0
10036640525,-81.9006555,26.4835726,0.0
10036640546,-81.90085,26.4834366,0.0
10036640547,-81.9008654,26.483533,0.0
10036640548,-81.9010024,26.4834235,27.0
10036640549,-81.9010095,26.4835258,0.0
10036640550,-81.8999422,26.4834507,0.0
10036640551,-81.8999326,26.4835516,0.0
10036640552,-81.8998093,26.4834402,21.0
10036640553,-81.8998032,26.4835372,0.0
10036640554,-81.9017064,26.4838384,138.0
10036640555,-81.9016016,26.4838865,0.0
10036640556,-81.9015854,26.4836656,123.0
10036640558,-81.901721,26.4836164,0.0
10036640559,-81.9013515,26.4836026,0.0
10036640560,-81.9013951,26.4835162,9.0
10036640561,-81.9014791,26.4835696,178.0
10036640565,-81.901723,26.4834898,0.0
10036640582,-81.8994492,26.4834209,72.0
10036640583,-81.8994481,26.483524,0.0
10036640584,-81.8995692,26.4834275,0.0
10036640585,-81.8995655,26.4835303,0.0
10069586511,-81.8970245,26.4134419,0.0
10069586512,-81.8972448,26.4133755,0.0
10069586513,-81.8971015,26.4130068,0.0
10069586514,-81.896884,26.4130744,0.0
10069586515,-81.8968138,26.4128907,0.0
10069586516,-81.8970308,26.4128247,0.0
10069586517,-81.8966103,26.4123582,0.0
10069586518,-81.8968236,26.4122914,0.0
10069586519,-81.8967532,26.4121102,0.0
10069586520,-81.8965421,26.4121798,0.0
10069586521,-81.8964706,26.4119928,0.0
10069586522,-81.896683,26.4119293,0.0
10232856108,-81.8645088,26.5292528,0.0
10232856109,-81.8644879,26.5284949,0.0
10232856116,-81.8645042,26.5290835,0.0
10232872718,-81.8645048,26.5291046,0.0
10576634623,-81.86554,26.5292421,0.0
10576634624,-81.8655413,26.5290314,0.0
10576634632,-81.8660746,26.5290261,0.0
10576634633,-81.8662135,26.5290249,0.0
10598582534,-81.909198,26.5256885,0.0
10598582535,-81.9090585,26.5256943,0.0
10660729783,-81.8964382,26.5142456,0.0
10660729784,-81.8963255,26.5143493,0.0
10660729786,-81.8961617,26.514652,0.0
10660729787,-81.8965217,26.5144796,0.0
10660729788,-81.896324,26.5144831,0.0
10660729789,-81.8961451,26.5144854,0.0
10660729790,-81.8965283,26.5150303,0.0
10660729791,-81.8961504,26.5150307,0.0
10660729792,-81.8963692,26.5150305,41.0
10660729793,-81.8963672,26.514806,56.0
10660729794,-81.8964878,26.5142591,0.0
10660729795,-81.8964891,26.5140162,0.0
10734517287,-81.9157819,26.5208792,0.0
10734517288,-81.9156961,26.5209687,0.0
10826905931,-81.9035819,26.4204928,110.0
10826905932,-81.9033558,26.4204213,31.0
10826905933,-81.9032439,26.4202588,291.0
10936994136,-81.8897689,26.5215528,95.0
10936994138,-81.8897694,26.5212524,0.0
10936994141,-81.8896601,26.5212524,65.0
10936994144,-81.8896619,26.5215543,0.0
10936994145,-81.8894308,26.5212524,0.0
10936994148,-81.8894325,26.5215573,0.0
10936994149,-81.8893201,26.5212524,0.0
10936994152,-81.8893231,26.5215588,0.0
10936994153,-81.8895435,26.5215559,0.0
10936994157,-81.8891018,26.521832,0.0
11150517118,-81.8915503,26.527116,0.0
11150517119,-81.891444,26.5271204,0.0
11150517120,-81.89141,26.5271413,0.0
11150517126,-81.891552,26.5272112,0.0
11150517127,-81.8914123,26.5272126,0.0
11243105036,-81.8653781,26.4895304,0.0
11247753024,-81.8702243,26.5258792,0.0
11247753138,-81.8922197,26.5234948,66.0
11256582607,-81.8688761,26.501843,288.0
11256582608,-81.8688314,26.4999073,837.0
11256582615,-81.868859,26.5002964,0.0
11256582885,-81.8730084,26.5021795,40.0
11256582887,-81.8732858,26.5020324,338.0
11257406342,-81.9168289,26.5307155,0.0
11257406343,-81.9165495,26.5304351,313.0
11411639444,-81.9120357,26.5077979,0.0
11411639451,-81.9118082,26.5072581,0.0
11411639452,-81.912184,26.5072584,0.0
11411639456,-81.9120133,26.5072583,0.0
11549027133,-81.9137538,26.5081905,0.0
11549027139,-81.913904,26.5078604,0.0
11891307365,-81.8921101,26.527959,308.0
11891354769,-81.891795,26.5279867,23.0
12058984251,-81.8915748,26.5283164,0.0
12058984252,-81.8916605,26.5283174,0.0
98013310,-81.9411283,26.4902332,0.0
98013312,-81.9411273,26.4899492,0.0
98013314,-81.9411283,26.4896522,0.0
98016719,-81.946617,26.516236,170.0
98016721,-81.946043,26.515934,0.0
98019558,-81.9760564,26.500729,0.0
98024998,-81.938057,26.487602,2548.0
98025000,-81.938064,26.488154,209.0
98025787,-81.943169,26.489577,0.0
98025788,-81.9427303,26.4896287,0.0
98027430,-81.959739,26.45594,0.0
98027435,-81.9586471,26.4570741,0.0
98029031,-81.977928,26.500704,7467.0
98029057,-81.9480772,26.5217642,5.0
98029423,-81.949508,26.461042,711.0
98029457,-81.952004,26.520197,0.0
98029470,-81.9508582,26.5202854,0.0
98029472,-81.9499019,26.5202999,0.0
98029475,-81.9494191,26.5203019,80.0
98029486,-81.948777,26.519779,1214.0
98029850,-81.941712,26.459724,6707.0
98029868,-81.941694,26.458085,2782.0
98030705,-81.940267,26.509529,110.0
98030718,-81.938109,26.511527,154.0
98030720,-81.938156,26.513381,129.0
98030731,-81.938406,26.514427,73.0
98030935,-81.949308,26.51781,627.0
98030939,-81.94927,26.516212,269.0
98031317,-81.9632743,26.5040456,906.0
98031335,-81.958748,26.508051,2518.0
98031344,-81.959202,26.507154,756.0
98031348,-81.959278,26.507096,1793.0
98031392,-81.9628808,26.5043475,3511.0
98031398,-81.9588758,26.5066348,0.0
98031414,-81.9587684,26.5067165,550.0
98032093,-81.958748,26.492039,0.0
98032757,-81.94866,26.522476,51.0
98033115,-81.942104,26.490217,0.0
98033140,-81.9394306,26.4902473,0.0
98033146,-81.939421,26.4899692,0.0
98034005,-81.9397334,26.5002826,945.0
98034021,-81.943452,26.500223,1061.0
98034093,-81.929901,26.52946,355.0
98034411,-81.940064,26.521291,0.0
98034417,-81.940396,26.521645,0.0
98034429,-81.940898,26.522046,0.0
98034436,-81.941419,26.522601,0.0
98034456,-81.942977,26.523644,555.0
98034459,-81.943476,26.523681,0.0
98034460,-81.943621,26.523669,0.0
98034461,-81.944205,26.523591,0.0
98034468,-81.946233,26.523451,0.0
98034474,-81.947749,26.523593,80.0
98034476,-81.947865,26.523599,0.0
98034491,-81.9402,26.521186,0.0
98035237,-81.967274,26.518935,172.0
98035250,-81.967104,26.518925,272.0
98035309,-81.966408,26.519548,531.0
98036336,-81.9668348,26.4917866,519.0
98036339,-81.966824,26.490862,440.0
98036341,-81.966822,26.490489,423.0
98037016,-81.947804,26.48902,0.0
98037018,-81.947831,26.490237,0.0
98037982,-81.9402942,26.4602397,2704.0
98037993,-81.940339,26.459605,6542.0
98037995,-81.940334,26.458102,1389.0
98040259,-81.947387,26.520166,3.0
98040379,-81.9254553,26.512292,7352.0
98040407,-81.925464,26.5132,3805.0
98040509,-81.9302083,26.5182907,502.0
98040515,-81.930228,26.519901,703.0
98041342,-81.957689,26.504744,407.0
98041537,-81.956029,26.502853,0.0
98041592,-81.9288898,26.4414045,1856.0
98041609,-81.927594,26.442294,0.0
98041614,-81.9274058,26.4423281,0.0
98041618,-81.9260618,26.4434237,0.0
98041652,-81.947158,26.490216,0.0
98041656,-81.947123,26.489023,0.0
98041687,-81.936971,26.48818,420.0
98041688,-81.936987,26.488828,0.0
98041689,-81.937002,26.489472,0.0
98041691,-81.937006,26.489765,0.0
98041692,-81.937016,26.49041,0.0
98041695,-81.937026,26.491055,0.0
98042708,-81.945397,26.489077,0.0
98042784,-81.9415625,26.5287282,0.0
98043249,-81.9778728,26.4973923,6001.0
98045426,-81.957752,26.51964,0.0
98045428,-81.957814,26.520021,49.0
98045453,-81.958258,26.521828,2541.0
98045460,-81.957833,26.522919,88.0
98045477,-81.956935,26.523475,0.0
98045499,-81.9567622,26.524603,0.0
98045503,-81.956912,26.52456,0.0
98045508,-81.957834,26.51964,29.0
98048423,-81.948484,26.449852,0.0
98048425,-81.948497,26.4507052,1874.0
98048440,-81.948553,26.454381,0.0
98049229,-81.9542988,26.4714291,5984.0
98049295,-81.953419,26.479084,2595.0
98050884,-81.971282,26.495842,1299.0
98050892,-81.96988,26.495188,4464.0
98050905,-81.968935,26.494347,2980.0
98050926,-81.965085,26.499846,0.0
98050932,-81.964257,26.499864,0.0
98050939,-81.963799,26.49987,0.0
98051792,-81.9438668,26.4845359,84.0
98051815,-81.9431551,26.4834672,2952.0
98051863,-81.9434328,26.4804293,1847.0
98052548,-81.926676,26.4401562,1602.0
98054306,-81.949628,26.526695,0.0
98054314,-81.9491768,26.5264421,99.0
98055554,-81.9525569,26.4520107,142.0
98055560,-81.952017,26.452311,0.0
98055574,-81.951639,26.453206,0.0
98055589,-81.951651,26.455277,0.0
98055844,-81.9284603,26.5183085,1068.0
98056164,-81.9380807,26.514587,0.0
98056169,-81.939183,26.513706,0.0
98057186,-81.948465,26.517831,1299.0
98057190,-81.948428,26.51622,401.0
98057275,-81.961784,26.493516,184.0
98058815,-81.961754,26.49203,1444.0
98058816,-81.96173,26.490628,41.0
98059314,-81.9390591,26.4465554,0.0
98059316,-81.938955,26.446783,0.0
98059330,-81.938946,26.447308,0.0
98059337,-81.937981,26.445972,0.0
98062261,-81.9315892,26.5279873,433.0
98062274,-81.931339,26.5242382,809.0
98064742,-81.935572,26.504692,76.0
98064744,-81.935569,26.504482,0.0
98064776,-81.964239,26.504545,67.0
98064988,-81.93333,26.511329,0.0
98066739,-81.962848,26.492585,276.0
98066741,-81.962503,26.492596,95.0
98066745,-81.96214,26.492595,891.0
98066807,-81.944257,26.502855,142.0
98066813,-81.947517,26.502811,0.0
98067448,-81.959952,26.501804,440.0
98067454,-81.963189,26.501787,366.0
98067457,-81.96519,26.501793,949.0
98067460,-81.965767,26.502431,2362.0
98067482,-81.9394887,26.5248633,0.0
98067497,-81.9396408,26.5249847,0.0
98067508,-81.940084,26.52188,282.0
98068920,-81.970595,26.497637,2237.0
98068935,-81.969392,26.496766,1877.0
98068967,-81.967751,26.496403,1282.0
98069121,-81.967903,26.50489,0.0
98069124,-81.969278,26.504857,2080.0
98069126,-81.970647,26.504834,1868.0
98069129,-81.971823,26.504821,1007.0
98069131,-81.971898,26.504872,322.0
98069143,-81.972006,26.508487,1309.0
98069144,-81.972121,26.514738,4429.0
98069627,-81.937718,26.489462,0.0
98071227,-81.935057,26.486697,153.0
98071228,-81.935658,26.48669,1912.0
98071230,-81.936695,26.486674,1367.0
98071246,-81.938102,26.486409,2103.0
98071250,-81.939829,26.486382,658.0
98071328,-81.94423,26.502109,110.0
98071334,-81.947495,26.502063,0.0
98071718,-81.938581,26.488813,0.0
98071898,-81.951172,26.484868,0.0
98071902,-81.951181,26.485669,0.0
98071921,-81.949433,26.486487,0.0
98071923,-81.948098,26.486487,0.0
98071928,-81.94677,26.486527,0.0
98072096,-81.9473606,26.5220475,351.0
98072114,-81.946881,26.522086,178.0
98072127,-81.946727,26.5218959,176.0
98072451,-81.96804,26.511885,517.0
98072707,-81.942573,26.503573,269.0
98073515,-81.966778,26.500571,1778.0
98073519,-81.96619,26.499907,0.0
98073523,-81.965826,26.499517,0.0
98073526,-81.965514,26.499181,0.0
98073818,-81.969207,26.501433,2662.0
98074180,-81.952112,26.507268,1098.0
98074184,-81.952096,26.506397,1069.0
98074583,-81.966743,26.519913,329.0
98074590,-81.964107,26.518471,51.0
98074592,-81.964387,26.518463,684.0
98074606,-81.965572,26.518688,991.0
98074664,-81.962851,26.4920111,471.0
98074666,-81.962851,26.492108,79.0
98074671,-81.962887,26.493493,342.0
98076065,-81.96283,26.490608,233.0
98077644,-81.9296178,26.5150771,277.0
98077657,-81.967986,26.508625,3941.0
98077678,-81.964596,26.514672,1241.0
98078499,-81.967169,26.498486,0.0
98078512,-81.96506,26.498722,0.0
98078516,-81.96375,26.498752,0.0
98081056,-81.960122,26.50569,1767.0
98081076,-81.9593693,26.5046874,2275.0
98081094,-81.957947,26.503722,1741.0
98081107,-81.957547,26.503117,0.0
98081112,-81.95728,26.502684,394.0
98081126,-81.956575,26.502158,136.0
98081129,-81.956556,26.50168,1175.0
98081139,-81.960205,26.505626,1741.0
98081147,-81.959921,26.50515,384.0
98081156,-81.959431,26.504599,4091.0
98081275,-81.96778,26.497445,443.0
98081277,-81.967429,26.497448,175.0
98081278,-81.966541,26.497466,933.0
98081279,-81.965258,26.497488,270.0
98081333,-81.958803,26.500616,1634.0
98081378,-81.955241,26.501051,1068.0
98081459,-81.956777,26.494556,0.0
98081862,-81.977901,26.499054,8836.0
98081951,-81.929605,26.514029,1109.0
98081973,-81.925488,26.51411,1779.0
98082846,-81.9437075,26.448074,0.0
98082848,-81.9435458,26.4483827,0.0
98082850,-81.9433724,26.448882,1210.0
98082860,-81.9433715,26.4498836,0.0
98082863,-81.943385,26.450528,0.0
98084927,-81.939808,26.483401,4066.0
98084933,-81.940788,26.483369,4131.0
98084965,-81.9398982,26.4807214,1623.0
98086066,-81.9475269,26.4503549,145.0
98086072,-81.947505,26.4495477,0.0
98086225,-81.949038,26.488724,0.0
98086233,-81.948627,26.488992,0.0
98086236,-81.948447,26.489011,0.0
98086237,-81.948229,26.489016,0.0
98086238,-81.948017,26.489017,0.0
98086240,-81.947571,26.489021,0.0
98086241,-81.947344,26.489021,0.0
98086244,-81.946915,26.489026,0.0
98086245,-81.946703,26.489026,0.0
98086246,-81.946491,26.48903,0.0
98086247,-81.946276,26.489031,0.0
98086249,-81.946062,26.489033,0.0
98086250,-81.945848,26.489039,0.0
98086252,-81.945635,26.489044,0.0
98086260,-81.945143,26.489139,0.0
98086514,-81.944231,26.502533,516.0
98086595,-81.947504,26.502441,0.0
98087989,-81.946891,26.464432,1841.0
98088191,-81.945102,26.488609,0.0
98088198,-81.945512,26.488589,0.0
98088202,-81.946102,26.488583,0.0
98088209,-81.946681,26.488572,0.0
98088286,-81.947258,26.488561,0.0
98088290,-81.947848,26.488548,0.0
98088292,-81.948421,26.488541,0.0
98089897,-81.9476,26.490232,0.0
98089917,-81.918717,26.531775,0.0
98089919,-81.918723,26.532316,0.0
98090395,-81.950786,26.490682,0.0
98092897,-81.958759,26.492753,0.0
98092902,-81.953933,26.492823,0.0
98094426,-81.978074,26.508348,401.0
98094432,-81.9780551,26.5074883,36.0
98094435,-81.978032,26.506425,3416.0
98094437,-81.97799,26.504818,2201.0
98094439,-81.97798,26.504454,611.0
98094441,-81.977976,26.504109,434.0
98094443,-81.977969,26.50368,362.0
98094445,-81.977965,26.50319,261.0
98094447,-81.977956,26.502685,113.0
98094449,-81.977951,26.502305,544.0
98094451,-81.977941,26.50152,41.0
98094455,-81.977918,26.500155,6898.0
98094457,-81.977911,26.499697,2282.0
98094458,-81.977909,26.499603,4828.0
98094459,-81.977897,26.498789,772.0
98094461,-81.977892,26.498507,5193.0
98094463,-81.977882,26.497953,5251.0
98094465,-81.977865,26.49685,3733.0
98094467,-81.977855,26.496305,4549.0
98094469,-81.977846,26.495755,4954.0
98094471,-81.977835,26.4952,2481.0
98094473,-81.977827,26.494652,2138.0
98094483,-81.977694,26.494018,0.0
98094554,-81.977129,26.503669,0.0
98094556,-81.976094,26.503649,645.0
98094857,-81.974535,26.510016,0.0
98094865,-81.973504,26.510016,8.0
98094903,-81.97442,26.508785,0.0
98095041,-81.9476844,26.5208823,0.0
98095053,-81.9478452,26.520936,0.0
98095061,-81.947335,26.521549,0.0
98095283,-81.944279,26.504136,0.0
98095285,-81.944276,26.503937,0.0
98095287,-81.944274,26.503768,0.0
98095289,-81.944266,26.503246,0.0
98095291,-81.944262,26.503043,48.0
98095293,-81.944241,26.502681,0.0
98095295,-81.944223,26.502291,56.0
98095306,-81.943509,26.502547,0.0
98096265,-81.959402,26.502099,16.0
98096279,-81.941142,26.508876,470.0
98096281,-81.941107,26.507294,786.0
98096339,-81.967795,26.498166,0.0
98096341,-81.967162,26.49817,0.0
98096345,-81.965049,26.498257,0.0
98096346,-81.963783,26.498279,0.0
98096683,-81.964439,26.494522,2796.0
98096708,-81.961841,26.494466,3285.0
98098942,-81.9276755,26.5183208,563.0
98098946,-81.927689,26.519119,128.0
98098948,-81.927713,26.520105,0.0
98099006,-81.919695,26.526245,114.0
98099013,-81.919691,26.5261,245.0
98099720,-81.961625,26.509565,6703.0
98099752,-81.9634078,26.5107154,3619.0
98101094,-81.959535,26.4945579,0.0
98101095,-81.9595385,26.4941379,0.0
98101096,-81.9596793,26.4945558,100.0
98101097,-81.959674,26.494134,0.0
98101232,-81.958085,26.494532,606.0
98101277,-81.951486,26.494673,101.0
98101404,-81.941855,26.481311,2655.0
98101419,-81.941274,26.480755,472.0
98101426,-81.9404866,26.4799778,396.0
98102855,-81.9385248,26.5046544,1133.0
98102859,-81.9385085,26.5044367,591.0
98103826,-81.9467846,26.4500913,795.0
98103830,-81.9467855,26.450861,0.0
98104308,-81.93076,26.528711,47.0
98104312,-81.930497,26.528462,2287.0
98104328,-81.9303131,26.5240199,2053.0
98105843,-81.948007,26.483491,0.0
98105849,-81.947927,26.483294,0.0
98110816,-81.981225,26.508504,1392.0
98112218,-81.929573,26.493838,0.0
98112233,-81.9294438,26.4897254,0.0
98112244,-81.9323241,26.4937883,0.0
98112280,-81.957822,26.490981,0.0
98112282,-81.957832,26.491338,0.0
98112284,-81.957847,26.491692,0.0
98112286,-81.957863,26.492052,0.0
98113115,-81.946765,26.485721,0.0
98113117,-81.946751,26.485265,0.0
98113119,-81.94675,26.484934,0.0
98113125,-81.946748,26.48485,0.0
98113126,-81.946737,26.484202,0.0
98113127,-81.948257,26.490256,0.0
98113243,-81.9538424,26.4652131,507.0
98113261,-81.9555593,26.4659889,7849.0
98115176,-81.951053,26.500026,1285.0
98115179,-81.950283,26.50004,378.0
98115398,-81.935855,26.506011,300.0
98115409,-81.936888,26.505599,597.0
98115423,-81.937992,26.505983,316.0
98115427,-81.938162,26.506103,40.0
98115431,-81.938576,26.506257,727.0
98115447,-81.939142,26.505549,692.0
98116419,-81.946295,26.490183,0.0
98116745,-81.953945,26.49354,0.0
98116747,-81.953947,26.493717,0.0
98117718,-81.9260258,26.4397874,683.0
98117723,-81.923876,26.441576,0.0
98118547,-81.9397831,26.5111882,0.0
98118551,-81.9397025,26.511254,0.0
98118878,-81.93079,26.503091,360.0
98118902,-81.929127,26.50229,558.0
98118904,-81.928413,26.502299,123.0
98118906,-81.928251,26.502304,0.0
98121553,-81.951814,26.491247,0.0
98121557,-81.953413,26.49122,0.0
98121991,-81.940339,26.458027,1949.0
98121994,-81.940335,26.457461,862.0
98122971,-81.9553009,26.5248386,0.0
98122989,-81.955529,26.519675,71.0
98122990,-81.955543,26.520096,0.0
98123032,-81.9550278,26.5237061,0.0
98123072,-81.956199,26.52017,0.0
98123657,-81.9485354,26.4592575,498.0
98123675,-81.947034,26.460021,4329.0
98123706,-81.954323,26.520905,307.0
98123720,-81.954633,26.51969,79.0
98124516,-81.9703239,26.5109592,317.0
98124526,-81.9710035,26.5104198,740.0
98124580,-81.9697953,26.5105117,0.0
98124584,-81.9694027,26.5101553,0.0
98125304,-81.952634,26.516398,20.0
98125307,-81.952661,26.517601,300.0
98125309,-81.952705,26.519717,281.0
98125525,-81.953566,26.461952,858.0
98125540,-81.952886,26.464743,1001.0
98125669,-81.9323217,26.4433229,987.0
98125689,-81.930264,26.445099,0.0
98125741,-81.921497,26.439959,0.0
98125872,-81.930696,26.502432,507.0
98125889,-81.931039,26.504497,431.0
98127903,-81.974412,26.508412,545.0
98127905,-81.97457,26.508409,1056.0
98127930,-81.9800538,26.5083717,462.0
98127941,-81.9801913,26.5086756,0.0
98127946,-81.941884,26.519895,0.0
98127954,-81.945869,26.519828,13.0
98127955,-81.9460314,26.5198276,257.0
98127958,-81.947374,26.519803,377.0
98127962,-81.950191,26.519758,1145.0
98127964,-81.951034,26.519744,960.0
98127967,-81.951981,26.519728,541.0
98127969,-81.953186,26.519712,0.0
98127971,-81.953381,26.519708,0.0
98127973,-81.953783,26.519703,771.0
98127975,-81.956184,26.519666,166.0
98127979,-81.959406,26.519616,161.0
98127980,-81.959538,26.519614,265.0
98127981,-81.961165,26.519589,1093.0
98127982,-81.962616,26.51957,858.0
98127986,-81.964027,26.519457,475.0
98127996,-81.964077,26.516823,617.0
98128000,-81.964066,26.516062,1009.0
98128013,-81.964982,26.515025,1047.0
98128017,-81.966275,26.513814,2271.0
98128019,-81.967229,26.512912,2606.0
98128021,-81.96805,26.512144,1952.0
98128531,-81.917773,26.434632,20.0
98128726,-81.9478574,26.4504722,274.0
98128728,-81.9478635,26.4511389,0.0
98128739,-81.9478653,26.4538144,0.0
98129267,-81.945524,26.498333,0.0
98129281,-81.9466,26.495967,606.0
98130961,-81.96787,26.503,0.0
98130964,-81.967153,26.503012,64.0
98135690,-81.959893,26.492163,431.0
98135692,-81.960261,26.492154,41.0
98135694,-81.960642,26.492146,108.0
98135697,-81.961026,26.492141,43.0
98135699,-81.961384,26.492134,203.0
98135703,-81.963239,26.4921,131.0
98135705,-81.963625,26.492095,286.0
98135706,-81.963989,26.492088,714.0
98135713,-81.96362,26.491983,73.0
98135715,-81.963237,26.491991,455.0
98135720,-81.962488,26.492024,2410.0
98135722,-81.96212,26.492027,328.0
98135725,-81.961385,26.492035,248.0
98135728,-81.961022,26.492027,179.0
98135729,-81.96064,26.492036,0.0
98135731,-81.960257,26.492041,62.0
98135733,-81.959891,26.49205,893.0
98135741,-81.933542,26.444005,1034.0
98135754,-81.931665,26.445648,0.0
98135757,-81.931502,26.445788,0.0
98135766,-81.92927,26.447651,0.0
98138283,-81.95182,26.49163,0.0
98138284,-81.953419,26.491606,0.0
98141197,-81.932951,26.53143,0.0
98141217,-81.937844,26.5305328,0.0
98141219,-81.9379499,26.5305299,0.0
98141225,-81.938005,26.530357,0.0
98141231,-81.9378433,26.5303113,0.0
98141237,-81.937765,26.5303893,64.0
98141259,-81.936958,26.530043,0.0
98141260,-81.936413,26.529649,53.0
98141273,-81.934104,26.528156,0.0
98141299,-81.932721,26.529378,0.0
98141321,-81.932913,26.530951,158.0
98142092,-81.976044,26.502737,657.0
98142421,-81.95992,26.493538,483.0
98143912,-81.9508397,26.4518976,0.0
98144053,-81.936878,26.525328,0.0
98145768,-81.946897,26.504095,0.0
98145770,-81.946907,26.50455,211.0
98147167,-81.947467,26.516232,38.0
98149060,-81.94751,26.502635,0.0
98149827,-81.948044,26.490246,0.0
98150526,-81.973648,26.50058,2372.0
98150733,-81.944928,26.504949,0.0
98150818,-81.918504,26.43662,0.0
98150824,-81.919334,26.437243,0.0
98151079,-81.941481,26.4482056,173.0
98152696,-81.965042,26.497786,150.0
98152705,-81.963637,26.497795,412.0
98152709,-81.963081,26.497768,200.0
98152717,-81.960702,26.497782,124.0
98152964,-81.938057,26.446493,226.0
98152978,-81.937848,26.447942,0.0
98153137,-81.935272,26.52006,0.0
98153187,-81.9338976,26.5233792,592.0
98153197,-81.9340538,26.5197625,0.0
98153206,-81.9342662,26.5199213,0.0
98153212,-81.934412,26.519959,0.0
98153914,-81.952639,26.520501,264.0
98153918,-81.952584,26.520231,24.0
98154273,-81.938559,26.50556,141.0
98157024,-81.961056,26.493527,606.0
98157961,-81.960997,26.49064,165.0
98158427,-81.980399,26.508601,337.0
98159448,-81.966233,26.518101,265.0
98159870,-81.979953,26.510263,457.0
98160731,-81.95942,26.503575,790.0
98161355,-81.9427731,26.4486705,1437.0
98161357,-81.9427532,26.449827,0.0
98161737,-81.926932,26.51751,1740.0
98161775,-81.935055,26.493069,0.0
98161778,-81.934936,26.489534,354.0
98161818,-81.939909,26.487574,30.0
98161823,-81.9431025,26.487498,92.0
98161830,-81.936134,26.524109,276.0
98161843,-81.935847,26.520081,0.0
98164884,-81.9340048,26.5199518,0.0
98164892,-81.933903,26.520023,0.0
98168402,-81.972085,26.496603,138.0
98168404,-81.97196,26.496482,40.0
98168416,-81.971282,26.495156,3891.0
98168597,-81.959407,26.502583,0.0
98169001,-81.942259,26.496293,1107.0
98169008,-81.942231,26.495523,4365.0
98169022,-81.942507,26.498506,1322.0
98169024,-81.942485,26.497768,1282.0
98169027,-81.942443,26.496289,725.0
98169263,-81.936359,26.530923,557.0
98169276,-81.935663,26.531797,318.0
98169281,-81.935624,26.532068,206.0
98170220,-81.921399,26.438939,0.0
98170786,-81.953641,26.520321,0.0
98170806,-81.953601,26.520486,128.0
98171364,-81.9403864,26.5011762,4217.0
98171392,-81.943473,26.501134,2099.0
98173277,-81.946692,26.519052,944.0
98173279,-81.946645,26.517129,514.0
98173287,-81.946516,26.515857,0.0
98174424,-81.933871,26.525652,0.0
98174427,-81.933973,26.52557,0.0
98174909,-81.930796,26.505651,355.0
98174922,-81.930724,26.504878,238.0
98177647,-81.935844,26.505557,133.0
98177750,-81.935588,26.4450445,1117.0
98177752,-81.935275,26.446194,0.0
98177756,-81.935052,26.447082,0.0
98177790,-81.929962,26.448315,0.0
98178525,-81.918205,26.436959,0.0
98178533,-81.919013,26.437573,0.0
98178963,-81.9291616,26.4415564,3509.0
98178977,-81.926485,26.443995,0.0
98179752,-81.970688,26.515773,1304.0
98179754,-81.9710777,26.5169955,0.0
98182463,-81.952807,26.515004,502.0
98182469,-81.955401,26.514978,1174.0
98183369,-81.948088,26.522113,133.0
98183395,-81.950857,26.522937,1667.0
98183641,-81.952715,26.4617653,78.0
98183654,-81.9534782,26.4586097,0.0
98183668,-81.9532476,26.4585642,0.0
98183670,-81.952557,26.458429,0.0
98183672,-81.9518041,26.4615689,0.0
98184011,-81.946874,26.503212,0.0
98184080,-81.964131,26.519562,680.0
98184084,-81.964476,26.520428,652.0
98184087,-81.964827,26.521322,1363.0
98184515,-81.937109,26.503652,1381.0
98185498,-81.949596,26.488691,0.0
98185503,-81.950172,26.488684,0.0
98186353,-81.961447,26.503905,1859.0
98186972,-81.9405957,26.4489914,0.0
98186975,-81.94862,26.460841,3056.0
98186982,-81.9486205,26.4641829,4310.0
98186987,-81.948541,26.460825,1873.0
98186990,-81.9406701,26.4490917,0.0
98187377,-81.946935,26.490209,0.0
98188713,-81.94479,26.5071215,50.0
98189005,-81.97131,26.497092,169.0
98189023,-81.971812,26.498114,543.0
98189030,-81.971844,26.499374,1007.0
98189334,-81.966543,26.515027,1619.0
98189340,-81.966596,26.516721,2314.0
98189710,-81.949418,26.48569,0.0
98189713,-81.949399,26.484895,0.0
98189715,-81.949385,26.484084,0.0
98192696,-81.9508671,26.5207666,0.0
98192980,-81.94585,26.519068,679.0
98193093,-81.9714156,26.5061842,335.0
98193106,-81.9704838,26.5053107,231.0
98193536,-81.9677423,26.4952252,1380.0
98193539,-81.96773,26.494358,329.0
98193543,-81.967757,26.493708,0.0
98193547,-81.968277,26.515818,752.0
98193553,-81.968112,26.515611,301.0
98193555,-81.968104,26.515004,2454.0
98193560,-81.968031,26.511285,333.0
98193563,-81.968022,26.510678,210.0
98193564,-81.968016,26.510285,1670.0
98193568,-81.96796,26.507294,0.0
98193574,-81.967895,26.504415,247.0
98193576,-81.967875,26.503329,100.0
98193585,-81.967859,26.502506,502.0
98193587,-81.967848,26.501993,375.0
98193588,-81.967837,26.501514,664.0
98193592,-81.967819,26.499772,271.0
98193596,-81.967765,26.493533,169.0
98193600,-81.967736,26.491123,0.0
98193619,-81.967361,26.476267,0.0
98194842,-81.9296682,26.5182929,80.0
98194848,-81.929658,26.51747,1109.0
98194851,-81.929637,26.516601,1259.0
98194856,-81.929622,26.515706,665.0
98194860,-81.929627,26.514407,222.0
98194867,-81.929581,26.51322,1155.0
98194920,-81.934725,26.50896,130.0
98195156,-81.953736,26.517588,468.0
98195164,-81.953211,26.516382,456.0
98195166,-81.951914,26.516409,420.0
98195464,-81.938577,26.48815,3.0
98195718,-81.937743,26.49104,457.0
98195723,-81.9427475,26.4899184,0.0
98196734,-81.935545,26.489781,159.0
98197056,-81.958969,26.513686,515.0
98197117,-81.962589,26.513632,52.0
98198310,-81.951857,26.51322,1474.0
98198314,-81.955364,26.513178,1299.0
98200436,-81.93981,26.496247,1504.0
98200677,-81.953893,26.491038,0.0
98200679,-81.953903,26.491395,0.0
98200681,-81.953911,26.491752,0.0
98200683,-81.953919,26.492109,0.0
98200685,-81.953927,26.49247,0.0
98200687,-81.95394,26.493182,0.0
98200768,-81.939734,26.52814,0.0
98200784,-81.941247,26.529014,0.0
98200794,-81.942224,26.53002,0.0
98202255,-81.95328,26.52286,0.0
98202277,-81.952606,26.521637,226.0
98203461,-81.9395387,26.4485582,0.0
98203467,-81.9384923,26.448187,0.0
98204531,-81.9764097,26.5015464,1324.0
98205102,-81.938961,26.485694,2951.0
98205140,-81.93707,26.480473,1681.0
98206458,-81.965432,26.490565,811.0
98206847,-81.943406,26.4985,448.0
98207526,-81.97747,26.507455,1573.0
98207535,-81.97612,26.506984,971.0
98208372,-81.942689,26.521282,0.0
98208374,-81.942637,26.521142,0.0
98208379,-81.942257,26.521014,0.0
98208472,-81.9476226,26.5264619,0.0
98208483,-81.947555,26.526989,130.0
98209230,-81.950232,26.524667,0.0
98209266,-81.950194,26.523631,0.0
98209285,-81.950257,26.5251695,75.0
98209717,-81.923426,26.531077,708.0
98212309,-81.981797,26.511864,779.0
98212429,-81.9626092,26.5100768,2926.0
98212449,-81.961837,26.510408,1044.0
98212506,-81.949123,26.49063,0.0
98212685,-81.950256,26.490692,0.0
98212686,-81.950207,26.490693,0.0
98212689,-81.949645,26.490712,0.0
98212694,-81.948851,26.490631,0.0
98212697,-81.948719,26.490629,0.0
98212700,-81.94832,26.490616,0.0
98212703,-81.947613,26.490583,0.0
98212705,-81.946482,26.49053,0.0
98212709,-81.945425,26.490492,0.0
98212847,-81.94878,26.493502,0.0
98214177,-81.9684812,26.518345,1709.0
98214611,-81.9538527,26.458695,32.0
98214634,-81.953846,26.462011,2475.0
98214651,-81.954097,26.463951,346.0
98214653,-81.9540941,26.4640677,263.0
98214660,-81.9543582,26.4643361,1693.0
98214700,-81.953603,26.464407,1366.0
98215094,-81.945706,26.504115,0.0
98215098,-81.945712,26.504569,0.0
98215718,-81.941097,26.522989,230.0
98215994,-81.931938,26.529229,1079.0
98216794,-81.976428,26.498812,2655.0
98217368,-81.955974,26.508878,205.0
98217381,-81.953226,26.508759,123.0
98217383,-81.952772,26.508771,924.0
98217384,-81.952135,26.508783,517.0
98217389,-81.951259,26.508804,143.0
98217393,-81.948221,26.508854,0.0
98217396,-81.947627,26.508861,0.0
98217399,-81.943675,26.5089147,0.0
98217401,-81.943038,26.508916,0.0
98217408,-81.942153,26.508858,192.0
98217409,-81.940154,26.508894,1046.0
98218438,-81.964269,26.500672,0.0
98218445,-81.96509,26.500078,0.0
98219757,-81.951525,26.495174,320.0
98219762,-81.950972,26.495205,1721.0
98219769,-81.950125,26.495244,568.0
98219846,-81.946328,26.498318,3.0
98219849,-81.946337,26.49843,69.0
98219853,-81.946455,26.498821,124.0
98219868,-81.946524,26.500017,145.0
98219899,-81.948112,26.500629,535.0
98219919,-81.949845,26.500686,452.0
98219941,-81.950158,26.499261,832.0
98219951,-81.950186,26.498394,140.0
98219997,-81.960729,26.501049,500.0
98220000,-81.962553,26.501015,57.0
98220002,-81.963134,26.501005,0.0
98220006,-81.963656,26.50101,0.0
98220011,-81.964277,26.501041,0.0
98220023,-81.967009,26.499216,0.0
98220062,-81.951877,26.514412,2044.0
98220064,-81.952795,26.5144,2256.0
98220068,-81.955386,26.514363,952.0
98220527,-81.92758,26.515823,662.0
98220538,-81.92552,26.51586,801.0
98221661,-81.940369,26.503602,1291.0
98221674,-81.943772,26.526529,0.0
98221678,-81.9437523,26.5260782,0.0
98223121,-81.959955,26.502704,753.0
98223154,-81.964334,26.50245,1023.0
98223874,-81.9231208,26.4373857,0.0
98225591,-81.9410339,26.5127598,0.0
98226731,-81.940925,26.503597,431.0
98227578,-81.946038,26.520471,0.0
98227580,-81.946049,26.521016,211.0
98227618,-81.949179,26.522659,0.0
98227621,-81.949684,26.522828,0.0
98227625,-81.950027,26.522921,390.0
98227633,-81.951292,26.522932,89.0
98227666,-81.952865,26.523626,388.0
98227773,-81.966422,26.490867,410.0
98227898,-81.948465,26.490259,0.0
98228602,-81.966331,26.511305,3163.0
98228637,-81.9462836,26.5163377,0.0
98228648,-81.9439722,26.518135,0.0
98228652,-81.9436373,26.5179794,0.0
98228892,-81.9395,26.458111,4158.0
98228894,-81.939499,26.458898,1320.0
98229834,-81.948134,26.501469,192.0
98230711,-81.950933,26.498529,1963.0
98231024,-81.95326,26.518793,229.0
98231038,-81.95324,26.517593,129.0
98232387,-81.963632,26.499217,0.0
98232639,-81.96112,26.51915,0.0
98232659,-81.9609579,26.5177487,0.0
98232663,-81.9609372,26.5175813,0.0
98232675,-81.9609361,26.5174525,0.0
98232699,-81.960703,26.51594,52.0
98232731,-81.962081,26.5158565,0.0
98232743,-81.9625,26.5164,78.0
98232762,-81.963221,26.516725,0.0
98232767,-81.963456,26.516727,190.0
98232794,-81.9631804,26.5172144,0.0
98232800,-81.9630764,26.5174059,19.0
98232811,-81.96122,26.519197,0.0
98234816,-81.951639,26.512219,79.0
98234826,-81.951843,26.512629,444.0
98234829,-81.951866,26.513813,416.0
98234835,-81.951898,26.515624,1003.0
98235687,-81.951484,26.493718,0.0
98235688,-81.951574,26.493648,0.0
98235702,-81.95233,26.493436,0.0
98235706,-81.952559,26.493161,0.0
98235722,-81.952616,26.492773,0.0
98235732,-81.952517,26.492396,0.0
98235747,-81.952207,26.492012,0.0
98235759,-81.951806,26.490866,0.0
98238389,-81.95168,26.465456,192.0
98238410,-81.974573,26.508804,0.0
98238444,-81.97544,26.510896,0.0
98241343,-81.938763,26.503629,644.0
98241992,-81.9409995,26.530838,0.0
98241999,-81.941482,26.530491,0.0
98242015,-81.944202,26.529211,0.0
98242035,-81.947941,26.526963,0.0
98242426,-81.9381139,26.5254703,0.0
98242496,-81.93718,26.52621,0.0
98242539,-81.938317,26.529369,0.0
98242591,-81.937713,26.527647,0.0
98244307,-81.962199,26.458371,0.0
98244343,-81.96114,26.457317,0.0
98244358,-81.930113,26.530294,225.0
98245386,-81.946501,26.504102,211.0
98245388,-81.946507,26.504558,17.0
98246241,-81.952809,26.51561,515.0
98246246,-81.946083,26.524249,0.0
98246251,-81.945875,26.524373,0.0
98246288,-81.944713,26.524325,0.0
98246295,-81.944433,26.524276,0.0
98246651,-81.947461,26.493524,0.0
98248202,-81.968298,26.491109,80.0
98251296,-81.962462,26.490614,261.0
98254936,-81.9421752,26.4484546,151.0
98254965,-81.94215,26.453273,0.0
98255527,-81.963656,26.493448,381.0
98256726,-81.9567758,26.4570124,0.0
98257027,-81.963591,26.490596,272.0
98262584,-81.974315,26.4993262,552.0
98262596,-81.975188,26.499332,2135.0
98262602,-81.965072,26.49919,0.0
98263134,-81.9683538,26.5110357,0.0
98263139,-81.968711,26.5107706,81.0
98263161,-81.9704838,26.5091241,180.0
98263189,-81.9714276,26.507688,567.0
98263249,-81.9685596,26.5069446,0.0
98263252,-81.9685265,26.5072932,0.0
98263266,-81.9695168,26.5077196,206.0
98263329,-81.948049,26.484107,0.0
98263332,-81.951025,26.484069,0.0
98265237,-81.939888,26.484946,1011.0
98265241,-81.9423123,26.4849099,1983.0
98266913,-81.958309,26.455041,0.0
98266970,-81.9573143,26.4544372,0.0
98268180,-81.9449283,26.4494322,293.0
98268198,-81.9448789,26.4536577,0.0
98268304,-81.949142,26.5227846,0.0
98269689,-81.967135,26.502009,55.0
98270358,-81.949262,26.514051,0.0
98270416,-81.9507744,26.5154375,501.0
98270423,-81.9499315,26.5154496,16.0
98271213,-81.951135,26.479232,0.0
98271238,-81.95529,26.479135,1127.0
98271272,-81.957048,26.47917,175.0
98271278,-81.956155,26.47922,1074.0
98271312,-81.954754,26.479016,3339.0
98271330,-81.951162,26.479134,0.0
98271969,-81.9553652,26.4534086,0.0
98271979,-81.9560423,26.4536495,0.0
98272051,-81.966037,26.462476,0.0
98272631,-81.9547907,26.4527235,7832.0
98272641,-81.9537883,26.4524082,113.0
98272648,-81.9527128,26.452061,35.0
98272651,-81.9521419,26.4518767,609.0
98272654,-81.9506631,26.4513992,0.0
98272657,-81.9499006,26.451153,345.0
98272664,-81.9496338,26.4510669,203.0
98272667,-81.9491218,26.4509016,1662.0
98272680,-81.9461605,26.4498697,569.0
98272687,-81.9455134,26.4496399,43.0
98272692,-81.9441787,26.449166,71.0
98272694,-81.9440127,26.4491071,152.0
98272698,-81.9399625,26.4476689,333.0
98272699,-81.9393989,26.4474688,28.0
98272728,-81.937621,26.446085,131.0
98272741,-81.9348395,26.4446642,689.0
98272744,-81.9341549,26.4443164,118.0
98272745,-81.9328224,26.4436027,125.0
98272746,-81.9316135,26.4429294,439.0
98272749,-81.9310314,26.4426202,1070.0
98272750,-81.9299579,26.4420016,3464.0
98272752,-81.927989,26.440901,1110.0
98272754,-81.9273263,26.4405251,839.0
98272759,-81.9253799,26.4394211,0.0
98273135,-81.9496485,26.527967,0.0
98274449,-81.937984,26.505572,157.0
98275411,-81.953455,26.493529,0.0
98276291,-81.9439109,26.5159004,0.0
98276406,-81.978008,26.493274,56.0
98276415,-81.978046,26.493447,0.0
98276554,-81.928885,26.530309,0.0
98276576,-81.9433884,26.5181404,0.0
98276589,-81.9437611,26.5160435,0.0
98276595,-81.9439159,26.516039,0.0
98276611,-81.943122,26.518846,0.0
98276631,-81.929017,26.530435,0.0
98276697,-81.9461606,26.5159196,0.0
98276717,-81.953836,26.510528,0.0
98276726,-81.964095,26.502636,344.0
98276727,-81.964906,26.502011,791.0
98276728,-81.965583,26.501494,574.0
98276730,-81.965923,26.501231,1206.0
98276731,-81.968685,26.499106,69.0
98276732,-81.970035,26.498067,583.0
98276737,-81.9751491,26.4951932,547.0
98276963,-81.945116,26.487264,0.0
98276978,-81.945354,26.486607,0.0
98276983,-81.94532,26.48528,0.0
98276993,-81.945563,26.484863,0.0
98277001,-81.943145,26.488963,0.0
98277004,-81.943572,26.488955,0.0
98277374,-81.958771,26.493468,0.0
98277391,-81.9596057,26.4935435,0.0
98278091,-81.946974,26.480363,829.0
98278093,-81.9469887,26.4809506,0.0
98279123,-81.9585477,26.5106239,609.0
98279133,-81.959091,26.511469,2507.0
98279141,-81.9592172,26.5117354,575.0
98280095,-81.94966,26.4529842,0.0
98280274,-81.9492659,26.4542551,0.0
98280276,-81.9490024,26.4541689,0.0
98280281,-81.9495214,26.4597937,709.0
98281272,-81.9366794,26.4837284,5014.0
98282621,-81.936901,26.50587,307.0
98282945,-81.933191,26.44608,0.0
98283109,-81.930204,26.505055,366.0
98286799,-81.965441,26.503367,589.0
98286800,-81.965448,26.504501,127.0
98287098,-81.938647,26.517076,0.0
98287440,-81.9265999,26.5183352,577.0
98287442,-81.9292638,26.5182996,559.0
98287445,-81.9339097,26.5182233,165.0
98287503,-81.940835,26.516078,0.0
98287543,-81.938745,26.51717,180.0
98287563,-81.9367505,26.518188,0.0
98289577,-81.940882,26.458097,2848.0
98289583,-81.9425759,26.458083,2063.0
98289591,-81.9426302,26.458043,155.0
98290618,-81.94723,26.487385,0.0
98291356,-81.98012,26.50972,78.0
98291380,-81.9566623,26.4560071,0.0
98291386,-81.9562481,26.4567825,0.0
98292566,-81.96399,26.493388,868.0
98292759,-81.9370225,26.4849361,1755.0
98295312,-81.953224,26.508396,939.0
98295346,-81.951822,26.504537,590.0
98295348,-81.951801,26.503129,249.0
98295372,-81.951809,26.499832,487.0
98295405,-81.951589,26.49531,0.0
98295412,-81.9514522,26.4942715,0.0
98295665,-81.945869,26.490166,0.0
98296006,-81.943403,26.498358,0.0
98296011,-81.945527,26.498443,0.0
98297162,-81.946724,26.4902,0.0
98297618,-81.94451,26.504132,0.0
98297620,-81.944522,26.50459,0.0
98298112,-81.9551362,26.4553211,0.0
98298114,-81.9548672,26.4558181,0.0
98300173,-81.951237,26.507345,867.0
98300174,-81.951236,26.507028,1328.0
98300181,-81.9498955,26.5073666,2474.0
98300185,-81.948192,26.507394,154.0
98300207,-81.9632533,26.5119146,4000.0
98300228,-81.96209,26.511666,1342.0
98300259,-81.96194,26.51152,1433.0
98300272,-81.961506,26.511102,533.0
98300840,-81.948093,26.485706,0.0
98303738,-81.93982,26.503611,478.0
98303745,-81.939891,26.501741,1332.0
98304359,-81.9514863,26.4653742,119.0
98304387,-81.954938,26.467129,1206.0
98304651,-81.938091,26.485709,1980.0
98304695,-81.936197,26.4804904,1709.0
98306578,-81.943432,26.499318,86.0
98306607,-81.97483,26.513758,0.0
98306608,-81.974848,26.5143876,0.0
98306615,-81.974919,26.516241,0.0
98308658,-81.946911,26.503714,0.0
98308758,-81.939788,26.495477,2273.0
98309788,-81.9203452,26.4363058,1069.0
98309790,-81.9199871,26.4367352,0.0
98309793,-81.919509,26.4372983,0.0
98309799,-81.9193893,26.4375308,0.0
98309801,-81.9195584,26.4376506,0.0
98309804,-81.9192136,26.4380604,0.0
98309808,-81.9189846,26.4383446,0.0
98316531,-81.932314,26.44596,0.0
98316671,-81.960289,26.493538,397.0
98316672,-81.96067,26.493534,282.0
98316675,-81.961418,26.493522,648.0
98316676,-81.962153,26.49351,225.0
98316678,-81.96252,26.493502,736.0
98316679,-81.963269,26.493475,1153.0
98317220,-81.94591,26.526901,0.0
98317250,-81.944946,26.526586,0.0
98317319,-81.958765,26.49311,0.0
98317321,-81.958752,26.492396,0.0
98317375,-81.941657,26.497774,2673.0
98317376,-81.939825,26.497788,2058.0
98317630,-81.960613,26.490647,197.0
98319248,-81.95401,26.510715,94.0
98319250,-81.954341,26.510734,64.0
98319276,-81.955144,26.512267,525.0
98319872,-81.939257,26.529234,0.0
98319901,-81.942409,26.526769,0.0
98320565,-81.941518,26.530548,0.0
98320903,-81.95648,26.510609,633.0
98320909,-81.9570178,26.5106074,730.0
98324324,-81.938211,26.503638,393.0
98324701,-81.9654851,26.5172233,593.0
98328566,-81.943822,26.507117,0.0
98328578,-81.946282,26.507102,341.0
98328726,-81.922184,26.440291,0.0
98329097,-81.9355222,26.5200864,0.0
98329373,-81.947499,26.502241,0.0
98329375,-81.947522,26.503001,498.0
98329747,-81.956174,26.520411,0.0
98329749,-81.955944,26.520825,0.0
98329753,-81.956889,26.520738,0.0
98330032,-81.977117,26.504462,0.0
98331718,-81.946072,26.487401,0.0
98333652,-81.9270191,26.4444608,0.0
98336948,-81.9444162,26.4486989,0.0
98336950,-81.944227,26.4486304,0.0
98336954,-81.9427727,26.4481005,0.0
98341870,-81.947289,26.504095,0.0
98341871,-81.946105,26.504112,0.0
98341873,-81.945306,26.50412,0.0
98341875,-81.94491,26.504127,0.0
98342249,-81.965997,26.520382,413.0
98342271,-81.953411,26.491045,0.0
98342695,-81.953437,26.492379,0.0
98342711,-81.953438,26.492454,0.0
98343436,-81.950058,26.48328,0.0
98343588,-81.951013,26.483278,0.0
98344547,-81.965274,26.50244,1413.0
98345053,-81.952762,26.455888,0.0
98345578,-81.957826,26.490754,0.0
98347377,-81.953447,26.493147,0.0
98350023,-81.947304,26.503895,396.0
98350028,-81.947304,26.504544,0.0
98350058,-81.946897,26.503577,0.0
98353080,-81.9390637,26.4930141,560.0
98353089,-81.93977,26.492999,0.0
98353110,-81.942296,26.492858,0.0
98353119,-81.942486,26.492623,0.0
98353147,-81.943236,26.491979,0.0
98353508,-81.9281218,26.5132033,5086.0
98354469,-81.935519,26.503678,170.0
98354483,-81.935457,26.501849,85.0
98354493,-81.936006,26.501791,506.0
98355307,-81.950109,26.522524,0.0
98355323,-81.950307,26.522364,0.0
98355551,-81.931509,26.516567,207.0
98355575,-81.92746,26.516638,407.0
98356039,-81.950023,26.525124,0.0
98356100,-81.947766,26.523802,0.0
98356826,-81.959412,26.503089,0.0
98358194,-81.95285,26.522841,0.0
98358279,-81.9250554,26.4388022,0.0
98358291,-81.922714,26.440757,0.0
98358339,-81.963113,26.499225,0.0
98358342,-81.962534,26.499234,0.0
98358361,-81.961577,26.498757,0.0
98358599,-81.9476528,26.5084272,579.0
98359053,-81.963108,26.498725,0.0
98359056,-81.963102,26.498231,0.0
98359780,-81.9388592,26.4804395,1188.0
98360439,-81.9292988,26.520023,691.0
98363537,-81.963748,26.521671,766.0
98364983,-81.946508,26.490191,0.0
98365187,-81.9389068,26.5181778,20.0
98365661,-81.9455034,26.4538733,0.0
98367015,-81.926634,26.52143,0.0
98367328,-81.9590357,26.500815,446.0
98369956,-81.948393,26.493511,0.0
98370914,-81.945885,26.459318,2948.0
98370931,-81.945749,26.46168,0.0
98375402,-81.944159,26.453779,0.0
98375406,-81.9443773,26.4482959,0.0
98376252,-81.96015,26.498392,0.0
98377668,-81.9556312,26.4715702,2733.0
98378815,-81.9492694,26.4982732,892.0
98379571,-81.953441,26.492762,0.0
98379574,-81.953429,26.491989,0.0
98380336,-81.945319,26.504574,0.0
98380902,-81.9254798,26.4430016,0.0
98380952,-81.957981,26.508061,1222.0
98381036,-81.967723,26.507296,188.0
98381108,-81.964446,26.50795,5087.0
98381261,-81.963374,26.507988,4679.0
98383039,-81.930635,26.445305,0.0
98383055,-81.928631,26.44698,0.0
98384689,-81.930748,26.531643,258.0
98384740,-81.931353,26.504051,405.0
98384776,-81.929035,26.505232,0.0
98384825,-81.929416,26.5051557,340.0
98384828,-81.92903,26.505165,183.0
98387025,-81.948083,26.484918,0.0
98388856,-81.9537917,26.454194,0.0
98388863,-81.953796,26.4547242,0.0
98389597,-81.969049,26.497347,1342.0
98390144,-81.939823,26.446672,0.0
98390752,-81.950571,26.493527,0.0
98390761,-81.950299,26.492871,0.0
98394957,-81.946083,26.490174,0.0
98396051,-81.9417494,26.5237534,514.0
98396071,-81.9419405,26.5238309,221.0
98402346,-81.952173,26.520672,28.0
98409130,-81.951443,26.461484,314.0
98409195,-81.950875,26.464913,1632.0
98409296,-81.943347,26.496287,0.0
98409309,-81.941465,26.496861,5530.0
98409323,-81.93982,26.497021,2092.0
98413808,-81.951471,26.516515,89.0
98413815,-81.95012,26.516541,716.0
98415095,-81.95525,26.501951,1289.0
98416338,-81.956521,26.511108,316.0
98416343,-81.956642,26.511358,2643.0
98416388,-81.960273,26.511315,451.0
98416451,-81.959402,26.509223,2939.0
98416476,-81.956856,26.509654,2487.0
98416478,-81.956763,26.50976,824.0
98416503,-81.9561052,26.5090142,136.0
98417145,-81.943117,26.48633,0.0
98417147,-81.942564,26.486328,1555.0
98417154,-81.939922,26.486331,363.0
98417159,-81.939921,26.486411,438.0
98418017,-81.94737,26.490224,0.0
98418423,-81.9436876,26.5122084,0.0
98418438,-81.941865,26.512348,0.0
98418457,-81.9391816,26.5144412,1.0
98419104,-81.927562,26.5191248,35.0
98421246,-81.9248729,26.4425955,0.0
98421497,-81.980021,26.511339,133.0
98423035,-81.962096,26.490621,253.0
98424103,-81.926093,26.517556,457.0
98425440,-81.9383856,26.4483884,0.0
98425453,-81.9368652,26.4488205,0.0
98426078,-81.936007,26.503666,1055.0
98427941,-81.939775,26.493333,0.0
98428001,-81.952491,26.461717,89.0
98428002,-81.952205,26.4616536,917.0
98428017,-81.947737,26.460457,1054.0
98428019,-81.947646,26.460401,4697.0
98428021,-81.946393,26.459627,7254.0
98428302,-81.95954,26.520261,2658.0
98428304,-81.959412,26.520264,552.0
98428333,-81.959012,26.523678,2929.0
98433177,-81.919012,26.43604,0.0
98433181,-81.919765,26.436607,0.0
98433630,-81.9551712,26.4538149,0.0
98433634,-81.9553117,26.4536327,0.0
98433640,-81.955247,26.4530787,0.0
98433751,-81.94954,26.481131,568.0
98433754,-81.944635,26.483912,0.0
98433787,-81.943189,26.490097,0.0
98433805,-81.943222,26.494177,60.0
98433809,-81.943533,26.503563,52.0
98433811,-81.943582,26.505438,0.0
98433813,-81.94362,26.506989,0.0
98434307,-81.963212,26.490601,332.0
98435239,-81.944722,26.48865,0.0
98435259,-81.9435103,26.4886451,0.0
98435269,-81.94336,26.487525,0.0
98436917,-81.93656,26.50366,1479.0
98437332,-81.953469,26.493699,0.0
98437563,-81.946109,26.504564,0.0
98437566,-81.944919,26.504583,0.0
98439151,-81.971787,26.50158,4230.0
98439908,-81.9458151,26.480376,1096.0
98439937,-81.9446211,26.482372,1572.0
98441272,-81.930951,26.445485,0.0
98441297,-81.964835,26.504516,343.0
98441299,-81.964829,26.503375,1319.0
98444217,-81.938869,26.488147,0.0
98444240,-81.935567,26.490419,0.0
98444244,-81.935574,26.49107,0.0
98444333,-81.9593749,26.4574838,0.0
98444340,-81.9582706,26.4568632,0.0
98444347,-81.9581615,26.4570629,0.0
98444349,-81.958375,26.4566595,0.0
98444363,-81.9594089,26.4576165,0.0
98444443,-81.925724,26.439119,0.0
98444458,-81.923063,26.441363,0.0
98445065,-81.9237631,26.4414694,0.0
98445852,-81.941804,26.522228,0.0
98445864,-81.942848,26.521206,0.0
98445916,-81.9440875,26.5200595,0.0
98446520,-81.969251,26.502559,3675.0
98447042,-81.955377,26.513772,680.0
98448304,-81.976136,26.504099,1814.0
98448310,-81.976096,26.503177,527.0
98449148,-81.928915,26.444349,0.0
98453984,-81.961228,26.522523,2599.0
98454849,-81.91774,26.437523,0.0
98455103,-81.9458444,26.481587,211.0
98455585,-81.960703,26.498771,0.0
98456397,-81.941471,26.503589,756.0
98456733,-81.939822,26.494924,686.0
98456740,-81.94001,26.494785,2155.0
98460639,-81.946652,26.487392,0.0
98460647,-81.947814,26.487374,0.0
98460957,-81.945653,26.490158,0.0
98465574,-81.967142,26.502509,181.0
98468758,-81.963815,26.522635,443.0
98470226,-81.961362,26.490633,130.0
98470228,-81.960233,26.490653,820.0
98470395,-81.931648,26.517445,660.0
98476127,-81.939895,26.486856,51.0
98476135,-81.939905,26.485686,1538.0
98476141,-81.93988,26.484197,489.0
98476195,-81.9379584,26.4804563,1815.0
98476232,-81.939819,26.485687,470.0
98478408,-81.952307,26.451444,0.0
98481251,-81.942589,26.459802,2527.0
98486741,-81.977601,26.506413,302.0
98486788,-81.976074,26.505381,0.0
98486801,-81.977113,26.504103,0.0
98486806,-81.977611,26.50489,82.0
98486861,-81.976085,26.50528,0.0
98491603,-81.957296,26.52183,0.0
98493440,-81.9393947,26.504406,638.0
98494340,-81.946241,26.461758,3080.0
98500559,-81.956255,26.511775,442.0
98501470,-81.94382,26.506997,0.0
98501487,-81.94379,26.505915,0.0
98501513,-81.945425,26.505922,64.0
98501517,-81.945464,26.506205,0.0
98501580,-81.946614,26.508073,1193.0
98501583,-81.946619,26.5087445,122.0
98501594,-81.945701,26.5087569,84.0
98501600,-81.944893,26.508768,364.0
98501624,-81.943726,26.505447,0.0
98502056,-81.952706,26.524959,701.0
98502058,-81.952734,26.526308,647.0
98502086,-81.953466,26.526337,95.0
98502637,-81.963666,26.520682,164.0
98505029,-81.9687794,26.5174361,1303.0
98505516,-81.942027,26.503577,652.0
98505520,-81.937663,26.503644,1646.0
98505771,-81.976191,26.507822,976.0
98507804,-81.943012,26.523464,0.0
98507826,-81.943047,26.522952,0.0
98507875,-81.943496,26.522987,0.0
98507878,-81.943514,26.523159,0.0
98507897,-81.9458228,26.5230959,0.0
98507915,-81.945448,26.522899,0.0
98507927,-81.945082,26.522871,0.0
98507954,-81.94431,26.52289,0.0
98508034,-81.945136,26.523269,0.0
98508060,-81.944387,26.523366,0.0
98509107,-81.935384,26.491076,3.0
98512825,-81.942788,26.490168,0.0
98513467,-81.9500751,26.450686,0.0
98523816,-81.95526,26.453307,0.0
98523838,-81.9548833,26.4535654,0.0
98523862,-81.954168,26.454085,0.0
98525213,-81.9213417,26.4378469,0.0
98525441,-81.927761,26.515722,1702.0
98530785,-81.919069,26.531763,0.0
98530788,-81.91837,26.531775,29.0
98536380,-81.972386,26.504339,3071.0
98540979,-81.9385292,26.505014,1070.0
98541481,-81.9477315,26.464313,2936.0
98542456,-81.9422999,26.4841686,591.0
98545431,-81.94493,26.505123,0.0
98546287,-81.967128,26.501526,91.0
98547428,-81.9594009,26.5094915,901.0
98556200,-81.9496537,26.522926,0.0
98559944,-81.928806,26.445638,0.0
98564510,-81.9458921,26.4932757,552.0
98564534,-81.945884,26.491445,1933.0
98564536,-81.945937,26.492844,1717.0
98564559,-81.944403,26.491952,1906.0
98569348,-81.9603301,26.5105666,2183.0
98569361,-81.960352,26.5116443,1148.0
98574825,-81.9407737,26.5212356,0.0
98576234,-81.9482751,26.4942089,0.0
98580268,-81.962662,26.52225,319.0
98583137,-81.949516,26.486765,0.0
98583187,-81.975546,26.5143766,0.0
610746140,-81.9416665,26.5198196,0.0
612756460,-81.9482546,26.4940846,0.0
612756462,-81.9432131,26.4937901,59.0
612756480,-81.9397052,26.4938484,61.0
612756708,-81.938123,26.4941195,0.0
612756710,-81.9380841,26.4939987,0.0
612756712,-81.9398561,26.493837,214.0
681210541,-81.951448,26.494098,0.0
681210551,-81.935095,26.494207,0.0
681210552,-81.935085,26.494021,0.0
681210558,-81.93531,26.501842,99.0
681210559,-81.935392,26.504486,0.0
681210560,-81.935367,26.503683,0.0
681210561,-81.935364,26.503592,352.0
681210563,-81.935439,26.506029,121.0
681210565,-81.935546,26.508973,147.0
681210566,-81.935617,26.511321,1425.0
681210567,-81.935644,26.512353,136.0
681210570,-81.9358,26.518078,0.0
681210572,-81.935804,26.5182,0.0
681210576,-81.936229,26.524264,0.0
681210577,-81.936347,26.524171,0.0
681210585,-81.931761,26.528076,380.0
1387614715,-81.9204923,26.4364172,130.0
1387614718,-81.9200469,26.4367699,0.0
1387614719,-81.9201433,26.4368258,0.0
1387614737,-81.9197204,26.4387061,0.0
1412670504,-81.9501746,26.450419,0.0
1412670505,-81.9509314,26.4506541,0.0
1583988126,-81.9392773,26.5147799,191.0
1583988135,-81.9394437,26.5146691,0.0
1583988156,-81.9400799,26.5158593,0.0
1583988165,-81.9392749,26.5143583,0.0
1583988174,-81.9412332,26.513289,61.0
1717562393,-81.9710106,26.4973202,0.0
1738688748,-81.9407197,26.519072,0.0
1738688752,-81.9391346,26.5189037,0.0
1738688753,-81.9412669,26.519066,0.0
1738688754,-81.9412772,26.519622,0.0
1738688756,-81.9397885,26.5212609,0.0
1738688762,-81.9419699,26.5182876,0.0
1738688763,-81.940481,26.5207295,0.0
1738688764,-81.9419915,26.519058,0.0
1738688765,-81.9407357,26.5198383,0.0
1738688766,-81.9419724,26.518059,56.0
1738688768,-81.9400916,26.5203366,0.0
1738688769,-81.9395444,26.5205316,0.0
1738688774,-81.9395479,26.5207572,0.0
1738688775,-81.9412799,26.5197662,0.0
1738688776,-81.9395338,26.5198476,0.0
1738688777,-81.9397114,26.5215613,0.0
1738689152,-81.9427749,26.5189312,0.0
1756886972,-81.9416941,26.4580185,290.0
1756886973,-81.940885,26.458026,202.0
1756886974,-81.9397892,26.4841957,757.0
1756886976,-81.9398,26.4849462,297.0
1756886979,-81.9596744,26.4939552,0.0
1756886980,-81.9595454,26.4939513,28.0
1756886985,-81.9691557,26.4958939,1837.0
1756887010,-81.9693156,26.5102299,0.0
1756887013,-81.9697135,26.5105843,84.0
1756887020,-81.9702329,26.5110475,703.0
1756887027,-81.9674175,26.5140979,457.0
1756887045,-81.9304844,26.5181522,936.0
1756887047,-81.9296641,26.5181616,293.0
1756887051,-81.9273358,26.5182018,256.0
1756887176,-81.9196308,26.5226277,0.0
1756887180,-81.9196333,26.5227233,0.0
1762745028,-81.9677177,26.4898484,0.0
1762745033,-81.9673017,26.489165,0.0
1762745041,-81.965915,26.4897339,100.0
1762745044,-81.9671998,26.4892946,0.0
1762745061,-81.9671247,26.4896763,0.0
1762745065,-81.9645506,26.4900025,0.0
1762745079,-81.9649903,26.4899277,128.0
1762745101,-81.9670746,26.4897957,0.0
1762745103,-81.9626803,26.4898036,52.0
1762745105,-81.9625125,26.4902104,70.0
1762745115,-81.9645738,26.490072,29.0
1762745120,-81.967291,26.4894507,0.0
1762745124,-81.9670777,26.489905,0.0
1762745126,-81.9651238,26.4897892,0.0
1762745129,-81.9650496,26.4899332,0.0
1762745135,-81.9618569,26.4902381,18.0
1762745167,-81.9677193,26.4899613,0.0
1762745171,-81.9623866,26.4901209,0.0
1762745172,-81.9666916,26.4898895,0.0
1762745182,-81.9660331,26.4901108,0.0
1762745188,-81.9672561,26.4892231,0.0
1762745189,-81.9651162,26.4899394,84.0
1762745191,-81.9633696,26.4900364,206.0
1762745213,-81.9667434,26.4900041,90.0
1762745220,-81.9625953,26.4901181,236.0
1769042077,-81.9555099,26.4534638,0.0
1769053882,-81.940751,26.4490453,0.0
1769053892,-81.9413168,26.449243,0.0
1769083207,-81.9454605,26.4494687,185.0
1769083208,-81.9447333,26.4493629,853.0
1769083210,-81.9448275,26.4492261,51.0
1769083211,-81.944775,26.4485047,0.0
1769085404,-81.9451116,26.449335,0.0
1769085412,-81.9452115,26.4485747,0.0
1773568796,-81.9457635,26.4489667,0.0
1773568797,-81.9457643,26.4490925,0.0
1773568798,-81.9455066,26.4489455,0.0
1773568799,-81.9455075,26.4490348,0.0
1773568800,-81.9457688,26.4497306,866.0
1773963615,-81.9660318,26.4636688,0.0
1773963620,-81.9661309,26.4627823,0.0
1773966062,-81.9659164,26.462838,0.0
1773966068,-81.9658151,26.4625588,0.0
1775767027,-81.9352617,26.4470737,0.0
1775767030,-81.9237989,26.4378689,65.0
1775767041,-81.9360198,26.4470753,0.0
1775767042,-81.9372825,26.4472069,0.0
1775767045,-81.9358174,26.4457117,0.0
1775767046,-81.9367069,26.4474521,0.0
1775767049,-81.9360901,26.4452996,159.0
1775767057,-81.9354716,26.4470705,0.0
1775767058,-81.9365367,26.4472927,0.0
1775767059,-81.936288,26.4454001,0.0
1775767060,-81.9368916,26.4462312,0.0
1775767065,-81.9360787,26.4458,0.0
1775767067,-81.9363919,26.4456594,12.0
1775767070,-81.9366093,26.4474701,0.0
1775767074,-81.9372936,26.4469691,0.0
1775767079,-81.9358205,26.4470742,0.0
1775767082,-81.9364128,26.4475023,0.0
1775767083,-81.9374343,26.4459786,259.0
1775767086,-81.9367348,26.4470215,0.0
1775767094,-81.9362095,26.4455733,0.0
1775767097,-81.935685,26.446209,0.0
1775767100,-81.9367571,26.4467874,0.0
1775767113,-81.9372675,26.44632,0.0
1775767114,-81.93628,26.4470575,0.0
1775771966,-81.9553254,26.4528865,0.0
1775771971,-81.9546551,26.4544756,0.0
1775774197,-81.9595269,26.457485,0.0
1793441053,-81.9513222,26.4619119,1673.0
1793441054,-81.9528134,26.4610432,0.0
1793441056,-81.9527456,26.4604521,0.0
1793441057,-81.9521262,26.4616362,1213.0
1793441064,-81.9538017,26.4610291,1735.0
1793441067,-81.9523525,26.4609639,764.0
1793441071,-81.9537957,26.4608607,347.0
1793441072,-81.9529462,26.4605259,0.0
1793441073,-81.9513953,26.4616503,1090.0
1793441075,-81.9523576,26.4622024,0.0
1793441076,-81.9527753,26.4612295,39.0
1793441087,-81.9519106,26.4612853,1196.0
1793441090,-81.9524383,26.4619089,0.0
1793441091,-81.9529046,26.4606888,0.0
1793441105,-81.9523833,26.4599817,0.0
1793441107,-81.953822,26.4614054,2278.0
1793441117,-81.9519948,26.4608715,0.0
1793441127,-81.9537848,26.4607041,1426.0
1793441128,-81.9518238,26.4615157,78.0
1793441131,-81.9528451,26.4600904,0.0
1793441138,-81.9523448,26.4602836,255.0
1793441139,-81.9523602,26.4610733,1077.0
1793686990,-81.9469331,26.4595711,84.0
1793687007,-81.9445034,26.4610398,0.0
1793687017,-81.9476715,26.4588639,0.0
1793687032,-81.944503,26.4611463,0.0
1793687042,-81.9470886,26.4598304,80.0
1793687081,-81.9469327,26.458505,0.0
1793687093,-81.9444811,26.4588237,0.0
1793687098,-81.9446888,26.4585949,548.0
1793687104,-81.9445325,26.4609062,0.0
1793687105,-81.9449233,26.4589886,0.0
1793687107,-81.9448583,26.4589608,0.0
1793687116,-81.9470893,26.4581636,0.0
1793687118,-81.9491881,26.4609713,1655.0
1793687126,-81.9450009,26.4590273,0.0
1793687143,-81.9470096,26.4582597,55.0
1793687152,-81.945097,26.4590792,119.0
1793687160,-81.9453477,26.4611239,0.0
1793687161,-81.9440792,26.4586562,80.0
1793687163,-81.9443014,26.4587658,0.0
1793687172,-81.9469679,26.4596767,808.0
1793687174,-81.9453506,26.4612736,0.0
1793687179,-81.9447042,26.4588868,16.0
1800539079,-81.9177318,26.5055793,0.0
1800545050,-81.9188955,26.5049877,0.0
1800545051,-81.9187484,26.5045304,0.0
1800545053,-81.9184318,26.504929,0.0
1800545062,-81.9189709,26.5045568,0.0
1800545063,-81.9188856,26.5047665,0.0
1800545066,-81.9188797,26.5045904,0.0
1811948527,-81.979058,26.5071339,0.0
1811948571,-81.9816173,26.5063479,0.0
1811948581,-81.9817331,26.506283,0.0
1811948624,-81.9817677,26.4938568,0.0
1811948640,-81.9795926,26.5064304,0.0
1811948645,-81.9809004,26.4938533,0.0
1811948646,-81.9808978,26.4937476,0.0
1811948667,-81.9795704,26.5065641,0.0
1811948675,-81.9787876,26.5071724,0.0
1811948684,-81.9793957,26.5069306,0.0
1811948689,-81.9796916,26.5064149,0.0
1811948726,-81.9797869,26.5063561,0.0
1811948736,-81.978053,26.5073958,219.0
1811948740,-81.9796627,26.5064458,0.0
1811948767,-81.9796567,26.5063539,0.0
1811948769,-81.9816933,26.5064291,0.0
1811948819,-81.9795945,26.5065149,0.0
1811948820,-81.9817678,26.4937529,0.0
1811948841,-81.979599,26.5064765,0.0
1812862173,-81.9753911,26.4968767,2450.0
1816148609,-81.9497735,26.4677807,0.0
1816148610,-81.9506318,26.4683137,0.0
1816148614,-81.9501446,26.4673114,0.0
1816148646,-81.9500721,26.4684608,0.0
1816148666,-81.9487736,26.4684554,0.0
1816148720,-81.9486397,26.4682427,0.0
1816148723,-81.9510046,26.4682975,50.0
1816148725,-81.9498878,26.468171,0.0
1843518717,-81.9300116,26.4905869,2.0
1843518720,-81.9293102,26.4928842,0.0
1843518744,-81.9299847,26.4897812,0.0
1843518753,-81.9309046,26.4897622,0.0
1843518754,-81.9309342,26.490566,0.0
1843518766,-81.9350557,26.493105,0.0
1843518767,-81.9309194,26.4901644,0.0
1843518776,-81.9323317,26.4940728,0.0
1843518778,-81.9296145,26.4897889,320.0
1843518782,-81.9295362,26.4927209,450.0
1843518793,-81.9373383,26.4941518,0.0
1843518799,-81.929636,26.4905953,138.0
1843518808,-81.9293356,26.4937868,0.0
1843518816,-81.929308,26.4927284,0.0
1843518850,-81.9390633,26.4913448,67.0
1843518858,-81.9351091,26.4953073,0.0
1843518865,-81.9336532,26.4937117,0.0
1843518870,-81.9293893,26.4938493,0.0
1843518879,-81.9301718,26.4947319,0.0
1843518896,-81.929446,26.4897924,1452.0
1843518902,-81.9294724,26.490599,679.0
1843518946,-81.9299981,26.4901837,59.0
1843518959,-81.9371239,26.4952576,322.0
1843518965,-81.931274,26.4940886,0.0
1843518967,-81.9336915,26.4931699,0.0
1843533053,-81.9370363,26.4930421,20.0
1843533056,-81.9371409,26.4930405,222.0
1843533133,-81.9411345,26.4905743,0.0
1843539998,-81.9349824,26.4909116,155.0
1843564590,-81.9678033,26.4796726,168.0
1843564611,-81.9674778,26.479651,71.0
1843578066,-81.9335891,26.4991497,0.0
1843578077,-81.9345493,26.4987984,0.0
1843578079,-81.9346046,26.5005999,0.0
1843578092,-81.9345601,26.4992017,0.0
1843578101,-81.9345337,26.4979661,0.0
1843578110,-81.9338057,26.5006182,0.0
1843578132,-81.9335676,26.4988656,0.0
1843578160,-81.9331304,26.4987408,0.0
1843578171,-81.9349403,26.5004145,0.0
1843578198,-81.9352168,26.4990319,0.0
1843578202,-81.9346809,26.4989887,0.0
1843578207,-81.9317403,26.4973516,0.0
1843578215,-81.931462,26.49754,0.0
1843578222,-81.9349715,26.4979613,0.0
1843578255,-81.9337247,26.4990052,0.0
1843578267,-81.9331331,26.4992809,0.0
1843578270,-81.9314679,26.4979061,0.0
1843578276,-81.9352133,26.4989118,0.0
1843582316,-81.9359242,26.5012881,140.0
1843582323,-81.9352964,26.5014324,467.0
1843582347,-81.9358533,26.5013694,0.0
1843582358,-81.9352939,26.5013578,825.0
1843582381,-81.9374024,26.5013758,0.0
1843582383,-81.9374079,26.5014913,1278.0
1843582422,-81.9385909,26.5014721,535.0
1843582439,-81.9356222,26.5008434,295.0
1843582465,-81.9358361,26.5014226,0.0
1843582479,-81.9362358,26.5015066,215.0
1869746258,-81.9669109,26.5049501,0.0
1869746260,-81.9660339,26.5066608,73.0
1869746262,-81.9656075,26.5066693,272.0
1869746266,-81.9666053,26.5066464,161.0
1869746271,-81.9665698,26.5058821,0.0
1869746272,-81.9654171,26.5066687,233.0
1869746276,-81.9679241,26.5058641,0.0
1869746279,-81.9673242,26.5066287,87.0
1869746280,-81.9651997,26.5049697,0.0
1869746300,-81.9669594,26.5066394,0.0
1869746302,-81.9652238,26.5058049,0.0
1869746303,-81.9673134,26.5057808,0.0
1869746305,-81.967681,26.5057746,0.0
1869746309,-81.9647142,26.506648,93.0
1869746314,-81.9655967,26.5057861,0.0
1869746325,-81.9641509,26.5058327,0.0
1869746327,-81.9648619,26.5049784,0.0
1869746330,-81.9669378,26.505787,0.0
1869746332,-81.9661842,26.5049608,0.0
1869746333,-81.9665678,26.5057932,0.0
1869746335,-81.9663514,26.5044045,374.0
1869746336,-81.9641403,26.504994,129.0
1869746338,-81.9676889,26.5058672,0.0
1869746350,-81.9679219,26.5057706,19.0
1869746351,-81.9655512,26.5049635,0.0
1869746356,-81.9645025,26.5058236,0.0
1869746359,-81.9643522,26.5066464,468.0
1869746362,-81.9644917,26.504988,0.0
1869746363,-81.9648807,26.505815,0.0
1869746366,-81.966235,26.5066529,0.0
1869746372,-81.963958,26.5059145,1348.0
1869746373,-81.9650523,26.5059006,0.0
1869746377,-81.9655965,26.505868,0.0
1869746378,-81.9672918,26.5049402,158.0
1869746380,-81.9660043,26.5058776,0.0
1869746385,-81.9662029,26.5058882,0.0
1869746391,-81.9665597,26.5049592,0.0
1869746397,-81.9659615,26.5049617,0.0
1869746402,-81.9639553,26.5058377,899.0
1869746403,-81.9662003,26.5057994,0.0
1869746415,-81.9673107,26.5058722,0.0
1869746418,-81.9653976,26.5058882,0.0
1869746427,-81.9643549,26.5059098,0.0
1869746431,-81.9669351,26.5058772,0.0
1869746432,-81.9647105,26.5059085,0.0
1869746434,-81.9660003,26.5058027,0.0
1869746439,-81.9650659,26.5066637,333.0
1869782883,-81.9562751,26.5073343,4476.0
1869782890,-81.9584656,26.5062041,155.0
1869782991,-81.9583065,26.505446,1095.0
1869783001,-81.9583169,26.5059013,122.0
1869783009,-81.9590311,26.505475,81.0
1869783036,-81.9563447,26.5079979,814.0
1869783063,-81.9583445,26.5062804,349.0
1869848934,-81.9750355,26.4939709,0.0
1869848936,-81.9743766,26.4955467,190.0
1869848954,-81.976586,26.4945274,147.0
1869848960,-81.9737651,26.4950641,0.0
1869848966,-81.9750463,26.4944707,0.0
1869848982,-81.9741384,26.4948932,0.0
1869849004,-81.9730312,26.4953949,0.0
1869849006,-81.9723941,26.4948511,0.0
1869849008,-81.9746844,26.4946391,0.0
1869849012,-81.9723871,26.4944454,0.0
1869849014,-81.9735819,26.4951466,0.0
1869849016,-81.9730269,26.4950168,0.0
1869849035,-81.9723821,26.4940157,0.0
1869849062,-81.9718872,26.4961282,0.0
1869849081,-81.9742423,26.4953141,199.0
1869849083,-81.9726028,26.4944401,0.0
1869849086,-81.9744923,26.4943714,0.0
1869849094,-81.9730287,26.4951752,0.0
1869849114,-81.9730232,26.4946831,0.0
1869849115,-81.9723969,26.4950192,0.0
1869849119,-81.9741248,26.4944171,0.0
1869849123,-81.9730307,26.495348,0.0
1869849125,-81.9739374,26.4949864,0.0
1869849127,-81.9732165,26.4953113,0.0
1869849136,-81.9748616,26.4945567,0.0
1869849154,-81.9738986,26.494419,0.0
1869849157,-81.9743188,26.4948092,0.0
1869849160,-81.9754028,26.4934416,48.0
1869849161,-81.9743024,26.4943914,0.0
1869849162,-81.9735683,26.4944231,0.0
1869849168,-81.9739947,26.4936364,0.0
1869849174,-81.9741501,26.4953601,139.0
1869849191,-81.9734008,26.4952283,0.0
1869849193,-81.9733832,26.4944254,0.0
1869849202,-81.9737453,26.4944209,0.0
1869849206,-81.9754043,26.4939678,0.0
1869849228,-81.9740281,26.4949444,0.0
1869849229,-81.9723998,26.4951848,0.0
1869849238,-81.9764654,26.4943085,0.0
1869849265,-81.9723914,26.4946927,0.0
1869849267,-81.972592,26.4940116,0.0
1869849273,-81.9752192,26.4939693,0.0
1869849285,-81.9740013,26.494419,0.0
1869849290,-81.973025,26.494844,0.0
1869849299,-81.9748477,26.4939724,0.0
1869849305,-81.9755894,26.4939662,0.0
1869849307,-81.974679,26.4943659,0.0
1869849311,-81.9738821,26.4936378,5.0
1869849312,-81.9754104,26.4942982,0.0
1869849322,-81.9731954,26.4944277,0.0
1869849328,-81.9761636,26.4939614,405.0
1869849332,-81.9730203,26.4944298,0.0
1869849335,-81.9742817,26.4955901,216.0
1869849341,-81.9745008,26.4947245,0.0
1869849348,-81.9732438,26.4944271,0.0
1869849352,-81.9752277,26.4943822,0.0
1869849359,-81.9755913,26.4942148,0.0
1869849365,-81.9724028,26.4953585,0.0
1869866466,-81.9739716,26.4934587,0.0
1869866467,-81.972027,26.4936597,0.0
1869896930,-81.9249602,26.5312882,0.0
1869896941,-81.9260385,26.5303762,0.0
1869896962,-81.9246906,26.527111,0.0
1869896972,-81.9249667,26.5313444,0.0
1869896984,-81.9258775,26.5295315,0.0
1869896993,-81.9244731,26.5313493,0.0
1869896994,-81.927531,26.5260177,510.0
1869896999,-81.9259806,26.5299408,0.0
1869897047,-81.9259671,26.5254676,0.0
1869897092,-81.9249577,26.5313464,0.0
1869897206,-81.9273589,26.5248501,604.0
1869897219,-81.9247628,26.5307113,0.0
1869923829,-81.934154,26.5257462,0.0
1869923869,-81.9336596,26.5254575,134.0
1869923916,-81.9342198,26.52539,465.0
1869923920,-81.9337036,26.5258061,90.0
1869923924,-81.9336593,26.5264193,405.0
1869924069,-81.9338469,26.5253062,497.0
1869924070,-81.9294038,26.530109,0.0
1869924192,-81.934059,26.5258291,0.0
1873518152,-81.9397303,26.5147426,7.0
1873518156,-81.9363571,26.5159045,0.0
1873518202,-81.936113,26.5159073,0.0
1873518213,-81.9370812,26.5173281,0.0
1873518246,-81.9395044,26.514755,0.0
1873518285,-81.9366548,26.51542,0.0
1873518299,-81.9363871,26.5169102,0.0
1873518303,-81.9371916,26.5177021,0.0
1873518307,-81.9365325,26.5169054,0.0
1873518405,-81.9373567,26.5172277,0.0
1873518407,-81.9365011,26.5156237,0.0
1873518420,-81.9376823,26.5159741,0.0
1873518450,-81.937433,26.5164061,0.0
1873518462,-81.9379431,26.5159765,0.0
1873518503,-81.9368398,26.51452,0.0
1873518511,-81.9363516,26.5157221,0.0
1873518644,-81.9366601,26.5156217,0.0
1873518670,-81.9379464,26.516063,0.0
1873518788,-81.9367523,26.517369,0.0
1873518791,-81.936112,26.5157245,0.0
1873518881,-81.9393535,26.5146638,0.0
1873518929,-81.9376822,26.5160653,0.0
1873519042,-81.9365747,26.5153333,0.0
1873519048,-81.936172,26.5145152,0.0
1873519098,-81.9368962,26.514772,0.0
1873519106,-81.937733,26.5162969,0.0
1873519109,-81.937851,26.5168684,0.0
1873746675,-81.9411275,26.5126998,0.0
1881987540,-81.9806457,26.5060738,0.0
1881987563,-81.9815064,26.5063484,0.0
1881987577,-81.9801924,26.506165,0.0
1881987585,-81.9796705,26.5069714,0.0
1881987626,-81.9794246,26.5068699,0.0
1881987749,-81.9801441,26.5066162,0.0
1881987760,-81.9816971,26.5066426,0.0
1881987776,-81.9806492,26.5066406,0.0
1881987799,-81.9796275,26.5064815,0.0
1881987827,-81.9798813,26.5065826,0.0
1881987854,-81.9815145,26.5061469,0.0
1881987873,-81.9811792,26.5063497,0.0
1881987932,-81.9806427,26.5063518,0.0
1881988235,-81.9811795,26.5066474,0.0
1881988250,-81.9801894,26.5063535,0.0
1881988254,-81.9791906,26.5059898,13.0
1881988272,-81.9810505,26.5063502,0.0
1881988299,-81.9810373,26.5060522,0.0
1881994078,-81.9731349,26.5050087,0.0
1881994140,-81.9746429,26.508066,0.0
1881994209,-81.9742326,26.5078524,0.0
1881994262,-81.9737602,26.5082349,1387.0
1881994325,-81.9733141,26.5079565,0.0
1881994340,-81.9747902,26.5078654,0.0
1881994380,-81.9734249,26.5081511,2431.0
1881994459,-81.9756507,26.5080146,1182.0
1881994515,-81.9744074,26.5080718,18.0
1881994541,-81.9757131,26.5056777,6.0
1882035876,-81.9572408,26.4728444,634.0
1883377345,-81.948179,26.5054686,932.0
1883377360,-81.9480255,26.5022348,262.0
1883377371,-81.9535256,26.5100594,403.0
1883377402,-81.9507523,26.5129054,0.0
1883377414,-81.953918,26.5104666,378.0
1883377415,-81.9523085,26.5109352,344.0
1883377419,-81.9530782,26.5103291,125.0
1883377425,-81.9518144,26.5019995,3047.0
1883377440,-81.9482002,26.5021551,532.0
1883377448,-81.9489421,26.5054477,3738.0
1883377482,-81.9513755,26.5022428,535.0
1883377495,-81.9514418,26.5023293,72.0
1883377504,-81.9481883,26.5069163,1019.0
1883377518,-81.9527467,26.5113673,0.0
1883377520,-81.9438594,26.5121635,0.0
1883377528,-81.9526635,26.5114305,0.0
1883377530,-81.9521727,26.5087823,793.0
1883377535,-81.9491847,26.5021026,5465.0
1883377537,-81.9490225,26.5064603,2637.0
1883377546,-81.9518296,26.5021267,507.0
1883388849,-81.9495039,26.5107569,0.0
1883388860,-81.9506224,26.5101268,0.0
1883388866,-81.9491244,26.5113039,0.0
1883388871,-81.9491123,26.5118583,0.0
1883388895,-81.9491532,26.5114064,0.0
1883388904,-81.9502154,26.5096945,0.0
1883388913,-81.9506237,26.5103822,0.0
1883388932,-81.9473742,26.5148167,0.0
1883388977,-81.9499277,26.5110725,0.0
1883389054,-81.9491091,26.5107631,0.0
1883389058,-81.9497865,26.5100972,0.0
1883389108,-81.9506211,26.5097894,0.0
1883389200,-81.9492156,26.5112079,0.0
1883389233,-81.9480893,26.5149535,0.0
1883389278,-81.9494387,26.5097949,0.0
1883389286,-81.9491168,26.5114098,0.0
1883389308,-81.9437336,26.5142312,0.0
1883389311,-81.9500899,26.5103608,0.0
1883389318,-81.9498514,26.5090165,31.0
1883389323,-81.9492325,26.5118629,0.0
1883389357,-81.9490974,26.5103502,0.0
1883389384,-81.9465904,26.5120855,0.0
1883389389,-81.9506063,26.5092916,3.0
1883389394,-81.9493339,26.5111297,0.0
1883389396,-81.9506184,26.5095494,0.0
1883389423,-81.9498044,26.5107522,0.0
1883389444,-81.9477124,26.5145478,0.0
1883389459,-81.9472375,26.5148791,0.0
1883389487,-81.9503434,26.5106755,0.0
1883389528,-81.949923,26.5109165,0.0
1883389547,-81.9493295,26.5107596,0.0
1883389594,-81.9499169,26.5107162,0.0
1883389595,-81.9491888,26.5103918,0.0
1883389664,-81.9498499,26.5093909,0.0
1883395060,-81.9716297,26.5098481,492.0
1920874358,-81.9815187,26.4936053,60.0
1920874389,-81.981162,26.4936014,146.0
1920903598,-81.9774777,26.4973907,436.0
1920903600,-81.9776872,26.4971252,596.0
1920903656,-81.9761688,26.4971549,0.0
1925188152,-81.9404797,26.4506141,0.0
1925188166,-81.9208094,26.4382844,0.0
1925188168,-81.9209769,26.4394416,0.0
1925188208,-81.9207408,26.4371276,0.0
1928499194,-81.9821663,26.5062004,0.0
1938962979,-81.9609462,26.4972215,0.0
1938962981,-81.9548426,26.5019504,589.0
1938962984,-81.9549823,26.5011435,738.0
1938962987,-81.9589519,26.4947296,0.0
1938962988,-81.9613042,26.4948952,468.0
1938962995,-81.9559087,26.4967978,394.0
1938962997,-81.9614141,26.4972165,87.0
1938963001,-81.9558886,26.4947779,484.0
1938963003,-81.9590484,26.4983158,0.0
1938963005,-81.9559852,26.4964101,0.0
1938963006,-81.955182,26.4980909,910.0
1938963007,-81.959928,26.4969414,392.0
1938963008,-81.9590526,26.5002083,668.0
1938963012,-81.9562266,26.4991948,0.0
1938963016,-81.9548804,26.4982246,0.0
1938963019,-81.9549192,26.4980458,16.0
1938963020,-81.9549146,26.4986408,553.0
1938963024,-81.9521767,26.4999529,1627.0
1938963030,-81.9609339,26.4969299,40.0
1938963034,-81.9520158,26.4948306,558.0
1938963039,-81.9617385,26.4971497,212.0
1938963041,-81.955272,26.5031411,746.0
1938963042,-81.9582392,26.4947371,0.0
1938963043,-81.9528297,26.4945985,716.0
1938963046,-81.9590847,26.4973168,0.0
1938963048,-81.958137,26.495088,0.0
1938963049,-81.9562548,26.4985462,0.0
1938963050,-81.9582405,26.4945222,0.0
1938963055,-81.9605102,26.494672,198.0
1938963064,-81.9605073,26.4944518,561.0
1938963065,-81.9543383,26.494799,107.0
1938963069,-81.9609608,26.4975667,373.0
1938963071,-81.9570348,26.495251,0.0
1938963073,-81.9581273,26.4949867,183.0
1938963074,-81.9567956,26.4952533,80.0
1938963076,-81.9517974,26.5009902,370.0
1938963077,-81.9562385,26.498921,0.0
1938963081,-81.9558891,26.4945591,812.0
1938963091,-81.9591361,26.4985351,1343.0
1938963092,-81.9517322,26.49702,2930.0
1938963093,-81.9543276,26.4945926,1387.0
1938963095,-81.9528737,26.4948189,270.0
1938963098,-81.9581203,26.494742,2686.0
1938963099,-81.9596434,26.4976438,407.0
1938963103,-81.9522355,26.5045332,612.0
1938963105,-81.955036,26.5041487,4740.0
1938963106,-81.9522548,26.5009815,1302.0
1938963107,-81.9592147,26.4979054,162.0
1938963111,-81.9593755,26.4974083,0.0
1938963112,-81.9583136,26.4949781,5.0
1938963115,-81.952284,26.5031262,1546.0
1938963116,-81.9562583,26.4984017,0.0
1938963120,-81.9566075,26.4947681,327.0
1938963122,-81.9557211,26.4966296,0.0
1938963123,-81.9548576,26.5031459,505.0
1938963125,-81.9599361,26.4974713,507.0
1938963133,-81.9597109,26.4949193,0.0
1938963136,-81.9570276,26.4950037,5531.0
1938963138,-81.9526056,26.5051861,1869.0
1938963139,-81.9604888,26.4972285,43.0
1938963140,-81.958107,26.4955146,0.0
1975886826,-81.9646254,26.4605102,0.0
1975886828,-81.9661506,26.4623076,0.0
1975886829,-81.9641556,26.4603161,0.0
1975886833,-81.9653408,26.4615048,0.0
1975886834,-81.9649235,26.4610982,0.0
1975886835,-81.965965,26.4619188,0.0
1975886836,-81.9648135,26.4603134,0.0
1975886837,-81.9658012,26.4619924,0.0
1975886838,-81.964456,26.4606304,0.0
1975886839,-81.9646359,26.4599075,0.0
1975886840,-81.9651737,26.4609055,0.0
1975886842,-81.9650824,26.4609773,0.0
1975886844,-81.964511,26.4599922,0.0
1975886849,-81.9664585,26.462254,0.0
1975886851,-81.9659119,26.4621803,0.0
1975886853,-81.9660014,26.4623692,0.0
1975886854,-81.9650799,26.4601299,0.0
1975886857,-81.9646774,26.4601701,0.0
1975886859,-81.9659948,26.4623538,0.0
1975886860,-81.9660134,26.4615837,0.0
1975886861,-81.9646695,26.4598826,0.0
1975886863,-81.9655755,26.4624658,0.0
1975886864,-81.9655116,26.4623544,0.0
1975886866,-81.9660347,26.4620389,0.0
1975886868,-81.9643101,26.4601899,0.0
1975886869,-81.9654713,26.4613879,0.0
1975891253,-81.9661074,26.4617705,0.0
2019204133,-81.9410299,26.480478,258.0
2019396613,-81.9475985,26.4644269,43.0
2019396628,-81.9460759,26.4578693,351.0
2019396633,-81.9461821,26.4594964,2637.0
2019396637,-81.9478986,26.4644215,55.0
2019424537,-81.9313891,26.4423034,0.0
2019558926,-81.9519872,26.4716715,0.0
2019558927,-81.9514699,26.477992,73.0
2019558934,-81.9522063,26.471824,380.0
2019558937,-81.9513606,26.4738961,0.0
2019558939,-81.9519005,26.4716895,0.0
2019558943,-81.9514176,26.4761674,551.0
2019558944,-81.9518013,26.473327,2949.0
2019558950,-81.9513812,26.4746547,257.0
2019558964,-81.9514262,26.4764915,309.0
2019558977,-81.9511686,26.4748204,0.0
2019558981,-81.951227,26.4771036,0.0
2019558984,-81.9515699,26.473339,0.0
2019558988,-81.9517342,26.4784745,0.0
2019558991,-81.9513991,26.4754231,867.0
2019558993,-81.9519005,26.4718048,0.0
2019558995,-81.951483,26.4784293,0.0
2019559005,-81.9514475,26.4772453,0.0
2019559007,-81.9514062,26.4757376,1027.0
2019559013,-81.9513693,26.4742202,0.0
2019559015,-81.9514432,26.4771037,137.0
2019559029,-81.9513897,26.4749788,453.0
2019559044,-81.9510953,26.4718072,0.0
2019559048,-81.9514376,26.4769165,333.0
2019559053,-81.9514604,26.4776752,0.0
2019559059,-81.951922,26.4786258,0.0
2019559062,-81.951093,26.4717184,0.0
2019559067,-81.9519374,26.4708972,0.0
2019559072,-81.9513856,26.4748156,329.0
2021400869,-81.9570963,26.4540328,0.0
2021400879,-81.9569581,26.45421,0.0
2021400894,-81.9567906,26.4541095,0.0
2021400899,-81.9574848,26.4542697,0.0
2021400900,-81.9565251,26.4536844,0.0
2021400901,-81.956929,26.4539308,0.0
2040730198,-81.9303614,26.5116252,0.0
2040730202,-81.929773,26.5116347,0.0
2040730208,-81.9297784,26.5118171,0.0
2040730268,-81.9303569,26.5114283,0.0
2040730289,-81.9297554,26.5112627,0.0
2040730304,-81.9297636,26.5114356,0.0
2040730306,-81.9303695,26.5119787,0.0
2040730312,-81.9303656,26.5118075,0.0
2040730318,-81.9297831,26.51199,0.0
2040730379,-81.9297855,26.5121603,0.0
2040730423,-81.9303154,26.5144837,0.0
2040766270,-81.9292855,26.5150933,0.0
2040766287,-81.9288643,26.5150861,603.0
2040766309,-81.9292908,26.5148989,0.0
2040766381,-81.9293954,26.5147885,0.0
2145987621,-81.9439954,26.487096,0.0
2153205938,-81.9542833,26.5174384,0.0
2153205947,-81.955136,26.5181339,0.0
2153205953,-81.9552027,26.5183002,0.0
2153205954,-81.9542827,26.5183164,0.0
2153205963,-81.9545876,26.519284,0.0
2153205965,-81.9547695,26.5193914,0.0
2153205968,-81.9546771,26.5196893,121.0
2153205969,-81.9545881,26.5196905,75.0
2178210401,-81.9515773,26.4940985,0.0
2178210404,-81.9594356,26.4920419,0.0
2178210405,-81.9594743,26.4934156,156.0
2178210411,-81.9515142,26.4905718,0.0
2178210414,-81.9515579,26.4908502,0.0
2213554502,-81.9391492,26.4463227,0.0
2253886537,-81.9378729,26.4493371,0.0
2900342096,-81.9739768,26.4925846,0.0
2900342097,-81.9740866,26.4922025,0.0
2900342603,-81.9742533,26.4920352,0.0
2900342604,-81.9741917,26.4925989,0.0
2900342605,-81.9738926,26.4929813,0.0
2900342606,-81.9739745,26.4929775,0.0
2900342608,-81.9745724,26.4926284,0.0
2900342621,-81.9738898,26.4931923,0.0
2900342622,-81.9684397,26.4932541,43.0
2900342623,-81.9677685,26.4931741,230.0
2900342624,-81.969379,26.4932434,72.0
2900342627,-81.9685372,26.4930903,0.0
2900342629,-81.9693632,26.4930906,0.0
2900342630,-81.973898,26.4925847,0.0
2900342631,-81.9734565,26.492741,0.0
2900342632,-81.9718221,26.4927483,0.0
2900342633,-81.9718181,26.4919733,0.0
2900342634,-81.973428,26.4919697,0.0
2900342635,-81.974068,26.4922287,0.0
2900342641,-81.9730018,26.4919706,0.0
2900342642,-81.9730205,26.492743,0.0
2900342643,-81.9732166,26.4927421,0.0
2900342644,-81.9731979,26.4919702,0.0
2900342645,-81.9728641,26.4927437,0.0
2900342646,-81.972843,26.491971,0.0
2900342647,-81.9736464,26.4926738,0.0
2900342648,-81.9736425,26.4920565,0.0
2900342649,-81.9719417,26.491973,0.0
2900342650,-81.9719604,26.4927477,0.0
2900342651,-81.9721565,26.4927468,0.0
2900342652,-81.9721425,26.4919726,0.0
2900342653,-81.9723083,26.4919722,0.0
2900342654,-81.9723153,26.4927461,0.0
2900342655,-81.9726749,26.4919714,0.0
2900342656,-81.9726772,26.4927445,0.0
2900342657,-81.9724974,26.4927453,0.0
2900342658,-81.9724881,26.4919718,0.0
2900342760,-81.9346296,26.4931075,0.0
2900342761,-81.9346481,26.493703,0.0
2900342762,-81.9340041,26.4937086,0.0
2900342763,-81.9339918,26.4931111,0.0
2900342766,-81.9359979,26.4952854,138.0
2900342769,-81.9353878,26.4953004,264.0
2900342788,-81.9432821,26.4960331,8.0
2900342790,-81.9443329,26.4959113,0.0
2900342795,-81.9452669,26.4941347,0.0
2900342797,-81.9435684,26.4952715,0.0
2900342799,-81.9451025,26.4947455,0.0
2900342800,-81.9437955,26.4960368,0.0
2900342902,-81.9437045,26.4957859,0.0
2900342903,-81.9443329,26.4957687,0.0
2900342904,-81.9442944,26.4947589,0.0
2900342905,-81.9442904,26.4944131,24.0
2900342907,-81.9451824,26.4944851,0.0
2912378473,-81.9425111,26.4933209,25.0
2918603783,-81.9335757,26.5182282,146.0
2918603786,-81.9343184,26.518099,177.0
2919122003,-81.9402036,26.5209424,0.0
2919122007,-81.9420543,26.5159325,0.0
2919122008,-81.9425889,26.5159106,0.0
2919122011,-81.942124,26.5160749,0.0
2919122012,-81.9420946,26.5162812,0.0
2919122014,-81.941112,26.5166527,0.0
2919122018,-81.9436946,26.5173254,0.0
2919122031,-81.9429813,26.5173961,0.0
2919122032,-81.9429804,26.5164209,0.0
2919122035,-81.9430672,26.5160637,0.0
2919122036,-81.9429853,26.5167493,0.0
2919122038,-81.9425464,26.5172937,0.0
2919122039,-81.9426983,26.5173616,0.0
2919122041,-81.9429901,26.5170747,0.0
2919122042,-81.9428704,26.5163841,0.0
2919122043,-81.9423803,26.5172195,0.0
2919122044,-81.9417088,26.5162848,0.0
2919122045,-81.9414279,26.5167939,0.0
2919122046,-81.9412736,26.5167249,0.0
2919122047,-81.9415169,26.5162866,0.0
2919122048,-81.9417569,26.5169409,0.0
2919122049,-81.9427166,26.5163326,0.0
2919122050,-81.9422456,26.5171593,0.0
2919122051,-81.9420982,26.5170934,0.0
2919122052,-81.9425266,26.5163079,0.0
2919122053,-81.9423445,26.516295,0.0
2919122054,-81.9419432,26.5170242,0.0
2919122055,-81.9419176,26.5162856,0.0
2919122056,-81.9415864,26.5168647,0.0
2919871445,-81.9462827,26.5102807,0.0
2919871446,-81.9462592,26.5088806,0.0
2919871447,-81.946263,26.5091104,0.0
2919871449,-81.9440968,26.5103202,0.0
2919871453,-81.9461741,26.5112324,0.0
2919871454,-81.9461401,26.5102832,0.0
2919871455,-81.9459895,26.511237,0.0
2919871456,-81.9459673,26.5102864,0.0
2919871457,-81.9458076,26.5112415,0.0
2919871458,-81.9457799,26.5102898,0.0
2919871459,-81.9456138,26.5112464,0.0
2919871460,-81.9455947,26.5102931,0.0
2919871461,-81.9454288,26.511251,0.0
2919871462,-81.9454006,26.5102966,0.0
2919871463,-81.9452594,26.5112552,0.0
2919871464,-81.9452308,26.5102997,0.0
2919871465,-81.9450651,26.5112601,0.0
2919871466,-81.945043,26.5103031,0.0
2919871467,-81.9449079,26.511264,0.0
2919871468,-81.9448613,26.5103064,0.0
2919871469,-81.9447138,26.5112689,0.0
2919871470,-81.9446734,26.5103098,0.0
2919871471,-81.9443412,26.5112782,0.0
2919871472,-81.9443036,26.5103164,0.0
2919871473,-81.944526,26.5112736,0.0
2919871474,-81.9444885,26.5103131,0.0
2919871483,-81.9437472,26.515153,0.0
2919871486,-81.9428557,26.5159056,99.0
2919871487,-81.9435316,26.5151594,0.0
2919871489,-81.9428754,26.5156975,0.0
2919871490,-81.9414287,26.5157458,0.0
2919871492,-81.9413591,26.5159443,0.0
2919871494,-81.9420721,26.5157241,0.0
2919871495,-81.9443737,26.5148958,0.0
2919871498,-81.9441592,26.515537,0.0
2919871499,-81.9446179,26.5155346,0.0
2919871602,-81.9446226,26.5156896,0.0
2919871605,-81.9464123,26.515465,0.0
2919871608,-81.9467341,26.5148797,0.0
2919871609,-81.9451113,26.5159098,0.0
2919871611,-81.9450041,26.5157253,0.0
2919871612,-81.9427883,26.5191882,0.0
2919871615,-81.9429184,26.5190652,0.0
2919871616,-81.9428063,26.5180469,0.0
2919871644,-81.9452674,26.5121775,80.0
2919871646,-81.9451602,26.5112577,0.0
3346861986,-81.9538255,26.4553629,0.0
3346901696,-81.9646773,26.4614057,0.0
3442359757,-81.9366145,26.5183581,0.0
3442360100,-81.9360696,26.5190239,0.0
3442360312,-81.936318,26.5210254,0.0
3529429037,-81.9524537,26.4611499,973.0
3529435381,-81.9529182,26.4598306,0.0
3529435382,-81.9531265,26.4598787,323.0
3529441447,-81.9540057,26.4585421,0.0
3547654560,-81.9461035,26.4490046,0.0
3547654561,-81.9465412,26.4492027,0.0
3547654562,-81.9472753,26.4495134,0.0
3547654565,-81.9469283,26.4498173,9.0
3547654566,-81.9460874,26.4498438,496.0
3547654567,-81.9468958,26.4499305,455.0
3547654570,-81.9468436,26.4501123,527.0
3586017016,-81.9666554,26.5021136,292.0
3586458156,-81.9438615,26.5122401,0.0
3586766968,-81.9438944,26.5142295,0.0
3586766970,-81.9439071,26.5149007,0.0
3586766973,-81.9437549,26.5159031,0.0
3658639489,-81.9776073,26.5103227,0.0
3658639496,-81.9561243,26.5196668,0.0
3658639512,-81.9775095,26.508887,0.0
3658639520,-81.9766516,26.5104998,0.0
3658639522,-81.9763961,26.5142959,0.0
3658639931,-81.9777839,26.5088821,229.0
3658639933,-81.9778133,26.5103198,214.0
3658639936,-81.9770643,26.5088949,0.0
3658639963,-81.958016,26.5191899,15.0
3658639966,-81.9769677,26.5088966,0.0
3658639967,-81.9769545,26.5083665,441.0
3658639980,-81.976496,26.5159636,0.0
3658639989,-81.9776148,26.510555,0.0
3658639991,-81.9560786,26.5173762,0.0
3658639992,-81.9770561,26.5083649,74.0
3658640000,-81.9560773,26.5172611,0.0
3658640006,-81.9775062,26.5087236,0.0
3658640021,-81.9765513,26.5142944,0.0
3712398263,-81.9618417,26.456895,0.0
3712398266,-81.9612153,26.4573919,0.0
3787001582,-81.9373156,26.523165,0.0
3787001589,-81.9454182,26.4834741,0.0
3787001611,-81.9453519,26.4845173,0.0
4223385120,-81.93665,26.5183575,0.0
4223385129,-81.9384599,26.5184657,0.0
4223385137,-81.9389172,26.518524,0.0
4223385144,-81.9382582,26.5185749,0.0
4223385145,-81.9378573,26.518588,0.0
4223385150,-81.9389201,26.5186335,0.0
4223385151,-81.937017,26.5186433,0.0
4223385153,-81.9385835,26.5186544,0.0
4223385154,-81.936332,26.518708,0.0
4223385157,-81.9386331,26.5187441,0.0
4223385162,-81.9365567,26.5188507,0.0
4223385163,-81.938393,26.5188694,0.0
4223385173,-81.9381403,26.5189684,0.0
4223385180,-81.9387975,26.5191065,0.0
4223385183,-81.936063,26.5191163,0.0
4223385185,-81.9385561,26.5191689,0.0
4223385396,-81.9364344,26.5193435,0.0
4223385416,-81.9381307,26.5196469,0.0
4223385428,-81.9365155,26.519814,0.0
4223385429,-81.9378187,26.5197969,0.0
4223385438,-81.9360531,26.5199637,0.0
4223385440,-81.9379531,26.519996,0.0
4223385449,-81.9375095,26.520255,0.0
4223385455,-81.9364341,26.520321,0.0
4223385458,-81.9381953,26.5203548,0.0
4223385459,-81.9361645,26.5203929,0.0
4223385460,-81.9361856,26.5204325,0.0
4223385463,-81.9371249,26.5204716,0.0
4223385464,-81.9370351,26.5204738,0.0
4223385465,-81.9376566,26.5204735,0.0
4223385473,-81.9370129,26.5206032,0.0
4223385591,-81.9363169,26.5208295,0.0
4223385593,-81.9373901,26.5208429,0.0
4223385597,-81.9361314,26.5208749,0.0
4223385600,-81.936819,26.5209263,0.0
4223385613,-81.9361799,26.521098,0.0
4223385619,-81.9363279,26.521165,0.0
4223385627,-81.9366227,26.5216236,0.0
4223385628,-81.9363375,26.5216262,0.0
4223385641,-81.9363394,26.5220382,0.0
4223385642,-81.9367456,26.5220404,0.0
4223385647,-81.9362061,26.5221337,0.0
4223385651,-81.9362419,26.5221956,0.0
4223385660,-81.9366224,26.5223007,0.0
4223385662,-81.936503,26.5224156,0.0
4223385666,-81.9368285,26.5225724,0.0
4223385667,-81.9367583,26.5226227,0.0
4223385669,-81.9373913,26.5231065,0.0
4223406006,-81.9394861,26.5210794,0.0
4223406037,-81.9387482,26.5203569,0.0
4223406041,-81.9391425,26.5215461,0.0
4223406042,-81.9391592,26.5204848,0.0
4223406046,-81.9395831,26.5210002,0.0
4223406054,-81.9389811,26.5205892,0.0
4223406432,-81.9387533,26.520468,0.0
4223406433,-81.9387455,26.5202969,0.0
4277693469,-81.9554757,26.4529244,0.0
4277696826,-81.9549106,26.4527849,52.0
4277696828,-81.9550734,26.4528249,108.0
4277774325,-81.9553508,26.4537887,0.0
4277774326,-81.9556714,26.4540841,0.0
4277774328,-81.9551993,26.4541753,0.0
4277774329,-81.9553964,26.4541976,0.0
4277774346,-81.9555078,26.4541093,0.0
4277774354,-81.9555061,26.4546386,0.0
4277774367,-81.9557787,26.4541357,0.0
4277774369,-81.9554943,26.4536338,0.0
4277774370,-81.955006,26.4546871,0.0
4277774371,-81.9553977,26.4548386,0.0
4277774374,-81.9555325,26.4541552,0.0
4277774376,-81.9553906,26.45387,0.0
4292444196,-81.9816472,26.4977006,0.0
4292444200,-81.9817063,26.4977632,0.0
4292444211,-81.9814747,26.4981207,0.0
4292444216,-81.9814063,26.4990441,0.0
4292444258,-81.9820544,26.4997173,0.0
4292566787,-81.9774502,26.4957304,15.0
4292569594,-81.9778619,26.4966786,849.0
4292569608,-81.9771387,26.4956717,0.0
4292569613,-81.9759975,26.496662,0.0
4292569632,-81.9776084,26.4957129,0.0
4292569649,-81.9759277,26.4958698,772.0
4292569654,-81.9778449,26.4957016,1407.0
4292569661,-81.9775937,26.4966714,86.0
4298844361,-81.9437901,26.5104159,0.0
4460064848,-81.9422806,26.49103,0.0
4460064884,-81.9410883,26.4912049,0.0
4460064885,-81.9422834,26.4912115,0.0
4460064886,-81.9403065,26.4912169,0.0
4460065689,-81.9410888,26.4912296,0.0
4460065697,-81.9410903,26.4913057,0.0
4460065705,-81.9422859,26.4913807,0.0
4460065706,-81.9410922,26.491394,0.0
4460065713,-81.9422884,26.4915391,0.0
4460065714,-81.9410955,26.4915585,0.0
4460065719,-81.9422911,26.491721,0.0
4460065720,-81.9410993,26.4917427,0.0
4460065723,-81.9422938,26.4918963,0.0
4460065725,-81.9411028,26.4919119,0.0
4460065726,-81.9425265,26.4919407,0.0
4460065728,-81.9422945,26.4919443,0.0
4460065731,-81.9425255,26.4920691,0.0
4460065732,-81.9422965,26.4920704,0.0
4460065735,-81.9411064,26.4920871,0.0
4460065742,-81.9422991,26.4922467,0.0
4460065745,-81.94111,26.4922648,0.0
4460065759,-81.9423018,26.4924196,0.0
4460065760,-81.9411136,26.4924364,0.0
4460065768,-81.9422524,26.4925972,0.0
4460065769,-81.9411169,26.4925973,0.0
4460065788,-81.9411207,26.4927814,0.0
4460065792,-81.9397905,26.4928043,0.0
4460065800,-81.9411247,26.4929787,0.0
4522929659,-81.943374,26.4937923,0.0
4522929663,-81.9434036,26.496034,0.0
4522929664,-81.943381,26.4941738,0.0
4522929675,-81.9434055,26.4962341,0.0
4522929678,-81.9433964,26.4952717,0.0
4552441479,-81.9443751,26.5150177,0.0
4933212993,-81.9439259,26.5168277,0.0
4933212995,-81.9455611,26.5166132,0.0
4933212996,-81.9460203,26.5161633,0.0
4933213001,-81.9457359,26.5167643,68.0
4933383244,-81.946054,26.5162248,0.0
4934144971,-81.9435672,26.5048715,0.0
4934144972,-81.9433419,26.504793,0.0
4934144979,-81.9435521,26.5042131,0.0
4934144980,-81.9432891,26.5043152,0.0
4934145005,-81.9429537,26.5048793,0.0
4934145006,-81.9429183,26.5040028,0.0
4934145007,-81.9429267,26.5043578,0.0
4934145009,-81.9414944,26.5042016,0.0
4934145010,-81.9429225,26.5041808,0.0
4934145011,-81.9414987,26.5043718,0.0
4934145012,-81.941503,26.5045457,0.0
4934145013,-81.9429313,26.5045315,0.0
4934145014,-81.9415075,26.5047232,0.0
4934145015,-81.9429379,26.5047049,0.0
4934145016,-81.9415117,26.5048923,0.0
4934252598,-81.9429161,26.5039169,0.0
4934252600,-81.9412857,26.5043716,0.0
4934252601,-81.9412988,26.5047289,0.0
4934252617,-81.9412807,26.5042004,0.0
4934252618,-81.9396936,26.5042151,0.0
4934252619,-81.9396985,26.5043958,0.0
4934252620,-81.9412925,26.5045555,0.0
4934252921,-81.9397032,26.5045671,0.0
4934252922,-81.9397082,26.5047509,61.0
4934252923,-81.9397127,26.5049171,123.0
4934252924,-81.9413068,26.5049023,541.0
4934265301,-81.9429525,26.5048089,0.0
4934280765,-81.9438306,26.5075456,94.0
4934280768,-81.9438425,26.5078949,42.0
4934280769,-81.9440033,26.5078936,100.0
4934280770,-81.9440005,26.5075435,30.0
4934330476,-81.9438395,26.5173852,0.0
4934330478,-81.9441765,26.5173388,0.0
4934330480,-81.9441696,26.5168267,0.0
4934330481,-81.9443247,26.516826,0.0
4934330482,-81.9443441,26.5173361,0.0
4934330483,-81.9444909,26.5168253,0.0
4934330484,-81.9445074,26.5173333,0.0
4934330485,-81.9446403,26.5168247,0.0
4934330486,-81.944643,26.5173166,0.0
4934330487,-81.9448023,26.516824,0.0
4934330488,-81.944806,26.5171917,0.0
4934330489,-81.9449749,26.5168232,0.0
4934330490,-81.9449773,26.5170605,0.0
4934332984,-81.9388826,26.5173812,0.0
4934332989,-81.9408932,26.5165502,0.0
4934332991,-81.941048,26.5160727,0.0
4934400881,-81.9476006,26.5144275,0.0
4934400882,-81.9487595,26.5135385,0.0
4934400885,-81.9494643,26.5125414,0.0
4934400886,-81.9485071,26.5132804,0.0
4934409926,-81.9442868,26.5183138,0.0
4934409931,-81.9441765,26.5179562,0.0
4934409932,-81.9347179,26.5200462,0.0
4934409942,-81.9339346,26.5192552,0.0
4934412154,-81.9331489,26.5182345,370.0
4934412158,-81.9331607,26.5187634,0.0
4934727229,-81.9366456,26.5141959,0.0
4934727245,-81.9356557,26.512782,0.0
4934730413,-81.9360365,26.5133018,0.0
4934730414,-81.936546,26.5132967,0.0
4934730420,-81.9365515,26.5134696,0.0
4934730721,-81.9371751,26.5141917,0.0
4934730723,-81.937165,26.5138729,0.0
4934730724,-81.9375208,26.5138661,0.0
4934730732,-81.9365566,26.5135932,0.0
4934730733,-81.9360929,26.5137089,0.0
4934730734,-81.9371611,26.5136902,0.0
4934730740,-81.9356809,26.5137059,242.0
4936116361,-81.9421066,26.5236879,0.0
4936116397,-81.9483147,26.5205023,0.0
4936121799,-81.9271554,26.5219498,0.0
4936121802,-81.9275907,26.5217094,0.0
4936121804,-81.9280171,26.5214208,0.0
4936121805,-81.9268261,26.5219603,0.0
4937551229,-81.9266182,26.5197149,82.0
4937551230,-81.9251593,26.5196992,0.0
4955239366,-81.9426652,26.5188266,0.0
4955239371,-81.9419906,26.5190255,0.0
4955242505,-81.9373333,26.5138711,0.0
4955242506,-81.9373441,26.5141904,0.0
4955252695,-81.9391402,26.5087121,0.0
4955252696,-81.9391256,26.508171,38.0
4955252697,-81.9387963,26.5087158,0.0
4955252698,-81.9387776,26.5081764,0.0
4955252699,-81.9384629,26.5087194,155.0
4955252700,-81.9384419,26.5081816,0.0
4955252701,-81.9381295,26.508723,164.0
4955252702,-81.9381104,26.5081867,0.0
4955252703,-81.9391723,26.508911,49.0
4956223658,-81.9459016,26.5159414,0.0
4980319808,-81.9461989,26.5087502,0.0
4980319809,-81.9462006,26.5088814,0.0
4980319812,-81.9443494,26.5087081,0.0
4980319818,-81.942746,26.5086865,0.0
4980319819,-81.9434545,26.5081367,0.0
4980320921,-81.9433972,26.5080971,0.0
4980320922,-81.9426908,26.5081124,150.0
4980320923,-81.9436486,26.5081342,0.0
4980320925,-81.9431384,26.5081033,0.0
4980320926,-81.9431321,26.5077815,0.0
4980320927,-81.9429121,26.5081085,0.0
4980320928,-81.942901,26.5077881,0.0
4980320930,-81.9430458,26.5086844,0.0
4980320931,-81.9427188,26.5089101,0.0
4980707927,-81.9434678,26.5131159,0.0
4980707929,-81.942856,26.5134113,0.0
4980707930,-81.9433292,26.513423,0.0
4980707931,-81.9433127,26.5131175,0.0
4980707933,-81.9434797,26.5135567,0.0
4980707934,-81.9430859,26.513763,0.0
4980707936,-81.9435245,26.5150197,0.0
4980707937,-81.94317,26.5151667,0.0
4980707939,-81.9435043,26.5145282,0.0
4980707940,-81.9437128,26.5131152,0.0
4980707941,-81.9434887,26.5139966,0.0
4980707942,-81.9437333,26.5139998,0.0
4980720981,-81.9446786,26.5156891,0.0
4980720990,-81.9446999,26.514896,0.0
5025223872,-81.9338729,26.5202149,0.0
5025223873,-81.9332263,26.5202274,0.0
5025224022,-81.9285073,26.5203118,0.0
5025224048,-81.9332068,26.5200877,0.0
5025224062,-81.9344639,26.5201237,0.0
5025224108,-81.9355475,26.5224872,0.0
5025224109,-81.9346681,26.520178,0.0
5037598125,-81.9436033,26.4956134,0.0
5037598126,-81.9443262,26.4955937,0.0
5037598127,-81.9435729,26.4954438,0.0
5037598128,-81.94432,26.4954305,0.0
5037598129,-81.9443135,26.4952599,0.0
5037598130,-81.9443068,26.4950835,0.0
5037598131,-81.9435671,26.4950968,0.0
5037598132,-81.9435629,26.4949312,0.0
5037598133,-81.9443004,26.4949168,0.0
5037598134,-81.9448744,26.4944131,0.0
5037598135,-81.9448837,26.4947491,0.0
5037598136,-81.9446839,26.4944131,0.0
5037598137,-81.944692,26.4947523,0.0
5037598138,-81.9444855,26.4944131,0.0
5037598139,-81.9444935,26.4947556,0.0
5037622362,-81.9436473,26.4946104,0.0
5037622366,-81.9436209,26.4945006,0.0
5037622369,-81.9439429,26.4946142,0.0
5037622370,-81.9440637,26.4947635,0.0
5037622373,-81.9436192,26.4947722,0.0
5037622397,-81.9440141,26.4944396,10.0
5037622399,-81.9440174,26.4946134,0.0
5048209547,-81.944699,26.5112693,0.0
5048209548,-81.9447127,26.5114612,0.0
5048209549,-81.9447357,26.5120069,0.0
5048209550,-81.9446934,26.5121515,0.0
5048209551,-81.9451865,26.5119967,0.0
5048209552,-81.945167,26.5114485,0.0
5048209563,-81.9453417,26.5119943,0.0
5048209564,-81.9453276,26.5114431,0.0
5048209565,-81.9455258,26.5119915,34.0
5048225762,-81.9432261,26.5120432,0.0
5048225768,-81.9434625,26.5117997,0.0
5048225769,-81.9431816,26.5120434,0.0
5048225770,-81.9432323,26.5122125,0.0
5078033503,-81.9532974,26.5122709,1441.0
5078033509,-81.9533143,26.5112972,36.0
5078033516,-81.953135,26.511411,0.0
5078033517,-81.9531584,26.5122885,2061.0
5078034224,-81.9528687,26.5116183,0.0
5563398727,-81.9377159,26.5228558,0.0
5563398732,-81.9380881,26.5225683,0.0
5564196453,-81.9396354,26.5206895,0.0
5564196455,-81.9395492,26.5208441,0.0
5564196460,-81.9400826,26.5205537,0.0
5564196461,-81.9401992,26.5204466,0.0
5564196462,-81.9397126,26.5190829,0.0
5564196463,-81.9399109,26.5190808,0.0
5564196464,-81.9400771,26.519079,28.0
5564196465,-81.9402222,26.519082,0.0
5564196466,-81.9403991,26.5190847,0.0
5564196467,-81.9405681,26.5198438,0.0
5564196468,-81.9405518,26.5190738,0.0
5564196469,-81.9418202,26.5195218,0.0
5564196470,-81.9418099,26.51906,0.0
5564196471,-81.9416146,26.5196123,0.0
5564196472,-81.9416168,26.5190621,0.0
5564196473,-81.9414156,26.519618,0.0
5564196474,-81.9414128,26.5190644,0.0
5564196475,-81.9409071,26.5198261,0.0
5564196476,-81.9408978,26.51907,0.0
5564196477,-81.9410771,26.5198023,0.0
5564196478,-81.9410724,26.5190681,0.0
5564196479,-81.9397285,26.5198469,0.0
5564196480,-81.9397493,26.5206014,0.0
5564196481,-81.9399016,26.5204835,0.0
5564196482,-81.9398787,26.5198463,0.0
5564196483,-81.9400833,26.5198463,0.0
5564196484,-81.9402291,26.5202302,0.0
5564196485,-81.9402221,26.519845,0.0
5564196486,-81.9404178,26.5198443,0.0
5564196487,-81.9404208,26.5200819,0.0
5565656379,-81.9478135,26.5142642,0.0
5565656392,-81.9467263,26.514179,0.0
5565656393,-81.9475263,26.5146958,0.0
5565656394,-81.9475323,26.514354,94.0
5565656395,-81.9473681,26.5142046,0.0
5565656396,-81.9471878,26.5148792,0.0
5565656397,-81.9471932,26.5141703,0.0
5565656398,-81.94704,26.5141732,0.0
5565656399,-81.9470429,26.5148793,0.0
5565656400,-81.9468981,26.5148795,0.0
5565656401,-81.94689,26.514176,0.0
5565656402,-81.9465438,26.5141824,0.0
5565656403,-81.9465548,26.5148799,0.0
5565656404,-81.9463966,26.5148806,0.0
5565656405,-81.9463935,26.5141852,0.0
5565656406,-81.9462408,26.5141881,0.0
5565656407,-81.9462596,26.5148825,0.0
5565656408,-81.9460935,26.5148847,0.0
5565656409,-81.9460797,26.5141911,0.0
5565656410,-81.9459485,26.5148866,0.0
5565656411,-81.9458091,26.5148885,0.0
5565656412,-81.9457958,26.5141964,0.0
5565656413,-81.9456346,26.5141994,0.0
5565656414,-81.9456508,26.5148906,0.0
5565656415,-81.9454951,26.5148927,0.0
5565656416,-81.9454819,26.5142022,0.0
5565656417,-81.9453262,26.5142051,0.0
5565656418,-81.9453398,26.5148947,0.0
5565656419,-81.9451868,26.5148968,0.0
5565656420,-81.9451734,26.514208,0.0
5565657721,-81.945023,26.5142108,0.0
5565657722,-81.9450314,26.5148988,0.0
5565657723,-81.9448865,26.5149008,0.0
5565657724,-81.9448703,26.5142136,0.0
5565657725,-81.9459248,26.5140495,0.0
5565657726,-81.944686,26.5140665,0.0
5565657727,-81.9446883,26.514217,0.0
5565657729,-81.9459164,26.5134832,0.0
5565657730,-81.945927,26.5141939,0.0
5565657733,-81.9461499,26.5141898,0.0
5565657748,-81.9441321,26.5168253,0.0
5565910506,-81.9718319,26.4932156,92.0
5565911135,-81.9745007,26.4920333,0.0
5565911136,-81.9743887,26.4926121,0.0
5565911137,-81.9743813,26.4920342,0.0
5565911138,-81.974557,26.4920329,0.0
5662570122,-81.9355215,26.5200221,0.0
5662570123,-81.9358447,26.5200137,0.0
5662617171,-81.9436621,26.5179156,0.0
5662617173,-81.9440156,26.5180951,0.0
5662617174,-81.9432798,26.518618,0.0
5662617178,-81.9435143,26.5187398,0.0
5694055621,-81.9602306,26.4564156,0.0
5694055622,-81.9604797,26.4561799,0.0
5694073697,-81.9297001,26.4447884,0.0
5694073698,-81.929759,26.4448209,0.0
5694077510,-81.9601795,26.456219,0.0
5694077511,-81.9603605,26.4560613,0.0
5694077512,-81.9600593,26.4561047,0.0
5694077513,-81.9602178,26.4559395,0.0
5694077514,-81.959977,26.4559507,0.0
5694077515,-81.9600866,26.455844,0.0
5694077516,-81.9606253,26.4560633,0.0
5700557920,-81.9580144,26.4548736,0.0
5700560221,-81.9579628,26.4548415,0.0
5702366483,-81.9575279,26.4545725,0.0
5702366486,-81.957146,26.4546649,0.0
5702951036,-81.9578215,26.4547546,0.0
5702951039,-81.9577023,26.4546809,0.0
5702951040,-81.9582065,26.4543069,0.0
5702951042,-81.958035,26.4547042,0.0
5702951044,-81.9583657,26.4550769,0.0
5702951064,-81.9586772,26.4546797,0.0
5702951066,-81.958439,26.4551233,0.0
5702951069,-81.9589361,26.4546672,0.0
5702951071,-81.9586005,26.4552256,0.0
5706105717,-81.9642143,26.4596203,0.0
5706105719,-81.9637988,26.4599501,0.0
5706106322,-81.9641224,26.4596112,0.0
5706106324,-81.9635897,26.4594156,0.0
5706106325,-81.963991,26.4590765,0.0
5706106327,-81.9634112,26.4595663,0.0
5706106329,-81.9634798,26.4586817,0.0
5706106331,-81.9635399,26.4587413,0.0
5706106332,-81.9630078,26.45917,0.0
5706106334,-81.9633745,26.4588746,0.0
5706106335,-81.9635165,26.4590129,0.0
5706106336,-81.9631451,26.4593049,0.0
5706106358,-81.961961,26.4570244,0.0
5706106361,-81.9621032,26.4574192,0.0
5706106362,-81.9619532,26.457274,0.0
5706106363,-81.9616662,26.4574971,0.0
5706106365,-81.9614724,26.4576478,0.0
5706106366,-81.9623292,26.4575992,0.0
5706106368,-81.9618254,26.4579991,0.0
5706106394,-81.9624159,26.4583118,0.0
5706106397,-81.962236,26.4584076,0.0
5706106400,-81.9622751,26.4584462,0.0
5706106404,-81.9629773,26.4580386,0.0
5706106406,-81.9623641,26.4585341,0.0
5706106407,-81.9625737,26.4586072,0.0
5706106409,-81.9624991,26.4586674,0.0
5706106410,-81.962442,26.4584712,0.0
5706106536,-81.9633542,26.4582466,0.0
5706106538,-81.962646,26.4588126,0.0
5706749087,-81.9393381,26.4490099,0.0
5706749088,-81.9394059,26.449032,0.0
5706749089,-81.9391435,26.4489467,0.0
5706749090,-81.9382533,26.4489688,0.0
5706749091,-81.9382123,26.448803,0.0
5711384888,-81.9517081,26.4518653,69.0
5711385177,-81.9519725,26.451345,0.0
5711385178,-81.9517986,26.4517658,42.0
5711385179,-81.9518433,26.4516576,162.0
5711385180,-81.9511671,26.4514311,92.0
5711385181,-81.9515448,26.4513844,0.0
5711385183,-81.9511175,26.4515459,100.0
5711385184,-81.9517453,26.4514516,0.0
5711385185,-81.9519038,26.4515111,0.0
5711385435,-81.9513741,26.4516288,97.0
5711385436,-81.9512124,26.4520247,0.0
5711385437,-81.9514386,26.4518322,54.0
5711385438,-81.9513088,26.4517887,0.0
5711385441,-81.9510355,26.4515195,59.0
5711385442,-81.9513208,26.4517592,0.0
5711385443,-81.9509791,26.451653,0.0
5711385444,-81.9506154,26.4517068,88.0
5711385445,-81.950733,26.4514218,111.0
5711385447,-81.9508815,26.4514697,163.0
5711385449,-81.9505872,26.4520975,0.0
5711385724,-81.9504724,26.4513376,426.0
5718333001,-81.9555687,26.4545232,0.0
5718333004,-81.9557688,26.4549684,0.0
5718333005,-81.9542766,26.4527041,0.0
5718333006,-81.9542698,26.4525582,188.0
5718333831,-81.9548154,26.4538417,0.0
5718333833,-81.9547121,26.4536308,0.0
5718333850,-81.95369,26.4563337,0.0
5718333851,-81.9537511,26.4561937,0.0
5718333852,-81.9538906,26.4560817,0.0
5718333853,-81.9536306,26.4561409,0.0
5718333875,-81.9538258,26.4553904,0.0
5718333878,-81.953832,26.4558828,0.0
5718334121,-81.953398,26.4525725,67.0
5718334122,-81.953424,26.4522906,349.0
5718334230,-81.9480385,26.4497965,0.0
5718334231,-81.9480386,26.4505382,272.0
5718334232,-81.9484915,26.4503472,0.0
5718334233,-81.9480385,26.4501975,58.0
5718334234,-81.9484942,26.4505228,250.0
5718334235,-81.9480386,26.4503786,79.0
5718334236,-81.9480386,26.4502989,0.0
5718334237,-81.9476785,26.450295,0.0
5718334238,-81.9476039,26.4503822,97.0
5718334374,-81.9458471,26.4489497,0.0
5718334376,-81.9458401,26.4497559,583.0
5718334399,-81.9464328,26.4492884,0.0
5718334400,-81.9460981,26.4492847,0.0
5720560890,-81.9403241,26.4488972,269.0
5720560893,-81.9401476,26.4488359,0.0
5720786974,-81.9488979,26.4508312,3519.0
5720786975,-81.9489236,26.4521651,0.0
5720786977,-81.9494978,26.451023,542.0
5720786978,-81.9495181,26.4527968,0.0
5720786980,-81.9496568,26.4527953,0.0
5720786982,-81.9494997,26.4511899,81.0
5720786983,-81.9489011,26.451001,360.0
5720786984,-81.9496469,26.4522089,0.0
5720786985,-81.9495114,26.4522077,0.0
5720788145,-81.9546291,26.4544638,0.0
5720788146,-81.9548717,26.4540108,0.0
5720788151,-81.9550472,26.4557111,0.0
5720788154,-81.9549676,26.4558603,0.0
5720788156,-81.9556621,26.4560045,0.0
5720788159,-81.9553117,26.456644,0.0
5720788160,-81.9545923,26.4563261,0.0
5720788161,-81.9550929,26.4559163,0.0
5720788162,-81.954822,26.4564276,0.0
5720788163,-81.9569221,26.4572796,0.0
5720788165,-81.9554309,26.4564265,0.0
5720788166,-81.9565502,26.4569141,0.0
5720788167,-81.9558722,26.4566187,0.0
5720788168,-81.9556661,26.4569897,0.0
5720788169,-81.9551929,26.4560934,0.0
5720788170,-81.9549867,26.4565004,0.0
5720788171,-81.9553636,26.456162,0.0
5720788172,-81.9551438,26.4565698,0.0
5721396194,-81.9496315,26.4514289,55.0
5721396195,-81.9503234,26.4519498,0.0
5721396197,-81.9496398,26.4517912,0.0
5721396198,-81.9497955,26.451814,0.0
5721396202,-81.9496342,26.4515141,0.0
5723054253,-81.9482302,26.450608,342.0
5723054254,-81.9485014,26.450991,240.0
5723054281,-81.9473105,26.4509963,0.0
5723054282,-81.9473216,26.450282,542.0
5723054283,-81.9468937,26.4503213,252.0
5723054284,-81.9473187,26.45047,78.0
5723054291,-81.946785,26.4504306,0.0
5723054293,-81.9464732,26.4499807,1175.0
5723414855,-81.9386802,26.447823,0.0
5723414861,-81.9397971,26.448016,6.0
5723831225,-81.9441776,26.4494319,10.0
5723831226,-81.9441764,26.4497031,0.0
5723831239,-81.9426358,26.4486181,706.0
5723831244,-81.9421685,26.4497321,0.0
5723831253,-81.942169,26.4496325,0.0
5723831258,-81.942171,26.4492671,0.0
5723831268,-81.9432203,26.4498686,0.0
5723831270,-81.9433666,26.4491455,0.0
5723831291,-81.9421719,26.4490772,0.0
5723831292,-81.9414698,26.4490733,0.0
5723831293,-81.9417897,26.4490751,0.0
5723831294,-81.9418024,26.4483209,95.0
5723831295,-81.941993,26.4483892,0.0
5723831296,-81.941992,26.4490762,0.0
5723831297,-81.9419928,26.4485288,0.0
5723831298,-81.9418001,26.4484596,0.0
5723831299,-81.9417946,26.4487851,0.0
5723831300,-81.9414693,26.4487802,0.0
5723831313,-81.9412753,26.4481329,685.0
5723831315,-81.941469,26.4486018,0.0
5725934655,-81.9423803,26.4476912,0.0
5725934656,-81.9423782,26.4485267,84.0
5725934717,-81.9429283,26.4478504,0.0
5725934718,-81.9429218,26.4481549,0.0
5725934719,-81.9425579,26.4483257,52.0
5725934720,-81.942379,26.4482407,0.0
5725934721,-81.9426618,26.4481174,0.0
5725934722,-81.9423795,26.4480077,0.0
5725934723,-81.9426207,26.4478991,0.0
5725934724,-81.9423801,26.4478055,0.0
5725934732,-81.9420646,26.4484149,97.0
5725934733,-81.9420622,26.4476272,0.0
5725934734,-81.9423786,26.4483842,0.0
5725934756,-81.9418844,26.447892,0.0
5725934757,-81.9418783,26.4483481,0.0
5725934760,-81.9414881,26.4478164,0.0
5725934761,-81.9416705,26.4482736,60.0
5725934807,-81.9412068,26.4473188,0.0
5725934809,-81.9414952,26.4474475,0.0
5725934811,-81.9413137,26.4473586,0.0
5726052993,-81.9369257,26.4460867,0.0
5726053015,-81.9354436,26.4470717,0.0
5726231041,-81.9414835,26.448071,0.0
5726231043,-81.9411085,26.4480739,504.0
5736531739,-81.9408974,26.4479993,896.0
5736531742,-81.9410274,26.4476929,144.0
5736531787,-81.9410966,26.4474411,0.0
5736531789,-81.9404752,26.4478501,96.0
5736531790,-81.9405212,26.447749,365.0
5736531792,-81.9407918,26.447962,1463.0
5736734525,-81.9400461,26.4472474,0.0
5736734526,-81.939661,26.4471072,0.0
5736734597,-81.9397301,26.4469983,0.0
5736734599,-81.9389785,26.4467315,0.0
5736734601,-81.9395553,26.4469095,0.0
5736734603,-81.9391666,26.4467804,0.0
5736939798,-81.9388144,26.4466983,0.0
5736939799,-81.9389419,26.4470395,0.0
5736939803,-81.9386021,26.446418,0.0
5736939822,-81.9375596,26.4460498,302.0
5736939831,-81.9377048,26.4461411,291.0
5736939915,-81.9376508,26.4456439,0.0
5736939916,-81.9374881,26.4460088,264.0
5737200754,-81.9349662,26.4453024,0.0
5737200755,-81.9352317,26.4448635,738.0
5737200776,-81.9342913,26.4453585,0.0
5737200777,-81.9341654,26.4452297,0.0
5737200778,-81.9344905,26.4456412,0.0
5737200782,-81.9337247,26.4456045,0.0
5737200848,-81.9301569,26.4423774,191.0
5737200853,-81.9299403,26.4433192,0.0
5737200855,-81.9300294,26.4434098,0.0
5737200858,-81.9299008,26.443279,0.0
5737200859,-81.9306618,26.4429114,0.0
5737200860,-81.930563,26.4428119,0.0
5741904809,-81.9284381,26.4418101,0.0
5741904810,-81.9284612,26.4411649,420.0
5741904811,-81.9285858,26.4416879,3.0
5741904812,-81.9282829,26.4413937,0.0
5741904813,-81.9281076,26.4420837,0.0
5741904815,-81.927516,26.4420253,0.0
5741904816,-81.927665,26.4421485,0.0
5741904817,-81.9279581,26.4419264,0.0
5741904818,-81.9279182,26.4418845,0.0
5741904921,-81.9283117,26.4416882,0.0
5742089175,-81.9386264,26.4479272,0.0
5742089177,-81.9382739,26.4477906,0.0
5742089180,-81.9385375,26.4471016,80.0
5742089181,-81.938863,26.4474688,0.0
5742089182,-81.9384558,26.4472909,0.0
5742089183,-81.9384081,26.447507,0.0
5742089184,-81.9378525,26.4473635,0.0
5742089187,-81.9382959,26.446866,168.0
5742089188,-81.9378557,26.4469639,0.0
5742089189,-81.9382114,26.447048,53.0
5742089190,-81.9381906,26.4469348,0.0
5742089191,-81.937979,26.4467607,31.0
5742089192,-81.9380921,26.446968,0.0
5742089201,-81.9378858,26.4466836,63.0
5742089204,-81.9378232,26.4464602,125.0
5744360271,-81.9348255,26.444396,0.0
5744360272,-81.9347102,26.4445985,198.0
5744360273,-81.9347213,26.4443437,28.0
5744360274,-81.9346032,26.4445441,272.0
5744360275,-81.9347907,26.4444572,0.0
5744360276,-81.9346864,26.444403,233.0
5749721191,-81.9207585,26.4375154,0.0
5749721192,-81.9207705,26.4376842,0.0
5749721199,-81.920351,26.4376798,0.0
5749721200,-81.9207805,26.4378257,0.0
5749721201,-81.9202684,26.4378754,0.0
5749721202,-81.9207958,26.4380421,0.0
5749721204,-81.9203745,26.4379089,0.0
5749721205,-81.9206843,26.4386382,0.0
5749721206,-81.9202913,26.4381196,0.0
5749721207,-81.921232,26.4387263,0.0
5749721208,-81.920713,26.4385598,0.0
5749721210,-81.9206471,26.4387466,0.0
5749721213,-81.9213029,26.4395654,0.0
5749721214,-81.9213014,26.4393864,0.0
5749721215,-81.9209959,26.4393969,0.0
5749721216,-81.9211182,26.4391091,0.0
5749721217,-81.9206049,26.4389354,0.0
5750060793,-81.9216677,26.437124,892.0
5750060794,-81.9212521,26.4368297,469.0
5750060795,-81.9214956,26.4370022,56.0
5750312022,-81.9204591,26.4353837,49.0
5750312025,-81.9208094,26.4359485,53.0
5750312029,-81.9206899,26.4360758,350.0
5750312038,-81.9197471,26.4350967,0.0
5750312040,-81.9195617,26.4349597,90.0
5750312070,-81.9178354,26.4337846,2639.0
5750312082,-81.9194093,26.4348381,0.0
5750312084,-81.9192441,26.4347205,39.0
5750312125,-81.9188539,26.4345246,115.0
5750312127,-81.918438,26.4342263,0.0
5750312129,-81.9183278,26.4343551,106.0
5750312130,-81.9187342,26.4346576,254.0
5750312131,-81.9187075,26.4343917,77.0
5750312132,-81.9185773,26.4345409,864.0
5750312133,-81.9185829,26.4343009,38.0
5750312134,-81.9184544,26.4344494,624.0
5750312172,-81.9197939,26.4353224,37.0
5750312187,-81.9199966,26.4352776,0.0
5750312190,-81.9198938,26.4352904,0.0
5750312191,-81.9198908,26.4351991,0.0
5750312192,-81.9198619,26.4352407,0.0
5750312193,-81.9198963,26.4353756,195.0
5750312194,-81.9198708,26.4353282,0.0
5751752805,-81.92243,26.437118,645.0
5751752808,-81.9225919,26.4372345,2.0
5755950542,-81.9345547,26.4940293,0.0
5755950546,-81.9350713,26.493648,0.0
5762966146,-81.9512536,26.4519238,0.0
5771851549,-81.9343091,26.4443947,324.0
5771851552,-81.9342262,26.4443526,122.0
5771853753,-81.9339826,26.4442289,707.0
5771853756,-81.9342477,26.4440958,0.0
5773169805,-81.932863,26.4433432,0.0
5773169806,-81.9327271,26.4435495,210.0
5773169807,-81.932952,26.4436751,223.0
5773169808,-81.9330616,26.4435121,83.0
5773169849,-81.9333224,26.44364,257.0
5773169850,-81.9332082,26.4438184,552.0
5773170174,-81.9317941,26.4428508,122.0
5773170175,-81.9317064,26.442981,1390.0
5773170245,-81.9307826,26.4422577,138.0
5773170246,-81.9306421,26.4423959,705.0
5773170257,-81.9306307,26.4421068,0.0
5773170258,-81.9304714,26.4422975,807.0
5773679869,-81.9278457,26.4408197,710.0
5773679872,-81.9279547,26.4406073,146.0
5781895511,-81.9253972,26.4391981,0.0
5781895512,-81.9252305,26.4393363,805.0
5781895525,-81.9250547,26.4390097,384.0
5781895526,-81.9248847,26.4391402,500.0
5781896147,-81.9234231,26.437806,0.0
5781896274,-81.9232658,26.4377154,134.0
5781896276,-81.9232513,26.4374052,0.0
5781896279,-81.922977,26.4375129,0.0
5781896317,-81.9227883,26.4374866,0.0
5781896318,-81.9229076,26.4375759,182.0
5781896319,-81.9229576,26.4373386,0.0
5781896320,-81.9230674,26.4374329,0.0
5783014081,-81.9208656,26.4362586,632.0
5796085242,-81.9334956,26.4445234,0.0
5796085243,-81.933783,26.4446813,0.0
5796086067,-81.9332241,26.4438273,592.0
5796086069,-81.9329268,26.443661,206.0
5796086070,-81.9329941,26.4438721,278.0
5796086071,-81.9330621,26.4437367,521.0
5796086092,-81.9325954,26.4441121,0.0
5796086093,-81.9324869,26.4440548,0.0
5796555508,-81.9410709,26.4482987,173.0
5796555509,-81.9411535,26.4480898,237.0
5796555513,-81.9406622,26.4483163,3613.0
5796555514,-81.9408078,26.4479676,249.0
5796555521,-81.9403423,26.4481123,776.0
5796555522,-81.9404499,26.4478412,335.0
5796555523,-81.9404997,26.4480288,1277.0
5796555524,-81.9405559,26.4478787,1531.0
5796555528,-81.940193,26.4480398,177.0
5796555529,-81.9402994,26.4477879,1582.0
5808110343,-81.9176844,26.4347323,0.0
5808110344,-81.9179569,26.4344169,569.0
5808110345,-81.9175469,26.4347374,25.0
5808110347,-81.9176693,26.4346718,0.0
5808110364,-81.9189454,26.4352149,44.0
5808110407,-81.9190208,26.435343,71.0
5808110409,-81.9190673,26.4352887,0.0
5812474103,-81.9196616,26.4357306,823.0
5812474291,-81.9191408,26.4344957,0.0
5814968578,-81.9222252,26.4375949,75.0
5814968628,-81.9226651,26.438167,0.0
5814969780,-81.9230365,26.4381515,261.0
5815189980,-81.9237777,26.4387286,1327.0
5815189981,-81.9239303,26.4388337,197.0
5816002623,-81.9255348,26.439698,154.0
5816002624,-81.9256281,26.4395619,474.0
5816002664,-81.9259708,26.4399996,179.0
5816002665,-81.9258893,26.4399175,63.0
5816060990,-81.9313048,26.4427655,933.0
5816061000,-81.9314065,26.4428194,414.0
5816061047,-81.9324175,26.4436048,134.0
5816061048,-81.9325336,26.4434413,456.0
5816061873,-81.9325762,26.4436557,49.0
5816061874,-81.9326618,26.443513,444.0
5816061892,-81.9333749,26.4441603,389.0
5816061899,-81.9333068,26.4442206,126.0
5816061905,-81.9340395,26.4445672,0.0
5816061906,-81.9339762,26.444503,0.0
5816061907,-81.9341135,26.4445235,0.0
5816061908,-81.9340285,26.4444524,0.0
5816061943,-81.9342828,26.4447403,0.0
5816061944,-81.9345017,26.4444925,305.0
5816062157,-81.9346956,26.4445911,166.0
5816062160,-81.9346402,26.4448302,22.0
5820587879,-81.9186214,26.4352142,0.0
5820587893,-81.9194185,26.4357185,21.0
5820587894,-81.9193278,26.4356619,91.0
5821266167,-81.9343432,26.4445614,0.0
5821266168,-81.9344212,26.4444516,323.0
5821266202,-81.9375508,26.4461844,154.0
5821266364,-81.9504458,26.4514039,500.0
5821266383,-81.9517522,26.4517508,0.0
5832108727,-81.9584249,26.4554302,0.0
5832108728,-81.9585753,26.4552096,0.0
5832108737,-81.9588753,26.4557496,0.0
5832108738,-81.9590526,26.4555119,0.0
5832108826,-81.960618,26.4572306,0.0
5832108827,-81.9608653,26.4570402,0.0
5832108828,-81.9607744,26.4571102,0.0
5832108829,-81.9608975,26.4572394,0.0
5832836525,-81.9612364,26.4576377,0.0
5832836526,-81.96136,26.4575359,0.0
5832836541,-81.9613178,26.4581109,0.0
5832836542,-81.9616643,26.4578388,0.0
5832838303,-81.9621696,26.4585724,0.0
5832838305,-81.9622653,26.4584365,0.0
5832838307,-81.9623194,26.4586856,0.0
5832838308,-81.9623153,26.4588801,0.0
5832838309,-81.9623635,26.4587317,0.0
5832838310,-81.96247,26.4586387,0.0
5832838311,-81.9621822,26.459169,0.0
5832838313,-81.9625747,26.4587422,0.0
5832838314,-81.9624914,26.4590716,0.0
5832838316,-81.962688,26.4588541,0.0
5832838317,-81.9625547,26.4591742,0.0
5832838318,-81.9628012,26.458966,0.0
5832838319,-81.9626674,26.4592656,0.0
5832838320,-81.962903,26.4590665,0.0
5832838321,-81.9628155,26.459427,0.0
5832838322,-81.9630692,26.4592303,0.0
5832838323,-81.9629958,26.4596287,0.0
5832838324,-81.9632633,26.459421,0.0
5832838327,-81.9634268,26.4599229,0.0
5832838328,-81.9636078,26.4597595,0.0
5832838329,-81.9635672,26.4600235,0.0
5832838330,-81.9637249,26.4598745,0.0
5832838335,-81.9639314,26.4602947,0.0
5832838336,-81.9640434,26.460201,0.0
5832838444,-81.9655518,26.4619965,0.0
5832838445,-81.9657164,26.4618855,0.0
5833573693,-81.9612352,26.4566041,0.0
5833573695,-81.9612128,26.4567114,0.0
5833573696,-81.9614861,26.4568602,0.0
5833573698,-81.9614182,26.456915,0.0
5833573700,-81.9608271,26.4570017,0.0
5833573701,-81.9609843,26.4568834,0.0
5833573702,-81.9610828,26.4569812,0.0
5833573703,-81.9613118,26.4568095,0.0
5833573708,-81.9595375,26.4550972,0.0
5833573709,-81.9592703,26.4556454,0.0
5833573710,-81.9593223,26.4549764,0.0
5833573712,-81.9590665,26.4555207,0.0
5833573713,-81.9591079,26.4549764,0.0
5833573715,-81.9588489,26.4553829,0.0
5834339115,-81.9587967,26.4553498,0.0
5834339118,-81.958634,26.4555507,0.0
6199958718,-81.9196791,26.525365,804.0
6199958719,-81.9190681,26.5253706,0.0
6301901785,-81.9764302,26.4982789,165.0
6301901786,-81.9764192,26.4977392,0.0
6301901788,-81.9764236,26.4979455,464.0
6303871381,-81.9468913,26.5059757,852.0
6304037611,-81.9543753,26.4609871,0.0
6304037612,-81.9538007,26.4609998,359.0
6304105099,-81.9629499,26.5027001,731.0
6304105110,-81.962343,26.5039791,635.0
6536724996,-81.9443957,26.4983495,0.0
6536724997,-81.9443981,26.4984588,0.0
6536724998,-81.9452012,26.4983377,0.0
6536724999,-81.9452105,26.4984474,0.0
6569446837,-81.944272,26.503585,30.0
6569446840,-81.9440828,26.5037233,0.0
6575805663,-81.9330936,26.4953293,0.0
6575805664,-81.9332602,26.4955462,0.0
6575805668,-81.9320153,26.4960268,0.0
6575805670,-81.9316461,26.4965774,0.0
6575805677,-81.934566,26.4970587,0.0
6575805679,-81.9341131,26.4959906,0.0
6575805681,-81.9351599,26.4970652,38.0
6699921736,-81.9348644,26.4970591,0.0
6699925374,-81.933771,26.4955731,0.0
6699925375,-81.933065,26.4946957,0.0
6699925378,-81.9330061,26.4953304,0.0
6699937096,-81.9328581,26.4955654,0.0
6699937100,-81.9330071,26.4946966,0.0
6699937102,-81.9344928,26.4963308,0.0
6699937108,-81.9324217,26.4955793,0.0
6699937129,-81.9316725,26.4942556,0.0
6753254952,-81.9390862,26.4936213,0.0
6753254958,-81.9390687,26.493148,125.0
6753254959,-81.9385556,26.4930208,474.0
6753254960,-81.9385556,26.4936747,0.0
6753254961,-81.9344903,26.4953141,0.0
6753254962,-81.9344771,26.494674,0.0
6769131870,-81.9350403,26.4926319,0.0
6769131878,-81.9339226,26.4926253,0.0
6769131879,-81.9349528,26.4900317,429.0
6769131881,-81.9333462,26.4900492,0.0
6769169886,-81.9347429,26.4897292,0.0
6769169887,-81.9347606,26.4900394,110.0
6769169888,-81.9349416,26.4897009,125.0
6957091346,-81.9696074,26.515792,266.0
6957091356,-81.9702213,26.5171878,0.0
6968428276,-81.9436033,26.5062314,0.0
6968428277,-81.9433087,26.5062342,0.0
6968428284,-81.9427882,26.5062424,0.0
6968725772,-81.9359788,26.4941941,0.0
6968725778,-81.9371224,26.4943993,26.0
6973229422,-81.9445409,26.5071207,0.0
6973229423,-81.9445132,26.5059005,0.0
6973229424,-81.9445179,26.5060703,0.0
6973229426,-81.9439648,26.5062714,0.0
6973229428,-81.9438186,26.5069334,0.0
6973229429,-81.9437995,26.5062747,0.0
6986981811,-81.9507646,26.4613306,1069.0
6986981812,-81.9507345,26.4602598,0.0
6989416769,-81.9429289,26.4901592,0.0
6989416771,-81.9423716,26.4905228,0.0
6991568961,-81.9446095,26.490547,0.0
6991568962,-81.9434538,26.4905599,0.0
6991568965,-81.9435256,26.4910407,0.0
6991568969,-81.9436675,26.4919688,68.0
6991568972,-81.9434075,26.4895611,0.0
6991601786,-81.9445957,26.4902515,0.0
6991601787,-81.9434368,26.4902785,0.0
6991601789,-81.9431942,26.4902884,0.0
6991601790,-81.9438161,26.4902697,0.0
6991601791,-81.9437634,26.4895564,0.0
6991601795,-81.9440661,26.4907869,0.0
6991601796,-81.9434838,26.4914359,0.0
6991601801,-81.9434799,26.4912247,0.0
6991601803,-81.9432253,26.4914404,0.0
6991601804,-81.943675,26.4918429,0.0
6991601806,-81.9434872,26.4916172,0.0
6991601809,-81.9434855,26.4907754,0.0
6991601811,-81.9432074,26.4907794,0.0
6992545669,-81.9578554,26.5233423,0.0
6992545677,-81.9575358,26.5244083,0.0
7011125693,-81.9345583,26.4965278,0.0
7011125694,-81.9316606,26.497092,0.0
7011125702,-81.9317063,26.4963702,0.0
7011125703,-81.9341073,26.4958337,0.0
7011125707,-81.9338299,26.4955729,0.0
7011125708,-81.9331013,26.4955445,0.0
7011125715,-81.9330254,26.4955458,0.0
7011125719,-81.9322927,26.4955859,0.0
7011125723,-81.9320134,26.4958607,0.0
7011125795,-81.9694228,26.4985381,199.0
7011125798,-81.9690137,26.49922,1159.0
7011125799,-81.9694989,26.4988461,0.0
7011125800,-81.9696649,26.4990313,644.0
7011125801,-81.9718121,26.4981655,1038.0
7011125802,-81.9712699,26.4981788,292.0
7011125803,-81.9723598,26.4964696,45.0
7011125807,-81.9724513,26.4969689,52.0
7011125816,-81.9728485,26.4962459,199.0
7011125822,-81.9725683,26.4963742,213.0
7011125823,-81.9735945,26.4959046,35.0
7011125825,-81.9737193,26.4961156,272.0
7011125828,-81.9735444,26.4963869,0.0
7011125831,-81.9735426,26.4966368,210.0
7011125841,-81.9741465,26.4962647,0.0
7011125842,-81.9747775,26.4962647,75.0
7011125843,-81.9743582,26.4962647,0.0
7011125844,-81.9743694,26.4958649,273.0
7011125846,-81.9743388,26.495564,228.0
7011125847,-81.9748262,26.4958568,44.0
7011125848,-81.9757529,26.4953545,106.0
7011125849,-81.9752913,26.4955765,1052.0
7011157964,-81.9357211,26.5151839,147.0
7011157966,-81.9354882,26.5149601,0.0
7011157967,-81.9357147,26.5149488,226.0
7011157968,-81.9357337,26.5156476,0.0
7011157969,-81.9356039,26.5156561,0.0
7011157973,-81.9355821,26.5172522,0.0
7011157975,-81.9357801,26.5172502,0.0
7011162234,-81.9425583,26.4875156,150.0
7011162236,-81.9424995,26.4876963,0.0
7011162238,-81.9424401,26.4875193,69.0
7011162243,-81.9431174,26.4881128,0.0
7011162244,-81.9429152,26.4881008,0.0
7011162248,-81.942501,26.4877413,0.0
7011225568,-81.9410818,26.5143139,91.0
7011225569,-81.9411321,26.5144691,0.0
7011225574,-81.9410057,26.5145785,29.0
7011225575,-81.9408399,26.5145411,265.0
7011225577,-81.9413398,26.5131165,0.0
7011225579,-81.9419924,26.5125926,0.0
7011245564,-81.9381121,26.5301785,0.0
7011245572,-81.938317,26.5305895,0.0
7011245575,-81.9383705,26.5305112,0.0
7011245576,-81.9385085,26.5303471,0.0
7011262300,-81.9389898,26.5306692,0.0
7011262305,-81.9382517,26.5307812,0.0
7011262310,-81.9380705,26.5316902,0.0
7011262319,-81.9378764,26.5316356,0.0
7011262330,-81.9379833,26.5310231,0.0
7011262331,-81.93777,26.530996,0.0
7011262332,-81.9376622,26.5315791,0.0
7011416270,-81.9552902,26.5094082,0.0
7011416274,-81.9547354,26.5087265,437.0
7011416275,-81.9548379,26.509757,202.0
7011416277,-81.9547241,26.5096154,0.0
7011418185,-81.9538915,26.5087344,71.0
7011418186,-81.9538896,26.5086854,237.0
7011436254,-81.9530354,26.5265648,53.0
7011436261,-81.952975,26.5272141,0.0
7011436282,-81.9525546,26.526315,127.0
7011436283,-81.9525596,26.5265342,72.0
7011436284,-81.9522928,26.5270131,0.0
7011452685,-81.9523094,26.5273935,0.0
7011452686,-81.9527081,26.527079,0.0
7011452688,-81.9526685,26.5268465,0.0
7011452689,-81.9524266,26.5270117,0.0
7011452692,-81.9524956,26.5272046,0.0
7011452696,-81.9529391,26.527494,0.0
7011474052,-81.9485407,26.5146065,0.0
7011474053,-81.9491562,26.5152467,0.0
7011474054,-81.9483654,26.5147413,0.0
7011474056,-81.9488689,26.5154701,0.0
7011474057,-81.9477604,26.5152063,0.0
7011474060,-81.94873,26.5158935,0.0
7011474061,-81.9480359,26.515479,0.0
7011474063,-81.9475543,26.5153585,0.0
7011474064,-81.9471434,26.5156122,0.0
7011474068,-81.9478756,26.5162233,387.0
7011541942,-81.9678849,26.5038653,744.0
7011541945,-81.967043,26.5038974,427.0
7011541946,-81.9670304,26.5003773,343.0
7011541950,-81.9678241,26.5008026,2298.0
7011541951,-81.9671969,26.500546,339.0
7011541957,-81.9676204,26.5008163,105.0
7011545894,-81.9367482,26.5236184,0.0
7011545902,-81.9359307,26.5230859,0.0
7011667080,-81.9295409,26.4929402,182.0
7011667081,-81.9308634,26.4929146,0.0
7011667082,-81.9297891,26.4929341,0.0
7011681229,-81.9434953,26.5020903,0.0
7011681230,-81.9433125,26.5020953,139.0
7011689991,-81.9304142,26.4931746,0.0
7011689992,-81.9304339,26.4938162,0.0
7011867618,-81.9435293,26.4580224,130.0
7011867622,-81.9426865,26.4578836,0.0
7011867623,-81.9426927,26.4580302,740.0
7011867624,-81.9435173,26.4576616,0.0
7011867625,-81.9433247,26.457668,63.0
7013133461,-81.9646336,26.52083,496.0
7013133478,-81.9657385,26.5209974,0.0
7013135276,-81.9347098,26.5285382,0.0
7013135279,-81.9342786,26.5286241,0.0
7013135280,-81.9421781,26.5260058,0.0
7013135283,-81.9341894,26.5283844,0.0
7013135284,-81.935171,26.5288131,0.0
7013167989,-81.9346731,26.5292354,0.0
7013167990,-81.9357547,26.529178,0.0
7013167994,-81.9352082,26.5293735,0.0
7013182324,-81.9501865,26.5133403,0.0
7013182325,-81.9503828,26.5135288,0.0
7013182338,-81.9513702,26.5143723,0.0
7013182339,-81.9508971,26.5147448,0.0
7013182341,-81.951669,26.5144168,0.0
7013182342,-81.9516302,26.5132193,0.0
7013182343,-81.9514409,26.5128232,0.0
7013182350,-81.9516663,26.5143954,0.0
7013182352,-81.9512311,26.5139646,0.0
7013182355,-81.9501195,26.5138832,0.0
7013182356,-81.9501967,26.5139682,0.0
7013182361,-81.9503726,26.5135681,0.0
7013182363,-81.9510577,26.5149149,0.0
7013182364,-81.9510137,26.5148707,0.0
7013182366,-81.9514905,26.5145001,0.0
7013204111,-81.9354694,26.5069773,130.0
7013204117,-81.9354674,26.5069138,212.0
7013212415,-81.9636692,26.5136959,789.0
7013212416,-81.9636955,26.5135656,746.0
7013212433,-81.9626111,26.5143375,0.0
7013212441,-81.9614015,26.5157658,0.0
7013248879,-81.925506,26.5150659,712.0
7013248880,-81.92563,26.5150657,294.0
7013248883,-81.9257832,26.5150633,0.0
7013248884,-81.9264056,26.5150383,352.0
7013252528,-81.9467812,26.4826958,0.0
7013252531,-81.9475232,26.4831777,0.0
7013252532,-81.9469501,26.4829428,0.0
7013252533,-81.9466475,26.4830986,0.0
7013252534,-81.9469135,26.4828865,0.0
7013252535,-81.9472291,26.4827173,0.0
7013252536,-81.9463205,26.4829588,0.0
7013252539,-81.9466249,26.4833863,0.0
7013265430,-81.9464108,26.4979214,17.0
7013265435,-81.9465626,26.4972611,0.0
7013265436,-81.9463654,26.4980491,119.0
7013265442,-81.947139,26.4986845,812.0
7013265443,-81.946959,26.4986955,134.0
7013265447,-81.9467395,26.5000784,0.0
7013265450,-81.9471965,26.5006721,12.0
7013265451,-81.9472201,26.5007453,302.0
7013265452,-81.9469324,26.4988551,246.0
7013265454,-81.9466014,26.4989425,306.0
7013265455,-81.9476249,26.5004386,408.0
7013299432,-81.9492998,26.5006943,478.0
7013299434,-81.9498202,26.5005847,52.0
7013299437,-81.9501448,26.5000507,262.0
7013299441,-81.9499955,26.4992503,235.0
7013330618,-81.9509051,26.4634232,315.0
7013330622,-81.9502169,26.4631828,0.0
7013330623,-81.9509903,26.4631005,939.0
7013330628,-81.9510994,26.4627042,1327.0
7013330629,-81.9510386,26.462925,225.0
7013330631,-81.9506425,26.4628269,0.0
7013389542,-81.9689827,26.515803,2148.0
7013389555,-81.9694148,26.5177626,0.0
7013569074,-81.93252,26.4937853,0.0
7013569078,-81.9331804,26.493775,0.0
7013569079,-81.9331805,26.4935796,0.0
7013569083,-81.9334408,26.4931666,0.0
7013590397,-81.9632284,26.5168935,0.0
7013590405,-81.9630194,26.517725,72.0
7013590410,-81.9628456,26.5184425,0.0
7013590419,-81.9616067,26.5189498,216.0
7013590420,-81.9623611,26.5189832,74.0
7013590421,-81.9622865,26.5187799,0.0
7013591712,-81.9476015,26.5139735,0.0
7013602385,-81.9325096,26.4935597,0.0
7013602386,-81.936538,26.4930495,0.0
7013602389,-81.9368656,26.4937107,0.0
7013602390,-81.9357648,26.4930587,56.0
7013602393,-81.9356623,26.4916088,0.0
7013602394,-81.9350061,26.4916168,642.0
7013602395,-81.9350262,26.4922122,0.0
7013602396,-81.93575,26.4922008,0.0
7013602397,-81.9352723,26.4922083,0.0
7013602400,-81.9357198,26.4916988,0.0
7013602404,-81.9360525,26.4930568,162.0
7013644253,-81.9553578,26.5174378,0.0
7013644254,-81.9551342,26.5174412,0.0
7013644255,-81.9551248,26.5167975,0.0
7013644256,-81.9549178,26.5174445,0.0
7013644257,-81.954899,26.5167968,0.0
7013644258,-81.9547108,26.5174476,0.0
7013644259,-81.9546921,26.5167962,0.0
7013644260,-81.9544739,26.5174512,0.0
7013644261,-81.9544588,26.5167954,65.0
7013644262,-81.9553602,26.5179734,0.0
7013644265,-81.9557534,26.5177987,0.0
7013644266,-81.9553713,26.5177976,0.0
7013644267,-81.9557486,26.5176298,0.0
7013644268,-81.9553653,26.5176386,0.0
7013679787,-81.9699461,26.4919563,0.0
7013679792,-81.9699954,26.4916775,0.0
7013679793,-81.9708849,26.4919462,202.0
7013679799,-81.9708088,26.4916659,0.0
7013679800,-81.9711947,26.4902149,0.0
7013679802,-81.9713927,26.4903646,0.0
7013714588,-81.9510699,26.4708355,0.0
7013714590,-81.9517105,26.4715555,0.0
7013714591,-81.9515265,26.4715592,0.0
7013714592,-81.9515193,26.4708486,0.0
7013714593,-81.9515207,26.4709856,0.0
7013714595,-81.951357,26.4715601,0.0
7013714596,-81.9515292,26.4717028,0.0
7013821668,-81.9583028,26.4562311,0.0
7013821670,-81.9584095,26.4574911,0.0
7013821671,-81.9588334,26.457179,0.0
7013821672,-81.9586042,26.4576114,0.0
7013821675,-81.9582045,26.4574501,0.0
7013821676,-81.9590926,26.4573249,0.0
7013821678,-81.9588573,26.4576799,0.0
7013822560,-81.9500767,26.5005767,679.0
7013822566,-81.950609,26.5009218,149.0
7013841585,-81.950985,26.4673477,0.0
7013841588,-81.9504183,26.4669606,0.0
7013893152,-81.9504499,26.4612594,1852.0
7014043930,-81.9715228,26.5003501,1148.0
7014141248,-81.9536503,26.4959082,0.0
7014141262,-81.9532852,26.4957751,0.0
7014141267,-81.9533381,26.4962852,37.0
7014182750,-81.9381911,26.4928028,0.0
7014182752,-81.9381539,26.493024,351.0
7014182755,-81.9390584,26.492797,0.0
7014187048,-81.9197948,26.5316268,246.0
7014187051,-81.9199998,26.5319502,0.0
7014187053,-81.9198028,26.5322662,379.0
7014187054,-81.9199926,26.5316233,54.0
7014187055,-81.9199955,26.5317565,0.0
7014187056,-81.9206935,26.5317471,18.0
7014196302,-81.9682305,26.4908241,629.0
7014196303,-81.9683744,26.4907062,18.0
7014273663,-81.9523605,26.5110638,82.0
7014273666,-81.9522249,26.5115188,0.0
7014359072,-81.942189,26.5198916,165.0
7014359076,-81.9414872,26.5201905,0.0
7014484538,-81.9570311,26.5133226,475.0
7014484540,-81.9566898,26.5129415,0.0
7016255054,-81.9251274,26.5186909,173.0
7016255055,-81.9252989,26.518686,0.0
7016313848,-81.9372869,26.4872338,451.0
7016404130,-81.9390281,26.5051071,230.0
7016404131,-81.9390291,26.505186,66.0
7016404142,-81.9394077,26.5050803,1.0
7016483559,-81.95431,26.4659168,938.0
7016483561,-81.9545614,26.4655723,3032.0
7045965310,-81.9190288,26.5006989,0.0
7046048168,-81.9579746,26.5233121,0.0
7046048175,-81.9579531,26.5240725,0.0
7046048176,-81.9583648,26.5240017,0.0
7055056456,-81.9610232,26.5156824,0.0
7058941297,-81.9596588,26.4574476,0.0
7058947539,-81.9495748,26.4953958,1297.0
7058947540,-81.949631,26.4955054,411.0
7058947550,-81.9501488,26.4960385,1948.0
7058947557,-81.9502284,26.49762,1037.0
7058947558,-81.9500631,26.4975932,271.0
7058947560,-81.9498162,26.4983287,91.0
7059169785,-81.9622704,26.5136396,714.0
7059169794,-81.9621961,26.5142504,0.0
7059169795,-81.961504,26.5136504,560.0
7059169800,-81.9614817,26.5142326,0.0
7059169801,-81.9614198,26.5136516,149.0
7059169807,-81.961377,26.5141889,0.0
7059169808,-81.9605731,26.5136635,136.0
7059169810,-81.9605654,26.5141679,0.0
7059169811,-81.9601168,26.5136699,656.0
7059169820,-81.9603595,26.5141846,0.0
7059169822,-81.9594809,26.5136788,93.0
7059169829,-81.9593223,26.5141228,50.0
7059261264,-81.9703928,26.4902181,0.0
7059261265,-81.9704009,26.4904769,0.0
7059261266,-81.9695908,26.4902212,0.0
7059261267,-81.9696096,26.4904481,0.0
7059261268,-81.9687995,26.4902243,0.0
7059261269,-81.968819,26.4904522,0.0
7059261270,-81.9716261,26.4911062,0.0
7059261271,-81.9713646,26.4911097,0.0
7059261272,-81.9693426,26.4919628,479.0
7059261273,-81.9693332,26.491601,0.0
7062700690,-81.9629327,26.5183346,69.0
7071474575,-81.9320775,26.5256059,1304.0
7071474578,-81.9320077,26.5251289,297.0
7071474937,-81.971605,26.4974033,88.0
7071474943,-81.9717285,26.4972717,0.0
7072046606,-81.9428361,26.5122082,0.0
7072046610,-81.941538,26.5130587,0.0
7072046611,-81.9413626,26.5128065,0.0
7072046612,-81.9416498,26.5132018,0.0
7075101186,-81.9501015,26.5251384,0.0
7077982429,-81.9444202,26.4905491,0.0
7077982430,-81.9443775,26.4896986,0.0
7077982431,-81.9444054,26.4902559,0.0
7077982432,-81.9442107,26.4902605,0.0
7077982433,-81.9441618,26.4895647,0.0
7077982434,-81.9440134,26.4902651,0.0
7077982435,-81.9439677,26.4895537,0.0
7077982436,-81.9442775,26.4905507,0.0
7077982437,-81.9442653,26.4902592,0.0
7079344842,-81.9475926,26.4909018,0.0
7079344843,-81.9483275,26.4908888,0.0
7083524141,-81.9513813,26.46147,911.0
7083524144,-81.9511218,26.4603527,0.0
7083789544,-81.9556936,26.5231162,0.0
7083789551,-81.9554039,26.5233796,0.0
7083789562,-81.9573749,26.5244191,0.0
7083806052,-81.9608707,26.5187415,0.0
7083806061,-81.9609623,26.5191281,0.0
7087702065,-81.9628921,26.5136278,417.0
7087702067,-81.9628907,26.513214,0.0
7101197967,-81.9464832,26.5014932,669.0
7101197968,-81.9464796,26.501351,77.0
7104206157,-81.9607237,26.5166363,0.0
7104206165,-81.9607147,26.5161463,0.0
7104273988,-81.9609827,26.5179293,0.0
7104273998,-81.9608774,26.5184667,71.0
7104274685,-81.9607391,26.5169541,65.0
7111491121,-81.9607804,26.5136606,557.0
7111491122,-81.9607847,26.5132248,0.0
7111739417,-81.9320752,26.493792,0.0
7111739424,-81.9315639,26.4917808,0.0
7111739425,-81.9320399,26.4917796,0.0
7111739432,-81.9320645,26.4931821,0.0
7111739433,-81.9320505,26.4923815,0.0
7111739434,-81.9310182,26.4923895,0.0
7111739435,-81.9304287,26.4936459,0.0
7111739436,-81.9320722,26.4936202,0.0
7111739437,-81.9313811,26.4938022,0.0
7111739438,-81.9313675,26.4936312,0.0
7111739445,-81.9319618,26.4936204,0.0
7111924507,-81.9666776,26.5202461,0.0
7113505939,-81.9728495,26.4959596,0.0
7113505941,-81.9718828,26.4959548,0.0
7113542016,-81.9587505,26.5239399,0.0
7113654101,-81.9677638,26.4928012,0.0
7113654102,-81.9679632,26.492797,0.0
7113654105,-81.9682838,26.4929488,0.0
7113654106,-81.968041,26.4927705,0.0
7113654108,-81.9683407,26.4932423,0.0
7113654109,-81.9680488,26.4926604,8.0
7113967646,-81.9580679,26.45625,0.0
7113967648,-81.95782,26.4567004,0.0
7113967651,-81.9576133,26.4571719,0.0
7114075067,-81.9355727,26.5098549,384.0
7114075073,-81.9347367,26.5092036,89.0
7114075080,-81.933323,26.5089783,0.0
7114075081,-81.9353159,26.5098592,0.0
7114096685,-81.9346978,26.5084785,0.0
7114096691,-81.9336215,26.5089735,0.0
7114096692,-81.9347229,26.5087589,99.0
7114096693,-81.9336089,26.5087847,0.0
7114096695,-81.9354956,26.5077954,347.0
7114096696,-81.9339583,26.5078096,0.0
7114096698,-81.9353951,26.5046378,169.0
7114096700,-81.9351757,26.5046414,0.0
7114096704,-81.9347657,26.5051731,0.0
7114193648,-81.9576983,26.5150692,175.0
7114193656,-81.9578017,26.515467,0.0
7114200875,-81.9340042,26.5181018,0.0
7114200880,-81.934371,26.5177385,0.0
7116004359,-81.9362694,26.5297953,0.0
7116004363,-81.9359854,26.5300866,0.0
7116004369,-81.9357146,26.529631,0.0
7116004370,-81.93363,26.5285601,0.0
7116004373,-81.9334735,26.5282475,0.0
7116146942,-81.9455498,26.5084406,0.0
7116146944,-81.945564,26.5087588,0.0
7116146945,-81.9455572,26.5086547,0.0
7116146946,-81.9453536,26.5084487,0.0
7116146947,-81.9453657,26.5087643,124.0
7116146951,-81.9450559,26.5087676,0.0
7116146952,-81.9453964,26.5071219,0.0
7116146957,-81.9452528,26.5078856,0.0
7116146959,-81.9452463,26.5071233,0.0
7116525259,-81.9509521,26.4649863,457.0
7116525260,-81.9508415,26.4650792,101.0
7116525265,-81.949876,26.4644991,90.0
7116525267,-81.9512537,26.4654134,99.0
7127265788,-81.9737087,26.4993412,402.0
7127265792,-81.9736556,26.4995185,225.0
7127266594,-81.9727146,26.4993617,384.0
7127266599,-81.9727541,26.4998483,0.0
7127602459,-81.951398,26.5088007,383.0
7127602464,-81.9507823,26.5088132,531.0
7128147227,-81.9362915,26.4930532,77.0
7128147233,-81.9359837,26.4936303,0.0
7128147234,-81.9363231,26.4932346,0.0
7128147236,-81.9360294,26.4932337,24.0
7131061376,-81.9551272,26.5099639,0.0
7131173916,-81.9683615,26.504879,607.0
7131173927,-81.9678929,26.5043008,281.0
7132571085,-81.9546782,26.4638876,12.0
7132571086,-81.9541324,26.4638597,2291.0
7132571094,-81.9546811,26.4636872,148.0
7132571095,-81.9546928,26.464486,900.0
7132571097,-81.9550979,26.464268,153.0
7134931212,-81.9398633,26.5154915,0.0
7134931213,-81.9399646,26.5153902,0.0
7138232083,-81.9433569,26.496653,92.0
7138266885,-81.9443766,26.4966421,0.0
7138380462,-81.9259739,26.518341,406.0
7138380464,-81.9259902,26.5187801,35.0
7138479141,-81.9456032,26.4833685,0.0
7138479143,-81.9453784,26.4829964,0.0
7138524052,-81.9324751,26.4900678,262.0
7138710831,-81.9739653,26.5159796,0.0
7144155186,-81.9668639,26.5011085,34.0
7144155187,-81.9665462,26.5007499,1643.0
7144155188,-81.966902,26.5004759,1079.0
7144155190,-81.9667789,26.5003179,155.0
7144155195,-81.9677028,26.4994276,0.0
7144155196,-81.9678129,26.4994025,0.0
7147972808,-81.9507244,26.480087,0.0
7147972812,-81.9505675,26.4800002,0.0
7147972813,-81.9507064,26.4797775,0.0
7147972814,-81.9505044,26.479985,0.0
7150437546,-81.9308549,26.5188368,296.0
7150437551,-81.9308042,26.5182805,661.0
7150660540,-81.9260977,26.5197093,0.0
7150660541,-81.9260903,26.5208917,336.0
7150660552,-81.9257211,26.5197052,0.0
7150660553,-81.925907,26.5197072,0.0
7150660554,-81.9259033,26.5210247,0.0
7152898806,-81.9296212,26.5155838,0.0
7152898812,-81.9302751,26.5161154,153.0
7152898817,-81.9296274,26.5161902,354.0
7152898818,-81.9306623,26.5161093,207.0
7152898819,-81.9298684,26.5161776,10.0
7152898820,-81.9298512,26.5155776,0.0
7153058661,-81.9676859,26.4981678,0.0
7155506180,-81.9286463,26.443782,0.0
7155533385,-81.9292285,26.4440897,0.0
7170801893,-81.9562469,26.4987289,0.0
7170801894,-81.9556353,26.4986597,0.0
7174289360,-81.9398523,26.5141257,0.0
7174289361,-81.9399477,26.5142117,31.0
7185923263,-81.9450939,26.512468,0.0
7185923267,-81.9446573,26.5122375,0.0
7185923268,-81.9446623,26.5124739,0.0
7187946230,-81.942326,26.5195654,0.0
7187946234,-81.9429389,26.5196895,221.0
7187946235,-81.9428717,26.5196926,263.0
7187946238,-81.9425798,26.5193694,0.0
7189946869,-81.9668684,26.4622402,0.0
7190125919,-81.9378676,26.5276496,236.0
7190125920,-81.9380366,26.5276511,44.0
7190125923,-81.938536,26.527745,0.0
7190125925,-81.938023,26.5273702,289.0
7192580795,-81.9533678,26.5264101,166.0
7192580796,-81.9537404,26.5267841,0.0
7199952109,-81.9467155,26.5005629,549.0
7199952112,-81.9464576,26.500926,78.0
7199952114,-81.9455822,26.5008292,344.0
7199952115,-81.9457176,26.5006498,191.0
7222194284,-81.9519032,26.5205336,0.0
7222318798,-81.9413441,26.5137934,0.0
7222318799,-81.9412349,26.5137965,69.0
7225845900,-81.957903,26.4563828,0.0
7225845902,-81.95972,26.4570096,0.0
7225845904,-81.9593084,26.4574464,0.0
7226885734,-81.9685569,26.4992046,30.0
7226885738,-81.9678006,26.4988436,169.0
7227184047,-81.9579847,26.5206009,420.0
7227184053,-81.957817,26.5204105,0.0
7227184054,-81.956587,26.5205907,0.0
7227184055,-81.956722,26.5203842,0.0
7227184056,-81.9563612,26.5204871,0.0
7227184058,-81.9560131,26.5206939,0.0
7229190712,-81.9433864,26.5069917,0.0
7229190715,-81.9433891,26.5071493,23.0
7229190717,-81.9443677,26.5082884,0.0
7229190721,-81.9438471,26.5080676,49.0
7229190722,-81.9440901,26.5083201,12.0
7229190723,-81.9440724,26.5080549,0.0
7229190724,-81.9443522,26.5084551,0.0
7229435722,-81.936923,26.5089534,1403.0
7229435724,-81.9369255,26.5083275,0.0
7229676010,-81.9589777,26.514374,282.0
7229676019,-81.9584617,26.5140335,56.0
7229690994,-81.9569114,26.5247637,0.0
7229690999,-81.9569286,26.5248679,0.0
7230223144,-81.9350366,26.5000197,0.0
7230223146,-81.9347751,26.5000213,0.0
7230223149,-81.9347776,26.4995648,0.0
7238836380,-81.9264323,26.5307511,0.0
7241231556,-81.9285045,26.5201681,0.0
7241231557,-81.9284879,26.5200269,104.0
7241244359,-81.9396327,26.4875782,120.0
7241244361,-81.9396412,26.4877863,0.0
7241244363,-81.9392631,26.487795,42.0
7241244366,-81.9392587,26.4875838,49.0
7241282932,-81.9761279,26.4997341,445.0
7241282936,-81.9760492,26.500067,0.0
7241782756,-81.9452166,26.4937547,57.0
7241782761,-81.9443048,26.4935765,0.0
7244233477,-81.9348207,26.5180922,0.0
7244233483,-81.9356538,26.5172515,0.0
7244267786,-81.9355241,26.5179579,0.0
7244267787,-81.9355009,26.5172527,0.0
7244267788,-81.9352773,26.5172572,0.0
7248969646,-81.9545023,26.4556586,0.0
7248969651,-81.9549751,26.4552494,0.0
7249086631,-81.9444966,26.4584805,0.0
7249086637,-81.9437393,26.458094,888.0
7249222043,-81.9541943,26.4643197,172.0
7249222044,-81.9542177,26.4642748,512.0
7249222046,-81.9548036,26.4640096,0.0
7256898737,-81.9523833,26.5197219,157.0
7256898742,-81.9523394,26.5191424,711.0
7256968416,-81.9354549,26.5065254,3.0
7256968419,-81.9351754,26.5064833,0.0
7256968420,-81.933954,26.5065019,0.0
7256968421,-81.9347054,26.5064904,0.0
7256968422,-81.9346988,26.5063056,0.0
7256968423,-81.9351731,26.5063006,0.0
7257168356,-81.9477091,26.4821659,0.0
7257168363,-81.9472616,26.4821462,0.0
7260148008,-81.9339681,26.4895471,0.0
7260148014,-81.93397,26.4894311,0.0
7260148015,-81.9345535,26.4895392,0.0
7260148019,-81.9339679,26.4893584,0.0
7262585933,-81.9514428,26.5007385,139.0
7262585934,-81.9513293,26.5007434,79.0
7262585935,-81.9513316,26.5009045,496.0
7262585936,-81.9513232,26.5005997,211.0
7271696164,-81.9549503,26.5247938,0.0
7271696166,-81.9547647,26.5238785,449.0
7278755279,-81.9411185,26.5153772,58.0
7278755280,-81.9410106,26.5153779,0.0
7281683944,-81.9501239,26.5153659,355.0
7291383243,-81.9347499,26.4979637,0.0
7291383244,-81.9347546,26.4984767,0.0
7298786019,-81.9430961,26.487049,0.0
7298786035,-81.942154,26.4875283,132.0
7300866164,-81.9434991,26.502217,94.0
7300866169,-81.9434926,26.501975,0.0
7301054968,-81.9370881,26.4913597,0.0
7301054970,-81.9372475,26.4910504,0.0
7305473427,-81.9345305,26.515048,0.0
7305956854,-81.9351992,26.5089751,188.0
7308243175,-81.9663577,26.5008955,643.0
7308243177,-81.9662039,26.5007288,117.0
7308243180,-81.9655307,26.5015338,175.0
7308243181,-81.9655676,26.501213,370.0
7308243184,-81.96606,26.5008383,0.0
7308246386,-81.9662694,26.5002549,92.0
7308549137,-81.9758237,26.4948806,379.0
7308549140,-81.9759853,26.4952937,0.0
7324784688,-81.9490386,26.5218915,0.0
7328205632,-81.950678,26.461311,311.0
7328205635,-81.9506153,26.4621847,51.0
7328205643,-81.9506656,26.4614638,37.0
7348791469,-81.9283704,26.4448038,0.0
7348791478,-81.9285025,26.4446936,0.0
7388218519,-81.9480082,26.481995,0.0
7388218521,-81.9478041,26.4817086,69.0
7388219137,-81.9717709,26.4967801,349.0
7388219138,-81.971656,26.4966486,220.0
7388219151,-81.9700174,26.4961997,30.0
7388219159,-81.970831,26.4965689,0.0
7409487172,-81.9472446,26.501482,311.0
7409487173,-81.9472427,26.5013262,67.0
7409487175,-81.9472293,26.5009145,64.0
7409487178,-81.9476672,26.502357,0.0
7433000525,-81.9489304,26.5223315,0.0
7433000526,-81.9486532,26.5223349,0.0
7433178911,-81.9547563,26.4791136,578.0
7433178912,-81.9534246,26.479169,567.0
7436086220,-81.9434781,26.4586878,0.0
7441635154,-81.9435207,26.5030412,152.0
7441635155,-81.9431953,26.5030421,0.0
7441635156,-81.9431907,26.5028123,191.0
7441635157,-81.9431934,26.5031818,0.0
7441635158,-81.9438729,26.5025415,0.0
7441635160,-81.943885,26.5032442,0.0
7456537825,-81.951387,26.4657576,0.0
7456537826,-81.9511869,26.465722,0.0
7457249301,-81.9760341,26.4993952,101.0
7459089344,-81.9483654,26.5075935,19.0
7459089345,-81.9483794,26.5086956,0.0
7459089346,-81.9483772,26.5085213,0.0
7459089347,-81.9482145,26.5085254,0.0
7459089348,-81.9483721,26.5081233,0.0
7459089349,-81.9482085,26.5081336,62.0
7459089350,-81.9483671,26.5077309,0.0
7459089351,-81.9482009,26.5077333,61.0
7497937774,-81.9709764,26.4932253,129.0
7497937775,-81.970975,26.4932014,0.0
7497937778,-81.9709985,26.4927537,0.0
7497937779,-81.9709361,26.4927548,0.0
7497937781,-81.9709372,26.4930659,0.0
7497937782,-81.9710089,26.493066,0.0
7497937784,-81.9715815,26.4927709,0.0
7497970587,-81.9710665,26.4927528,0.0
7497970589,-81.9710782,26.4930659,0.0
7506129661,-81.955361,26.4667763,961.0
7543696303,-81.9450895,26.4588336,172.0
7547228660,-81.9344859,26.4951026,0.0
7549416017,-81.9401377,26.5127101,0.0
7549416018,-81.9412664,26.5119157,69.0
7558025740,-81.9613527,26.5136525,585.0
7558025741,-81.9613768,26.5131567,0.0
7558025742,-81.961365,26.5134008,0.0
7558025753,-81.9613736,26.5132233,0.0
7561770887,-81.9510412,26.4867119,0.0
7562148367,-81.9189759,26.5242135,346.0
7562436735,-81.9394541,26.5018864,1031.0
7562776212,-81.9601503,26.4984344,0.0
7562776219,-81.9599465,26.4981417,0.0
7564561204,-81.9651774,26.4903869,473.0
7564561208,-81.9666006,26.4902893,0.0
7564888366,-81.9762371,26.5018934,0.0
7564888367,-81.9762317,26.5013714,0.0
7564888370,-81.9761171,26.5011831,0.0
7564888371,-81.9762354,26.5017254,0.0
7564888374,-81.9762335,26.5015482,0.0
7564923201,-81.9465665,26.4828183,0.0
7564923204,-81.946072,26.4824048,0.0
7564923209,-81.9444349,26.484921,0.0
7564923210,-81.9447928,26.4841715,0.0
7564923212,-81.9441147,26.4847176,0.0
7565048168,-81.9480678,26.5085292,0.0
7565048169,-81.9480515,26.5079662,120.0
7565048170,-81.9480592,26.5081447,101.0
7565048171,-81.9480707,26.5087546,0.0
7565048172,-81.9457949,26.5071129,50.0
7565066589,-81.9458051,26.5073,0.0
7565066590,-81.9463969,26.5075054,262.0
7565066591,-81.946181,26.5075637,26.0
7565119449,-81.9414035,26.5155398,0.0
7565119451,-81.9418007,26.5157357,0.0
7565119452,-81.9431454,26.516416,0.0
7565119454,-81.9431513,26.5167078,0.0
7565119456,-81.9435854,26.5162421,0.0
7565119457,-81.9429847,26.5167116,0.0
7565119458,-81.9433056,26.517325,0.0
7565119467,-81.9428276,26.5177438,0.0
7565119468,-81.9433473,26.5174373,0.0
7565119477,-81.9429149,26.5177811,0.0
7565119478,-81.9429679,26.5176465,0.0
7565119480,-81.9437562,26.5190419,0.0
7565119484,-81.9436917,26.5197488,0.0
7565128785,-81.9437059,26.5198611,122.0
7565128786,-81.9430037,26.519149,0.0
7565128791,-81.943095,26.5190758,0.0
7565230656,-81.924569,26.5306418,0.0
7565230657,-81.9246351,26.5305389,0.0
7565230662,-81.924339,26.5299229,0.0
7565230667,-81.9245277,26.5302067,0.0
7565677414,-81.9439548,26.4574714,0.0
7565677417,-81.944137,26.4574665,0.0
7565677419,-81.9443393,26.4574611,0.0
7565677420,-81.9453708,26.458288,0.0
7565677421,-81.9448046,26.4581075,0.0
7565677422,-81.9454646,26.4580713,0.0
7565677423,-81.9447905,26.45785,0.0
7565677424,-81.9441493,26.4579851,805.0
7566427279,-81.9537223,26.4910405,0.0
7567863695,-81.9354631,26.5067805,281.0
7567863708,-81.9362623,26.5075803,0.0
7567863709,-81.9356005,26.5107748,441.0
7567863710,-81.9362524,26.5107578,0.0
7567863715,-81.9359489,26.5107653,57.0
7567863716,-81.9359488,26.5105229,95.0
7567883355,-81.9445227,26.5142201,0.0
7567883358,-81.944129,26.5142266,98.0
7568526835,-81.9481454,26.4915515,0.0
7568526836,-81.948142,26.4908921,0.0
7568532381,-81.9517379,26.4644584,0.0
7568532382,-81.9514842,26.4643909,0.0
7568532384,-81.9514394,26.4645335,0.0
7568548885,-81.9517688,26.4633249,15.0
7568548886,-81.9517146,26.4635326,92.0
7568548887,-81.9519783,26.4635833,0.0
7568635021,-81.9352482,26.5156832,0.0
7568739508,-81.9399025,26.4872402,0.0
7568739518,-81.9398807,26.4868257,23.0
7568911009,-81.9383914,26.5223341,155.0
7568911011,-81.9383191,26.5222586,0.0
7568911017,-81.9384631,26.5221266,0.0
7568911019,-81.9379718,26.5219945,0.0
7569690891,-81.9350276,26.4922545,0.0
7569690902,-81.9344061,26.4916521,0.0
7569690904,-81.9344339,26.4922729,0.0
7569690906,-81.9344079,26.4909256,0.0
7569690907,-81.9338422,26.4916406,0.0
7569690908,-81.9338162,26.4910455,0.0
7569690914,-81.9334021,26.4916508,0.0
7569694565,-81.9397747,26.4933158,0.0
7569694566,-81.9399947,26.493314,0.0
7569694582,-81.940428,26.4929891,0.0
7569701289,-81.9418031,26.4929685,0.0
7569701290,-81.9410785,26.4933647,91.0
7569701291,-81.9410737,26.4929795,0.0
7592286880,-81.9529767,26.4590894,0.0
7592286884,-81.9524657,26.459146,0.0
7592299587,-81.9530646,26.4592857,0.0
7593999477,-81.9277058,26.5198094,89.0
7593999484,-81.9266171,26.5196452,281.0
7594085027,-81.9433474,26.4929351,0.0
7594085029,-81.9435373,26.4926916,0.0
7594085033,-81.9435091,26.4919724,0.0
7594085040,-81.9438782,26.4922095,126.0
7594085041,-81.9434954,26.4922064,0.0
7594085043,-81.943926,26.4919629,21.0
7594300730,-81.9351891,26.4980734,0.0
7594300732,-81.9357962,26.4980749,0.0
7594437344,-81.9745145,26.4929642,0.0
7594437347,-81.9741354,26.4929735,0.0
7594611429,-81.9720446,26.5105852,1930.0
7594611442,-81.9720403,26.5103497,368.0
7595024519,-81.9432859,26.5069594,0.0
7595558028,-81.9495128,26.5143121,0.0
7595558029,-81.9492493,26.5145133,145.0
7595558030,-81.9496949,26.5145017,506.0
7595558031,-81.9493756,26.5147504,0.0
7595558033,-81.9482245,26.5150675,0.0
7595558040,-81.9479232,26.5150811,0.0
7595558041,-81.948038,26.5152102,0.0
7595558042,-81.9481184,26.5145937,0.0
7595558043,-81.9486587,26.5131634,0.0
7595558044,-81.9489071,26.5134266,0.0
7595558046,-81.9490502,26.513318,0.0
7595558047,-81.9488112,26.5130456,0.0
7595558048,-81.9489574,26.5129327,0.0
7595558049,-81.9492017,26.5132031,0.0
7595558051,-81.9493,26.5135772,0.0
7595558052,-81.949544,26.5129435,0.0
7595558053,-81.9492929,26.5126737,0.0
7595558054,-81.9494042,26.5130496,0.0
7595558055,-81.9491559,26.5127795,0.0
7601159429,-81.9294282,26.5054501,0.0
7601159430,-81.9294197,26.5052232,108.0
7601159440,-81.9293209,26.50559,0.0
7601159448,-81.9295538,26.5055741,13.0
7601159451,-81.9294256,26.5053966,0.0
7601265276,-81.9453305,26.4868625,0.0
7601284803,-81.9495612,26.4869137,0.0
7601386805,-81.9467859,26.4973652,0.0
7601386806,-81.9472847,26.4973722,0.0
7601402459,-81.9512419,26.5076708,806.0
7601402467,-81.9512543,26.5084931,750.0
7602278947,-81.9432504,26.4953857,0.0
7602278948,-81.9431251,26.49538,0.0
7602278956,-81.9428701,26.4962881,549.0
7602278957,-81.9430869,26.4955811,14.0
7602571707,-81.9452891,26.4995274,416.0
7602571708,-81.9446558,26.4995274,0.0
7602571709,-81.944663,26.499925,0.0
7602571711,-81.9440011,26.5002796,0.0
7602571712,-81.9446603,26.4996847,0.0
7602571713,-81.9452905,26.4996826,0.0
7602571715,-81.9452998,26.4999103,0.0
7602598533,-81.9800786,26.5099347,0.0
7602598534,-81.9799043,26.5099038,19.0
7603010684,-81.9346786,26.5036085,118.0
7603043594,-81.9344611,26.505154,0.0
7609363930,-81.9269185,26.5146759,1187.0
7609363931,-81.9264226,26.5146926,930.0
7611328270,-81.9638171,26.5019024,801.0
7611328280,-81.9628993,26.5022119,504.0
7647740177,-81.9315713,26.4947087,0.0
7647740182,-81.9315511,26.4952487,0.0
7698050701,-81.9800788,26.5084813,0.0
7698050712,-81.9800448,26.508443,116.0
7698050714,-81.9800198,26.5086737,236.0
7698050715,-81.9801892,26.5084723,0.0
7698050718,-81.9800852,26.5086753,0.0
7698050721,-81.9801961,26.5093846,80.0
7698050722,-81.9801006,26.5093851,0.0
7698050723,-81.9801946,26.5089235,102.0
7698050724,-81.9800907,26.5089284,0.0
7720669403,-81.9675572,26.5192176,149.0
7720669415,-81.9675555,26.5192759,363.0
7783331522,-81.945888,26.5084155,0.0
7783331526,-81.9461838,26.5085534,65.0
7790408613,-81.9358698,26.5210568,0.0
7839685091,-81.9488402,26.5073777,723.0
7839685092,-81.948197,26.5075845,0.0
7844990173,-81.943372,26.4972101,0.0
7844990179,-81.9437389,26.4981564,0.0
7844990181,-81.9437751,26.4983586,0.0
7844990183,-81.9436297,26.4976023,0.0
7844990491,-81.9444238,26.4981397,0.0
7844990495,-81.9434349,26.4994846,0.0
7844990497,-81.9427314,26.4993319,2661.0
7845594306,-81.9432342,26.5077785,0.0
7845594312,-81.9436331,26.5075152,23.0
7845618099,-81.9346681,26.5137307,0.0
7845618104,-81.9343083,26.514296,0.0
7845639186,-81.9438432,26.5046745,0.0
7845639199,-81.9447636,26.505897,0.0
7845639200,-81.9452479,26.505889,0.0
7845639205,-81.9447668,26.5060161,0.0
7845696569,-81.9322557,26.5089941,0.0
7845696570,-81.9322073,26.5089206,0.0
7845696571,-81.9321706,26.5083115,0.0
7845696572,-81.9311335,26.508337,0.0
7845696574,-81.9329353,26.5082934,0.0
7845696575,-81.9322522,26.5089336,0.0
7845696576,-81.9323069,26.5089173,0.0
7845696578,-81.9322696,26.5083092,0.0
7845696580,-81.9322988,26.5087841,0.0
7845696582,-81.9328503,26.5089853,0.0
7848313466,-81.9396623,26.5160296,274.0
7848313467,-81.9396071,26.5159361,85.0
7849625474,-81.940619,26.5199286,0.0
7849625483,-81.9411957,26.5197812,0.0
7852425395,-81.9322008,26.5088126,0.0
7852425396,-81.9322996,26.5088062,0.0
7866751240,-81.9346592,26.5140361,0.0
7885727988,-81.9432147,26.5173449,0.0
7885727991,-81.9431958,26.5171882,0.0
7885727992,-81.9431921,26.5170876,0.0
7885727993,-81.9429896,26.5170939,0.0
7885770209,-81.9572582,26.5150742,640.0
7885770211,-81.9571048,26.5155101,0.0
7885770212,-81.9571503,26.5154196,0.0
7885770220,-81.9572374,26.5151708,115.0
7915422173,-81.9554128,26.5218737,183.0
7915422174,-81.9555691,26.5218737,0.0
7919080610,-81.9755859,26.5016669,1027.0
7919080611,-81.9751387,26.5019049,1366.0
7926862183,-81.9342481,26.4926267,0.0
7927797312,-81.9475246,26.4598943,727.0
7927797317,-81.947272,26.4596554,0.0
7927797318,-81.9472696,26.459804,0.0
7927797324,-81.9469227,26.4586159,0.0
7934054695,-81.9294172,26.4879471,0.0
7937324968,-81.9807623,26.5094105,224.0
7938792247,-81.9593785,26.4580427,0.0
7941536128,-81.9426463,26.5157051,39.0
7941536129,-81.9426281,26.5152556,0.0
7941574535,-81.9513403,26.4908427,0.0
7942164575,-81.9354143,26.5052873,408.0
7942164579,-81.9339325,26.5055998,0.0
7942727719,-81.9393425,26.5036191,984.0
7942727720,-81.9393353,26.5033038,848.0
7953427925,-81.9435526,26.5042343,53.0
7953427927,-81.9441455,26.5042204,0.0
7953427928,-81.9437998,26.5045116,0.0
7953427929,-81.9437935,26.5042265,0.0
7953427930,-81.9437873,26.5039637,0.0
8110846039,-81.9275897,26.4454468,0.0
8158221047,-81.9549111,26.5242637,0.0
8166457496,-81.9522242,26.4705595,0.0
8166457497,-81.9520868,26.470866,0.0
8166457498,-81.9521352,26.470883,0.0
8166457499,-81.9520261,26.4711462,0.0
8166457500,-81.9520159,26.4704865,0.0
8192978029,-81.9520629,26.4555762,0.0
8270652513,-81.9435864,26.5056013,0.0
8270652514,-81.9432506,26.5056146,0.0
8270652515,-81.9446107,26.5058994,0.0
8270690117,-81.9437875,26.505785,0.0
8270690118,-81.945877,26.5062038,736.0
8270690123,-81.9454952,26.5062055,71.0
8273189775,-81.9356026,26.5108438,1448.0
8273189778,-81.93505,26.5107225,106.0
8273189779,-81.935431,26.5123571,0.0
8273189780,-81.9354098,26.5122146,0.0
8273189788,-81.9348022,26.5122049,0.0
8274049498,-81.9482309,26.5217629,0.0
8274049499,-81.9485913,26.5224524,30.0
8274049501,-81.9485715,26.5229256,0.0
8276733516,-81.9501367,26.5172539,525.0
8276741922,-81.9506043,26.5174609,915.0
8277141152,-81.9251684,26.520298,0.0
8277279042,-81.9346341,26.4932523,0.0
8277279051,-81.9339942,26.4932299,0.0
8277279054,-81.9352708,26.4932949,0.0
8277759639,-81.9573549,26.5132523,802.0
8277759640,-81.9573208,26.5131576,132.0
8277759653,-81.9570012,26.5140664,790.0
8277759655,-81.9563037,26.5141038,0.0
8277759656,-81.956715,26.5140824,0.0
8277759661,-81.9569972,26.5138145,420.0
8277759664,-81.9570205,26.5148559,895.0
8277759669,-81.9565356,26.5150644,0.0
8278573202,-81.9538777,26.4587104,8.0
8278573206,-81.9536133,26.4593705,300.0
8280940584,-81.9734397,26.5147125,0.0
8280940595,-81.9735136,26.5160101,0.0
8281228431,-81.9519115,26.4638266,153.0
8281228432,-81.9521305,26.4638725,0.0
8281228435,-81.9528106,26.4641339,306.0
8281228436,-81.9528373,26.4640338,0.0
8281228437,-81.9525276,26.4639627,0.0
8281228438,-81.9524907,26.4640731,0.0
8281228439,-81.9530487,26.4638365,1887.0
8281228441,-81.9528961,26.4637966,161.0
8281228442,-81.9528218,26.4640918,0.0
8281228443,-81.9529736,26.4641215,328.0
8281228444,-81.9509572,26.4647536,1020.0
8281228448,-81.9508698,26.4640348,97.0
8281228449,-81.9507363,26.463989,226.0
8281228450,-81.9508776,26.4635349,156.0
8281228453,-81.9515542,26.46413,0.0
8281228454,-81.9512133,26.4640526,0.0
8281228455,-81.9509146,26.463988,0.0
8281228456,-81.951033,26.4635739,66.0
8281228457,-81.9508193,26.4641848,1051.0
8281441666,-81.9273841,26.491161,0.0
8281441673,-81.9294889,26.49113,758.0
8281441674,-81.9280647,26.4927797,0.0
8281441680,-81.9280221,26.4927808,0.0
8288176852,-81.938655,26.5162146,0.0
8288176853,-81.9386567,26.5163309,82.0
8288176865,-81.9382824,26.515654,0.0
8288176867,-81.9383863,26.5156829,50.0
8288272433,-81.9360404,26.5141223,0.0
8288272435,-81.9356924,26.5141274,462.0
8288272436,-81.9371702,26.5140384,0.0
8288377996,-81.9604148,26.5136657,217.0
8288377997,-81.9604067,26.5132543,0.0
8288377998,-81.9589799,26.5144641,114.0
8288378010,-81.9586386,26.5150585,561.0
8288430272,-81.955056,26.5099348,0.0
8288430279,-81.9555742,26.5097895,0.0
8288481973,-81.9705983,26.5157746,612.0
8288481998,-81.9710161,26.5170893,0.0
8288481999,-81.9700363,26.5157845,513.0
8288482015,-81.9707504,26.5166565,0.0
8288634317,-81.9484038,26.4933383,0.0
8288634323,-81.9481984,26.4929799,0.0
8288687069,-81.9736895,26.4931946,0.0
8288687072,-81.9730447,26.4932019,140.0
8288687080,-81.9734806,26.492839,0.0
8288687081,-81.9736831,26.4928272,0.0
8288687084,-81.9735103,26.4931966,91.0
8288815999,-81.9440883,26.4847014,0.0
8288856664,-81.9509858,26.4677513,0.0
8288856670,-81.950989,26.4673023,0.0
8288907125,-81.9466801,26.4962385,0.0
8288907128,-81.9466613,26.4965716,0.0
8288907132,-81.9467408,26.497145,0.0
8288907133,-81.9464821,26.4965709,40.0
8288957125,-81.9373129,26.5230321,0.0
8288957128,-81.9370602,26.5226484,0.0
8289046889,-81.9433561,26.4931662,0.0
8289046898,-81.9445154,26.4935774,1023.0
8289061909,-81.9295946,26.4437789,0.0
8289061914,-81.9291782,26.443492,0.0
8289187852,-81.9455723,26.4578222,0.0
8289196490,-81.9508662,26.4906889,0.0
8289196493,-81.9509954,26.4915957,0.0
8289227254,-81.9751183,26.5005258,2252.0
8289227257,-81.9753725,26.5006031,81.0
8290139771,-81.9197253,26.5274832,1885.0
8290139774,-81.9201376,26.5274082,63536.0
8290162756,-81.9625618,26.5132111,0.0
8290162763,-81.9626982,26.5136305,332.0
8291958047,-81.9514226,26.5022992,0.0
8291958054,-81.9509008,26.5020781,1723.0
8291967432,-81.9569514,26.5244459,0.0
8291967434,-81.9565572,26.5242054,0.0
8291982207,-81.9434912,26.5140532,0.0
8292010025,-81.93405,26.5081609,0.0
8292010032,-81.9336216,26.5084898,0.0
8292090594,-81.9677962,26.4982637,0.0
8292090597,-81.9680797,26.4982106,0.0
8292090601,-81.9682746,26.4980266,0.0
8292090605,-81.9677932,26.49808,446.0
8292112681,-81.9315524,26.5019453,0.0
8292117455,-81.9455041,26.4535694,0.0
8292117458,-81.9457525,26.4537643,0.0
8292143730,-81.9349504,26.5157382,0.0
8292143739,-81.9344845,26.5166466,0.0
8292148313,-81.9395949,26.4945523,39.0
8292155295,-81.9516851,26.4791624,342.0
8292155296,-81.9516758,26.479027,0.0
8292155298,-81.9522691,26.4790022,696.0
8292155303,-81.9512051,26.4789432,0.0
8292155304,-81.9521423,26.4790069,0.0
8292155305,-81.9521891,26.4791354,852.0
8292161645,-81.9505167,26.4602811,0.0
8323583095,-81.9468141,26.5087372,422.0
8323583096,-81.9468059,26.5081896,325.0
8382597140,-81.9683313,26.491562,1101.0
8382597142,-81.9680681,26.4915688,70.0
8397721090,-81.9685339,26.502945,858.0
8397721094,-81.9678688,26.502945,1.0
8403614576,-81.9485426,26.5234222,0.0
8403614577,-81.9485394,26.52323,0.0
8403681706,-81.93072,26.4895912,0.0
8403681710,-81.9307128,26.4885619,0.0
8403725167,-81.9770639,26.499711,1575.0
8403725168,-81.9770639,26.4994648,375.0
8403725169,-81.9766699,26.499718,1260.0
8403725170,-81.9766609,26.499467,53.0
8403790580,-81.952279,26.5101527,145.0
8403790583,-81.9522827,26.5099835,390.0
8403886921,-81.9450211,26.5058894,0.0
8404740392,-81.9654937,26.5021311,275.0
8404740395,-81.9659177,26.5018357,986.0
8404740396,-81.9640135,26.5021052,532.0
8404740404,-81.9639696,26.502732,191.0
8404826310,-81.9570516,26.5150007,439.0
8404826315,-81.9566425,26.5151719,0.0
8404826316,-81.9589122,26.5133032,490.0
8404845219,-81.9457155,26.5198303,63.0
8404845226,-81.9458051,26.5215007,0.0
8404863817,-81.9589732,26.5132295,0.0
8404956518,-81.9455144,26.4979241,0.0
8404956522,-81.9456341,26.4977561,0.0
8404956525,-81.9463499,26.4977311,13.0
8404956526,-81.9465161,26.5001288,122.0
8404956527,-81.9464153,26.5001261,0.0
8404956529,-81.9464044,26.5002778,0.0
8404956532,-81.9463912,26.4999463,0.0
8404956533,-81.9455638,26.5001214,245.0
8404956534,-81.9456605,26.5001201,90.0
8404956537,-81.9457005,26.5002354,79.0
8404956540,-81.9456922,26.499974,136.0
8404956541,-81.9454991,26.4972758,0.0
8404956542,-81.9455881,26.4972723,0.0
8404956544,-81.9456096,26.4974093,0.0
8404956547,-81.9456145,26.4970982,0.0
8404956548,-81.9463642,26.4972635,0.0
8404956551,-81.9463288,26.4971186,0.0
8404956553,-81.9463237,26.4974153,0.0
8404956554,-81.9463189,26.4965839,0.0
8404956556,-81.9462913,26.4964406,0.0
8404956559,-81.9463124,26.4967519,0.0
8404956560,-81.9454837,26.4966239,0.0
8404956561,-81.9455842,26.4966217,0.0
8404956564,-81.9456045,26.4967817,0.0
8404956566,-81.9456094,26.4964588,0.0
8404956567,-81.9465608,26.4960503,0.0
8404956572,-81.9462719,26.4959022,0.0
8404956573,-81.9455955,26.4959149,12.0
8404956577,-81.9454728,26.4961275,82.0
8405162177,-81.9463821,26.4996874,45.0
8405162178,-81.9463729,26.4993354,0.0
8405162179,-81.9465844,26.4995336,84.0
8405162180,-81.9463783,26.4995416,0.0
8405206864,-81.9551487,26.5190935,0.0
8405406644,-81.9482379,26.5009132,331.0
8405406647,-81.9481145,26.500754,146.0
8405406648,-81.9505962,26.5014333,457.0
8405406649,-81.9505933,26.5012515,0.0
8406747606,-81.952256,26.4625723,218.0
8406747607,-81.9528106,26.4627047,1222.0
8406856731,-81.9638396,26.514902,882.0
8406856733,-81.9633206,26.5148767,0.0
8406895193,-81.9410347,26.4875582,4396.0
8406895200,-81.9404011,26.4875671,535.0
8406901098,-81.957732,26.5079975,1045.0
8406901102,-81.957195,26.5082349,115.0
8406944603,-81.9399604,26.525034,0.0
8406957848,-81.9757241,26.5020434,266.0
8406957850,-81.9756066,26.5020972,564.0
8406957861,-81.9776802,26.5015238,1191.0
8406957862,-81.9776825,26.5017139,491.0
8407017076,-81.9472339,26.4824373,0.0
8407017078,-81.9467751,26.4820037,0.0
8407017080,-81.947096,26.482245,0.0
8407017081,-81.9469241,26.4823431,0.0
8407017083,-81.9469802,26.4825821,0.0
8407929789,-81.9730623,26.4980995,2011.0
8407929798,-81.9726905,26.4987241,108.0
8407929799,-81.9711593,26.4974636,336.0
8407929802,-81.9713076,26.4977318,73.0
8407929805,-81.9714355,26.4976497,63.0
8410891085,-81.9819876,26.5026959,0.0
8410891098,-81.9818881,26.5022779,0.0
8411063042,-81.9410763,26.4931917,0.0
8411063043,-81.9404412,26.4931954,0.0
8411625776,-81.9458272,26.454061,0.0
8411815728,-81.9819842,26.4976584,0.0
8411815729,-81.9816269,26.4985053,0.0
8411815731,-81.9814482,26.4984884,0.0
8411815735,-81.9815899,26.4988376,0.0
8411815736,-81.9813976,26.4988043,0.0
8411815737,-81.9811417,26.4988003,263.0
8411815738,-81.9811971,26.4989382,0.0
8411815739,-81.9813841,26.4989301,0.0
8411815740,-81.9812603,26.4992139,0.0
8411815741,-81.9814197,26.4991731,0.0
8411831027,-81.9696532,26.4983608,74.0
8411831029,-81.9693518,26.4981284,0.0
8411831030,-81.9635872,26.5030247,32.0
8411831032,-81.9631559,26.5025376,41.0
8452696882,-81.9717975,26.5157608,2654.0
8452696887,-81.9716981,26.5162013,0.0
8577498226,-81.9596067,26.4935912,0.0
8577498229,-81.9596568,26.4936474,0.0
8577498233,-81.9596534,26.4936034,0.0
8577498234,-81.9599164,26.4935985,0.0
8594588503,-81.9447879,26.4838265,0.0
8594588508,-81.9442524,26.4834018,0.0
8595401157,-81.926948,26.5180732,224.0
8631605801,-81.9589547,26.5149753,841.0
8631605802,-81.9591047,26.5151072,0.0
8670147136,-81.9386251,26.5307559,0.0
8670147140,-81.9384901,26.5307823,0.0
8704194476,-81.9476475,26.4594659,14.0
8704194477,-81.9474325,26.4594669,0.0
8708796857,-81.956672,26.5245253,0.0
8708796858,-81.9564446,26.5247711,0.0
8770791941,-81.9513687,26.5278402,0.0
8770791942,-81.9512299,26.5274939,0.0
8770791943,-81.951463,26.5272857,0.0
8770791950,-81.9513833,26.5273864,0.0
8775835114,-81.9365069,26.49305,0.0
8775835115,-81.9365035,26.4928598,0.0
8775984628,-81.9441186,26.4961929,0.0
8775984629,-81.9438018,26.4961851,0.0
8776543597,-81.9343098,26.4451082,0.0
8776543600,-81.9340826,26.4449316,0.0
8776543601,-81.9322148,26.4469375,0.0
8776543607,-81.9318787,26.4473925,0.0
8776944745,-81.9423048,26.4931554,0.0
8776944746,-81.9418104,26.493171,86.0
8776944756,-81.9427374,26.4927,0.0
8793154921,-81.9590043,26.4567031,0.0
8793154923,-81.9592924,26.4569275,0.0
8793196277,-81.9518032,26.4642206,51.0
8793196282,-81.9522869,26.4645771,0.0
8793196287,-81.9516982,26.464603,0.0
8793196288,-81.9525195,26.4649193,636.0
8793390779,-81.9399951,26.4476804,1793.0
8793390781,-81.9402371,26.4471467,0.0
8793734050,-81.9374598,26.5303267,357.0
8793734056,-81.9376553,26.5308804,0.0
8793764194,-81.9582273,26.5150632,375.0
8793764195,-81.9582191,26.5151583,275.0
8793988975,-81.9448091,26.5079461,16.0
8794052334,-81.9463443,26.4829452,0.0
8794052336,-81.9460456,26.4824822,0.0
8794052337,-81.9462351,26.482785,0.0
8794052340,-81.9460327,26.4831232,0.0
8794097991,-81.9321818,26.495343,0.0
8794097992,-81.9321634,26.4947098,0.0
8794097993,-81.9321659,26.4948778,0.0
8794097995,-81.9328448,26.4946991,0.0
8794097996,-81.9326375,26.4948675,0.0
8794097997,-81.9326349,26.4947024,0.0
8794097998,-81.9323848,26.4948713,0.0
8794097999,-81.9323781,26.4947064,0.0
8794274246,-81.9266345,26.5212524,262.0
8794274252,-81.9262431,26.5217978,0.0
8794539264,-81.9472603,26.5152568,0.0
8794539275,-81.9460576,26.5165159,0.0
8794688411,-81.9682776,26.4943516,667.0
8794688415,-81.9682437,26.4948117,102.0
8796853443,-81.9481169,26.4589177,1762.0
8796853449,-81.9478384,26.4584761,0.0
8897654263,-81.9743403,26.4997675,0.0
8900391071,-81.9553493,26.4654231,2051.0
8900391079,-81.9553021,26.465325,2157.0
8900391080,-81.9555571,26.4652132,24.0
8900391081,-81.9556164,26.4653194,0.0
8984818092,-81.9743036,26.5044675,1540.0
8984818101,-81.9741075,26.5044707,1349.0
9068789964,-81.9403459,26.499364,3773.0
9068789969,-81.9458098,26.4910203,929.0
9068789972,-81.9421774,26.4805867,183.0
9072265089,-81.946801,26.4538081,0.0
9355097893,-81.9295977,26.5126963,0.0
9355097894,-81.9274128,26.5114643,2431.0
9391373725,-81.9504069,26.4514995,16.0
10021297556,-81.9432397,26.5196198,0.0
10021297560,-81.9436474,26.5197156,0.0
10021964336,-81.9447137,26.4884341,0.0
10021964340,-81.9450873,26.4884457,0.0
10022533150,-81.944726,26.5120642,0.0
10022533152,-81.9447828,26.5121508,0.0
10023889932,-81.944347,26.4850397,0.0
10023889933,-81.9439959,26.4848248,0.0
10024008596,-81.9442577,26.5178972,1556.0
10024008601,-81.9445768,26.5175442,45.0
10024008604,-81.9445954,26.5173319,0.0
10024008605,-81.9446399,26.5176083,700.0
10024131619,-81.9538975,26.50893,95.0
10028259145,-81.9808992,26.4938033,0.0
10028259146,-81.9800213,26.4938169,0.0
10028259147,-81.9800037,26.4943482,2623.0
10028259148,-81.9800216,26.4937755,130.0
10028259174,-81.9812539,26.4940207,0.0
10028259180,-81.981937,26.494399,0.0
10028259182,-81.9819872,26.4942232,0.0
10028259183,-81.981275,26.4942215,0.0
10028259188,-81.9809689,26.4939899,0.0
10028259192,-81.9806833,26.4938067,0.0
10168159455,-81.9336169,26.4953236,0.0
10168159456,-81.933611,26.4951324,0.0
10168159459,-81.9336833,26.4946871,0.0
10168159460,-81.9332719,26.4951372,0.0
10241695048,-81.9371251,26.4945619,388.0
10241695051,-81.9374526,26.4951339,0.0
10241695052,-81.9374303,26.4945578,0.0
10241695056,-81.9375348,26.4945565,0.0
10241695059,-81.9374462,26.4949685,59.0
10560672207,-81.9340011,26.5113213,121.0
10560672208,-81.9339926,26.5110858,0.0
10734517283,-81.9192906,26.5227341,0.0
10734517284,-81.9192856,26.5226404,0.0
10856356744,-81.9456561,26.5022638,166.0
10856356745,-81.9456586,26.5024644,0.0
10904550100,-81.9375332,26.4930347,546.0
10904569614,-81.9373526,26.4931899,247.0
11029473371,-81.9406278,26.512138,0.0
11029473372,-81.9405401,26.5122013,0.0
11043605608,-81.9432173,26.4911439,0.0
11043605609,-81.9429284,26.4911415,0.0
11043605610,-81.9429318,26.4913525,0.0
11043605616,-81.9429934,26.4907001,0.0
11043605617,-81.9429869,26.4907829,0.0
11104673914,-81.9500704,26.4972634,987.0
11104673915,-81.9498444,26.4982481,127.0
11104673917,-81.9500907,26.497999,204.0
11104673918,-81.9500231,26.498178,252.0
11104673919,-81.9498837,26.4981359,60.0
11149512850,-81.9450106,26.5010706,0.0
11149512852,-81.943983,26.5010834,0.0
11149512855,-81.9438104,26.5010889,2.0
11458897845,-81.9531671,26.4585484,0.0
11458897846,-81.9531941,26.4584251,0.0
11458897851,-81.9528029,26.4584771,0.0
11458897852,-81.9532743,26.4584346,0.0
11458897854,-81.9535515,26.4584581,47.0
11486139695,-81.9298737,26.5094356,0.0
11486139698,-81.9293167,26.5095902,0.0
11486139705,-81.9274423,26.5101877,0.0
11524308152,-81.9345649,26.5000242,0.0
11696334035,-81.9525063,26.4589857,0.0
11696334036,-81.952934,26.4592556,0.0
11696334039,-81.9524336,26.4592968,0.0
11696334044,-81.9521833,26.4596169,0.0
11905992715,-81.9528432,26.4521032,285.0
11905992717,-81.953025,26.4515932,0.0
11912226759,-81.9450082,26.5155845,0.0
12003541741,-81.93139,26.4952518,0.0
12003541742,-81.9314579,26.4946708,0.0
