{
"type": "FeatureCollection",
"crs": { "type": "name", "properties": { "name": "urn:ogc:def:crs:OGC:1.3:CRS84" } },
"features": [
{ "type": "Feature", "properties": { "dms_name": "Bay Oaks DMS", "datetime": "2022-10-05T00:00:00" }, "geometry": { "type": "LineString", "coordinates": [ [ -81.9404797, 26.4506141 ], [ -81.9404797, 26.4506141 ] ] } },
{ "type": "Feature", "properties": { "dms_name": "Bay Oaks DMS", "datetime": "2022-10-05T00:00:00" }, "geometry": { "type": "LineString", "coordinates": [ [ -81.9404797, 26.4506141 ], [ -81.9404797, 26.4506141 ] ] } },
{ "type": "Feature", "properties": { "dms_name": "Bay Oaks DMS", "datetime": "2022-10-05T00:00:00" }, "geometry": { "type": "LineString", "coordinates": [ [ -81.9404797, 26.4506141 ], [ -81.9404797, 26.4506141 ] ] } },
{ "type": "Feature", "properties": { "dms_name": "Bay Oaks DMS", "datetime": "2022-10-05T00:00:00" }, "geometry": { "type": "LineString", "coordinates": [ [ -81.9404797, 26.4506141 ], [ -81.9404797, 26.4506141 ] ] } },
{ "type": "Feature", "properties": { "dms_name": "Bay Oaks DMS", "datetime": "2022-10-05T00:00:00" }, "geometry": { "type": "LineString", "coordinates": [ [ -81.9404797, 26.4506141 ], [ -81.9404797, 26.4506141 ] ] } },
{ "type": "Feature", "properties": { "dms_name": "Bay Oaks DMS", "datetime": "2022-10-05T00:00:00" }, "geometry": { "type": "LineString", "coordinates": [ [ -81.9404797, 26.4506141 ], [ -81.9404797, 26.4506141 ] ] } },
{ "type": "Feature", "properties": { "dms_name": "Bay Oaks DMS", "datetime": "2022-10-05T00:00:00" }, "geometry": { "type": "LineString", "coordinates": [ [ -81.9404797, 26.4506141 ], [ -81.9404797, 26.4506141 ] ] } },
{ "type": "Feature", "properties": { "dms_name": "Bay Oaks DMS", "datetime": "2022-10-05T00:00:00" }, "geometry": { "type": "LineString", "coordinates": [ [ -81.9404797, 26.4506141 ], [ -81.9404797, 26.4506141 ] ] } },
{ "type": "Feature", "properties": { "dms_name": "Bay Oaks DMS", "datetime": "2022-10-05T00:00:00" }, "geometry": { "type": "LineString", "coordinates": [ [ -81.9404797, 26.4506141 ], [ -81.9404797, 26.4506141 ] ] } },
{ "type": "Feature", "properties": { "dms_name": "Bay Oaks DMS", "datetime": "2022-10-05T00:00:00" }, "geometry": { "type": "LineString", "coordinates": [ [ -81.9404797, 26.4506141 ], [ -81.9404797, 26.4506141 ] ] } },
{ "type": "Feature", "properties": { "dms_name": "Bay Oaks DMS", "datetime": "2022-10-05T00:00:00" }, "geometry": { "type": "LineString", "coordinates": [ [ -81.9404797, 26.4506141 ], [ -81.9404797, 26.4506141 ] ] } },
{ "type": "Feature", "properties": { "dms_name": "Bay Oaks DMS", "datetime": "2022-10-05T00:00:00" }, "geometry": { "type": "LineString", "coordinates": [ [ -81.9404797, 26.4506141 ], [ -81.9404797, 26.4506141 ] ] } },
{ "type": "Feature", "properties": { "dms_name": "Bay Oaks DMS", "datetime": "2022-10-05T00:00:00" }, "geometry": { "type": "LineString", "coordinates": [ [ -81.9404797, 26.4506141 ], [ -81.9404797, 26.4506141 ] ] } },
{ "type": "Feature", "properties": { "dms_name": "Bay Oaks DMS", "datetime": "2022-10-05T00:00:00" }, "geometry": { "type": "LineString", "coordinates": [ [ -81.9404797, 26.4506141 ], [ -81.9404797, 26.4506141 ] ] } },
{ "type": "Feature", "properties": { "dms_name": "Bay Oaks DMS", "datetime": "2022-10-05T00:00:00" }, "geometry": { "type": "LineString", "coordinates": [ [ -81.9404797, 26.4506141 ], [ -81.9406701, 26.4490917 ] ] } },
{ "type": "Feature", "properties": { "dms_name": "Bay Oaks DMS", "datetime": "2022-10-05T00:00:00" }, "geometry": { "type": "LineString", "coordinates": [ [ -81.9406701, 26.4490917 ], [ -81.9405957, 26.4489914 ] ] } },
{ "type": "Feature", "properties": { "dms_name": "Bay Oaks DMS", "datetime": "2022-10-05T00:00:00" }, "geometry": { "type": "LineString", "coordinates": [ [ -81.9405957, 26.4489914 ], [ -81.9406701, 26.4490917 ] ] } },
{ "type": "Feature", "properties": { "dms_name": "Bay Oaks DMS", "datetime": "2022-10-05T00:00:00" }, "geometry": { "type": "LineString", "coordinates": [ [ -81.9406701, 26.4490917 ], [ -81.9404797, 26.4506141 ] ] } },
{ "type": "Feature", "properties": { "dms_name": "Bay Oaks DMS", "datetime": "2022-10-05T00:00:00" }, "geometry": { "type": "LineString", "coordinates": [ [ -81.9404797, 26.4506141 ], [ -81.9406701, 26.4490917 ] ] } },
{ "type": "Feature", "properties": { "dms_name": "Bay Oaks DMS", "datetime": "2022-10-05T00:00:00" }, "geometry": { "type": "LineString", "coordinates": [ [ -81.9406701, 26.4490917 ], [ -81.9405957, 26.4489914 ] ] } },
{ "type": "Feature", "properties": { "dms_name": "Bay Oaks DMS", "datetime": "2022-10-05T00:00:00" }, "geometry": { "type": "LineString", "coordinates": [ [ -81.9405957, 26.4489914 ], [ -81.9403241, 26.4488972 ] ] } },
{ "type": "Feature", "properties": { "dms_name": "Bay Oaks DMS", "datetime": "2022-10-05T00:00:00" }, "geometry": { "type": "LineString", "coordinates": [ [ -81.9403241, 26.4488972 ], [ -81.9401476, 26.4488359 ] ] } },
{ "type": "Feature", "properties": { "dms_name": "Bay Oaks DMS", "datetime": "2022-10-05T00:00:00" }, "geometry": { "type": "LineString", "coordinates": [ [ -81.9401476, 26.4488359 ], [ -81.9395387, 26.4485582 ] ] } },
{ "type": "Feature", "properties": { "dms_name": "Bay Oaks DMS", "datetime": "2022-10-05T00:00:00" }, "geometry": { "type": "LineString", "coordinates": [ [ -81.9395387, 26.4485582 ], [ -81.9397971, 26.448016 ] ] } },
{ "type": "Feature", "properties": { "dms_name": "Bay Oaks DMS", "datetime": "2022-10-05T00:00:00" }, "geometry": { "type": "LineString", "coordinates": [ [ -81.9397971, 26.448016 ], [ -81.9399625, 26.4476689 ] ] } },
{ "type": "Feature", "properties": { "dms_name": "Bay Oaks DMS", "datetime": "2022-10-05T00:00:00" }, "geometry": { "type": "LineString", "coordinates": [ [ -81.9399625, 26.4476689 ], [ -81.9393989, 26.4474688 ] ] } },
{ "type": "Feature", "properties": { "dms_name": "Bay Oaks DMS", "datetime": "2022-10-05T00:00:00" }, "geometry": { "type": "LineString", "coordinates": [ [ -81.9393989, 26.4474688 ], [ -81.938946, 26.447308 ] ] } },
{ "type": "Feature", "properties": { "dms_name": "Bay Oaks DMS", "datetime": "2022-10-05T00:00:00" }, "geometry": { "type": "LineString", "coordinates": [ [ -81.938946, 26.447308 ], [ -81.9385375, 26.4471016 ] ] } },
{ "type": "Feature", "properties": { "dms_name": "Bay Oaks DMS", "datetime": "2022-10-05T00:00:00" }, "geometry": { "type": "LineString", "coordinates": [ [ -81.9385375, 26.4471016 ], [ -81.9382959, 26.446866 ] ] } },
{ "type": "Feature", "properties": { "dms_name": "Bay Oaks DMS", "datetime": "2022-10-05T00:00:00" }, "geometry": { "type": "LineString", "coordinates": [ [ -81.9382959, 26.446866 ], [ -81.938057, 26.446493 ] ] } },
{ "type": "Feature", "properties": { "dms_name": "Bay Oaks DMS", "datetime": "2022-10-05T00:00:00" }, "geometry": { "type": "LineString", "coordinates": [ [ -81.938057, 26.446493 ], [ -81.9377048, 26.4461411 ] ] } },
{ "type": "Feature", "properties": { "dms_name": "Bay Oaks DMS", "datetime": "2022-10-05T00:00:00" }, "geometry": { "type": "LineString", "coordinates": [ [ -81.9377048, 26.4461411 ], [ -81.937621, 26.446085 ] ] } },
{ "type": "Feature", "properties": { "dms_name": "Bay Oaks DMS", "datetime": "2022-10-05T00:00:00" }, "geometry": { "type": "LineString", "coordinates": [ [ -81.937621, 26.446085 ], [ -81.9375596, 26.4460498 ] ] } },
{ "type": "Feature", "properties": { "dms_name": "Bay Oaks DMS", "datetime": "2022-10-05T00:00:00" }, "geometry": { "type": "LineString", "coordinates": [ [ -81.9375596, 26.4460498 ], [ -81.9374881, 26.4460088 ] ] } },
{ "type": "Feature", "properties": { "dms_name": "Bay Oaks DMS", "datetime": "2022-10-05T00:00:00" }, "geometry": { "type": "LineString", "coordinates": [ [ -81.9374881, 26.4460088 ], [ -81.9374343, 26.4459786 ] ] } },
{ "type": "Feature", "properties": { "dms_name": "Bay Oaks DMS", "datetime": "2022-10-05T00:00:00" }, "geometry": { "type": "LineString", "coordinates": [ [ -81.9374343, 26.4459786 ], [ -81.936288, 26.4454001 ] ] } },
{ "type": "Feature", "properties": { "dms_name": "Bay Oaks DMS", "datetime": "2022-10-05T00:00:00" }, "geometry": { "type": "LineString", "coordinates": [ [ -81.936288, 26.4454001 ], [ -81.9360901, 26.4452996 ] ] } },
{ "type": "Feature", "properties": { "dms_name": "Bay Oaks DMS", "datetime": "2022-10-05T00:00:00" }, "geometry": { "type": "LineString", "coordinates": [ [ -81.9360901, 26.4452996 ], [ -81.935588, 26.4450445 ] ] } },
{ "type": "Feature", "properties": { "dms_name": "Bay Oaks DMS", "datetime": "2022-10-05T00:00:00" }, "geometry": { "type": "LineString", "coordinates": [ [ -81.935588, 26.4450445 ], [ -81.9352317, 26.4448635 ] ] } },
{ "type": "Feature", "properties": { "dms_name": "Bay Oaks DMS", "datetime": "2022-10-05T00:00:00" }, "geometry": { "type": "LineString", "coordinates": [ [ -81.9352317, 26.4448635 ], [ -81.9348395, 26.4446642 ] ] } },
{ "type": "Feature", "properties": { "dms_name": "Bay Oaks DMS", "datetime": "2022-10-05T00:00:00" }, "geometry": { "type": "LineString", "coordinates": [ [ -81.9348395, 26.4446642 ], [ -81.9346402, 26.4448302 ] ] } },
{ "type": "Feature", "properties": { "dms_name": "Bay Oaks DMS", "datetime": "2022-10-05T00:00:00" }, "geometry": { "type": "LineString", "coordinates": [ [ -81.9346402, 26.4448302 ], [ -81.9343098, 26.4451082 ] ] } },
{ "type": "Feature", "properties": { "dms_name": "Bay Oaks DMS", "datetime": "2022-10-05T00:00:00" }, "geometry": { "type": "LineString", "coordinates": [ [ -81.9343098, 26.4451082 ], [ -81.9341654, 26.4452297 ] ] } },
{ "type": "Feature", "properties": { "dms_name": "Bay Oaks DMS", "datetime": "2022-10-05T00:00:00" }, "geometry": { "type": "LineString", "coordinates": [ [ -81.9341654, 26.4452297 ], [ -81.9337247, 26.4456045 ] ] } },
{ "type": "Feature", "properties": { "dms_name": "Bay Oaks DMS", "datetime": "2022-10-05T00:00:00" }, "geometry": { "type": "LineString", "coordinates": [ [ -81.9337247, 26.4456045 ], [ -81.933191, 26.44608 ] ] } },
{ "type": "Feature", "properties": { "dms_name": "Bay Oaks DMS", "datetime": "2022-10-05T00:00:00" }, "geometry": { "type": "LineString", "coordinates": [ [ -81.933191, 26.44608 ], [ -81.932314, 26.44596 ] ] } },
{ "type": "Feature", "properties": { "dms_name": "Bay Oaks DMS", "datetime": "2022-10-05T00:00:00" }, "geometry": { "type": "LineString", "coordinates": [ [ -81.932314, 26.44596 ], [ -81.931665, 26.445648 ] ] } },
{ "type": "Feature", "properties": { "dms_name": "Bay Oaks DMS", "datetime": "2022-10-05T00:00:00" }, "geometry": { "type": "LineString", "coordinates": [ [ -81.931665, 26.445648 ], [ -81.931502, 26.445788 ] ] } },
{ "type": "Feature", "properties": { "dms_name": "Bay Oaks DMS", "datetime": "2022-10-05T00:00:00" }, "geometry": { "type": "LineString", "coordinates": [ [ -81.931502, 26.445788 ], [ -81.930951, 26.445485 ] ] } },
{ "type": "Feature", "properties": { "dms_name": "Bay Oaks DMS", "datetime": "2022-10-05T00:00:00" }, "geometry": { "type": "LineString", "coordinates": [ [ -81.930951, 26.445485 ], [ -81.930635, 26.445305 ] ] } },
{ "type": "Feature", "properties": { "dms_name": "Bay Oaks DMS", "datetime": "2022-10-05T00:00:00" }, "geometry": { "type": "LineString", "coordinates": [ [ -81.930635, 26.445305 ], [ -81.930264, 26.445099 ] ] } },
{ "type": "Feature", "properties": { "dms_name": "Bay Oaks DMS", "datetime": "2022-10-05T00:00:00" }, "geometry": { "type": "LineString", "coordinates": [ [ -81.930264, 26.445099 ], [ -81.9323217, 26.4433229 ] ] } },
{ "type": "Feature", "properties": { "dms_name": "Bay Oaks DMS", "datetime": "2022-10-05T00:00:00" }, "geometry": { "type": "LineString", "coordinates": [ [ -81.9323217, 26.4433229 ], [ -81.9317064, 26.442981 ] ] } },
{ "type": "Feature", "properties": { "dms_name": "Bay Oaks DMS", "datetime": "2022-10-05T00:00:00" }, "geometry": { "type": "LineString", "coordinates": [ [ -81.9317064, 26.442981 ], [ -81.9316135, 26.4429294 ] ] } },
{ "type": "Feature", "properties": { "dms_name": "Bay Oaks DMS", "datetime": "2022-10-05T00:00:00" }, "geometry": { "type": "LineString", "coordinates": [ [ -81.9316135, 26.4429294 ], [ -81.9314065, 26.4428194 ] ] } },
{ "type": "Feature", "properties": { "dms_name": "Bay Oaks DMS", "datetime": "2022-10-05T00:00:00" }, "geometry": { "type": "LineString", "coordinates": [ [ -81.9314065, 26.4428194 ], [ -81.9313048, 26.4427655 ] ] } },
{ "type": "Feature", "properties": { "dms_name": "Bay Oaks DMS", "datetime": "2022-10-05T00:00:00" }, "geometry": { "type": "LineString", "coordinates": [ [ -81.9313048, 26.4427655 ], [ -81.9310314, 26.4426202 ] ] } },
{ "type": "Feature", "properties": { "dms_name": "Bay Oaks DMS", "datetime": "2022-10-05T00:00:00" }, "geometry": { "type": "LineString", "coordinates": [ [ -81.9310314, 26.4426202 ], [ -81.9306421, 26.4423959 ] ] } },
{ "type": "Feature", "properties": { "dms_name": "Bay Oaks DMS", "datetime": "2022-10-05T00:00:00" }, "geometry": { "type": "LineString", "coordinates": [ [ -81.9306421, 26.4423959 ], [ -81.9304714, 26.4422975 ] ] } },
{ "type": "Feature", "properties": { "dms_name": "Bay Oaks DMS", "datetime": "2022-10-05T00:00:00" }, "geometry": { "type": "LineString", "coordinates": [ [ -81.9304714, 26.4422975 ], [ -81.9299579, 26.4420016 ] ] } },
{ "type": "Feature", "properties": { "dms_name": "Bay Oaks DMS", "datetime": "2022-10-05T00:00:00" }, "geometry": { "type": "LineString", "coordinates": [ [ -81.9299579, 26.4420016 ], [ -81.9291616, 26.4415564 ] ] } },
{ "type": "Feature", "properties": { "dms_name": "Bay Oaks DMS", "datetime": "2022-10-05T00:00:00" }, "geometry": { "type": "LineString", "coordinates": [ [ -81.9291616, 26.4415564 ], [ -81.9288898, 26.4414045 ] ] } },
{ "type": "Feature", "properties": { "dms_name": "Bay Oaks DMS", "datetime": "2022-10-05T00:00:00" }, "geometry": { "type": "LineString", "coordinates": [ [ -81.9288898, 26.4414045 ], [ -81.9284612, 26.4411649 ] ] } },
{ "type": "Feature", "properties": { "dms_name": "Bay Oaks DMS", "datetime": "2022-10-05T00:00:00" }, "geometry": { "type": "LineString", "coordinates": [ [ -81.9284612, 26.4411649 ], [ -81.927989, 26.440901 ] ] } },
{ "type": "Feature", "properties": { "dms_name": "Bay Oaks DMS", "datetime": "2022-10-05T00:00:00" }, "geometry": { "type": "LineString", "coordinates": [ [ -81.927989, 26.440901 ], [ -81.9278457, 26.4408197 ] ] } },
{ "type": "Feature", "properties": { "dms_name": "Bay Oaks DMS", "datetime": "2022-10-05T00:00:00" }, "geometry": { "type": "LineString", "coordinates": [ [ -81.9278457, 26.4408197 ], [ -81.9273263, 26.4405251 ] ] } },
{ "type": "Feature", "properties": { "dms_name": "Bay Oaks DMS", "datetime": "2022-10-05T00:00:00" }, "geometry": { "type": "LineString", "coordinates": [ [ -81.9273263, 26.4405251 ], [ -81.926676, 26.4401562 ] ] } },
{ "type": "Feature", "properties": { "dms_name": "Bay Oaks DMS", "datetime": "2022-10-05T00:00:00" }, "geometry": { "type": "LineString", "coordinates": [ [ -81.926676, 26.4401562 ], [ -81.9260258, 26.4397874 ] ] } },
{ "type": "Feature", "properties": { "dms_name": "Bay Oaks DMS", "datetime": "2022-10-05T00:00:00" }, "geometry": { "type": "LineString", "coordinates": [ [ -81.9260258, 26.4397874 ], [ -81.9256281, 26.4395619 ] ] } },
{ "type": "Feature", "properties": { "dms_name": "Bay Oaks DMS", "datetime": "2022-10-05T00:00:00" }, "geometry": { "type": "LineString", "coordinates": [ [ -81.9256281, 26.4395619 ], [ -81.9253799, 26.4394211 ] ] } },
{ "type": "Feature", "properties": { "dms_name": "Bay Oaks DMS", "datetime": "2022-10-05T00:00:00" }, "geometry": { "type": "LineString", "coordinates": [ [ -81.9253799, 26.4394211 ], [ -81.9252305, 26.4393363 ] ] } },
{ "type": "Feature", "properties": { "dms_name": "Bay Oaks DMS", "datetime": "2022-10-05T00:00:00" }, "geometry": { "type": "LineString", "coordinates": [ [ -81.9252305, 26.4393363 ], [ -81.9248847, 26.4391402 ] ] } },
{ "type": "Feature", "properties": { "dms_name": "Bay Oaks DMS", "datetime": "2022-10-05T00:00:00" }, "geometry": { "type": "LineString", "coordinates": [ [ -81.9248847, 26.4391402 ], [ -81.9247624, 26.4390708 ] ] } },
{ "type": "Feature", "properties": { "dms_name": "Bay Oaks DMS", "datetime": "2022-10-05T00:00:00" }, "geometry": { "type": "LineString", "coordinates": [ [ -81.9247624, 26.4390708 ], [ -81.924111, 26.438678 ] ] } },
{ "type": "Feature", "properties": { "dms_name": "Bay Oaks DMS", "datetime": "2022-10-05T00:00:00" }, "geometry": { "type": "LineString", "coordinates": [ [ -81.924111, 26.438678 ], [ -81.92342, 26.4382 ] ] } },
{ "type": "Feature", "properties": { "dms_name": "Bay Oaks DMS", "datetime": "2022-10-05T00:00:00" }, "geometry": { "type": "LineString", "coordinates": [ [ -81.92342, 26.4382 ], [ -81.9231909, 26.4380354 ] ] } },
{ "type": "Feature", "properties": { "dms_name": "Bay Oaks DMS", "datetime": "2022-10-05T00:00:00" }, "geometry": { "type": "LineString", "coordinates": [ [ -81.9231909, 26.4380354 ], [ -81.9231667, 26.438018 ] ] } },
{ "type": "Feature", "properties": { "dms_name": "Bay Oaks DMS", "datetime": "2022-10-05T00:00:00" }, "geometry": { "type": "LineString", "coordinates": [ [ -81.9231667, 26.438018 ], [ -81.9230447, 26.4379304 ] ] } },
{ "type": "Feature", "properties": { "dms_name": "Bay Oaks DMS", "datetime": "2022-10-05T00:00:00" }, "geometry": { "type": "LineString", "coordinates": [ [ -81.9230447, 26.4379304 ], [ -81.9229471, 26.4378603 ] ] } },
{ "type": "Feature", "properties": { "dms_name": "Bay Oaks DMS", "datetime": "2022-10-05T00:00:00" }, "geometry": { "type": "LineString", "coordinates": [ [ -81.9229471, 26.4378603 ], [ -81.9227553, 26.4377225 ] ] } },
{ "type": "Feature", "properties": { "dms_name": "Bay Oaks DMS", "datetime": "2022-10-05T00:00:00" }, "geometry": { "type": "LineString", "coordinates": [ [ -81.9227553, 26.4377225 ], [ -81.9227084, 26.4376888 ] ] } },
{ "type": "Feature", "properties": { "dms_name": "Bay Oaks DMS", "datetime": "2022-10-05T00:00:00" }, "geometry": { "type": "LineString", "coordinates": [ [ -81.9227084, 26.4376888 ], [ -81.9223836, 26.4374592 ] ] } },
{ "type": "Feature", "properties": { "dms_name": "Bay Oaks DMS", "datetime": "2022-10-05T00:00:00" }, "geometry": { "type": "LineString", "coordinates": [ [ -81.9223836, 26.4374592 ], [ -81.9223611, 26.4374433 ] ] } },
{ "type": "Feature", "properties": { "dms_name": "Bay Oaks DMS", "datetime": "2022-10-05T00:00:00" }, "geometry": { "type": "LineString", "coordinates": [ [ -81.9223611, 26.4374433 ], [ -81.9222131, 26.4373386 ] ] } },
{ "type": "Feature", "properties": { "dms_name": "Bay Oaks DMS", "datetime": "2022-10-05T00:00:00" }, "geometry": { "type": "LineString", "coordinates": [ [ -81.9222131, 26.4373386 ], [ -81.922039, 26.437222 ] ] } },
{ "type": "Feature", "properties": { "dms_name": "Bay Oaks DMS", "datetime": "2022-10-05T00:00:00" }, "geometry": { "type": "LineString", "coordinates": [ [ -81.922039, 26.437222 ], [ -81.9215716, 26.4369115 ] ] } },
{ "type": "Feature", "properties": { "dms_name": "Bay Oaks DMS", "datetime": "2022-10-05T00:00:00" }, "geometry": { "type": "LineString", "coordinates": [ [ -81.9215716, 26.4369115 ], [ -81.9210956, 26.436543 ] ] } },
{ "type": "Feature", "properties": { "dms_name": "Bay Oaks DMS", "datetime": "2022-10-05T00:00:00" }, "geometry": { "type": "LineString", "coordinates": [ [ -81.9210956, 26.436543 ], [ -81.9210328, 26.4364946 ] ] } },
{ "type": "Feature", "properties": { "dms_name": "Bay Oaks DMS", "datetime": "2022-10-05T00:00:00" }, "geometry": { "type": "LineString", "coordinates": [ [ -81.9210328, 26.4364946 ], [ -81.9208051, 26.4363305 ] ] } },
{ "type": "Feature", "properties": { "dms_name": "Bay Oaks DMS", "datetime": "2022-10-05T00:00:00" }, "geometry": { "type": "LineString", "coordinates": [ [ -81.9208051, 26.4363305 ], [ -81.9205945, 26.4361775 ] ] } },
{ "type": "Feature", "properties": { "dms_name": "Bay Oaks DMS", "datetime": "2022-10-05T00:00:00" }, "geometry": { "type": "LineString", "coordinates": [ [ -81.9205945, 26.4361775 ], [ -81.9205098, 26.4361169 ] ] } },
{ "type": "Feature", "properties": { "dms_name": "Bay Oaks DMS", "datetime": "2022-10-05T00:00:00" }, "geometry": { "type": "LineString", "coordinates": [ [ -81.9205098, 26.4361169 ], [ -81.9197914, 26.4355878 ] ] } },
{ "type": "Feature", "properties": { "dms_name": "Bay Oaks DMS", "datetime": "2022-10-05T00:00:00" }, "geometry": { "type": "LineString", "coordinates": [ [ -81.9197914, 26.4355878 ], [ -81.9196492, 26.4354833 ] ] } },
{ "type": "Feature", "properties": { "dms_name": "Bay Oaks DMS", "datetime": "2022-10-05T00:00:00" }, "geometry": { "type": "LineString", "coordinates": [ [ -81.9196492, 26.4354833 ], [ -81.919555, 26.435414 ] ] } },
{ "type": "Feature", "properties": { "dms_name": "Bay Oaks DMS", "datetime": "2022-10-05T00:00:00" }, "geometry": { "type": "LineString", "coordinates": [ [ -81.919555, 26.435414 ], [ -81.9194952, 26.4353696 ] ] } },
{ "type": "Feature", "properties": { "dms_name": "Bay Oaks DMS", "datetime": "2022-10-05T00:00:00" }, "geometry": { "type": "LineString", "coordinates": [ [ -81.9194952, 26.4353696 ], [ -81.9193165, 26.435237 ] ] } },
{ "type": "Feature", "properties": { "dms_name": "Bay Oaks DMS", "datetime": "2022-10-05T00:00:00" }, "geometry": { "type": "LineString", "coordinates": [ [ -81.9193165, 26.435237 ], [ -81.9192923, 26.4352191 ] ] } },
{ "type": "Feature", "properties": { "dms_name": "Bay Oaks DMS", "datetime": "2022-10-05T00:00:00" }, "geometry": { "type": "LineString", "coordinates": [ [ -81.9192923, 26.4352191 ], [ -81.9191911, 26.4351439 ] ] } },
{ "type": "Feature", "properties": { "dms_name": "Bay Oaks DMS", "datetime": "2022-10-05T00:00:00" }, "geometry": { "type": "LineString", "coordinates": [ [ -81.9191911, 26.4351439 ], [ -81.9191594, 26.4351204 ] ] } },
{ "type": "Feature", "properties": { "dms_name": "Bay Oaks DMS", "datetime": "2022-10-05T00:00:00" }, "geometry": { "type": "LineString", "coordinates": [ [ -81.9191594, 26.4351204 ], [ -81.9190797, 26.4350612 ] ] } },
{ "type": "Feature", "properties": { "dms_name": "Bay Oaks DMS", "datetime": "2022-10-05T00:00:00" }, "geometry": { "type": "LineString", "coordinates": [ [ -81.9190797, 26.4350612 ], [ -81.919002, 26.4350036 ] ] } },
{ "type": "Feature", "properties": { "dms_name": "Bay Oaks DMS", "datetime": "2022-10-05T00:00:00" }, "geometry": { "type": "LineString", "coordinates": [ [ -81.919002, 26.4350036 ], [ -81.9188209, 26.4348692 ] ] } },
{ "type": "Feature", "properties": { "dms_name": "Bay Oaks DMS", "datetime": "2022-10-05T00:00:00" }, "geometry": { "type": "LineString", "coordinates": [ [ -81.9188209, 26.4348692 ], [ -81.918787, 26.434844 ] ] } },
{ "type": "Feature", "properties": { "dms_name": "Bay Oaks DMS", "datetime": "2022-10-05T00:00:00" }, "geometry": { "type": "LineString", "coordinates": [ [ -81.918787, 26.434844 ], [ -81.9186549, 26.4347458 ] ] } },
{ "type": "Feature", "properties": { "dms_name": "Bay Oaks DMS", "datetime": "2022-10-05T00:00:00" }, "geometry": { "type": "LineString", "coordinates": [ [ -81.9186549, 26.4347458 ], [ -81.9182506, 26.4344452 ] ] } },
{ "type": "Feature", "properties": { "dms_name": "Bay Oaks DMS", "datetime": "2022-10-05T00:00:00" }, "geometry": { "type": "LineString", "coordinates": [ [ -81.9182506, 26.4344452 ], [ -81.918062, 26.434305 ] ] } },
{ "type": "Feature", "properties": { "dms_name": "Bay Oaks DMS", "datetime": "2022-10-05T00:00:00" }, "geometry": { "type": "LineString", "coordinates": [ [ -81.918062, 26.434305 ], [ -81.9180505, 26.4342965 ] ] } },
{ "type": "Feature", "properties": { "dms_name": "Bay Oaks DMS", "datetime": "2022-10-05T00:00:00" }, "geometry": { "type": "LineString", "coordinates": [ [ -81.9180505, 26.4342965 ], [ -81.9181193, 26.4342172 ] ] } },
{ "type": "Feature", "properties": { "dms_name": "Bay Oaks DMS", "datetime": "2022-10-05T00:00:00" }, "geometry": { "type": "LineString", "coordinates": [ [ -81.9181193, 26.4342172 ], [ -81.9169828, 26.4333619 ] ] } },
{ "type": "Feature", "properties": { "dms_name": "Bay Oaks DMS", "datetime": "2022-10-05T00:00:00" }, "geometry": { "type": "LineString", "coordinates": [ [ -81.9169828, 26.4333619 ], [ -81.9168998, 26.4334496 ] ] } },
{ "type": "Feature", "properties": { "dms_name": "Bay Oaks DMS", "datetime": "2022-10-05T00:00:00" }, "geometry": { "type": "LineString", "coordinates": [ [ -81.9168998, 26.4334496 ], [ -81.9167951, 26.4333714 ] ] } },
{ "type": "Feature", "properties": { "dms_name": "Bay Oaks DMS", "datetime": "2022-10-05T00:00:00" }, "geometry": { "type": "LineString", "coordinates": [ [ -81.9167951, 26.4333714 ], [ -81.9166306, 26.4332477 ] ] } },
{ "type": "Feature", "properties": { "dms_name": "Bay Oaks DMS", "datetime": "2022-10-05T00:00:00" }, "geometry": { "type": "LineString", "coordinates": [ [ -81.9166306, 26.4332477 ], [ -81.9165332, 26.4331744 ] ] } },
{ "type": "Feature", "properties": { "dms_name": "Bay Oaks DMS", "datetime": "2022-10-05T00:00:00" }, "geometry": { "type": "LineString", "coordinates": [ [ -81.9165332, 26.4331744 ], [ -81.916437, 26.433102 ] ] } },
{ "type": "Feature", "properties": { "dms_name": "Bay Oaks DMS", "datetime": "2022-10-05T00:00:00" }, "geometry": { "type": "LineString", "coordinates": [ [ -81.916437, 26.433102 ], [ -81.9163766, 26.4330536 ] ] } },
{ "type": "Feature", "properties": { "dms_name": "Bay Oaks DMS", "datetime": "2022-10-05T00:00:00" }, "geometry": { "type": "LineString", "coordinates": [ [ -81.9163766, 26.4330536 ], [ -81.9161342, 26.4328596 ] ] } },
{ "type": "Feature", "properties": { "dms_name": "Bay Oaks DMS", "datetime": "2022-10-05T00:00:00" }, "geometry": { "type": "LineString", "coordinates": [ [ -81.9161342, 26.4328596 ], [ -81.9160052, 26.4327557 ] ] } },
{ "type": "Feature", "properties": { "dms_name": "Bay Oaks DMS", "datetime": "2022-10-05T00:00:00" }, "geometry": { "type": "LineString", "coordinates": [ [ -81.9160052, 26.4327557 ], [ -81.9159261, 26.432688 ] ] } },
{ "type": "Feature", "properties": { "dms_name": "Bay Oaks DMS", "datetime": "2022-10-05T00:00:00" }, "geometry": { "type": "LineString", "coordinates": [ [ -81.9159261, 26.432688 ], [ -81.9155695, 26.4323826 ] ] } },
{ "type": "Feature", "properties": { "dms_name": "Bay Oaks DMS", "datetime": "2022-10-05T00:00:00" }, "geometry": { "type": "LineString", "coordinates": [ [ -81.9155695, 26.4323826 ], [ -81.9149523, 26.431854 ] ] } },
{ "type": "Feature", "properties": { "dms_name": "Bay Oaks DMS", "datetime": "2022-10-05T00:00:00" }, "geometry": { "type": "LineString", "coordinates": [ [ -81.9149523, 26.431854 ], [ -81.9146636, 26.4316067 ] ] } },
{ "type": "Feature", "properties": { "dms_name": "Bay Oaks DMS", "datetime": "2022-10-05T00:00:00" }, "geometry": { "type": "LineString", "coordinates": [ [ -81.9146636, 26.4316067 ], [ -81.914518, 26.431482 ] ] } },
{ "type": "Feature", "properties": { "dms_name": "Bay Oaks DMS", "datetime": "2022-10-05T00:00:00" }, "geometry": { "type": "LineString", "coordinates": [ [ -81.914518, 26.431482 ], [ -81.913871, 26.432065 ] ] } },
{ "type": "Feature", "properties": { "dms_name": "Bay Oaks DMS", "datetime": "2022-10-05T00:00:00" }, "geometry": { "type": "LineString", "coordinates": [ [ -81.913871, 26.432065 ], [ -81.912099, 26.430994 ] ] } },
{ "type": "Feature", "properties": { "dms_name": "Bay Oaks DMS", "datetime": "2022-10-05T00:00:00" }, "geometry": { "type": "LineString", "coordinates": [ [ -81.912099, 26.430994 ], [ -81.9120895, 26.4302873 ] ] } },
{ "type": "Feature", "properties": { "dms_name": "Bay Oaks DMS", "datetime": "2022-10-05T00:00:00" }, "geometry": { "type": "LineString", "coordinates": [ [ -81.9120895, 26.4302873 ], [ -81.9125578, 26.429782 ] ] } },
{ "type": "Feature", "properties": { "dms_name": "Bay Oaks DMS", "datetime": "2022-10-05T00:00:00" }, "geometry": { "type": "LineString", "coordinates": [ [ -81.9125578, 26.429782 ], [ -81.912513, 26.4297256 ] ] } },
{ "type": "Feature", "properties": { "dms_name": "Bay Oaks DMS", "datetime": "2022-10-05T00:00:00" }, "geometry": { "type": "LineString", "coordinates": [ [ -81.912513, 26.4297256 ], [ -81.9124021, 26.4295861 ] ] } },
{ "type": "Feature", "properties": { "dms_name": "Bay Oaks DMS", "datetime": "2022-10-05T00:00:00" }, "geometry": { "type": "LineString", "coordinates": [ [ -81.9124021, 26.4295861 ], [ -81.91208, 26.429181 ] ] } },
{ "type": "Feature", "properties": { "dms_name": "Bay Oaks DMS", "datetime": "2022-10-05T00:00:00" }, "geometry": { "type": "LineString", "coordinates": [ [ -81.91208, 26.429181 ], [ -81.9117378, 26.4294799 ] ] } },
{ "type": "Feature", "properties": { "dms_name": "Bay Oaks DMS", "datetime": "2022-10-05T00:00:00" }, "geometry": { "type": "LineString", "coordinates": [ [ -81.9117378, 26.4294799 ], [ -81.911293, 26.42985 ] ] } },
{ "type": "Feature", "properties": { "dms_name": "Bay Oaks DMS", "datetime": "2022-10-05T00:00:00" }, "geometry": { "type": "LineString", "coordinates": [ [ -81.911293, 26.42985 ], [ -81.910242, 26.42884 ] ] } },
{ "type": "Feature", "properties": { "dms_name": "Bay Oaks DMS", "datetime": "2022-10-05T00:00:00" }, "geometry": { "type": "LineString", "coordinates": [ [ -81.910242, 26.42884 ], [ -81.909955, 26.428561 ] ] } },
{ "type": "Feature", "properties": { "dms_name": "Bay Oaks DMS", "datetime": "2022-10-05T00:00:00" }, "geometry": { "type": "LineString", "coordinates": [ [ -81.909955, 26.428561 ], [ -81.909125, 26.4277835 ] ] } },
{ "type": "Feature", "properties": { "dms_name": "Bay Oaks DMS", "datetime": "2022-10-05T00:00:00" }, "geometry": { "type": "LineString", "coordinates": [ [ -81.909125, 26.4277835 ], [ -81.908614, 26.427298 ] ] } },
{ "type": "Feature", "properties": { "dms_name": "Bay Oaks DMS", "datetime": "2022-10-05T00:00:00" }, "geometry": { "type": "LineString", "coordinates": [ [ -81.908614, 26.427298 ], [ -81.90816, 26.429341 ] ] } },
{ "type": "Feature", "properties": { "dms_name": "Bay Oaks DMS", "datetime": "2022-10-05T00:00:00" }, "geometry": { "type": "LineString", "coordinates": [ [ -81.90816, 26.429341 ], [ -81.907998, 26.429324 ] ] } },
{ "type": "Feature", "properties": { "dms_name": "Bay Oaks DMS", "datetime": "2022-10-05T00:00:00" }, "geometry": { "type": "LineString", "coordinates": [ [ -81.907998, 26.429324 ], [ -81.9077401, 26.4291806 ] ] } },
{ "type": "Feature", "properties": { "dms_name": "Bay Oaks DMS", "datetime": "2022-10-05T00:00:00" }, "geometry": { "type": "LineString", "coordinates": [ [ -81.9077401, 26.4291806 ], [ -81.9072408, 26.4287049 ] ] } },
{ "type": "Feature", "properties": { "dms_name": "Bay Oaks DMS", "datetime": "2022-10-05T00:00:00" }, "geometry": { "type": "LineString", "coordinates": [ [ -81.9072408, 26.4287049 ], [ -81.9067241, 26.42814 ] ] } },
{ "type": "Feature", "properties": { "dms_name": "Bay Oaks DMS", "datetime": "2022-10-05T00:00:00" }, "geometry": { "type": "LineString", "coordinates": [ [ -81.9067241, 26.42814 ], [ -81.9060159, 26.4275527 ] ] } },
{ "type": "Feature", "properties": { "dms_name": "Bay Oaks DMS", "datetime": "2022-10-05T00:00:00" }, "geometry": { "type": "LineString", "coordinates": [ [ -81.9060159, 26.4275527 ], [ -81.9056551, 26.4274199 ] ] } },
{ "type": "Feature", "properties": { "dms_name": "Bay Oaks DMS", "datetime": "2022-10-05T00:00:00" }, "geometry": { "type": "LineString", "coordinates": [ [ -81.9056551, 26.4274199 ], [ -81.905418, 26.426031 ] ] } },
{ "type": "Feature", "properties": { "dms_name": "Bay Oaks DMS", "datetime": "2022-10-05T00:00:00" }, "geometry": { "type": "LineString", "coordinates": [ [ -81.905418, 26.426031 ], [ -81.905671, 26.425485 ] ] } },
{ "type": "Feature", "properties": { "dms_name": "Bay Oaks DMS", "datetime": "2022-10-05T00:00:00" }, "geometry": { "type": "LineString", "coordinates": [ [ -81.905671, 26.425485 ], [ -81.905493, 26.425469 ] ] } },
{ "type": "Feature", "properties": { "dms_name": "Bay Oaks DMS", "datetime": "2022-10-05T00:00:00" }, "geometry": { "type": "LineString", "coordinates": [ [ -81.905493, 26.425469 ], [ -81.9051243, 26.425102 ] ] } },
{ "type": "Feature", "properties": { "dms_name": "Bay Oaks DMS", "datetime": "2022-10-05T00:00:00" }, "geometry": { "type": "LineString", "coordinates": [ [ -81.9051243, 26.425102 ], [ -81.9054423, 26.4248682 ] ] } },
{ "type": "Feature", "properties": { "dms_name": "Bay Oaks DMS", "datetime": "2022-10-05T00:00:00" }, "geometry": { "type": "LineString", "coordinates": [ [ -81.9054423, 26.4248682 ], [ -81.9054576, 26.424857 ] ] } },
{ "type": "Feature", "properties": { "dms_name": "Bay Oaks DMS", "datetime": "2022-10-05T00:00:00" }, "geometry": { "type": "LineString", "coordinates": [ [ -81.9054576, 26.424857 ], [ -81.9053461, 26.4247304 ] ] } },
{ "type": "Feature", "properties": { "dms_name": "Bay Oaks DMS", "datetime": "2022-10-05T00:00:00" }, "geometry": { "type": "LineString", "coordinates": [ [ -81.9053461, 26.4247304 ], [ -81.9057306, 26.4242932 ] ] } },
{ "type": "Feature", "properties": { "dms_name": "Bay Oaks DMS", "datetime": "2022-10-05T00:00:00" }, "geometry": { "type": "LineString", "coordinates": [ [ -81.9057306, 26.4242932 ], [ -81.90565, 26.424199 ] ] } },
{ "type": "Feature", "properties": { "dms_name": "Bay Oaks DMS", "datetime": "2022-10-05T00:00:00" }, "geometry": { "type": "LineString", "coordinates": [ [ -81.90565, 26.424199 ], [ -81.9054187, 26.4239285 ] ] } },
{ "type": "Feature", "properties": { "dms_name": "Bay Oaks DMS", "datetime": "2022-10-05T00:00:00" }, "geometry": { "type": "LineString", "coordinates": [ [ -81.9054187, 26.4239285 ], [ -81.90539, 26.423895 ] ] } },
{ "type": "Feature", "properties": { "dms_name": "Bay Oaks DMS", "datetime": "2022-10-05T00:00:00" }, "geometry": { "type": "LineString", "coordinates": [ [ -81.90539, 26.423895 ], [ -81.9052523, 26.4237198 ] ] } },
{ "type": "Feature", "properties": { "dms_name": "Bay Oaks DMS", "datetime": "2022-10-05T00:00:00" }, "geometry": { "type": "LineString", "coordinates": [ [ -81.9052523, 26.4237198 ], [ -81.905143, 26.423571 ] ] } },
{ "type": "Feature", "properties": { "dms_name": "Bay Oaks DMS", "datetime": "2022-10-05T00:00:00" }, "geometry": { "type": "LineString", "coordinates": [ [ -81.905143, 26.423571 ], [ -81.904909, 26.423218 ] ] } },
{ "type": "Feature", "properties": { "dms_name": "Bay Oaks DMS", "datetime": "2022-10-05T00:00:00" }, "geometry": { "type": "LineString", "coordinates": [ [ -81.904909, 26.423218 ], [ -81.9048436, 26.4231214 ] ] } },
{ "type": "Feature", "properties": { "dms_name": "Bay Oaks DMS", "datetime": "2022-10-05T00:00:00" }, "geometry": { "type": "LineString", "coordinates": [ [ -81.9048436, 26.4231214 ], [ -81.904361, 26.422395 ] ] } },
{ "type": "Feature", "properties": { "dms_name": "Bay Oaks DMS", "datetime": "2022-10-05T00:00:00" }, "geometry": { "type": "LineString", "coordinates": [ [ -81.904361, 26.422395 ], [ -81.9042837, 26.4222778 ] ] } },
{ "type": "Feature", "properties": { "dms_name": "Bay Oaks DMS", "datetime": "2022-10-05T00:00:00" }, "geometry": { "type": "LineString", "coordinates": [ [ -81.9042837, 26.4222778 ], [ -81.904094, 26.4219942 ] ] } },
{ "type": "Feature", "properties": { "dms_name": "Bay Oaks DMS", "datetime": "2022-10-05T00:00:00" }, "geometry": { "type": "LineString", "coordinates": [ [ -81.904094, 26.4219942 ], [ -81.903947, 26.4217695 ] ] } },
{ "type": "Feature", "properties": { "dms_name": "Bay Oaks DMS", "datetime": "2022-10-05T00:00:00" }, "geometry": { "type": "LineString", "coordinates": [ [ -81.903947, 26.4217695 ], [ -81.9038536, 26.4216269 ] ] } },
{ "type": "Feature", "properties": { "dms_name": "Bay Oaks DMS", "datetime": "2022-10-05T00:00:00" }, "geometry": { "type": "LineString", "coordinates": [ [ -81.9038536, 26.4216269 ], [ -81.903802, 26.421548 ] ] } },
{ "type": "Feature", "properties": { "dms_name": "Bay Oaks DMS", "datetime": "2022-10-05T00:00:00" }, "geometry": { "type": "LineString", "coordinates": [ [ -81.903802, 26.421548 ], [ -81.903615, 26.4212671 ] ] } },
{ "type": "Feature", "properties": { "dms_name": "Bay Oaks DMS", "datetime": "2022-10-05T00:00:00" }, "geometry": { "type": "LineString", "coordinates": [ [ -81.903615, 26.4212671 ], [ -81.9034872, 26.4210753 ] ] } },
{ "type": "Feature", "properties": { "dms_name": "Bay Oaks DMS", "datetime": "2022-10-05T00:00:00" }, "geometry": { "type": "LineString", "coordinates": [ [ -81.9034872, 26.4210753 ], [ -81.9034502, 26.4210198 ] ] } },
{ "type": "Feature", "properties": { "dms_name": "Bay Oaks DMS", "datetime": "2022-10-05T00:00:00" }, "geometry": { "type": "LineString", "coordinates": [ [ -81.9034502, 26.4210198 ], [ -81.903259, 26.4207327 ] ] } },
{ "type": "Feature", "properties": { "dms_name": "Bay Oaks DMS", "datetime": "2022-10-05T00:00:00" }, "geometry": { "type": "LineString", "coordinates": [ [ -81.903259, 26.4207327 ], [ -81.903186, 26.420623 ] ] } },
{ "type": "Feature", "properties": { "dms_name": "Bay Oaks DMS", "datetime": "2022-10-05T00:00:00" }, "geometry": { "type": "LineString", "coordinates": [ [ -81.903186, 26.420623 ], [ -81.9029356, 26.4202392 ] ] } },
{ "type": "Feature", "properties": { "dms_name": "Bay Oaks DMS", "datetime": "2022-10-05T00:00:00" }, "geometry": { "type": "LineString", "coordinates": [ [ -81.9029356, 26.4202392 ], [ -81.9027867, 26.420011 ] ] } },
{ "type": "Feature", "properties": { "dms_name": "Bay Oaks DMS", "datetime": "2022-10-05T00:00:00" }, "geometry": { "type": "LineString", "coordinates": [ [ -81.9027867, 26.420011 ], [ -81.9026949, 26.4198704 ] ] } },
{ "type": "Feature", "properties": { "dms_name": "Bay Oaks DMS", "datetime": "2022-10-05T00:00:00" }, "geometry": { "type": "LineString", "coordinates": [ [ -81.9026949, 26.4198704 ], [ -81.902649, 26.4198 ] ] } },
{ "type": "Feature", "properties": { "dms_name": "Bay Oaks DMS", "datetime": "2022-10-05T00:00:00" }, "geometry": { "type": "LineString", "coordinates": [ [ -81.902649, 26.4198 ], [ -81.902606, 26.419723 ] ] } },
{ "type": "Feature", "properties": { "dms_name": "Bay Oaks DMS", "datetime": "2022-10-05T00:00:00" }, "geometry": { "type": "LineString", "coordinates": [ [ -81.902606, 26.419723 ], [ -81.9025521, 26.4196253 ] ] } },
{ "type": "Feature", "properties": { "dms_name": "Bay Oaks DMS", "datetime": "2022-10-05T00:00:00" }, "geometry": { "type": "LineString", "coordinates": [ [ -81.9025521, 26.4196253 ], [ -81.90224, 26.4189742 ] ] } },
{ "type": "Feature", "properties": { "dms_name": "Bay Oaks DMS", "datetime": "2022-10-05T00:00:00" }, "geometry": { "type": "LineString", "coordinates": [ [ -81.90224, 26.4189742 ], [ -81.9022183, 26.4189187 ] ] } },
{ "type": "Feature", "properties": { "dms_name": "Bay Oaks DMS", "datetime": "2022-10-05T00:00:00" }, "geometry": { "type": "LineString", "coordinates": [ [ -81.9022183, 26.4189187 ], [ -81.9020749, 26.4185433 ] ] } },
{ "type": "Feature", "properties": { "dms_name": "Bay Oaks DMS", "datetime": "2022-10-05T00:00:00" }, "geometry": { "type": "LineString", "coordinates": [ [ -81.9020749, 26.4185433 ], [ -81.9020613, 26.4185068 ] ] } },
{ "type": "Feature", "properties": { "dms_name": "Bay Oaks DMS", "datetime": "2022-10-05T00:00:00" }, "geometry": { "type": "LineString", "coordinates": [ [ -81.9020613, 26.4185068 ], [ -81.9018222, 26.4178636 ] ] } },
{ "type": "Feature", "properties": { "dms_name": "Bay Oaks DMS", "datetime": "2022-10-05T00:00:00" }, "geometry": { "type": "LineString", "coordinates": [ [ -81.9018222, 26.4178636 ], [ -81.9017781, 26.4177448 ] ] } },
{ "type": "Feature", "properties": { "dms_name": "Bay Oaks DMS", "datetime": "2022-10-05T00:00:00" }, "geometry": { "type": "LineString", "coordinates": [ [ -81.9017781, 26.4177448 ], [ -81.9017535, 26.4176787 ] ] } },
{ "type": "Feature", "properties": { "dms_name": "Bay Oaks DMS", "datetime": "2022-10-05T00:00:00" }, "geometry": { "type": "LineString", "coordinates": [ [ -81.9017535, 26.4176787 ], [ -81.901581, 26.417219 ] ] } },
{ "type": "Feature", "properties": { "dms_name": "Bay Oaks DMS", "datetime": "2022-10-05T00:00:00" }, "geometry": { "type": "LineString", "coordinates": [ [ -81.901581, 26.417219 ], [ -81.9015628, 26.4171689 ] ] } },
{ "type": "Feature", "properties": { "dms_name": "Bay Oaks DMS", "datetime": "2022-10-05T00:00:00" }, "geometry": { "type": "LineString", "coordinates": [ [ -81.9015628, 26.4171689 ], [ -81.901522, 26.4170568 ] ] } },
{ "type": "Feature", "properties": { "dms_name": "Bay Oaks DMS", "datetime": "2022-10-05T00:00:00" }, "geometry": { "type": "LineString", "coordinates": [ [ -81.901522, 26.4170568 ], [ -81.9012646, 26.4163693 ] ] } },
{ "type": "Feature", "properties": { "dms_name": "Bay Oaks DMS", "datetime": "2022-10-05T00:00:00" }, "geometry": { "type": "LineString", "coordinates": [ [ -81.9012646, 26.4163693 ], [ -81.9010511, 26.4157921 ] ] } },
{ "type": "Feature", "properties": { "dms_name": "Bay Oaks DMS", "datetime": "2022-10-05T00:00:00" }, "geometry": { "type": "LineString", "coordinates": [ [ -81.9010511, 26.4157921 ], [ -81.9010308, 26.4157372 ] ] } },
{ "type": "Feature", "properties": { "dms_name": "Bay Oaks DMS", "datetime": "2022-10-05T00:00:00" }, "geometry": { "type": "LineString", "coordinates": [ [ -81.9010308, 26.4157372 ], [ -81.9009288, 26.4154616 ] ] } },
{ "type": "Feature", "properties": { "dms_name": "Bay Oaks DMS", "datetime": "2022-10-05T00:00:00" }, "geometry": { "type": "LineString", "coordinates": [ [ -81.9009288, 26.4154616 ], [ -81.9008689, 26.4152996 ] ] } },
{ "type": "Feature", "properties": { "dms_name": "Bay Oaks DMS", "datetime": "2022-10-05T00:00:00" }, "geometry": { "type": "LineString", "coordinates": [ [ -81.9008689, 26.4152996 ], [ -81.900838, 26.415216 ] ] } },
{ "type": "Feature", "properties": { "dms_name": "Bay Oaks DMS", "datetime": "2022-10-05T00:00:00" }, "geometry": { "type": "LineString", "coordinates": [ [ -81.900838, 26.415216 ], [ -81.9004532, 26.4152372 ] ] } },
{ "type": "Feature", "properties": { "dms_name": "Bay Oaks DMS", "datetime": "2022-10-05T00:00:00" }, "geometry": { "type": "LineString", "coordinates": [ [ -81.9004532, 26.4152372 ], [ -81.900065, 26.4152463 ] ] } },
{ "type": "Feature", "properties": { "dms_name": "Bay Oaks DMS", "datetime": "2022-10-05T00:00:00" }, "geometry": { "type": "LineString", "coordinates": [ [ -81.900065, 26.4152463 ], [ -81.9000656, 26.4154398 ] ] } },
{ "type": "Feature", "properties": { "dms_name": "Bay Oaks DMS", "datetime": "2022-10-05T00:00:00" }, "geometry": { "type": "LineString", "coordinates": [ [ -81.9000656, 26.4154398 ], [ -81.9000656, 26.4154398 ] ] } },
{ "type": "Feature", "properties": { "dms_name": "Bay Oaks DMS", "datetime": "2022-10-05T00:00:00" }, "geometry": { "type": "LineString", "coordinates": [ [ -81.9000656, 26.4154398 ], [ -81.9000656, 26.4154398 ] ] } },
{ "type": "Feature", "properties": { "dms_name": "Bay Oaks DMS", "datetime": "2022-10-05T00:00:00" }, "geometry": { "type": "LineString", "coordinates": [ [ -81.9000656, 26.4154398 ], [ -81.9000656, 26.4154398 ] ] } },
{ "type": "Feature", "properties": { "dms_name": "Bay Oaks DMS", "datetime": "2022-10-05T00:00:00" }, "geometry": { "type": "LineString", "coordinates": [ [ -81.9000656, 26.4154398 ], [ -81.9000656, 26.4154398 ] ] } },
{ "type": "Feature", "properties": { "dms_name": "Bay Oaks DMS", "datetime": "2022-10-05T00:00:00" }, "geometry": { "type": "LineString", "coordinates": [ [ -81.9000656, 26.4154398 ], [ -81.9000656, 26.4154398 ] ] } },
{ "type": "Feature", "properties": { "dms_name": "Bay Oaks DMS", "datetime": "2022-10-05T00:00:00" }, "geometry": { "type": "LineString", "coordinates": [ [ -81.9000656, 26.4154398 ], [ -81.9000656, 26.4154398 ] ] } },
{ "type": "Feature", "properties": { "dms_name": "Bay Oaks DMS", "datetime": "2022-10-05T00:00:00" }, "geometry": { "type": "LineString", "coordinates": [ [ -81.9000656, 26.4154398 ], [ -81.9000656, 26.4154398 ] ] } },
{ "type": "Feature", "properties": { "dms_name": "Bay Oaks DMS", "datetime": "2022-10-05T00:00:00" }, "geometry": { "type": "LineString", "coordinates": [ [ -81.9000656, 26.4154398 ], [ -81.9000656, 26.4154398 ] ] } },
{ "type": "Feature", "properties": { "dms_name": "Bay Oaks DMS", "datetime": "2022-10-05T00:00:00" }, "geometry": { "type": "LineString", "coordinates": [ [ -81.9000656, 26.4154398 ], [ -81.9000656, 26.4154398 ] ] } },
{ "type": "Feature", "properties": { "dms_name": "Bay Oaks DMS", "datetime": "2022-10-05T00:00:00" }, "geometry": { "type": "LineString", "coordinates": [ [ -81.9000656, 26.4154398 ], [ -81.9000656, 26.4154398 ] ] } },
{ "type": "Feature", "properties": { "dms_name": "Bay Oaks DMS", "datetime": "2022-10-05T00:00:00" }, "geometry": { "type": "LineString", "coordinates": [ [ -81.9000656, 26.4154398 ], [ -81.9000656, 26.4154398 ] ] } },
{ "type": "Feature", "properties": { "dms_name": "Bay Oaks DMS", "datetime": "2022-10-05T00:00:00" }, "geometry": { "type": "LineString", "coordinates": [ [ -81.9000656, 26.4154398 ], [ -81.9000656, 26.4154398 ] ] } },
{ "type": "Feature", "properties": { "dms_name": "Bay Oaks DMS", "datetime": "2022-10-05T00:00:00" }, "geometry": { "type": "LineString", "coordinates": [ [ -81.9000656, 26.4154398 ], [ -81.9000656, 26.4154398 ] ] } },
{ "type": "Feature", "properties": { "dms_name": "Bay Oaks DMS", "datetime": "2022-10-05T00:00:00" }, "geometry": { "type": "LineString", "coordinates": [ [ -81.9000656, 26.4154398 ], [ -81.9000656, 26.4154398 ] ] } },
{ "type": "Feature", "properties": { "dms_name": "Bay Oaks DMS", "datetime": "2022-10-05T00:00:00" }, "geometry": { "type": "LineString", "coordinates": [ [ -81.9000656, 26.4154398 ], [ -81.9000656, 26.4154398 ] ] } },
{ "type": "Feature", "properties": { "dms_name": "Bay Oaks DMS", "datetime": "2022-10-05T00:00:00" }, "geometry": { "type": "LineString", "coordinates": [ [ -81.9000656, 26.4154398 ], [ -81.9000656, 26.4154398 ] ] } },
{ "type": "Feature", "properties": { "dms_name": "Bay Oaks DMS", "datetime": "2022-10-05T00:00:00" }, "geometry": { "type": "LineString", "coordinates": [ [ -81.9000656, 26.4154398 ], [ -81.9000656, 26.4154398 ] ] } },
{ "type": "Feature", "properties": { "dms_name": "Bay Oaks DMS", "datetime": "2022-10-05T00:00:00" }, "geometry": { "type": "LineString", "coordinates": [ [ -81.9000656, 26.4154398 ], [ -81.9000656, 26.4154398 ] ] } },
{ "type": "Feature", "properties": { "dms_name": "Bay Oaks DMS", "datetime": "2022-10-05T00:00:00" }, "geometry": { "type": "LineString", "coordinates": [ [ -81.9000656, 26.4154398 ], [ -81.9000656, 26.4154398 ] ] } },
{ "type": "Feature", "properties": { "dms_name": "Bay Oaks DMS", "datetime": "2022-10-05T00:00:00" }, "geometry": { "type": "LineString", "coordinates": [ [ -81.9000656, 26.4154398 ], [ -81.9000656, 26.4154398 ] ] } },
{ "type": "Feature", "properties": { "dms_name": "Bay Oaks DMS", "datetime": "2022-10-05T00:00:00" }, "geometry": { "type": "LineString", "coordinates": [ [ -81.9000656, 26.4154398 ], [ -81.9000656, 26.4154398 ] ] } },
{ "type": "Feature", "properties": { "dms_name": "Bay Oaks DMS", "datetime": "2022-10-05T00:00:00" }, "geometry": { "type": "LineString", "coordinates": [ [ -81.9000656, 26.4154398 ], [ -81.9000656, 26.4154398 ] ] } },
{ "type": "Feature", "properties": { "dms_name": "Bay Oaks DMS", "datetime": "2022-10-05T00:00:00" }, "geometry": { "type": "LineString", "coordinates": [ [ -81.9000656, 26.4154398 ], [ -81.9000656, 26.4154398 ] ] } },
{ "type": "Feature", "properties": { "dms_name": "Bay Oaks DMS", "datetime": "2022-10-05T00:00:00" }, "geometry": { "type": "LineString", "coordinates": [ [ -81.9000656, 26.4154398 ], [ -81.9000656, 26.4154398 ] ] } },
{ "type": "Feature", "properties": { "dms_name": "Bay Oaks DMS", "datetime": "2022-10-05T00:00:00" }, "geometry": { "type": "LineString", "coordinates": [ [ -81.9000656, 26.4154398 ], [ -81.9000656, 26.4154398 ] ] } },
{ "type": "Feature", "properties": { "dms_name": "Bay Oaks DMS", "datetime": "2022-10-05T00:00:00" }, "geometry": { "type": "LineString", "coordinates": [ [ -81.9000656, 26.4154398 ], [ -81.9000656, 26.4154398 ] ] } },
{ "type": "Feature", "properties": { "dms_name": "Bay Oaks DMS", "datetime": "2022-10-05T00:00:00" }, "geometry": { "type": "LineString", "coordinates": [ [ -81.9000656, 26.4154398 ], [ -81.9000656, 26.4154398 ] ] } },
{ "type": "Feature", "properties": { "dms_name": "Bay Oaks DMS", "datetime": "2022-10-05T00:00:00" }, "geometry": { "type": "LineString", "coordinates": [ [ -81.9000656, 26.4154398 ], [ -81.9000656, 26.4154398 ] ] } },
{ "type": "Feature", "properties": { "dms_name": "Bay Oaks DMS", "datetime": "2022-10-05T00:00:00" }, "geometry": { "type": "LineString", "coordinates": [ [ -81.9000656, 26.4154398 ], [ -81.9000656, 26.4154398 ] ] } },
{ "type": "Feature", "properties": { "dms_name": "Bay Oaks DMS", "datetime": "2022-10-05T00:00:00" }, "geometry": { "type": "LineString", "coordinates": [ [ -81.9000656, 26.4154398 ], [ -81.9000656, 26.4154398 ] ] } },
{ "type": "Feature", "properties": { "dms_name": "Bay Oaks DMS", "datetime": "2022-10-05T00:00:00" }, "geometry": { "type": "LineString", "coordinates": [ [ -81.9000656, 26.4154398 ], [ -81.9000656, 26.4154398 ] ] } },
{ "type": "Feature", "properties": { "dms_name": "Bay Oaks DMS", "datetime": "2022-10-05T00:00:00" }, "geometry": { "type": "LineString", "coordinates": [ [ -81.9000656, 26.4154398 ], [ -81.9000656, 26.4154398 ] ] } },
{ "type": "Feature", "properties": { "dms_name": "Bay Oaks DMS", "datetime": "2022-10-05T00:00:00" }, "geometry": { "type": "LineString", "coordinates": [ [ -81.9000656, 26.4154398 ], [ -81.9000656, 26.4154398 ] ] } },
{ "type": "Feature", "properties": { "dms_name": "Bay Oaks DMS", "datetime": "2022-10-05T00:00:00" }, "geometry": { "type": "LineString", "coordinates": [ [ -81.9000656, 26.4154398 ], [ -81.9000656, 26.4154398 ] ] } },
{ "type": "Feature", "properties": { "dms_name": "Bay Oaks DMS", "datetime": "2022-10-05T00:00:00" }, "geometry": { "type": "LineString", "coordinates": [ [ -81.9000656, 26.4154398 ], [ -81.9000656, 26.4154398 ] ] } },
{ "type": "Feature", "properties": { "dms_name": "Bay Oaks DMS", "datetime": "2022-10-05T00:00:00" }, "geometry": { "type": "LineString", "coordinates": [ [ -81.9000656, 26.4154398 ], [ -81.9000656, 26.4154398 ] ] } },
{ "type": "Feature", "properties": { "dms_name": "Bay Oaks DMS", "datetime": "2022-10-05T00:00:00" }, "geometry": { "type": "LineString", "coordinates": [ [ -81.9000656, 26.4154398 ], [ -81.9000656, 26.4154398 ] ] } },
{ "type": "Feature", "properties": { "dms_name": "Bay Oaks DMS", "datetime": "2022-10-05T00:00:00" }, "geometry": { "type": "LineString", "coordinates": [ [ -81.9000656, 26.4154398 ], [ -81.9000656, 26.4154398 ] ] } },
{ "type": "Feature", "properties": { "dms_name": "Bay Oaks DMS", "datetime": "2022-10-05T00:00:00" }, "geometry": { "type": "LineString", "coordinates": [ [ -81.9000656, 26.4154398 ], [ -81.9000656, 26.4154398 ] ] } },
{ "type": "Feature", "properties": { "dms_name": "Bay Oaks DMS", "datetime": "2022-10-05T00:00:00" }, "geometry": { "type": "LineString", "coordinates": [ [ -81.9000656, 26.4154398 ], [ -81.9000656, 26.4154398 ] ] } },
{ "type": "Feature", "properties": { "dms_name": "Bay Oaks DMS", "datetime": "2022-10-05T00:00:00" }, "geometry": { "type": "LineString", "coordinates": [ [ -81.9000656, 26.4154398 ], [ -81.9000656, 26.4154398 ] ] } },
{ "type": "Feature", "properties": { "dms_name": "Bay Oaks DMS", "datetime": "2022-10-05T00:00:00" }, "geometry": { "type": "LineString", "coordinates": [ [ -81.9000656, 26.4154398 ], [ -81.9000656, 26.4154398 ] ] } },
{ "type": "Feature", "properties": { "dms_name": "Bay Oaks DMS", "datetime": "2022-10-05T00:00:00" }, "geometry": { "type": "LineString", "coordinates": [ [ -81.9000656, 26.4154398 ], [ -81.9000656, 26.4154398 ] ] } },
{ "type": "Feature", "properties": { "dms_name": "Bay Oaks DMS", "datetime": "2022-10-05T00:00:00" }, "geometry": { "type": "LineString", "coordinates": [ [ -81.9000656, 26.4154398 ], [ -81.9000656, 26.4154398 ] ] } },
{ "type": "Feature", "properties": { "dms_name": "Bay Oaks DMS", "datetime": "2022-10-05T00:00:00" }, "geometry": { "type": "LineString", "coordinates": [ [ -81.9000656, 26.4154398 ], [ -81.9000656, 26.4154398 ] ] } },
{ "type": "Feature", "properties": { "dms_name": "Bay Oaks DMS", "datetime": "2022-10-05T00:00:00" }, "geometry": { "type": "LineString", "coordinates": [ [ -81.9000656, 26.4154398 ], [ -81.9000656, 26.4154398 ] ] } },
{ "type": "Feature", "properties": { "dms_name": "Bay Oaks DMS", "datetime": "2022-10-05T00:00:00" }, "geometry": { "type": "LineString", "coordinates": [ [ -81.9000656, 26.4154398 ], [ -81.9000656, 26.4154398 ] ] } },
{ "type": "Feature", "properties": { "dms_name": "Bay Oaks DMS", "datetime": "2022-10-05T00:00:00" }, "geometry": { "type": "LineString", "coordinates": [ [ -81.9000656, 26.4154398 ], [ -81.9000656, 26.4154398 ] ] } },
{ "type": "Feature", "properties": { "dms_name": "Bay Oaks DMS", "datetime": "2022-10-05T00:00:00" }, "geometry": { "type": "LineString", "coordinates": [ [ -81.9000656, 26.4154398 ], [ -81.9000656, 26.4154398 ] ] } },
{ "type": "Feature", "properties": { "dms_name": "Bay Oaks DMS", "datetime": "2022-10-05T00:00:00" }, "geometry": { "type": "LineString", "coordinates": [ [ -81.9000656, 26.4154398 ], [ -81.9000656, 26.4154398 ] ] } },
{ "type": "Feature", "properties": { "dms_name": "Bay Oaks DMS", "datetime": "2022-10-05T00:00:00" }, "geometry": { "type": "LineString", "coordinates": [ [ -81.9000656, 26.4154398 ], [ -81.9000656, 26.4154398 ] ] } },
{ "type": "Feature", "properties": { "dms_name": "Bay Oaks DMS", "datetime": "2022-10-05T00:00:00" }, "geometry": { "type": "LineString", "coordinates": [ [ -81.9000656, 26.4154398 ], [ -81.9000656, 26.4154398 ] ] } },
{ "type": "Feature", "properties": { "dms_name": "Bay Oaks DMS", "datetime": "2022-10-05T00:00:00" }, "geometry": { "type": "LineString", "coordinates": [ [ -81.9000656, 26.4154398 ], [ -81.9000656, 26.4154398 ] ] } },
{ "type": "Feature", "properties": { "dms_name": "Bay Oaks DMS", "datetime": "2022-10-05T00:00:00" }, "geometry": { "type": "LineString", "coordinates": [ [ -81.9000656, 26.4154398 ], [ -81.9000656, 26.4154398 ] ] } },
{ "type": "Feature", "properties": { "dms_name": "Bay Oaks DMS", "datetime": "2022-10-05T00:00:00" }, "geometry": { "type": "LineString", "coordinates": [ [ -81.9000656, 26.4154398 ], [ -81.9000656, 26.4154398 ] ] } },
{ "type": "Feature", "properties": { "dms_name": "Bay Oaks DMS", "datetime": "2022-10-05T00:00:00" }, "geometry": { "type": "LineString", "coordinates": [ [ -81.9000656, 26.4154398 ], [ -81.9000656, 26.4154398 ] ] } },
{ "type": "Feature", "properties": { "dms_name": "Bay Oaks DMS", "datetime": "2022-10-05T00:00:00" }, "geometry": { "type": "LineString", "coordinates": [ [ -81.9000656, 26.4154398 ], [ -81.9000656, 26.4154398 ] ] } },
{ "type": "Feature", "properties": { "dms_name": "Bay Oaks DMS", "datetime": "2022-10-05T00:00:00" }, "geometry": { "type": "LineString", "coordinates": [ [ -81.9000656, 26.4154398 ], [ -81.9000656, 26.4154398 ] ] } },
{ "type": "Feature", "properties": { "dms_name": "Bay Oaks DMS", "datetime": "2022-10-05T00:00:00" }, "geometry": { "type": "LineString", "coordinates": [ [ -81.9000656, 26.4154398 ], [ -81.9000656, 26.4154398 ] ] } },
{ "type": "Feature", "properties": { "dms_name": "Bay Oaks DMS", "datetime": "2022-10-05T00:00:00" }, "geometry": { "type": "LineString", "coordinates": [ [ -81.9000656, 26.4154398 ], [ -81.9000656, 26.4154398 ] ] } },
{ "type": "Feature", "properties": { "dms_name": "Bay Oaks DMS", "datetime": "2022-10-05T00:00:00" }, "geometry": { "type": "LineString", "coordinates": [ [ -81.9000656, 26.4154398 ], [ -81.9000656, 26.4154398 ] ] } },
{ "type": "Feature", "properties": { "dms_name": "Bay Oaks DMS", "datetime": "2022-10-05T00:00:00" }, "geometry": { "type": "LineString", "coordinates": [ [ -81.9000656, 26.4154398 ], [ -81.9000656, 26.4154398 ] ] } },
{ "type": "Feature", "properties": { "dms_name": "Bay Oaks DMS", "datetime": "2022-10-05T00:00:00" }, "geometry": { "type": "LineString", "coordinates": [ [ -81.9000656, 26.4154398 ], [ -81.9000656, 26.4154398 ] ] } },
{ "type": "Feature", "properties": { "dms_name": "Bay Oaks DMS", "datetime": "2022-10-05T00:00:00" }, "geometry": { "type": "LineString", "coordinates": [ [ -81.9000656, 26.4154398 ], [ -81.9000656, 26.4154398 ] ] } },
{ "type": "Feature", "properties": { "dms_name": "Bay Oaks DMS", "datetime": "2022-10-05T00:00:00" }, "geometry": { "type": "LineString", "coordinates": [ [ -81.9000656, 26.4154398 ], [ -81.9000656, 26.4154398 ] ] } },
{ "type": "Feature", "properties": { "dms_name": "Bay Oaks DMS", "datetime": "2022-10-05T00:00:00" }, "geometry": { "type": "LineString", "coordinates": [ [ -81.9000656, 26.4154398 ], [ -81.9000656, 26.4154398 ] ] } },
{ "type": "Feature", "properties": { "dms_name": "Bay Oaks DMS", "datetime": "2022-10-05T00:00:00" }, "geometry": { "type": "LineString", "coordinates": [ [ -81.9000656, 26.4154398 ], [ -81.9000656, 26.4154398 ] ] } },
{ "type": "Feature", "properties": { "dms_name": "Bay Oaks DMS", "datetime": "2022-10-05T00:00:00" }, "geometry": { "type": "LineString", "coordinates": [ [ -81.9000656, 26.4154398 ], [ -81.9000656, 26.4154398 ] ] } },
{ "type": "Feature", "properties": { "dms_name": "Bay Oaks DMS", "datetime": "2022-10-05T00:00:00" }, "geometry": { "type": "LineString", "coordinates": [ [ -81.9000656, 26.4154398 ], [ -81.9000656, 26.4154398 ] ] } },
{ "type": "Feature", "properties": { "dms_name": "Bay Oaks DMS", "datetime": "2022-10-05T00:00:00" }, "geometry": { "type": "LineString", "coordinates": [ [ -81.9000656, 26.4154398 ], [ -81.9000656, 26.4154398 ] ] } },
{ "type": "Feature", "properties": { "dms_name": "Bay Oaks DMS", "datetime": "2022-10-05T00:00:00" }, "geometry": { "type": "LineString", "coordinates": [ [ -81.9000656, 26.4154398 ], [ -81.9000656, 26.4154398 ] ] } },
{ "type": "Feature", "properties": { "dms_name": "Bay Oaks DMS", "datetime": "2022-10-05T00:00:00" }, "geometry": { "type": "LineString", "coordinates": [ [ -81.9000656, 26.4154398 ], [ -81.9000656, 26.4154398 ] ] } },
{ "type": "Feature", "properties": { "dms_name": "Bay Oaks DMS", "datetime": "2022-10-05T00:00:00" }, "geometry": { "type": "LineString", "coordinates": [ [ -81.9000656, 26.4154398 ], [ -81.9000656, 26.4154398 ] ] } },
{ "type": "Feature", "properties": { "dms_name": "Bay Oaks DMS", "datetime": "2022-10-05T00:00:00" }, "geometry": { "type": "LineString", "coordinates": [ [ -81.9000656, 26.4154398 ], [ -81.9000656, 26.4154398 ] ] } },
{ "type": "Feature", "properties": { "dms_name": "Bay Oaks DMS", "datetime": "2022-10-05T00:00:00" }, "geometry": { "type": "LineString", "coordinates": [ [ -81.9000656, 26.4154398 ], [ -81.9000656, 26.4154398 ] ] } },
{ "type": "Feature", "properties": { "dms_name": "Bay Oaks DMS", "datetime": "2022-10-05T00:00:00" }, "geometry": { "type": "LineString", "coordinates": [ [ -81.9000656, 26.4154398 ], [ -81.9000656, 26.4154398 ] ] } },
{ "type": "Feature", "properties": { "dms_name": "Bay Oaks DMS", "datetime": "2022-10-05T00:00:00" }, "geometry": { "type": "LineString", "coordinates": [ [ -81.9000656, 26.4154398 ], [ -81.9000656, 26.4154398 ] ] } },
{ "type": "Feature", "properties": { "dms_name": "Bay Oaks DMS", "datetime": "2022-10-05T00:00:00" }, "geometry": { "type": "LineString", "coordinates": [ [ -81.9000656, 26.4154398 ], [ -81.9000656, 26.4154398 ] ] } },
{ "type": "Feature", "properties": { "dms_name": "Bay Oaks DMS", "datetime": "2022-10-05T00:00:00" }, "geometry": { "type": "LineString", "coordinates": [ [ -81.9000656, 26.4154398 ], [ -81.9000656, 26.4154398 ] ] } },
{ "type": "Feature", "properties": { "dms_name": "Bay Oaks DMS", "datetime": "2022-10-05T00:00:00" }, "geometry": { "type": "LineString", "coordinates": [ [ -81.9000656, 26.4154398 ], [ -81.9000656, 26.4154398 ] ] } },
{ "type": "Feature", "properties": { "dms_name": "Bay Oaks DMS", "datetime": "2022-10-05T00:00:00" }, "geometry": { "type": "LineString", "coordinates": [ [ -81.9000656, 26.4154398 ], [ -81.9000656, 26.4154398 ] ] } },
{ "type": "Feature", "properties": { "dms_name": "Bay Oaks DMS", "datetime": "2022-10-05T00:00:00" }, "geometry": { "type": "LineString", "coordinates": [ [ -81.9000656, 26.4154398 ], [ -81.9000656, 26.4154398 ] ] } },
{ "type": "Feature", "properties": { "dms_name": "Bay Oaks DMS", "datetime": "2022-10-05T00:00:00" }, "geometry": { "type": "LineString", "coordinates": [ [ -81.9000656, 26.4154398 ], [ -81.9000656, 26.4154398 ] ] } },
{ "type": "Feature", "properties": { "dms_name": "Bay Oaks DMS", "datetime": "2022-10-05T00:00:00" }, "geometry": { "type": "LineString", "coordinates": [ [ -81.9000656, 26.4154398 ], [ -81.9000656, 26.4154398 ] ] } },
{ "type": "Feature", "properties": { "dms_name": "Bay Oaks DMS", "datetime": "2022-10-05T00:00:00" }, "geometry": { "type": "LineString", "coordinates": [ [ -81.9000656, 26.4154398 ], [ -81.9000656, 26.4154398 ] ] } },
{ "type": "Feature", "properties": { "dms_name": "Bay Oaks DMS", "datetime": "2022-10-05T00:00:00" }, "geometry": { "type": "LineString", "coordinates": [ [ -81.9000656, 26.4154398 ], [ -81.9000656, 26.4154398 ] ] } },
{ "type": "Feature", "properties": { "dms_name": "Bay Oaks DMS", "datetime": "2022-10-05T00:00:00" }, "geometry": { "type": "LineString", "coordinates": [ [ -81.9000656, 26.4154398 ], [ -81.9000656, 26.4154398 ] ] } },
{ "type": "Feature", "properties": { "dms_name": "Bay Oaks DMS", "datetime": "2022-10-05T00:00:00" }, "geometry": { "type": "LineString", "coordinates": [ [ -81.9000656, 26.4154398 ], [ -81.9000656, 26.4154398 ] ] } },
{ "type": "Feature", "properties": { "dms_name": "Bay Oaks DMS", "datetime": "2022-10-05T00:00:00" }, "geometry": { "type": "LineString", "coordinates": [ [ -81.9000656, 26.4154398 ], [ -81.9000656, 26.4154398 ] ] } },
{ "type": "Feature", "properties": { "dms_name": "Bay Oaks DMS", "datetime": "2022-10-05T00:00:00" }, "geometry": { "type": "LineString", "coordinates": [ [ -81.9000656, 26.4154398 ], [ -81.9000656, 26.4154398 ] ] } },
{ "type": "Feature", "properties": { "dms_name": "Bay Oaks DMS", "datetime": "2022-10-05T00:00:00" }, "geometry": { "type": "LineString", "coordinates": [ [ -81.9000656, 26.4154398 ], [ -81.9000656, 26.4154398 ] ] } },
{ "type": "Feature", "properties": { "dms_name": "Bay Oaks DMS", "datetime": "2022-10-05T00:00:00" }, "geometry": { "type": "LineString", "coordinates": [ [ -81.9000656, 26.4154398 ], [ -81.9000656, 26.4154398 ] ] } },
{ "type": "Feature", "properties": { "dms_name": "Bay Oaks DMS", "datetime": "2022-10-05T00:00:00" }, "geometry": { "type": "LineString", "coordinates": [ [ -81.9000656, 26.4154398 ], [ -81.9000656, 26.4154398 ] ] } },
{ "type": "Feature", "properties": { "dms_name": "Bay Oaks DMS", "datetime": "2022-10-05T00:00:00" }, "geometry": { "type": "LineString", "coordinates": [ [ -81.9000656, 26.4154398 ], [ -81.9000656, 26.4154398 ] ] } },
{ "type": "Feature", "properties": { "dms_name": "Bay Oaks DMS", "datetime": "2022-10-05T00:00:00" }, "geometry": { "type": "LineString", "coordinates": [ [ -81.9000656, 26.4154398 ], [ -81.9000656, 26.4154398 ] ] } },
{ "type": "Feature", "properties": { "dms_name": "Bay Oaks DMS", "datetime": "2022-10-05T00:00:00" }, "geometry": { "type": "LineString", "coordinates": [ [ -81.9000656, 26.4154398 ], [ -81.9000656, 26.4154398 ] ] } },
{ "type": "Feature", "properties": { "dms_name": "Bay Oaks DMS", "datetime": "2022-10-05T00:00:00" }, "geometry": { "type": "LineString", "coordinates": [ [ -81.9000656, 26.4154398 ], [ -81.9000656, 26.4154398 ] ] } },
{ "type": "Feature", "properties": { "dms_name": "Bay Oaks DMS", "datetime": "2022-10-05T00:00:00" }, "geometry": { "type": "LineString", "coordinates": [ [ -81.9000656, 26.4154398 ], [ -81.9000656, 26.4154398 ] ] } },
{ "type": "Feature", "properties": { "dms_name": "Bay Oaks DMS", "datetime": "2022-10-05T00:00:00" }, "geometry": { "type": "LineString", "coordinates": [ [ -81.9000656, 26.4154398 ], [ -81.9000656, 26.4154398 ] ] } },
{ "type": "Feature", "properties": { "dms_name": "Bay Oaks DMS", "datetime": "2022-10-05T00:00:00" }, "geometry": { "type": "LineString", "coordinates": [ [ -81.9000656, 26.4154398 ], [ -81.9000656, 26.4154398 ] ] } },
{ "type": "Feature", "properties": { "dms_name": "Bay Oaks DMS", "datetime": "2022-10-05T00:00:00" }, "geometry": { "type": "LineString", "coordinates": [ [ -81.9000656, 26.4154398 ], [ -81.9000656, 26.4154398 ] ] } },
{ "type": "Feature", "properties": { "dms_name": "Bay Oaks DMS", "datetime": "2022-10-05T00:00:00" }, "geometry": { "type": "LineString", "coordinates": [ [ -81.9000656, 26.4154398 ], [ -81.9000656, 26.4154398 ] ] } },
{ "type": "Feature", "properties": { "dms_name": "Bay Oaks DMS", "datetime": "2022-10-05T00:00:00" }, "geometry": { "type": "LineString", "coordinates": [ [ -81.9000656, 26.4154398 ], [ -81.9000656, 26.4154398 ] ] } },
{ "type": "Feature", "properties": { "dms_name": "Bay Oaks DMS", "datetime": "2022-10-05T00:00:00" }, "geometry": { "type": "LineString", "coordinates": [ [ -81.9000656, 26.4154398 ], [ -81.9000656, 26.4154398 ] ] } },
{ "type": "Feature", "properties": { "dms_name": "Bay Oaks DMS", "datetime": "2022-10-05T00:00:00" }, "geometry": { "type": "LineString", "coordinates": [ [ -81.9000656, 26.4154398 ], [ -81.9000656, 26.4154398 ] ] } },
{ "type": "Feature", "properties": { "dms_name": "Bay Oaks DMS", "datetime": "2022-10-05T00:00:00" }, "geometry": { "type": "LineString", "coordinates": [ [ -81.9000656, 26.4154398 ], [ -81.9000656, 26.4154398 ] ] } },
{ "type": "Feature", "properties": { "dms_name": "Bay Oaks DMS", "datetime": "2022-10-05T00:00:00" }, "geometry": { "type": "LineString", "coordinates": [ [ -81.9000656, 26.4154398 ], [ -81.9000656, 26.4154398 ] ] } },
{ "type": "Feature", "properties": { "dms_name": "Bay Oaks DMS", "datetime": "2022-10-05T00:00:00" }, "geometry": { "type": "LineString", "coordinates": [ [ -81.9000656, 26.4154398 ], [ -81.9000656, 26.4154398 ] ] } },
{ "type": "Feature", "properties": { "dms_name": "Bay Oaks DMS", "datetime": "2022-10-05T00:00:00" }, "geometry": { "type": "LineString", "coordinates": [ [ -81.9000656, 26.4154398 ], [ -81.9000656, 26.4154398 ] ] } },
{ "type": "Feature", "properties": { "dms_name": "Bay Oaks DMS", "datetime": "2022-10-05T00:00:00" }, "geometry": { "type": "LineString", "coordinates": [ [ -81.9000656, 26.4154398 ], [ -81.9000656, 26.4154398 ] ] } },
{ "type": "Feature", "properties": { "dms_name": "Bay Oaks DMS", "datetime": "2022-10-05T00:00:00" }, "geometry": { "type": "LineString", "coordinates": [ [ -81.9000656, 26.4154398 ], [ -81.9000656, 26.4154398 ] ] } },
{ "type": "Feature", "properties": { "dms_name": "Bay Oaks DMS", "datetime": "2022-10-05T00:00:00" }, "geometry": { "type": "LineString", "coordinates": [ [ -81.9000656, 26.4154398 ], [ -81.9000656, 26.4154398 ] ] } },
{ "type": "Feature", "properties": { "dms_name": "Bay Oaks DMS", "datetime": "2022-10-05T00:00:00" }, "geometry": { "type": "LineString", "coordinates": [ [ -81.9000656, 26.4154398 ], [ -81.9000656, 26.4154398 ] ] } },
{ "type": "Feature", "properties": { "dms_name": "Bay Oaks DMS", "datetime": "2022-10-05T00:00:00" }, "geometry": { "type": "LineString", "coordinates": [ [ -81.9000656, 26.4154398 ], [ -81.9000656, 26.4154398 ] ] } },
{ "type": "Feature", "properties": { "dms_name": "Bay Oaks DMS", "datetime": "2022-10-05T00:00:00" }, "geometry": { "type": "LineString", "coordinates": [ [ -81.9000656, 26.4154398 ], [ -81.9000656, 26.4154398 ] ] } },
{ "type": "Feature", "properties": { "dms_name": "Bay Oaks DMS", "datetime": "2022-10-05T00:00:00" }, "geometry": { "type": "LineString", "coordinates": [ [ -81.9000656, 26.4154398 ], [ -81.9000656, 26.4154398 ] ] } },
{ "type": "Feature", "properties": { "dms_name": "Bay Oaks DMS", "datetime": "2022-10-05T00:00:00" }, "geometry": { "type": "LineString", "coordinates": [ [ -81.9000656, 26.4154398 ], [ -81.9000656, 26.4154398 ] ] } },
{ "type": "Feature", "properties": { "dms_name": "Bay Oaks DMS", "datetime": "2022-10-05T00:00:00" }, "geometry": { "type": "LineString", "coordinates": [ [ -81.9000656, 26.4154398 ], [ -81.9000656, 26.4154398 ] ] } },
{ "type": "Feature", "properties": { "dms_name": "Bay Oaks DMS", "datetime": "2022-10-05T00:00:00" }, "geometry": { "type": "LineString", "coordinates": [ [ -81.9000656, 26.4154398 ], [ -81.9000656, 26.4154398 ] ] } },
{ "type": "Feature", "properties": { "dms_name": "Bay Oaks DMS", "datetime": "2022-10-05T00:00:00" }, "geometry": { "type": "LineString", "coordinates": [ [ -81.9000656, 26.4154398 ], [ -81.9000656, 26.4154398 ] ] } },
{ "type": "Feature", "properties": { "dms_name": "Bay Oaks DMS", "datetime": "2022-10-05T00:00:00" }, "geometry": { "type": "LineString", "coordinates": [ [ -81.9000656, 26.4154398 ], [ -81.9000656, 26.4154398 ] ] } },
{ "type": "Feature", "properties": { "dms_name": "Bay Oaks DMS", "datetime": "2022-10-05T00:00:00" }, "geometry": { "type": "LineString", "coordinates": [ [ -81.9000656, 26.4154398 ], [ -81.9000656, 26.4154398 ] ] } },
{ "type": "Feature", "properties": { "dms_name": "Bay Oaks DMS", "datetime": "2022-10-05T00:00:00" }, "geometry": { "type": "LineString", "coordinates": [ [ -81.9000656, 26.4154398 ], [ -81.9000656, 26.4154398 ] ] } },
{ "type": "Feature", "properties": { "dms_name": "Bay Oaks DMS", "datetime": "2022-10-05T00:00:00" }, "geometry": { "type": "LineString", "coordinates": [ [ -81.9000656, 26.4154398 ], [ -81.9000656, 26.4154398 ] ] } },
{ "type": "Feature", "properties": { "dms_name": "Bay Oaks DMS", "datetime": "2022-10-05T00:00:00" }, "geometry": { "type": "LineString", "coordinates": [ [ -81.9000656, 26.4154398 ], [ -81.9000656, 26.4154398 ] ] } },
{ "type": "Feature", "properties": { "dms_name": "Bay Oaks DMS", "datetime": "2022-10-05T00:00:00" }, "geometry": { "type": "LineString", "coordinates": [ [ -81.9000656, 26.4154398 ], [ -81.9000656, 26.4154398 ] ] } },
{ "type": "Feature", "properties": { "dms_name": "Bay Oaks DMS", "datetime": "2022-10-05T00:00:00" }, "geometry": { "type": "LineString", "coordinates": [ [ -81.9000656, 26.4154398 ], [ -81.9000656, 26.4154398 ] ] } },
{ "type": "Feature", "properties": { "dms_name": "Bay Oaks DMS", "datetime": "2022-10-05T00:00:00" }, "geometry": { "type": "LineString", "coordinates": [ [ -81.9000656, 26.4154398 ], [ -81.9000656, 26.4154398 ] ] } },
{ "type": "Feature", "properties": { "dms_name": "Bay Oaks DMS", "datetime": "2022-10-05T00:00:00" }, "geometry": { "type": "LineString", "coordinates": [ [ -81.9000656, 26.4154398 ], [ -81.9000656, 26.4154398 ] ] } },
{ "type": "Feature", "properties": { "dms_name": "Bay Oaks DMS", "datetime": "2022-10-05T00:00:00" }, "geometry": { "type": "LineString", "coordinates": [ [ -81.9000656, 26.4154398 ], [ -81.9000656, 26.4154398 ] ] } },
{ "type": "Feature", "properties": { "dms_name": "Bay Oaks DMS", "datetime": "2022-10-05T00:00:00" }, "geometry": { "type": "LineString", "coordinates": [ [ -81.9000656, 26.4154398 ], [ -81.9000656, 26.4154398 ] ] } },
{ "type": "Feature", "properties": { "dms_name": "Bay Oaks DMS", "datetime": "2022-10-05T00:00:00" }, "geometry": { "type": "LineString", "coordinates": [ [ -81.9000656, 26.4154398 ], [ -81.9000656, 26.4154398 ] ] } },
{ "type": "Feature", "properties": { "dms_name": "Bay Oaks DMS", "datetime": "2022-10-05T00:00:00" }, "geometry": { "type": "LineString", "coordinates": [ [ -81.9000656, 26.4154398 ], [ -81.9000656, 26.4154398 ] ] } },
{ "type": "Feature", "properties": { "dms_name": "Bay Oaks DMS", "datetime": "2022-10-05T00:00:00" }, "geometry": { "type": "LineString", "coordinates": [ [ -81.9000656, 26.4154398 ], [ -81.9000656, 26.4154398 ] ] } },
{ "type": "Feature", "properties": { "dms_name": "Bay Oaks DMS", "datetime": "2022-10-05T00:00:00" }, "geometry": { "type": "LineString", "coordinates": [ [ -81.9000656, 26.4154398 ], [ -81.9000656, 26.4154398 ] ] } },
{ "type": "Feature", "properties": { "dms_name": "Bay Oaks DMS", "datetime": "2022-10-05T00:00:00" }, "geometry": { "type": "LineString", "coordinates": [ [ -81.9000656, 26.4154398 ], [ -81.9000656, 26.4154398 ] ] } },
{ "type": "Feature", "properties": { "dms_name": "Bay Oaks DMS", "datetime": "2022-10-05T00:00:00" }, "geometry": { "type": "LineString", "coordinates": [ [ -81.9000656, 26.4154398 ], [ -81.9000656, 26.4154398 ] ] } },
{ "type": "Feature", "properties": { "dms_name": "Bay Oaks DMS", "datetime": "2022-10-05T00:00:00" }, "geometry": { "type": "LineString", "coordinates": [ [ -81.9000656, 26.4154398 ], [ -81.9000656, 26.4154398 ] ] } },
{ "type": "Feature", "properties": { "dms_name": "Bay Oaks DMS", "datetime": "2022-10-05T00:00:00" }, "geometry": { "type": "LineString", "coordinates": [ [ -81.9000656, 26.4154398 ], [ -81.9000656, 26.4154398 ] ] } },
{ "type": "Feature", "properties": { "dms_name": "Bay Oaks DMS", "datetime": "2022-10-05T00:00:00" }, "geometry": { "type": "LineString", "coordinates": [ [ -81.9000656, 26.4154398 ], [ -81.9000656, 26.4154398 ] ] } },
{ "type": "Feature", "properties": { "dms_name": "Bay Oaks DMS", "datetime": "2022-10-05T00:00:00" }, "geometry": { "type": "LineString", "coordinates": [ [ -81.9000656, 26.4154398 ], [ -81.9000656, 26.4154398 ] ] } },
{ "type": "Feature", "properties": { "dms_name": "Bay Oaks DMS", "datetime": "2022-10-05T00:00:00" }, "geometry": { "type": "LineString", "coordinates": [ [ -81.9000656, 26.4154398 ], [ -81.9000656, 26.4154398 ] ] } },
{ "type": "Feature", "properties": { "dms_name": "Bay Oaks DMS", "datetime": "2022-10-05T00:00:00" }, "geometry": { "type": "LineString", "coordinates": [ [ -81.9000656, 26.4154398 ], [ -81.9000656, 26.4154398 ] ] } },
{ "type": "Feature", "properties": { "dms_name": "Bay Oaks DMS", "datetime": "2022-10-05T00:00:00" }, "geometry": { "type": "LineString", "coordinates": [ [ -81.9000656, 26.4154398 ], [ -81.9000656, 26.4154398 ] ] } },
{ "type": "Feature", "properties": { "dms_name": "Bay Oaks DMS", "datetime": "2022-10-05T00:00:00" }, "geometry": { "type": "LineString", "coordinates": [ [ -81.9000656, 26.4154398 ], [ -81.9000656, 26.4154398 ] ] } },
{ "type": "Feature", "properties": { "dms_name": "Bay Oaks DMS", "datetime": "2022-10-05T00:00:00" }, "geometry": { "type": "LineString", "coordinates": [ [ -81.9000656, 26.4154398 ], [ -81.9000656, 26.4154398 ] ] } },
{ "type": "Feature", "properties": { "dms_name": "Bay Oaks DMS", "datetime": "2022-10-05T00:00:00" }, "geometry": { "type": "LineString", "coordinates": [ [ -81.9000656, 26.4154398 ], [ -81.9000656, 26.4154398 ] ] } },
{ "type": "Feature", "properties": { "dms_name": "Bay Oaks DMS", "datetime": "2022-10-05T00:00:00" }, "geometry": { "type": "LineString", "coordinates": [ [ -81.9000656, 26.4154398 ], [ -81.9000656, 26.4154398 ] ] } },
{ "type": "Feature", "properties": { "dms_name": "Bay Oaks DMS", "datetime": "2022-10-05T00:00:00" }, "geometry": { "type": "LineString", "coordinates": [ [ -81.9000656, 26.4154398 ], [ -81.9000656, 26.4154398 ] ] } },
{ "type": "Feature", "properties": { "dms_name": "Bay Oaks DMS", "datetime": "2022-10-05T00:00:00" }, "geometry": { "type": "LineString", "coordinates": [ [ -81.9000656, 26.4154398 ], [ -81.9000656, 26.4154398 ] ] } },
{ "type": "Feature", "properties": { "dms_name": "Bay Oaks DMS", "datetime": "2022-10-05T00:00:00" }, "geometry": { "type": "LineString", "coordinates": [ [ -81.9000656, 26.4154398 ], [ -81.9000656, 26.4154398 ] ] } },
{ "type": "Feature", "properties": { "dms_name": "Bay Oaks DMS", "datetime": "2022-10-05T00:00:00" }, "geometry": { "type": "LineString", "coordinates": [ [ -81.9000656, 26.4154398 ], [ -81.9000656, 26.4154398 ] ] } },
{ "type": "Feature", "properties": { "dms_name": "Bay Oaks DMS", "datetime": "2022-10-05T00:00:00" }, "geometry": { "type": "LineString", "coordinates": [ [ -81.9000656, 26.4154398 ], [ -81.9000656, 26.4154398 ] ] } },
{ "type": "Feature", "properties": { "dms_name": "Bay Oaks DMS", "datetime": "2022-10-05T00:00:00" }, "geometry": { "type": "LineString", "coordinates": [ [ -81.9000656, 26.4154398 ], [ -81.9000656, 26.4154398 ] ] } },
{ "type": "Feature", "properties": { "dms_name": "Bay Oaks DMS", "datetime": "2022-10-05T00:00:00" }, "geometry": { "type": "LineString", "coordinates": [ [ -81.9000656, 26.4154398 ], [ -81.9000656, 26.4154398 ] ] } },
{ "type": "Feature", "properties": { "dms_name": "Bay Oaks DMS", "datetime": "2022-10-05T00:00:00" }, "geometry": { "type": "LineString", "coordinates": [ [ -81.9000656, 26.4154398 ], [ -81.9000656, 26.4154398 ] ] } },
{ "type": "Feature", "properties": { "dms_name": "Bay Oaks DMS", "datetime": "2022-10-05T00:00:00" }, "geometry": { "type": "LineString", "coordinates": [ [ -81.9000656, 26.4154398 ], [ -81.9000656, 26.4154398 ] ] } },
{ "type": "Feature", "properties": { "dms_name": "Bay Oaks DMS", "datetime": "2022-10-05T00:00:00" }, "geometry": { "type": "LineString", "coordinates": [ [ -81.9000656, 26.4154398 ], [ -81.9000656, 26.4154398 ] ] } },
{ "type": "Feature", "properties": { "dms_name": "Bay Oaks DMS", "datetime": "2022-10-05T00:00:00" }, "geometry": { "type": "LineString", "coordinates": [ [ -81.9000656, 26.4154398 ], [ -81.9000656, 26.4154398 ] ] } },
{ "type": "Feature", "properties": { "dms_name": "Bay Oaks DMS", "datetime": "2022-10-05T00:00:00" }, "geometry": { "type": "LineString", "coordinates": [ [ -81.9000656, 26.4154398 ], [ -81.9000656, 26.4154398 ] ] } },
{ "type": "Feature", "properties": { "dms_name": "Bay Oaks DMS", "datetime": "2022-10-05T00:00:00" }, "geometry": { "type": "LineString", "coordinates": [ [ -81.9000656, 26.4154398 ], [ -81.9000656, 26.4154398 ] ] } },
{ "type": "Feature", "properties": { "dms_name": "Bay Oaks DMS", "datetime": "2022-10-05T00:00:00" }, "geometry": { "type": "LineString", "coordinates": [ [ -81.9000656, 26.4154398 ], [ -81.9000656, 26.4154398 ] ] } },
{ "type": "Feature", "properties": { "dms_name": "Bay Oaks DMS", "datetime": "2022-10-05T00:00:00" }, "geometry": { "type": "LineString", "coordinates": [ [ -81.9000656, 26.4154398 ], [ -81.9000656, 26.4154398 ] ] } },
{ "type": "Feature", "properties": { "dms_name": "Bay Oaks DMS", "datetime": "2022-10-05T00:00:00" }, "geometry": { "type": "LineString", "coordinates": [ [ -81.9000656, 26.4154398 ], [ -81.9000656, 26.4154398 ] ] } },
{ "type": "Feature", "properties": { "dms_name": "Bay Oaks DMS", "datetime": "2022-10-05T00:00:00" }, "geometry": { "type": "LineString", "coordinates": [ [ -81.9000656, 26.4154398 ], [ -81.9000656, 26.4154398 ] ] } },
{ "type": "Feature", "properties": { "dms_name": "Bay Oaks DMS", "datetime": "2022-10-05T00:00:00" }, "geometry": { "type": "LineString", "coordinates": [ [ -81.9000656, 26.4154398 ], [ -81.9000656, 26.4154398 ] ] } },
{ "type": "Feature", "properties": { "dms_name": "Bay Oaks DMS", "datetime": "2022-10-05T00:00:00" }, "geometry": { "type": "LineString", "coordinates": [ [ -81.9000656, 26.4154398 ], [ -81.9000656, 26.4154398 ] ] } },
{ "type": "Feature", "properties": { "dms_name": "Bay Oaks DMS", "datetime": "2022-10-05T00:00:00" }, "geometry": { "type": "LineString", "coordinates": [ [ -81.9000656, 26.4154398 ], [ -81.9000656, 26.4154398 ] ] } },
{ "type": "Feature", "properties": { "dms_name": "Bay Oaks DMS", "datetime": "2022-10-05T00:00:00" }, "geometry": { "type": "LineString", "coordinates": [ [ -81.9000656, 26.4154398 ], [ -81.9000656, 26.4154398 ] ] } },
{ "type": "Feature", "properties": { "dms_name": "Bay Oaks DMS", "datetime": "2022-10-05T00:00:00" }, "geometry": { "type": "LineString", "coordinates": [ [ -81.9000656, 26.4154398 ], [ -81.9000656, 26.4154398 ] ] } },
{ "type": "Feature", "properties": { "dms_name": "Bay Oaks DMS", "datetime": "2022-10-05T00:00:00" }, "geometry": { "type": "LineString", "coordinates": [ [ -81.9000656, 26.4154398 ], [ -81.9000656, 26.4154398 ] ] } },
{ "type": "Feature", "properties": { "dms_name": "Bay Oaks DMS", "datetime": "2022-10-05T00:00:00" }, "geometry": { "type": "LineString", "coordinates": [ [ -81.9000656, 26.4154398 ], [ -81.9000656, 26.4154398 ] ] } },
{ "type": "Feature", "properties": { "dms_name": "Bay Oaks DMS", "datetime": "2022-10-05T00:00:00" }, "geometry": { "type": "LineString", "coordinates": [ [ -81.9000656, 26.4154398 ], [ -81.9000656, 26.4154398 ] ] } },
{ "type": "Feature", "properties": { "dms_name": "Bay Oaks DMS", "datetime": "2022-10-05T00:00:00" }, "geometry": { "type": "LineString", "coordinates": [ [ -81.9000656, 26.4154398 ], [ -81.9000656, 26.4154398 ] ] } },
{ "type": "Feature", "properties": { "dms_name": "Bay Oaks DMS", "datetime": "2022-10-05T00:00:00" }, "geometry": { "type": "LineString", "coordinates": [ [ -81.9000656, 26.4154398 ], [ -81.9000656, 26.4154398 ] ] } },
{ "type": "Feature", "properties": { "dms_name": "Bay Oaks DMS", "datetime": "2022-10-05T00:00:00" }, "geometry": { "type": "LineString", "coordinates": [ [ -81.9000656, 26.4154398 ], [ -81.9000656, 26.4154398 ] ] } },
{ "type": "Feature", "properties": { "dms_name": "Bay Oaks DMS", "datetime": "2022-10-05T00:00:00" }, "geometry": { "type": "LineString", "coordinates": [ [ -81.9000656, 26.4154398 ], [ -81.9000656, 26.4154398 ] ] } },
{ "type": "Feature", "properties": { "dms_name": "Bay Oaks DMS", "datetime": "2022-10-05T00:00:00" }, "geometry": { "type": "LineString", "coordinates": [ [ -81.9000656, 26.4154398 ], [ -81.9000656, 26.4154398 ] ] } },
{ "type": "Feature", "properties": { "dms_name": "Bay Oaks DMS", "datetime": "2022-10-05T00:00:00" }, "geometry": { "type": "LineString", "coordinates": [ [ -81.9000656, 26.4154398 ], [ -81.9000656, 26.4154398 ] ] } },
{ "type": "Feature", "properties": { "dms_name": "Bay Oaks DMS", "datetime": "2022-10-05T00:00:00" }, "geometry": { "type": "LineString", "coordinates": [ [ -81.9000656, 26.4154398 ], [ -81.9000656, 26.4154398 ] ] } },
{ "type": "Feature", "properties": { "dms_name": "Bay Oaks DMS", "datetime": "2022-10-05T00:00:00" }, "geometry": { "type": "LineString", "coordinates": [ [ -81.9000656, 26.4154398 ], [ -81.9000656, 26.4154398 ] ] } },
{ "type": "Feature", "properties": { "dms_name": "Bay Oaks DMS", "datetime": "2022-10-05T00:00:00" }, "geometry": { "type": "LineString", "coordinates": [ [ -81.9000656, 26.4154398 ], [ -81.9000656, 26.4154398 ] ] } },
{ "type": "Feature", "properties": { "dms_name": "FMB Elementary School DMS", "datetime": "2022-10-05T00:00:00" }, "geometry": { "type": "LineString", "coordinates": [ [ -81.9391435, 26.4489467 ], [ -81.9391435, 26.4489467 ] ] } },
{ "type": "Feature", "properties": { "dms_name": "FMB Elementary School DMS", "datetime": "2022-10-05T00:00:00" }, "geometry": { "type": "LineString", "coordinates": [ [ -81.9391435, 26.4489467 ], [ -81.9391435, 26.4489467 ] ] } },
{ "type": "Feature", "properties": { "dms_name": "FMB Elementary School DMS", "datetime": "2022-10-05T00:00:00" }, "geometry": { "type": "LineString", "coordinates": [ [ -81.9391435, 26.4489467 ], [ -81.9391435, 26.4489467 ] ] } },
{ "type": "Feature", "properties": { "dms_name": "FMB Elementary School DMS", "datetime": "2022-10-05T00:00:00" }, "geometry": { "type": "LineString", "coordinates": [ [ -81.9391435, 26.4489467 ], [ -81.9391435, 26.4489467 ] ] } },
{ "type": "Feature", "properties": { "dms_name": "FMB Elementary School DMS", "datetime": "2022-10-05T00:00:00" }, "geometry": { "type": "LineString", "coordinates": [ [ -81.9391435, 26.4489467 ], [ -81.9391435, 26.4489467 ] ] } },
{ "type": "Feature", "properties": { "dms_name": "FMB Elementary School DMS", "datetime": "2022-10-05T00:00:00" }, "geometry": { "type": "LineString", "coordinates": [ [ -81.9391435, 26.4489467 ], [ -81.9391435, 26.4489467 ] ] } },
{ "type": "Feature", "properties": { "dms_name": "FMB Elementary School DMS", "datetime": "2022-10-05T00:00:00" }, "geometry": { "type": "LineString", "coordinates": [ [ -81.9391435, 26.4489467 ], [ -81.9391435, 26.4489467 ] ] } },
{ "type": "Feature", "properties": { "dms_name": "FMB Elementary School DMS", "datetime": "2022-10-05T00:00:00" }, "geometry": { "type": "LineString", "coordinates": [ [ -81.9391435, 26.4489467 ], [ -81.9391435, 26.4489467 ] ] } },
{ "type": "Feature", "properties": { "dms_name": "FMB Elementary School DMS", "datetime": "2022-10-05T00:00:00" }, "geometry": { "type": "LineString", "coordinates": [ [ -81.9391435, 26.4489467 ], [ -81.9391435, 26.4489467 ] ] } },
{ "type": "Feature", "properties": { "dms_name": "FMB Elementary School DMS", "datetime": "2022-10-05T00:00:00" }, "geometry": { "type": "LineString", "coordinates": [ [ -81.9391435, 26.4489467 ], [ -81.9391435, 26.4489467 ] ] } },
{ "type": "Feature", "properties": { "dms_name": "FMB Elementary School DMS", "datetime": "2022-10-05T00:00:00" }, "geometry": { "type": "LineString", "coordinates": [ [ -81.9391435, 26.4489467 ], [ -81.9391435, 26.4489467 ] ] } },
{ "type": "Feature", "properties": { "dms_name": "FMB Elementary School DMS", "datetime": "2022-10-05T00:00:00" }, "geometry": { "type": "LineString", "coordinates": [ [ -81.9391435, 26.4489467 ], [ -81.9391435, 26.4489467 ] ] } },
{ "type": "Feature", "properties": { "dms_name": "FMB Elementary School DMS", "datetime": "2022-10-05T00:00:00" }, "geometry": { "type": "LineString", "coordinates": [ [ -81.9391435, 26.4489467 ], [ -81.9391435, 26.4489467 ] ] } },
{ "type": "Feature", "properties": { "dms_name": "FMB Elementary School DMS", "datetime": "2022-10-05T00:00:00" }, "geometry": { "type": "LineString", "coordinates": [ [ -81.9391435, 26.4489467 ], [ -81.9391435, 26.4489467 ] ] } },
{ "type": "Feature", "properties": { "dms_name": "FMB Elementary School DMS", "datetime": "2022-10-05T00:00:00" }, "geometry": { "type": "LineString", "coordinates": [ [ -81.9391435, 26.4489467 ], [ -81.9391435, 26.4489467 ] ] } },
{ "type": "Feature", "properties": { "dms_name": "FMB Elementary School DMS", "datetime": "2022-10-05T00:00:00" }, "geometry": { "type": "LineString", "coordinates": [ [ -81.9391435, 26.4489467 ], [ -81.9391435, 26.4489467 ] ] } },
{ "type": "Feature", "properties": { "dms_name": "FMB Elementary School DMS", "datetime": "2022-10-05T00:00:00" }, "geometry": { "type": "LineString", "coordinates": [ [ -81.9391435, 26.4489467 ], [ -81.9391435, 26.4489467 ] ] } },
{ "type": "Feature", "properties": { "dms_name": "FMB Elementary School DMS", "datetime": "2022-10-05T00:00:00" }, "geometry": { "type": "LineString", "coordinates": [ [ -81.9391435, 26.4489467 ], [ -81.9391435, 26.4489467 ] ] } },
{ "type": "Feature", "properties": { "dms_name": "FMB Elementary School DMS", "datetime": "2022-10-05T00:00:00" }, "geometry": { "type": "LineString", "coordinates": [ [ -81.9391435, 26.4489467 ], [ -81.9391435, 26.4489467 ] ] } },
{ "type": "Feature", "properties": { "dms_name": "FMB Elementary School DMS", "datetime": "2022-10-05T00:00:00" }, "geometry": { "type": "LineString", "coordinates": [ [ -81.9391435, 26.4489467 ], [ -81.9391435, 26.4489467 ] ] } },
{ "type": "Feature", "properties": { "dms_name": "FMB Elementary School DMS", "datetime": "2022-10-05T00:00:00" }, "geometry": { "type": "LineString", "coordinates": [ [ -81.9391435, 26.4489467 ], [ -81.9391435, 26.4489467 ] ] } },
{ "type": "Feature", "properties": { "dms_name": "FMB Elementary School DMS", "datetime": "2022-10-05T00:00:00" }, "geometry": { "type": "LineString", "coordinates": [ [ -81.9391435, 26.4489467 ], [ -81.9391435, 26.4489467 ] ] } },
{ "type": "Feature", "properties": { "dms_name": "FMB Elementary School DMS", "datetime": "2022-10-05T00:00:00" }, "geometry": { "type": "LineString", "coordinates": [ [ -81.9391435, 26.4489467 ], [ -81.9391435, 26.4489467 ] ] } },
{ "type": "Feature", "properties": { "dms_name": "FMB Elementary School DMS", "datetime": "2022-10-05T00:00:00" }, "geometry": { "type": "LineString", "coordinates": [ [ -81.9391435, 26.4489467 ], [ -81.9391435, 26.4489467 ] ] } },
{ "type": "Feature", "properties": { "dms_name": "FMB Elementary School DMS", "datetime": "2022-10-05T00:00:00" }, "geometry": { "type": "LineString", "coordinates": [ [ -81.9391435, 26.4489467 ], [ -81.9391435, 26.4489467 ] ] } },
{ "type": "Feature", "properties": { "dms_name": "FMB Elementary School DMS", "datetime": "2022-10-05T00:00:00" }, "geometry": { "type": "LineString", "coordinates": [ [ -81.9391435, 26.4489467 ], [ -81.9391435, 26.4489467 ] ] } },
{ "type": "Feature", "properties": { "dms_name": "FMB Elementary School DMS", "datetime": "2022-10-05T00:00:00" }, "geometry": { "type": "LineString", "coordinates": [ [ -81.9391435, 26.4489467 ], [ -81.9391435, 26.4489467 ] ] } },
{ "type": "Feature", "properties": { "dms_name": "FMB Elementary School DMS", "datetime": "2022-10-05T00:00:00" }, "geometry": { "type": "LineString", "coordinates": [ [ -81.9391435, 26.4489467 ], [ -81.9391435, 26.4489467 ] ] } },
{ "type": "Feature", "properties": { "dms_name": "FMB Elementary School DMS", "datetime": "2022-10-05T00:00:00" }, "geometry": { "type": "LineString", "coordinates": [ [ -81.9391435, 26.4489467 ], [ -81.9391435, 26.4489467 ] ] } },
{ "type": "Feature", "properties": { "dms_name": "FMB Elementary School DMS", "datetime": "2022-10-05T00:00:00" }, "geometry": { "type": "LineString", "coordinates": [ [ -81.9391435, 26.4489467 ], [ -81.9391435, 26.4489467 ] ] } },
{ "type": "Feature", "properties": { "dms_name": "FMB Elementary School DMS", "datetime": "2022-10-05T00:00:00" }, "geometry": { "type": "LineString", "coordinates": [ [ -81.9391435, 26.4489467 ], [ -81.9391435, 26.4489467 ] ] } },
{ "type": "Feature", "properties": { "dms_name": "FMB Elementary School DMS", "datetime": "2022-10-05T00:00:00" }, "geometry": { "type": "LineString", "coordinates": [ [ -81.9391435, 26.4489467 ], [ -81.9391435, 26.4489467 ] ] } },
{ "type": "Feature", "properties": { "dms_name": "FMB Elementary School DMS", "datetime": "2022-10-05T00:00:00" }, "geometry": { "type": "LineString", "coordinates": [ [ -81.9391435, 26.4489467 ], [ -81.9391435, 26.4489467 ] ] } },
{ "type": "Feature", "properties": { "dms_name": "FMB Elementary School DMS", "datetime": "2022-10-05T00:00:00" }, "geometry": { "type": "LineString", "coordinates": [ [ -81.9391435, 26.4489467 ], [ -81.9391435, 26.4489467 ] ] } },
{ "type": "Feature", "properties": { "dms_name": "FMB Elementary School DMS", "datetime": "2022-10-05T00:00:00" }, "geometry": { "type": "LineString", "coordinates": [ [ -81.9391435, 26.4489467 ], [ -81.9391435, 26.4489467 ] ] } },
{ "type": "Feature", "properties": { "dms_name": "FMB Elementary School DMS", "datetime": "2022-10-05T00:00:00" }, "geometry": { "type": "LineString", "coordinates": [ [ -81.9391435, 26.4489467 ], [ -81.9391435, 26.4489467 ] ] } },
{ "type": "Feature", "properties": { "dms_name": "FMB Elementary School DMS", "datetime": "2022-10-05T00:00:00" }, "geometry": { "type": "LineString", "coordinates": [ [ -81.9391435, 26.4489467 ], [ -81.9391435, 26.4489467 ] ] } },
{ "type": "Feature", "properties": { "dms_name": "FMB Elementary School DMS", "datetime": "2022-10-05T00:00:00" }, "geometry": { "type": "LineString", "coordinates": [ [ -81.9391435, 26.4489467 ], [ -81.9391435, 26.4489467 ] ] } },
{ "type": "Feature", "properties": { "dms_name": "FMB Elementary School DMS", "datetime": "2022-10-05T00:00:00" }, "geometry": { "type": "LineString", "coordinates": [ [ -81.9391435, 26.4489467 ], [ -81.9391435, 26.4489467 ] ] } },
{ "type": "Feature", "properties": { "dms_name": "FMB Elementary School DMS", "datetime": "2022-10-05T00:00:00" }, "geometry": { "type": "LineString", "coordinates": [ [ -81.9391435, 26.4489467 ], [ -81.9391435, 26.4489467 ] ] } },
{ "type": "Feature", "properties": { "dms_name": "FMB Elementary School DMS", "datetime": "2022-10-05T00:00:00" }, "geometry": { "type": "LineString", "coordinates": [ [ -81.9391435, 26.4489467 ], [ -81.9391435, 26.4489467 ] ] } },
{ "type": "Feature", "properties": { "dms_name": "FMB Elementary School DMS", "datetime": "2022-10-05T00:00:00" }, "geometry": { "type": "LineString", "coordinates": [ [ -81.9391435, 26.4489467 ], [ -81.9391435, 26.4489467 ] ] } },
{ "type": "Feature", "properties": { "dms_name": "FMB Elementary School DMS", "datetime": "2022-10-05T00:00:00" }, "geometry": { "type": "LineString", "coordinates": [ [ -81.9391435, 26.4489467 ], [ -81.9391435, 26.4489467 ] ] } },
{ "type": "Feature", "properties": { "dms_name": "FMB Elementary School DMS", "datetime": "2022-10-05T00:00:00" }, "geometry": { "type": "LineString", "coordinates": [ [ -81.9391435, 26.4489467 ], [ -81.9391435, 26.4489467 ] ] } },
{ "type": "Feature", "properties": { "dms_name": "FMB Elementary School DMS", "datetime": "2022-10-05T00:00:00" }, "geometry": { "type": "LineString", "coordinates": [ [ -81.9391435, 26.4489467 ], [ -81.9391435, 26.4489467 ] ] } },
{ "type": "Feature", "properties": { "dms_name": "FMB Elementary School DMS", "datetime": "2022-10-05T00:00:00" }, "geometry": { "type": "LineString", "coordinates": [ [ -81.9391435, 26.4489467 ], [ -81.9391435, 26.4489467 ] ] } },
{ "type": "Feature", "properties": { "dms_name": "FMB Elementary School DMS", "datetime": "2022-10-05T00:00:00" }, "geometry": { "type": "LineString", "coordinates": [ [ -81.9391435, 26.4489467 ], [ -81.9391435, 26.4489467 ] ] } },
{ "type": "Feature", "properties": { "dms_name": "FMB Elementary School DMS", "datetime": "2022-10-05T00:00:00" }, "geometry": { "type": "LineString", "coordinates": [ [ -81.9391435, 26.4489467 ], [ -81.9391435, 26.4489467 ] ] } },
{ "type": "Feature", "properties": { "dms_name": "FMB Elementary School DMS", "datetime": "2022-10-05T00:00:00" }, "geometry": { "type": "LineString", "coordinates": [ [ -81.9391435, 26.4489467 ], [ -81.9391435, 26.4489467 ] ] } },
{ "type": "Feature", "properties": { "dms_name": "FMB Elementary School DMS", "datetime": "2022-10-05T00:00:00" }, "geometry": { "type": "LineString", "coordinates": [ [ -81.9391435, 26.4489467 ], [ -81.9391435, 26.4489467 ] ] } },
{ "type": "Feature", "properties": { "dms_name": "FMB Elementary School DMS", "datetime": "2022-10-05T00:00:00" }, "geometry": { "type": "LineString", "coordinates": [ [ -81.9391435, 26.4489467 ], [ -81.9391435, 26.4489467 ] ] } },
{ "type": "Feature", "properties": { "dms_name": "FMB Elementary School DMS", "datetime": "2022-10-05T00:00:00" }, "geometry": { "type": "LineString", "coordinates": [ [ -81.9391435, 26.4489467 ], [ -81.9391435, 26.4489467 ] ] } },
{ "type": "Feature", "properties": { "dms_name": "FMB Elementary School DMS", "datetime": "2022-10-05T00:00:00" }, "geometry": { "type": "LineString", "coordinates": [ [ -81.9391435, 26.4489467 ], [ -81.9391435, 26.4489467 ] ] } },
{ "type": "Feature", "properties": { "dms_name": "FMB Elementary School DMS", "datetime": "2022-10-05T00:00:00" }, "geometry": { "type": "LineString", "coordinates": [ [ -81.9391435, 26.4489467 ], [ -81.9391435, 26.4489467 ] ] } },
{ "type": "Feature", "properties": { "dms_name": "FMB Elementary School DMS", "datetime": "2022-10-05T00:00:00" }, "geometry": { "type": "LineString", "coordinates": [ [ -81.9391435, 26.4489467 ], [ -81.9391435, 26.4489467 ] ] } },
{ "type": "Feature", "properties": { "dms_name": "FMB Elementary School DMS", "datetime": "2022-10-05T00:00:00" }, "geometry": { "type": "LineString", "coordinates": [ [ -81.9391435, 26.4489467 ], [ -81.9391435, 26.4489467 ] ] } },
{ "type": "Feature", "properties": { "dms_name": "FMB Elementary School DMS", "datetime": "2022-10-05T00:00:00" }, "geometry": { "type": "LineString", "coordinates": [ [ -81.9391435, 26.4489467 ], [ -81.9391435, 26.4489467 ] ] } },
{ "type": "Feature", "properties": { "dms_name": "FMB Elementary School DMS", "datetime": "2022-10-05T00:00:00" }, "geometry": { "type": "LineString", "coordinates": [ [ -81.9391435, 26.4489467 ], [ -81.9391435, 26.4489467 ] ] } },
{ "type": "Feature", "properties": { "dms_name": "FMB Elementary School DMS", "datetime": "2022-10-05T00:00:00" }, "geometry": { "type": "LineString", "coordinates": [ [ -81.9391435, 26.4489467 ], [ -81.9391435, 26.4489467 ] ] } },
{ "type": "Feature", "properties": { "dms_name": "FMB Elementary School DMS", "datetime": "2022-10-05T00:00:00" }, "geometry": { "type": "LineString", "coordinates": [ [ -81.9391435, 26.4489467 ], [ -81.9391435, 26.4489467 ] ] } },
{ "type": "Feature", "properties": { "dms_name": "FMB Elementary School DMS", "datetime": "2022-10-05T00:00:00" }, "geometry": { "type": "LineString", "coordinates": [ [ -81.9391435, 26.4489467 ], [ -81.9391435, 26.4489467 ] ] } },
{ "type": "Feature", "properties": { "dms_name": "FMB Elementary School DMS", "datetime": "2022-10-05T00:00:00" }, "geometry": { "type": "LineString", "coordinates": [ [ -81.9391435, 26.4489467 ], [ -81.9391435, 26.4489467 ] ] } },
{ "type": "Feature", "properties": { "dms_name": "FMB Elementary School DMS", "datetime": "2022-10-05T00:00:00" }, "geometry": { "type": "LineString", "coordinates": [ [ -81.9391435, 26.4489467 ], [ -81.9391435, 26.4489467 ] ] } },
{ "type": "Feature", "properties": { "dms_name": "FMB Elementary School DMS", "datetime": "2022-10-05T00:00:00" }, "geometry": { "type": "LineString", "coordinates": [ [ -81.9391435, 26.4489467 ], [ -81.9391435, 26.4489467 ] ] } },
{ "type": "Feature", "properties": { "dms_name": "FMB Elementary School DMS", "datetime": "2022-10-05T00:00:00" }, "geometry": { "type": "LineString", "coordinates": [ [ -81.9391435, 26.4489467 ], [ -81.9391435, 26.4489467 ] ] } },
{ "type": "Feature", "properties": { "dms_name": "FMB Elementary School DMS", "datetime": "2022-10-05T00:00:00" }, "geometry": { "type": "LineString", "coordinates": [ [ -81.9391435, 26.4489467 ], [ -81.9391435, 26.4489467 ] ] } },
{ "type": "Feature", "properties": { "dms_name": "FMB Elementary School DMS", "datetime": "2022-10-05T00:00:00" }, "geometry": { "type": "LineString", "coordinates": [ [ -81.9391435, 26.4489467 ], [ -81.9391435, 26.4489467 ] ] } },
{ "type": "Feature", "properties": { "dms_name": "FMB Elementary School DMS", "datetime": "2022-10-05T00:00:00" }, "geometry": { "type": "LineString", "coordinates": [ [ -81.9391435, 26.4489467 ], [ -81.9391435, 26.4489467 ] ] } },
{ "type": "Feature", "properties": { "dms_name": "FMB Elementary School DMS", "datetime": "2022-10-05T00:00:00" }, "geometry": { "type": "LineString", "coordinates": [ [ -81.9391435, 26.4489467 ], [ -81.9391435, 26.4489467 ] ] } },
{ "type": "Feature", "properties": { "dms_name": "FMB Elementary School DMS", "datetime": "2022-10-05T00:00:00" }, "geometry": { "type": "LineString", "coordinates": [ [ -81.9391435, 26.4489467 ], [ -81.9391435, 26.4489467 ] ] } },
{ "type": "Feature", "properties": { "dms_name": "FMB Elementary School DMS", "datetime": "2022-10-05T00:00:00" }, "geometry": { "type": "LineString", "coordinates": [ [ -81.9391435, 26.4489467 ], [ -81.9391435, 26.4489467 ] ] } },
{ "type": "Feature", "properties": { "dms_name": "FMB Elementary School DMS", "datetime": "2022-10-05T00:00:00" }, "geometry": { "type": "LineString", "coordinates": [ [ -81.9391435, 26.4489467 ], [ -81.9391435, 26.4489467 ] ] } },
{ "type": "Feature", "properties": { "dms_name": "FMB Elementary School DMS", "datetime": "2022-10-05T00:00:00" }, "geometry": { "type": "LineString", "coordinates": [ [ -81.9391435, 26.4489467 ], [ -81.9391435, 26.4489467 ] ] } },
{ "type": "Feature", "properties": { "dms_name": "FMB Elementary School DMS", "datetime": "2022-10-05T00:00:00" }, "geometry": { "type": "LineString", "coordinates": [ [ -81.9391435, 26.4489467 ], [ -81.9391435, 26.4489467 ] ] } },
{ "type": "Feature", "properties": { "dms_name": "FMB Elementary School DMS", "datetime": "2022-10-05T00:00:00" }, "geometry": { "type": "LineString", "coordinates": [ [ -81.9391435, 26.4489467 ], [ -81.9391435, 26.4489467 ] ] } },
{ "type": "Feature", "properties": { "dms_name": "FMB Elementary School DMS", "datetime": "2022-10-05T00:00:00" }, "geometry": { "type": "LineString", "coordinates": [ [ -81.9391435, 26.4489467 ], [ -81.9391435, 26.4489467 ] ] } },
{ "type": "Feature", "properties": { "dms_name": "FMB Elementary School DMS", "datetime": "2022-10-05T00:00:00" }, "geometry": { "type": "LineString", "coordinates": [ [ -81.9391435, 26.4489467 ], [ -81.9391435, 26.4489467 ] ] } },
{ "type": "Feature", "properties": { "dms_name": "FMB Elementary School DMS", "datetime": "2022-10-05T00:00:00" }, "geometry": { "type": "LineString", "coordinates": [ [ -81.9391435, 26.4489467 ], [ -81.9391435, 26.4489467 ] ] } },
{ "type": "Feature", "properties": { "dms_name": "FMB Elementary School DMS", "datetime": "2022-10-05T00:00:00" }, "geometry": { "type": "LineString", "coordinates": [ [ -81.9391435, 26.4489467 ], [ -81.9391435, 26.4489467 ] ] } },
{ "type": "Feature", "properties": { "dms_name": "FMB Elementary School DMS", "datetime": "2022-10-05T00:00:00" }, "geometry": { "type": "LineString", "coordinates": [ [ -81.9391435, 26.4489467 ], [ -81.9391435, 26.4489467 ] ] } },
{ "type": "Feature", "properties": { "dms_name": "FMB Elementary School DMS", "datetime": "2022-10-05T00:00:00" }, "geometry": { "type": "LineString", "coordinates": [ [ -81.9391435, 26.4489467 ], [ -81.9391435, 26.4489467 ] ] } },
{ "type": "Feature", "properties": { "dms_name": "FMB Elementary School DMS", "datetime": "2022-10-05T00:00:00" }, "geometry": { "type": "LineString", "coordinates": [ [ -81.9391435, 26.4489467 ], [ -81.9391435, 26.4489467 ] ] } },
{ "type": "Feature", "properties": { "dms_name": "FMB Elementary School DMS", "datetime": "2022-10-05T00:00:00" }, "geometry": { "type": "LineString", "coordinates": [ [ -81.9391435, 26.4489467 ], [ -81.9391435, 26.4489467 ] ] } },
{ "type": "Feature", "properties": { "dms_name": "FMB Elementary School DMS", "datetime": "2022-10-05T00:00:00" }, "geometry": { "type": "LineString", "coordinates": [ [ -81.9391435, 26.4489467 ], [ -81.9391435, 26.4489467 ] ] } },
{ "type": "Feature", "properties": { "dms_name": "FMB Elementary School DMS", "datetime": "2022-10-05T00:00:00" }, "geometry": { "type": "LineString", "coordinates": [ [ -81.9391435, 26.4489467 ], [ -81.9391435, 26.4489467 ] ] } },
{ "type": "Feature", "properties": { "dms_name": "FMB Elementary School DMS", "datetime": "2022-10-05T00:00:00" }, "geometry": { "type": "LineString", "coordinates": [ [ -81.9391435, 26.4489467 ], [ -81.9391435, 26.4489467 ] ] } },
{ "type": "Feature", "properties": { "dms_name": "FMB Elementary School DMS", "datetime": "2022-10-05T00:00:00" }, "geometry": { "type": "LineString", "coordinates": [ [ -81.9391435, 26.4489467 ], [ -81.9391435, 26.4489467 ] ] } },
{ "type": "Feature", "properties": { "dms_name": "FMB Elementary School DMS", "datetime": "2022-10-05T00:00:00" }, "geometry": { "type": "LineString", "coordinates": [ [ -81.9391435, 26.4489467 ], [ -81.9391435, 26.4489467 ] ] } },
{ "type": "Feature", "properties": { "dms_name": "FMB Elementary School DMS", "datetime": "2022-10-05T00:00:00" }, "geometry": { "type": "LineString", "coordinates": [ [ -81.9391435, 26.4489467 ], [ -81.9391435, 26.4489467 ] ] } },
{ "type": "Feature", "properties": { "dms_name": "FMB Elementary School DMS", "datetime": "2022-10-05T00:00:00" }, "geometry": { "type": "LineString", "coordinates": [ [ -81.9391435, 26.4489467 ], [ -81.9391435, 26.4489467 ] ] } },
{ "type": "Feature", "properties": { "dms_name": "FMB Elementary School DMS", "datetime": "2022-10-05T00:00:00" }, "geometry": { "type": "LineString", "coordinates": [ [ -81.9391435, 26.4489467 ], [ -81.9391435, 26.4489467 ] ] } },
{ "type": "Feature", "properties": { "dms_name": "FMB Elementary School DMS", "datetime": "2022-10-05T00:00:00" }, "geometry": { "type": "LineString", "coordinates": [ [ -81.9391435, 26.4489467 ], [ -81.9391435, 26.4489467 ] ] } },
{ "type": "Feature", "properties": { "dms_name": "FMB Elementary School DMS", "datetime": "2022-10-05T00:00:00" }, "geometry": { "type": "LineString", "coordinates": [ [ -81.9391435, 26.4489467 ], [ -81.9391435, 26.4489467 ] ] } },
{ "type": "Feature", "properties": { "dms_name": "FMB Elementary School DMS", "datetime": "2022-10-05T00:00:00" }, "geometry": { "type": "LineString", "coordinates": [ [ -81.9391435, 26.4489467 ], [ -81.9391435, 26.4489467 ] ] } },
{ "type": "Feature", "properties": { "dms_name": "FMB Elementary School DMS", "datetime": "2022-10-05T00:00:00" }, "geometry": { "type": "LineString", "coordinates": [ [ -81.9391435, 26.4489467 ], [ -81.9391435, 26.4489467 ] ] } },
{ "type": "Feature", "properties": { "dms_name": "FMB Elementary School DMS", "datetime": "2022-10-05T00:00:00" }, "geometry": { "type": "LineString", "coordinates": [ [ -81.9391435, 26.4489467 ], [ -81.9391435, 26.4489467 ] ] } },
{ "type": "Feature", "properties": { "dms_name": "FMB Elementary School DMS", "datetime": "2022-10-05T00:00:00" }, "geometry": { "type": "LineString", "coordinates": [ [ -81.9391435, 26.4489467 ], [ -81.9391435, 26.4489467 ] ] } },
{ "type": "Feature", "properties": { "dms_name": "FMB Elementary School DMS", "datetime": "2022-10-05T00:00:00" }, "geometry": { "type": "LineString", "coordinates": [ [ -81.9391435, 26.4489467 ], [ -81.9391435, 26.4489467 ] ] } },
{ "type": "Feature", "properties": { "dms_name": "FMB Elementary School DMS", "datetime": "2022-10-05T00:00:00" }, "geometry": { "type": "LineString", "coordinates": [ [ -81.9391435, 26.4489467 ], [ -81.9391435, 26.4489467 ] ] } },
{ "type": "Feature", "properties": { "dms_name": "FMB Elementary School DMS", "datetime": "2022-10-05T00:00:00" }, "geometry": { "type": "LineString", "coordinates": [ [ -81.9391435, 26.4489467 ], [ -81.9391435, 26.4489467 ] ] } },
{ "type": "Feature", "properties": { "dms_name": "FMB Elementary School DMS", "datetime": "2022-10-05T00:00:00" }, "geometry": { "type": "LineString", "coordinates": [ [ -81.9391435, 26.4489467 ], [ -81.9391435, 26.4489467 ] ] } },
{ "type": "Feature", "properties": { "dms_name": "FMB Elementary School DMS", "datetime": "2022-10-05T00:00:00" }, "geometry": { "type": "LineString", "coordinates": [ [ -81.9391435, 26.4489467 ], [ -81.9391435, 26.4489467 ] ] } },
{ "type": "Feature", "properties": { "dms_name": "FMB Elementary School DMS", "datetime": "2022-10-05T00:00:00" }, "geometry": { "type": "LineString", "coordinates": [ [ -81.9391435, 26.4489467 ], [ -81.9391435, 26.4489467 ] ] } },
{ "type": "Feature", "properties": { "dms_name": "FMB Elementary School DMS", "datetime": "2022-10-05T00:00:00" }, "geometry": { "type": "LineString", "coordinates": [ [ -81.9391435, 26.4489467 ], [ -81.9391435, 26.4489467 ] ] } },
{ "type": "Feature", "properties": { "dms_name": "FMB Elementary School DMS", "datetime": "2022-10-05T00:00:00" }, "geometry": { "type": "LineString", "coordinates": [ [ -81.9391435, 26.4489467 ], [ -81.9391435, 26.4489467 ] ] } },
{ "type": "Feature", "properties": { "dms_name": "FMB Elementary School DMS", "datetime": "2022-10-05T00:00:00" }, "geometry": { "type": "LineString", "coordinates": [ [ -81.9391435, 26.4489467 ], [ -81.9391435, 26.4489467 ] ] } },
{ "type": "Feature", "properties": { "dms_name": "FMB Elementary School DMS", "datetime": "2022-10-05T00:00:00" }, "geometry": { "type": "LineString", "coordinates": [ [ -81.9391435, 26.4489467 ], [ -81.9391435, 26.4489467 ] ] } },
{ "type": "Feature", "properties": { "dms_name": "FMB Elementary School DMS", "datetime": "2022-10-05T00:00:00" }, "geometry": { "type": "LineString", "coordinates": [ [ -81.9391435, 26.4489467 ], [ -81.9391435, 26.4489467 ] ] } },
{ "type": "Feature", "properties": { "dms_name": "FMB Elementary School DMS", "datetime": "2022-10-05T00:00:00" }, "geometry": { "type": "LineString", "coordinates": [ [ -81.9391435, 26.4489467 ], [ -81.9391435, 26.4489467 ] ] } },
{ "type": "Feature", "properties": { "dms_name": "FMB Elementary School DMS", "datetime": "2022-10-05T00:00:00" }, "geometry": { "type": "LineString", "coordinates": [ [ -81.9391435, 26.4489467 ], [ -81.9391435, 26.4489467 ] ] } },
{ "type": "Feature", "properties": { "dms_name": "FMB Elementary School DMS", "datetime": "2022-10-05T00:00:00" }, "geometry": { "type": "LineString", "coordinates": [ [ -81.9391435, 26.4489467 ], [ -81.9391435, 26.4489467 ] ] } },
{ "type": "Feature", "properties": { "dms_name": "FMB Elementary School DMS", "datetime": "2022-10-05T00:00:00" }, "geometry": { "type": "LineString", "coordinates": [ [ -81.9391435, 26.4489467 ], [ -81.9391435, 26.4489467 ] ] } },
{ "type": "Feature", "properties": { "dms_name": "FMB Elementary School DMS", "datetime": "2022-10-05T00:00:00" }, "geometry": { "type": "LineString", "coordinates": [ [ -81.9391435, 26.4489467 ], [ -81.9391435, 26.4489467 ] ] } },
{ "type": "Feature", "properties": { "dms_name": "FMB Elementary School DMS", "datetime": "2022-10-05T00:00:00" }, "geometry": { "type": "LineString", "coordinates": [ [ -81.9391435, 26.4489467 ], [ -81.9391435, 26.4489467 ] ] } },
{ "type": "Feature", "properties": { "dms_name": "FMB Elementary School DMS", "datetime": "2022-10-05T00:00:00" }, "geometry": { "type": "LineString", "coordinates": [ [ -81.9391435, 26.4489467 ], [ -81.9391435, 26.4489467 ] ] } },
{ "type": "Feature", "properties": { "dms_name": "FMB Elementary School DMS", "datetime": "2022-10-05T00:00:00" }, "geometry": { "type": "LineString", "coordinates": [ [ -81.9391435, 26.4489467 ], [ -81.9391435, 26.4489467 ] ] } },
{ "type": "Feature", "properties": { "dms_name": "FMB Elementary School DMS", "datetime": "2022-10-05T00:00:00" }, "geometry": { "type": "LineString", "coordinates": [ [ -81.9391435, 26.4489467 ], [ -81.9391435, 26.4489467 ] ] } },
{ "type": "Feature", "properties": { "dms_name": "FMB Elementary School DMS", "datetime": "2022-10-05T00:00:00" }, "geometry": { "type": "LineString", "coordinates": [ [ -81.9391435, 26.4489467 ], [ -81.9391435, 26.4489467 ] ] } },
{ "type": "Feature", "properties": { "dms_name": "FMB Elementary School DMS", "datetime": "2022-10-05T00:00:00" }, "geometry": { "type": "LineString", "coordinates": [ [ -81.9391435, 26.4489467 ], [ -81.9391435, 26.4489467 ] ] } },
{ "type": "Feature", "properties": { "dms_name": "FMB Elementary School DMS", "datetime": "2022-10-05T00:00:00" }, "geometry": { "type": "LineString", "coordinates": [ [ -81.9391435, 26.4489467 ], [ -81.9391435, 26.4489467 ] ] } },
{ "type": "Feature", "properties": { "dms_name": "FMB Elementary School DMS", "datetime": "2022-10-05T00:00:00" }, "geometry": { "type": "LineString", "coordinates": [ [ -81.9391435, 26.4489467 ], [ -81.9391435, 26.4489467 ] ] } },
{ "type": "Feature", "properties": { "dms_name": "FMB Elementary School DMS", "datetime": "2022-10-05T00:00:00" }, "geometry": { "type": "LineString", "coordinates": [ [ -81.9391435, 26.4489467 ], [ -81.9391435, 26.4489467 ] ] } },
{ "type": "Feature", "properties": { "dms_name": "FMB Elementary School DMS", "datetime": "2022-10-05T00:00:00" }, "geometry": { "type": "LineString", "coordinates": [ [ -81.9391435, 26.4489467 ], [ -81.9391435, 26.4489467 ] ] } },
{ "type": "Feature", "properties": { "dms_name": "FMB Elementary School DMS", "datetime": "2022-10-05T00:00:00" }, "geometry": { "type": "LineString", "coordinates": [ [ -81.9391435, 26.4489467 ], [ -81.9391435, 26.4489467 ] ] } },
{ "type": "Feature", "properties": { "dms_name": "FMB Elementary School DMS", "datetime": "2022-10-05T00:00:00" }, "geometry": { "type": "LineString", "coordinates": [ [ -81.9391435, 26.4489467 ], [ -81.9391435, 26.4489467 ] ] } },
{ "type": "Feature", "properties": { "dms_name": "FMB Elementary School DMS", "datetime": "2022-10-05T00:00:00" }, "geometry": { "type": "LineString", "coordinates": [ [ -81.9391435, 26.4489467 ], [ -81.9391435, 26.4489467 ] ] } },
{ "type": "Feature", "properties": { "dms_name": "FMB Elementary School DMS", "datetime": "2022-10-05T00:00:00" }, "geometry": { "type": "LineString", "coordinates": [ [ -81.9391435, 26.4489467 ], [ -81.9391435, 26.4489467 ] ] } },
{ "type": "Feature", "properties": { "dms_name": "FMB Elementary School DMS", "datetime": "2022-10-05T00:00:00" }, "geometry": { "type": "LineString", "coordinates": [ [ -81.9391435, 26.4489467 ], [ -81.9391435, 26.4489467 ] ] } },
{ "type": "Feature", "properties": { "dms_name": "FMB Elementary School DMS", "datetime": "2022-10-05T00:00:00" }, "geometry": { "type": "LineString", "coordinates": [ [ -81.9391435, 26.4489467 ], [ -81.9391435, 26.4489467 ] ] } },
{ "type": "Feature", "properties": { "dms_name": "FMB Elementary School DMS", "datetime": "2022-10-05T00:00:00" }, "geometry": { "type": "LineString", "coordinates": [ [ -81.9391435, 26.4489467 ], [ -81.9391435, 26.4489467 ] ] } },
{ "type": "Feature", "properties": { "dms_name": "FMB Elementary School DMS", "datetime": "2022-10-05T00:00:00" }, "geometry": { "type": "LineString", "coordinates": [ [ -81.9391435, 26.4489467 ], [ -81.9391435, 26.4489467 ] ] } },
{ "type": "Feature", "properties": { "dms_name": "FMB Elementary School DMS", "datetime": "2022-10-05T00:00:00" }, "geometry": { "type": "LineString", "coordinates": [ [ -81.9391435, 26.4489467 ], [ -81.9391435, 26.4489467 ] ] } },
{ "type": "Feature", "properties": { "dms_name": "FMB Elementary School DMS", "datetime": "2022-10-05T00:00:00" }, "geometry": { "type": "LineString", "coordinates": [ [ -81.9391435, 26.4489467 ], [ -81.9391435, 26.4489467 ] ] } },
{ "type": "Feature", "properties": { "dms_name": "FMB Elementary School DMS", "datetime": "2022-10-05T00:00:00" }, "geometry": { "type": "LineString", "coordinates": [ [ -81.9391435, 26.4489467 ], [ -81.9391435, 26.4489467 ] ] } },
{ "type": "Feature", "properties": { "dms_name": "FMB Elementary School DMS", "datetime": "2022-10-05T00:00:00" }, "geometry": { "type": "LineString", "coordinates": [ [ -81.9391435, 26.4489467 ], [ -81.9391435, 26.4489467 ] ] } },
{ "type": "Feature", "properties": { "dms_name": "FMB Elementary School DMS", "datetime": "2022-10-05T00:00:00" }, "geometry": { "type": "LineString", "coordinates": [ [ -81.9391435, 26.4489467 ], [ -81.9391435, 26.4489467 ] ] } },
{ "type": "Feature", "properties": { "dms_name": "FMB Elementary School DMS", "datetime": "2022-10-05T00:00:00" }, "geometry": { "type": "LineString", "coordinates": [ [ -81.9391435, 26.4489467 ], [ -81.9391435, 26.4489467 ] ] } },
{ "type": "Feature", "properties": { "dms_name": "FMB Elementary School DMS", "datetime": "2022-10-05T00:00:00" }, "geometry": { "type": "LineString", "coordinates": [ [ -81.9391435, 26.4489467 ], [ -81.9391435, 26.4489467 ] ] } },
{ "type": "Feature", "properties": { "dms_name": "FMB Elementary School DMS", "datetime": "2022-10-05T00:00:00" }, "geometry": { "type": "LineString", "coordinates": [ [ -81.9391435, 26.4489467 ], [ -81.9391435, 26.4489467 ] ] } },
{ "type": "Feature", "properties": { "dms_name": "FMB Elementary School DMS", "datetime": "2022-10-05T00:00:00" }, "geometry": { "type": "LineString", "coordinates": [ [ -81.9391435, 26.4489467 ], [ -81.9391435, 26.4489467 ] ] } },
{ "type": "Feature", "properties": { "dms_name": "FMB Elementary School DMS", "datetime": "2022-10-05T00:00:00" }, "geometry": { "type": "LineString", "coordinates": [ [ -81.9391435, 26.4489467 ], [ -81.9391435, 26.4489467 ] ] } },
{ "type": "Feature", "properties": { "dms_name": "FMB Elementary School DMS", "datetime": "2022-10-05T00:00:00" }, "geometry": { "type": "LineString", "coordinates": [ [ -81.9391435, 26.4489467 ], [ -81.9391435, 26.4489467 ] ] } },
{ "type": "Feature", "properties": { "dms_name": "FMB Elementary School DMS", "datetime": "2022-10-05T00:00:00" }, "geometry": { "type": "LineString", "coordinates": [ [ -81.9391435, 26.4489467 ], [ -81.9391435, 26.4489467 ] ] } },
{ "type": "Feature", "properties": { "dms_name": "FMB Elementary School DMS", "datetime": "2022-10-05T00:00:00" }, "geometry": { "type": "LineString", "coordinates": [ [ -81.9391435, 26.4489467 ], [ -81.9391435, 26.4489467 ] ] } },
{ "type": "Feature", "properties": { "dms_name": "FMB Elementary School DMS", "datetime": "2022-10-05T00:00:00" }, "geometry": { "type": "LineString", "coordinates": [ [ -81.9391435, 26.4489467 ], [ -81.9391435, 26.4489467 ] ] } },
{ "type": "Feature", "properties": { "dms_name": "FMB Elementary School DMS", "datetime": "2022-10-05T00:00:00" }, "geometry": { "type": "LineString", "coordinates": [ [ -81.9391435, 26.4489467 ], [ -81.9391435, 26.4489467 ] ] } },
{ "type": "Feature", "properties": { "dms_name": "FMB Elementary School DMS", "datetime": "2022-10-05T00:00:00" }, "geometry": { "type": "LineString", "coordinates": [ [ -81.9391435, 26.4489467 ], [ -81.9391435, 26.4489467 ] ] } },
{ "type": "Feature", "properties": { "dms_name": "FMB Elementary School DMS", "datetime": "2022-10-05T00:00:00" }, "geometry": { "type": "LineString", "coordinates": [ [ -81.9391435, 26.4489467 ], [ -81.9391435, 26.4489467 ] ] } },
{ "type": "Feature", "properties": { "dms_name": "FMB Elementary School DMS", "datetime": "2022-10-05T00:00:00" }, "geometry": { "type": "LineString", "coordinates": [ [ -81.9391435, 26.4489467 ], [ -81.9391435, 26.4489467 ] ] } },
{ "type": "Feature", "properties": { "dms_name": "FMB Elementary School DMS", "datetime": "2022-10-05T00:00:00" }, "geometry": { "type": "LineString", "coordinates": [ [ -81.9391435, 26.4489467 ], [ -81.9391435, 26.4489467 ] ] } },
{ "type": "Feature", "properties": { "dms_name": "FMB Elementary School DMS", "datetime": "2022-10-05T00:00:00" }, "geometry": { "type": "LineString", "coordinates": [ [ -81.9391435, 26.4489467 ], [ -81.9391435, 26.4489467 ] ] } },
{ "type": "Feature", "properties": { "dms_name": "FMB Elementary School DMS", "datetime": "2022-10-05T00:00:00" }, "geometry": { "type": "LineString", "coordinates": [ [ -81.9391435, 26.4489467 ], [ -81.9391435, 26.4489467 ] ] } },
{ "type": "Feature", "properties": { "dms_name": "FMB Elementary School DMS", "datetime": "2022-10-05T00:00:00" }, "geometry": { "type": "LineString", "coordinates": [ [ -81.9391435, 26.4489467 ], [ -81.9391435, 26.4489467 ] ] } },
{ "type": "Feature", "properties": { "dms_name": "FMB Elementary School DMS", "datetime": "2022-10-05T00:00:00" }, "geometry": { "type": "LineString", "coordinates": [ [ -81.9391435, 26.4489467 ], [ -81.9391435, 26.4489467 ] ] } },
{ "type": "Feature", "properties": { "dms_name": "FMB Elementary School DMS", "datetime": "2022-10-05T00:00:00" }, "geometry": { "type": "LineString", "coordinates": [ [ -81.9391435, 26.4489467 ], [ -81.9391435, 26.4489467 ] ] } },
{ "type": "Feature", "properties": { "dms_name": "FMB Elementary School DMS", "datetime": "2022-10-05T00:00:00" }, "geometry": { "type": "LineString", "coordinates": [ [ -81.9391435, 26.4489467 ], [ -81.9391435, 26.4489467 ] ] } },
{ "type": "Feature", "properties": { "dms_name": "FMB Elementary School DMS", "datetime": "2022-10-05T00:00:00" }, "geometry": { "type": "LineString", "coordinates": [ [ -81.9391435, 26.4489467 ], [ -81.9391435, 26.4489467 ] ] } },
{ "type": "Feature", "properties": { "dms_name": "FMB Elementary School DMS", "datetime": "2022-10-05T00:00:00" }, "geometry": { "type": "LineString", "coordinates": [ [ -81.9391435, 26.4489467 ], [ -81.9391435, 26.4489467 ] ] } },
{ "type": "Feature", "properties": { "dms_name": "FMB Elementary School DMS", "datetime": "2022-10-05T00:00:00" }, "geometry": { "type": "LineString", "coordinates": [ [ -81.9391435, 26.4489467 ], [ -81.9391435, 26.4489467 ] ] } },
{ "type": "Feature", "properties": { "dms_name": "FMB Elementary School DMS", "datetime": "2022-10-05T00:00:00" }, "geometry": { "type": "LineString", "coordinates": [ [ -81.9391435, 26.4489467 ], [ -81.9391435, 26.4489467 ] ] } },
{ "type": "Feature", "properties": { "dms_name": "FMB Elementary School DMS", "datetime": "2022-10-05T00:00:00" }, "geometry": { "type": "LineString", "coordinates": [ [ -81.9391435, 26.4489467 ], [ -81.9391435, 26.4489467 ] ] } },
{ "type": "Feature", "properties": { "dms_name": "FMB Elementary School DMS", "datetime": "2022-10-05T00:00:00" }, "geometry": { "type": "LineString", "coordinates": [ [ -81.9391435, 26.4489467 ], [ -81.9391435, 26.4489467 ] ] } },
{ "type": "Feature", "properties": { "dms_name": "FMB Elementary School DMS", "datetime": "2022-10-05T00:00:00" }, "geometry": { "type": "LineString", "coordinates": [ [ -81.9391435, 26.4489467 ], [ -81.9391435, 26.4489467 ] ] } },
{ "type": "Feature", "properties": { "dms_name": "FMB Elementary School DMS", "datetime": "2022-10-05T00:00:00" }, "geometry": { "type": "LineString", "coordinates": [ [ -81.9391435, 26.4489467 ], [ -81.9391435, 26.4489467 ] ] } },
{ "type": "Feature", "properties": { "dms_name": "FMB Elementary School DMS", "datetime": "2022-10-05T00:00:00" }, "geometry": { "type": "LineString", "coordinates": [ [ -81.9391435, 26.4489467 ], [ -81.9391435, 26.4489467 ] ] } },
{ "type": "Feature", "properties": { "dms_name": "FMB Elementary School DMS", "datetime": "2022-10-05T00:00:00" }, "geometry": { "type": "LineString", "coordinates": [ [ -81.9391435, 26.4489467 ], [ -81.9391435, 26.4489467 ] ] } },
{ "type": "Feature", "properties": { "dms_name": "FMB Elementary School DMS", "datetime": "2022-10-05T00:00:00" }, "geometry": { "type": "LineString", "coordinates": [ [ -81.9391435, 26.4489467 ], [ -81.9391435, 26.4489467 ] ] } },
{ "type": "Feature", "properties": { "dms_name": "FMB Elementary School DMS", "datetime": "2022-10-05T00:00:00" }, "geometry": { "type": "LineString", "coordinates": [ [ -81.9391435, 26.4489467 ], [ -81.9391435, 26.4489467 ] ] } },
{ "type": "Feature", "properties": { "dms_name": "FMB Elementary School DMS", "datetime": "2022-10-05T00:00:00" }, "geometry": { "type": "LineString", "coordinates": [ [ -81.9391435, 26.4489467 ], [ -81.9391435, 26.4489467 ] ] } },
{ "type": "Feature", "properties": { "dms_name": "FMB Elementary School DMS", "datetime": "2022-10-05T00:00:00" }, "geometry": { "type": "LineString", "coordinates": [ [ -81.9391435, 26.4489467 ], [ -81.9391435, 26.4489467 ] ] } },
{ "type": "Feature", "properties": { "dms_name": "FMB Elementary School DMS", "datetime": "2022-10-05T00:00:00" }, "geometry": { "type": "LineString", "coordinates": [ [ -81.9391435, 26.4489467 ], [ -81.9391435, 26.4489467 ] ] } },
{ "type": "Feature", "properties": { "dms_name": "FMB Elementary School DMS", "datetime": "2022-10-05T00:00:00" }, "geometry": { "type": "LineString", "coordinates": [ [ -81.9391435, 26.4489467 ], [ -81.9391435, 26.4489467 ] ] } },
{ "type": "Feature", "properties": { "dms_name": "FMB Elementary School DMS", "datetime": "2022-10-05T00:00:00" }, "geometry": { "type": "LineString", "coordinates": [ [ -81.9391435, 26.4489467 ], [ -81.9391435, 26.4489467 ] ] } },
{ "type": "Feature", "properties": { "dms_name": "FMB Elementary School DMS", "datetime": "2022-10-05T00:00:00" }, "geometry": { "type": "LineString", "coordinates": [ [ -81.9391435, 26.4489467 ], [ -81.9391435, 26.4489467 ] ] } },
{ "type": "Feature", "properties": { "dms_name": "FMB Elementary School DMS", "datetime": "2022-10-05T00:00:00" }, "geometry": { "type": "LineString", "coordinates": [ [ -81.9391435, 26.4489467 ], [ -81.9391435, 26.4489467 ] ] } },
{ "type": "Feature", "properties": { "dms_name": "FMB Elementary School DMS", "datetime": "2022-10-05T00:00:00" }, "geometry": { "type": "LineString", "coordinates": [ [ -81.9391435, 26.4489467 ], [ -81.9391435, 26.4489467 ] ] } },
{ "type": "Feature", "properties": { "dms_name": "FMB Elementary School DMS", "datetime": "2022-10-05T00:00:00" }, "geometry": { "type": "LineString", "coordinates": [ [ -81.9391435, 26.4489467 ], [ -81.9391435, 26.4489467 ] ] } },
{ "type": "Feature", "properties": { "dms_name": "FMB Elementary School DMS", "datetime": "2022-10-05T00:00:00" }, "geometry": { "type": "LineString", "coordinates": [ [ -81.9391435, 26.4489467 ], [ -81.9391435, 26.4489467 ] ] } },
{ "type": "Feature", "properties": { "dms_name": "FMB Elementary School DMS", "datetime": "2022-10-05T00:00:00" }, "geometry": { "type": "LineString", "coordinates": [ [ -81.9391435, 26.4489467 ], [ -81.9391435, 26.4489467 ] ] } },
{ "type": "Feature", "properties": { "dms_name": "FMB Elementary School DMS", "datetime": "2022-10-05T00:00:00" }, "geometry": { "type": "LineString", "coordinates": [ [ -81.9391435, 26.4489467 ], [ -81.9391435, 26.4489467 ] ] } },
{ "type": "Feature", "properties": { "dms_name": "FMB Elementary School DMS", "datetime": "2022-10-05T00:00:00" }, "geometry": { "type": "LineString", "coordinates": [ [ -81.9391435, 26.4489467 ], [ -81.9391435, 26.4489467 ] ] } },
{ "type": "Feature", "properties": { "dms_name": "FMB Elementary School DMS", "datetime": "2022-10-05T00:00:00" }, "geometry": { "type": "LineString", "coordinates": [ [ -81.9391435, 26.4489467 ], [ -81.9391435, 26.4489467 ] ] } },
{ "type": "Feature", "properties": { "dms_name": "FMB Elementary School DMS", "datetime": "2022-10-05T00:00:00" }, "geometry": { "type": "LineString", "coordinates": [ [ -81.9391435, 26.4489467 ], [ -81.9391435, 26.4489467 ] ] } },
{ "type": "Feature", "properties": { "dms_name": "FMB Elementary School DMS", "datetime": "2022-10-05T00:00:00" }, "geometry": { "type": "LineString", "coordinates": [ [ -81.9391435, 26.4489467 ], [ -81.9391435, 26.4489467 ] ] } },
{ "type": "Feature", "properties": { "dms_name": "FMB Elementary School DMS", "datetime": "2022-10-05T00:00:00" }, "geometry": { "type": "LineString", "coordinates": [ [ -81.9391435, 26.4489467 ], [ -81.9391435, 26.4489467 ] ] } },
{ "type": "Feature", "properties": { "dms_name": "FMB Elementary School DMS", "datetime": "2022-10-05T00:00:00" }, "geometry": { "type": "LineString", "coordinates": [ [ -81.9391435, 26.4489467 ], [ -81.9391435, 26.4489467 ] ] } },
{ "type": "Feature", "properties": { "dms_name": "FMB Elementary School DMS", "datetime": "2022-10-05T00:00:00" }, "geometry": { "type": "LineString", "coordinates": [ [ -81.9391435, 26.4489467 ], [ -81.9391435, 26.4489467 ] ] } },
{ "type": "Feature", "properties": { "dms_name": "FMB Elementary School DMS", "datetime": "2022-10-05T00:00:00" }, "geometry": { "type": "LineString", "coordinates": [ [ -81.9391435, 26.4489467 ], [ -81.9391435, 26.4489467 ] ] } },
{ "type": "Feature", "properties": { "dms_name": "FMB Elementary School DMS", "datetime": "2022-10-05T00:00:00" }, "geometry": { "type": "LineString", "coordinates": [ [ -81.9391435, 26.4489467 ], [ -81.9391435, 26.4489467 ] ] } },
{ "type": "Feature", "properties": { "dms_name": "FMB Elementary School DMS", "datetime": "2022-10-05T00:00:00" }, "geometry": { "type": "LineString", "coordinates": [ [ -81.9391435, 26.4489467 ], [ -81.9391435, 26.4489467 ] ] } },
{ "type": "Feature", "properties": { "dms_name": "FMB Elementary School DMS", "datetime": "2022-10-05T00:00:00" }, "geometry": { "type": "LineString", "coordinates": [ [ -81.9391435, 26.4489467 ], [ -81.9391435, 26.4489467 ] ] } },
{ "type": "Feature", "properties": { "dms_name": "FMB Elementary School DMS", "datetime": "2022-10-05T00:00:00" }, "geometry": { "type": "LineString", "coordinates": [ [ -81.9391435, 26.4489467 ], [ -81.9391435, 26.4489467 ] ] } },
{ "type": "Feature", "properties": { "dms_name": "FMB Elementary School DMS", "datetime": "2022-10-05T00:00:00" }, "geometry": { "type": "LineString", "coordinates": [ [ -81.9391435, 26.4489467 ], [ -81.9391435, 26.4489467 ] ] } },
{ "type": "Feature", "properties": { "dms_name": "FMB Elementary School DMS", "datetime": "2022-10-05T00:00:00" }, "geometry": { "type": "LineString", "coordinates": [ [ -81.9391435, 26.4489467 ], [ -81.9391435, 26.4489467 ] ] } },
{ "type": "Feature", "properties": { "dms_name": "FMB Elementary School DMS", "datetime": "2022-10-05T00:00:00" }, "geometry": { "type": "LineString", "coordinates": [ [ -81.9391435, 26.4489467 ], [ -81.9391435, 26.4489467 ] ] } },
{ "type": "Feature", "properties": { "dms_name": "FMB Elementary School DMS", "datetime": "2022-10-05T00:00:00" }, "geometry": { "type": "LineString", "coordinates": [ [ -81.9391435, 26.4489467 ], [ -81.9391435, 26.4489467 ] ] } }
]
}
