{
"type": "FeatureCollection",
"crs": { "type": "name", "properties": { "name": "urn:ogc:def:crs:OGC:1.3:CRS84" } },
"features": [
{ "type": "Feature", "properties": { "dms_name": "Bay Oaks DMS", "datetime": "2022-10-05T00:00:00" }, "geometry": { "type": "Point", "coordinates": [ -81.9404797, 26.4506141 ] } },
{ "type": "Feature", "properties": { "dms_name": "FMB Elementary School DMS", "datetime": "2022-10-05T00:00:00" }, "geometry": { "type": "Point", "coordinates": [ -81.9391435, 26.4489467 ] } },
{ "type": "Feature", "properties": { "dms_name": "Bay Oaks DMS", "datetime": "2022-10-05T00:00:00" }, "geometry": { "type": "Point", "coordinates": [ -81.9404797, 26.4506141 ] } },
{ "type": "Feature", "properties": { "dms_name": "FMB Elementary School DMS", "datetime": "2022-10-05T00:00:00" }, "geometry": { "type": "Point", "coordinates": [ -81.9391435, 26.4489467 ] } },
{ "type": "Feature", "properties": { "dms_name": "Bay Oaks DMS", "datetime": "2022-10-05T00:00:00" }, "geometry": { "type": "Point", "coordinates": [ -81.9404797, 26.4506141 ] } },
{ "type": "Feature", "properties": { "dms_name": "FMB Elementary School DMS", "datetime": "2022-10-05T00:00:00" }, "geometry": { "type": "Point", "coordinates": [ -81.9391435, 26.4489467 ] } },
{ "type": "Feature", "properties": { "dms_name": "Bay Oaks DMS", "datetime": "2022-10-05T00:00:00" }, "geometry": { "type": "Point", "coordinates": [ -81.9404797, 26.4506141 ] } },
{ "type": "Feature", "properties": { "dms_name": "FMB Elementary School DMS", "datetime": "2022-10-05T00:00:00" }, "geometry": { "type": "Point", "coordinates": [ -81.9391435, 26.4489467 ] } },
{ "type": "Feature", "properties": { "dms_name": "Bay Oaks DMS", "datetime": "2022-10-05T00:00:00" }, "geometry": { "type": "Point", "coordinates": [ -81.9404797, 26.4506141 ] } },
{ "type": "Feature", "properties": { "dms_name": "FMB Elementary School DMS", "datetime": "2022-10-05T00:00:00" }, "geometry": { "type": "Point", "coordinates": [ -81.9391435, 26.4489467 ] } },
{ "type": "Feature", "properties": { "dms_name": "Bay Oaks DMS", "datetime": "2022-10-05T00:00:00" }, "geometry": { "type": "Point", "coordinates": [ -81.9404797, 26.4506141 ] } },
{ "type": "Feature", "properties": { "dms_name": "FMB Elementary School DMS", "datetime": "2022-10-05T00:00:00" }, "geometry": { "type": "Point", "coordinates": [ -81.9391435, 26.4489467 ] } },
{ "type": "Feature", "properties": { "dms_name": "Bay Oaks DMS", "datetime": "2022-10-05T00:00:00" }, "geometry": { "type": "Point", "coordinates": [ -81.9404797, 26.4506141 ] } },
{ "type": "Feature", "properties": { "dms_name": "FMB Elementary School DMS", "datetime": "2022-10-05T00:00:00" }, "geometry": { "type": "Point", "coordinates": [ -81.9391435, 26.4489467 ] } },
{ "type": "Feature", "properties": { "dms_name": "Bay Oaks DMS", "datetime": "2022-10-05T00:00:00" }, "geometry": { "type": "Point", "coordinates": [ -81.9404797, 26.4506141 ] } },
{ "type": "Feature", "properties": { "dms_name": "FMB Elementary School DMS", "datetime": "2022-10-05T00:00:00" }, "geometry": { "type": "Point", "coordinates": [ -81.9391435, 26.4489467 ] } },
{ "type": "Feature", "properties": { "dms_name": "Bay Oaks DMS", "datetime": "2022-10-05T00:00:00" }, "geometry": { "type": "Point", "coordinates": [ -81.9404797, 26.4506141 ] } },
{ "type": "Feature", "properties": { "dms_name": "FMB Elementary School DMS", "datetime": "2022-10-05T00:00:00" }, "geometry": { "type": "Point", "coordinates": [ -81.9391435, 26.4489467 ] } },
{ "type": "Feature", "properties": { "dms_name": "Bay Oaks DMS", "datetime": "2022-10-05T00:00:00" }, "geometry": { "type": "Point", "coordinates": [ -81.9404797, 26.4506141 ] } },
{ "type": "Feature", "properties": { "dms_name": "FMB Elementary School DMS", "datetime": "2022-10-05T00:00:00" }, "geometry": { "type": "Point", "coordinates": [ -81.9391435, 26.4489467 ] } },
{ "type": "Feature", "properties": { "dms_name": "Bay Oaks DMS", "datetime": "2022-10-05T00:00:00" }, "geometry": { "type": "Point", "coordinates": [ -81.9404797, 26.4506141 ] } },
{ "type": "Feature", "properties": { "dms_name": "FMB Elementary School DMS", "datetime": "2022-10-05T00:00:00" }, "geometry": { "type": "Point", "coordinates": [ -81.9391435, 26.4489467 ] } },
{ "type": "Feature", "properties": { "dms_name": "Bay Oaks DMS", "datetime": "2022-10-05T00:00:00" }, "geometry": { "type": "Point", "coordinates": [ -81.9404797, 26.4506141 ] } },
{ "type": "Feature", "properties": { "dms_name": "FMB Elementary School DMS", "datetime": "2022-10-05T00:00:00" }, "geometry": { "type": "Point", "coordinates": [ -81.9391435, 26.4489467 ] } },
{ "type": "Feature", "properties": { "dms_name": "Bay Oaks DMS", "datetime": "2022-10-05T00:00:00" }, "geometry": { "type": "Point", "coordinates": [ -81.9404797, 26.4506141 ] } },
{ "type": "Feature", "properties": { "dms_name": "FMB Elementary School DMS", "datetime": "2022-10-05T00:00:00" }, "geometry": { "type": "Point", "coordinates": [ -81.9391435, 26.4489467 ] } },
{ "type": "Feature", "properties": { "dms_name": "Bay Oaks DMS", "datetime": "2022-10-05T00:00:00" }, "geometry": { "type": "Point", "coordinates": [ -81.9404797, 26.4506141 ] } },
{ "type": "Feature", "properties": { "dms_name": "FMB Elementary School DMS", "datetime": "2022-10-05T00:00:00" }, "geometry": { "type": "Point", "coordinates": [ -81.9391435, 26.4489467 ] } },
{ "type": "Feature", "properties": { "dms_name": "Bay Oaks DMS", "datetime": "2022-10-05T00:00:00" }, "geometry": { "type": "Point", "coordinates": [ -81.9404797, 26.4506141 ] } },
{ "type": "Feature", "properties": { "dms_name": "Bay Oaks DMS", "datetime": "2022-10-05T00:00:17.219" }, "geometry": { "type": "Point", "coordinates": [ -81.9406701, 26.4490917 ] } },
{ "type": "Feature", "properties": { "dms_name": "Bay Oaks DMS", "datetime": "2022-10-05T00:00:18.374" }, "geometry": { "type": "Point", "coordinates": [ -81.9405957, 26.4489914 ] } },
{ "type": "Feature", "properties": { "dms_name": "Bay Oaks DMS", "datetime": "2022-10-05T00:15:53.966" }, "geometry": { "type": "Point", "coordinates": [ -81.9406701, 26.4490917 ] } },
{ "type": "Feature", "properties": { "dms_name": "Bay Oaks DMS", "datetime": "2022-10-05T00:15:55.121" }, "geometry": { "type": "Point", "coordinates": [ -81.9405957, 26.4489914 ] } },
{ "type": "Feature", "properties": { "dms_name": "Bay Oaks DMS", "datetime": "2022-10-05T00:31:30.713" }, "geometry": { "type": "Point", "coordinates": [ -81.9406701, 26.4490917 ] } },
{ "type": "Feature", "properties": { "dms_name": "Bay Oaks DMS", "datetime": "2022-10-05T00:31:31.868" }, "geometry": { "type": "Point", "coordinates": [ -81.9405957, 26.4489914 ] } },
{ "type": "Feature", "properties": { "dms_name": "Bay Oaks DMS", "datetime": "2022-10-05T00:47:07.460" }, "geometry": { "type": "Point", "coordinates": [ -81.9406701, 26.4490917 ] } },
{ "type": "Feature", "properties": { "dms_name": "Bay Oaks DMS", "datetime": "2022-10-05T00:47:08.615" }, "geometry": { "type": "Point", "coordinates": [ -81.9405957, 26.4489914 ] } },
{ "type": "Feature", "properties": { "dms_name": "Bay Oaks DMS", "datetime": "2022-10-05T01:02:44.207" }, "geometry": { "type": "Point", "coordinates": [ -81.9406701, 26.4490917 ] } },
{ "type": "Feature", "properties": { "dms_name": "Bay Oaks DMS", "datetime": "2022-10-05T01:02:45.362" }, "geometry": { "type": "Point", "coordinates": [ -81.9405957, 26.4489914 ] } },
{ "type": "Feature", "properties": { "dms_name": "Bay Oaks DMS", "datetime": "2022-10-05T01:18:20.955" }, "geometry": { "type": "Point", "coordinates": [ -81.9406701, 26.4490917 ] } },
{ "type": "Feature", "properties": { "dms_name": "Bay Oaks DMS", "datetime": "2022-10-05T01:18:22.109" }, "geometry": { "type": "Point", "coordinates": [ -81.9405957, 26.4489914 ] } },
{ "type": "Feature", "properties": { "dms_name": "Bay Oaks DMS", "datetime": "2022-10-05T01:33:57.702" }, "geometry": { "type": "Point", "coordinates": [ -81.9406701, 26.4490917 ] } },
{ "type": "Feature", "properties": { "dms_name": "Bay Oaks DMS", "datetime": "2022-10-05T01:33:58.856" }, "geometry": { "type": "Point", "coordinates": [ -81.9405957, 26.4489914 ] } },
{ "type": "Feature", "properties": { "dms_name": "Bay Oaks DMS", "datetime": "2022-10-05T01:49:34.449" }, "geometry": { "type": "Point", "coordinates": [ -81.9406701, 26.4490917 ] } },
{ "type": "Feature", "properties": { "dms_name": "Bay Oaks DMS", "datetime": "2022-10-05T01:49:35.604" }, "geometry": { "type": "Point", "coordinates": [ -81.9405957, 26.4489914 ] } },
{ "type": "Feature", "properties": { "dms_name": "Bay Oaks DMS", "datetime": "2022-10-05T02:00:34.715" }, "geometry": { "type": "Point", "coordinates": [ -81.9403241, 26.4488972 ] } },
{ "type": "Feature", "properties": { "dms_name": "Bay Oaks DMS", "datetime": "2022-10-05T02:00:36.120" }, "geometry": { "type": "Point", "coordinates": [ -81.9401476, 26.4488359 ] } },
{ "type": "Feature", "properties": { "dms_name": "Bay Oaks DMS", "datetime": "2022-10-05T02:00:41.232" }, "geometry": { "type": "Point", "coordinates": [ -81.9395387, 26.4485582 ] } },
{ "type": "Feature", "properties": { "dms_name": "Bay Oaks DMS", "datetime": "2022-10-05T02:00:46.119" }, "geometry": { "type": "Point", "coordinates": [ -81.9397971, 26.448016 ] } },
{ "type": "Feature", "properties": { "dms_name": "Bay Oaks DMS", "datetime": "2022-10-05T02:00:49.248" }, "geometry": { "type": "Point", "coordinates": [ -81.9399625, 26.4476689 ] } },
{ "type": "Feature", "properties": { "dms_name": "Bay Oaks DMS", "datetime": "2022-10-05T02:00:53.749" }, "geometry": { "type": "Point", "coordinates": [ -81.9393989, 26.4474688 ] } },
{ "type": "Feature", "properties": { "dms_name": "Bay Oaks DMS", "datetime": "2022-10-05T02:00:57.366" }, "geometry": { "type": "Point", "coordinates": [ -81.938946, 26.447308 ] } },
{ "type": "Feature", "properties": { "dms_name": "Bay Oaks DMS", "datetime": "2022-10-05T02:01:00.858" }, "geometry": { "type": "Point", "coordinates": [ -81.9385375, 26.4471016 ] } },
{ "type": "Feature", "properties": { "dms_name": "Bay Oaks DMS", "datetime": "2022-10-05T02:01:03.518" }, "geometry": { "type": "Point", "coordinates": [ -81.9382959, 26.446866 ] } },
{ "type": "Feature", "properties": { "dms_name": "Bay Oaks DMS", "datetime": "2022-10-05T02:01:07.085" }, "geometry": { "type": "Point", "coordinates": [ -81.938057, 26.446493 ] } },
{ "type": "Feature", "properties": { "dms_name": "Bay Oaks DMS", "datetime": "2022-10-05T02:01:11.030" }, "geometry": { "type": "Point", "coordinates": [ -81.9377048, 26.4461411 ] } },
{ "type": "Feature", "properties": { "dms_name": "Bay Oaks DMS", "datetime": "2022-10-05T02:01:11.807" }, "geometry": { "type": "Point", "coordinates": [ -81.937621, 26.446085 ] } },
{ "type": "Feature", "properties": { "dms_name": "Bay Oaks DMS", "datetime": "2022-10-05T02:01:12.348" }, "geometry": { "type": "Point", "coordinates": [ -81.9375596, 26.4460498 ] } },
{ "type": "Feature", "properties": { "dms_name": "Bay Oaks DMS", "datetime": "2022-10-05T02:01:12.978" }, "geometry": { "type": "Point", "coordinates": [ -81.9374881, 26.4460088 ] } },
{ "type": "Feature", "properties": { "dms_name": "Bay Oaks DMS", "datetime": "2022-10-05T02:01:13.450" }, "geometry": { "type": "Point", "coordinates": [ -81.9374343, 26.4459786 ] } },
{ "type": "Feature", "properties": { "dms_name": "Bay Oaks DMS", "datetime": "2022-10-05T02:01:23.218" }, "geometry": { "type": "Point", "coordinates": [ -81.936288, 26.4454001 ] } },
{ "type": "Feature", "properties": { "dms_name": "Bay Oaks DMS", "datetime": "2022-10-05T02:01:24.907" }, "geometry": { "type": "Point", "coordinates": [ -81.9360901, 26.4452996 ] } },
{ "type": "Feature", "properties": { "dms_name": "Bay Oaks DMS", "datetime": "2022-10-05T02:01:29.193" }, "geometry": { "type": "Point", "coordinates": [ -81.935588, 26.4450445 ] } },
{ "type": "Feature", "properties": { "dms_name": "Bay Oaks DMS", "datetime": "2022-10-05T02:01:32.234" }, "geometry": { "type": "Point", "coordinates": [ -81.9352317, 26.4448635 ] } },
{ "type": "Feature", "properties": { "dms_name": "Bay Oaks DMS", "datetime": "2022-10-05T02:01:35.582" }, "geometry": { "type": "Point", "coordinates": [ -81.9348395, 26.4446642 ] } },
{ "type": "Feature", "properties": { "dms_name": "Bay Oaks DMS", "datetime": "2022-10-05T02:01:37.602" }, "geometry": { "type": "Point", "coordinates": [ -81.9346402, 26.4448302 ] } },
{ "type": "Feature", "properties": { "dms_name": "Bay Oaks DMS", "datetime": "2022-10-05T02:01:40.968" }, "geometry": { "type": "Point", "coordinates": [ -81.9343098, 26.4451082 ] } },
{ "type": "Feature", "properties": { "dms_name": "Bay Oaks DMS", "datetime": "2022-10-05T02:01:42.439" }, "geometry": { "type": "Point", "coordinates": [ -81.9341654, 26.4452297 ] } },
{ "type": "Feature", "properties": { "dms_name": "Bay Oaks DMS", "datetime": "2022-10-05T02:01:46.952" }, "geometry": { "type": "Point", "coordinates": [ -81.9337247, 26.4456045 ] } },
{ "type": "Feature", "properties": { "dms_name": "Bay Oaks DMS", "datetime": "2022-10-05T02:01:52.541" }, "geometry": { "type": "Point", "coordinates": [ -81.933191, 26.44608 ] } },
{ "type": "Feature", "properties": { "dms_name": "Bay Oaks DMS", "datetime": "2022-10-05T02:02:00.184" }, "geometry": { "type": "Point", "coordinates": [ -81.932314, 26.44596 ] } },
{ "type": "Feature", "properties": { "dms_name": "Bay Oaks DMS", "datetime": "2022-10-05T02:02:05.663" }, "geometry": { "type": "Point", "coordinates": [ -81.931665, 26.445648 ] } },
{ "type": "Feature", "properties": { "dms_name": "Bay Oaks DMS", "datetime": "2022-10-05T02:02:07.340" }, "geometry": { "type": "Point", "coordinates": [ -81.931502, 26.445788 ] } },
{ "type": "Feature", "properties": { "dms_name": "Bay Oaks DMS", "datetime": "2022-10-05T02:02:12.140" }, "geometry": { "type": "Point", "coordinates": [ -81.930951, 26.445485 ] } },
{ "type": "Feature", "properties": { "dms_name": "Bay Oaks DMS", "datetime": "2022-10-05T02:02:14.921" }, "geometry": { "type": "Point", "coordinates": [ -81.930635, 26.445305 ] } },
{ "type": "Feature", "properties": { "dms_name": "Bay Oaks DMS", "datetime": "2022-10-05T02:02:18.161" }, "geometry": { "type": "Point", "coordinates": [ -81.930264, 26.445099 ] } },
{ "type": "Feature", "properties": { "dms_name": "Bay Oaks DMS", "datetime": "2022-10-05T02:02:39.386" }, "geometry": { "type": "Point", "coordinates": [ -81.9323217, 26.4433229 ] } },
{ "type": "Feature", "properties": { "dms_name": "Bay Oaks DMS", "datetime": "2022-10-05T02:02:44.762" }, "geometry": { "type": "Point", "coordinates": [ -81.9317064, 26.442981 ] } },
{ "type": "Feature", "properties": { "dms_name": "Bay Oaks DMS", "datetime": "2022-10-05T02:02:45.573" }, "geometry": { "type": "Point", "coordinates": [ -81.9316135, 26.4429294 ] } },
{ "type": "Feature", "properties": { "dms_name": "Bay Oaks DMS", "datetime": "2022-10-05T02:02:47.360" }, "geometry": { "type": "Point", "coordinates": [ -81.9314065, 26.4428194 ] } },
{ "type": "Feature", "properties": { "dms_name": "Bay Oaks DMS", "datetime": "2022-10-05T02:02:48.238" }, "geometry": { "type": "Point", "coordinates": [ -81.9313048, 26.4427655 ] } },
{ "type": "Feature", "properties": { "dms_name": "Bay Oaks DMS", "datetime": "2022-10-05T02:02:50.598" }, "geometry": { "type": "Point", "coordinates": [ -81.9310314, 26.4426202 ] } },
{ "type": "Feature", "properties": { "dms_name": "Bay Oaks DMS", "datetime": "2022-10-05T02:02:54.035" }, "geometry": { "type": "Point", "coordinates": [ -81.9306421, 26.4423959 ] } },
{ "type": "Feature", "properties": { "dms_name": "Bay Oaks DMS", "datetime": "2022-10-05T02:02:55.542" }, "geometry": { "type": "Point", "coordinates": [ -81.9304714, 26.4422975 ] } },
{ "type": "Feature", "properties": { "dms_name": "Bay Oaks DMS", "datetime": "2022-10-05T02:03:00.075" }, "geometry": { "type": "Point", "coordinates": [ -81.9299579, 26.4420016 ] } },
{ "type": "Feature", "properties": { "dms_name": "Bay Oaks DMS", "datetime": "2022-10-05T02:03:07.045" }, "geometry": { "type": "Point", "coordinates": [ -81.9291616, 26.4415564 ] } },
{ "type": "Feature", "properties": { "dms_name": "Bay Oaks DMS", "datetime": "2022-10-05T02:03:09.423" }, "geometry": { "type": "Point", "coordinates": [ -81.9288898, 26.4414045 ] } },
{ "type": "Feature", "properties": { "dms_name": "Bay Oaks DMS", "datetime": "2022-10-05T02:03:13.174" }, "geometry": { "type": "Point", "coordinates": [ -81.9284612, 26.4411649 ] } },
{ "type": "Feature", "properties": { "dms_name": "Bay Oaks DMS", "datetime": "2022-10-05T02:03:17.307" }, "geometry": { "type": "Point", "coordinates": [ -81.927989, 26.440901 ] } },
{ "type": "Feature", "properties": { "dms_name": "Bay Oaks DMS", "datetime": "2022-10-05T02:03:18.566" }, "geometry": { "type": "Point", "coordinates": [ -81.9278457, 26.4408197 ] } },
{ "type": "Feature", "properties": { "dms_name": "Bay Oaks DMS", "datetime": "2022-10-05T02:03:23.131" }, "geometry": { "type": "Point", "coordinates": [ -81.9273263, 26.4405251 ] } },
{ "type": "Feature", "properties": { "dms_name": "Bay Oaks DMS", "datetime": "2022-10-05T02:03:28.846" }, "geometry": { "type": "Point", "coordinates": [ -81.926676, 26.4401562 ] } },
{ "type": "Feature", "properties": { "dms_name": "Bay Oaks DMS", "datetime": "2022-10-05T02:03:34.560" }, "geometry": { "type": "Point", "coordinates": [ -81.9260258, 26.4397874 ] } },
{ "type": "Feature", "properties": { "dms_name": "Bay Oaks DMS", "datetime": "2022-10-05T02:03:38.054" }, "geometry": { "type": "Point", "coordinates": [ -81.9256281, 26.4395619 ] } },
{ "type": "Feature", "properties": { "dms_name": "Bay Oaks DMS", "datetime": "2022-10-05T02:03:40.236" }, "geometry": { "type": "Point", "coordinates": [ -81.9253799, 26.4394211 ] } },
{ "type": "Feature", "properties": { "dms_name": "Bay Oaks DMS", "datetime": "2022-10-05T02:03:41.549" }, "geometry": { "type": "Point", "coordinates": [ -81.9252305, 26.4393363 ] } },
{ "type": "Feature", "properties": { "dms_name": "Bay Oaks DMS", "datetime": "2022-10-05T02:03:44.588" }, "geometry": { "type": "Point", "coordinates": [ -81.9248847, 26.4391402 ] } },
{ "type": "Feature", "properties": { "dms_name": "Bay Oaks DMS", "datetime": "2022-10-05T02:03:45.663" }, "geometry": { "type": "Point", "coordinates": [ -81.9247624, 26.4390708 ] } },
{ "type": "Feature", "properties": { "dms_name": "Bay Oaks DMS", "datetime": "2022-10-05T02:03:51.495" }, "geometry": { "type": "Point", "coordinates": [ -81.924111, 26.438678 ] } },
{ "type": "Feature", "properties": { "dms_name": "Bay Oaks DMS", "datetime": "2022-10-05T02:03:57.978" }, "geometry": { "type": "Point", "coordinates": [ -81.92342, 26.4382 ] } },
{ "type": "Feature", "properties": { "dms_name": "Bay Oaks DMS", "datetime": "2022-10-05T02:04:00.159" }, "geometry": { "type": "Point", "coordinates": [ -81.9231909, 26.4380354 ] } },
{ "type": "Feature", "properties": { "dms_name": "Bay Oaks DMS", "datetime": "2022-10-05T02:04:00.389" }, "geometry": { "type": "Point", "coordinates": [ -81.9231667, 26.438018 ] } },
{ "type": "Feature", "properties": { "dms_name": "Bay Oaks DMS", "datetime": "2022-10-05T02:04:01.550" }, "geometry": { "type": "Point", "coordinates": [ -81.9230447, 26.4379304 ] } },
{ "type": "Feature", "properties": { "dms_name": "Bay Oaks DMS", "datetime": "2022-10-05T02:04:02.479" }, "geometry": { "type": "Point", "coordinates": [ -81.9229471, 26.4378603 ] } },
{ "type": "Feature", "properties": { "dms_name": "Bay Oaks DMS", "datetime": "2022-10-05T02:04:04.305" }, "geometry": { "type": "Point", "coordinates": [ -81.9227553, 26.4377225 ] } },
{ "type": "Feature", "properties": { "dms_name": "Bay Oaks DMS", "datetime": "2022-10-05T02:04:04.751" }, "geometry": { "type": "Point", "coordinates": [ -81.9227084, 26.4376888 ] } },
{ "type": "Feature", "properties": { "dms_name": "Bay Oaks DMS", "datetime": "2022-10-05T02:04:07.823" }, "geometry": { "type": "Point", "coordinates": [ -81.9223836, 26.4374592 ] } },
{ "type": "Feature", "properties": { "dms_name": "Bay Oaks DMS", "datetime": "2022-10-05T02:04:08.036" }, "geometry": { "type": "Point", "coordinates": [ -81.9223611, 26.4374433 ] } },
{ "type": "Feature", "properties": { "dms_name": "Bay Oaks DMS", "datetime": "2022-10-05T02:04:09.436" }, "geometry": { "type": "Point", "coordinates": [ -81.9222131, 26.4373386 ] } },
{ "type": "Feature", "properties": { "dms_name": "Bay Oaks DMS", "datetime": "2022-10-05T02:04:11.050" }, "geometry": { "type": "Point", "coordinates": [ -81.922039, 26.437222 ] } },
{ "type": "Feature", "properties": { "dms_name": "Bay Oaks DMS", "datetime": "2022-10-05T02:04:15.372" }, "geometry": { "type": "Point", "coordinates": [ -81.9215716, 26.4369115 ] } },
{ "type": "Feature", "properties": { "dms_name": "Bay Oaks DMS", "datetime": "2022-10-05T02:04:20.044" }, "geometry": { "type": "Point", "coordinates": [ -81.9210956, 26.436543 ] } },
{ "type": "Feature", "properties": { "dms_name": "Bay Oaks DMS", "datetime": "2022-10-05T02:04:20.659" }, "geometry": { "type": "Point", "coordinates": [ -81.9210328, 26.4364946 ] } },
{ "type": "Feature", "properties": { "dms_name": "Bay Oaks DMS", "datetime": "2022-10-05T02:04:22.829" }, "geometry": { "type": "Point", "coordinates": [ -81.9208051, 26.4363305 ] } },
{ "type": "Feature", "properties": { "dms_name": "Bay Oaks DMS", "datetime": "2022-10-05T02:04:24.843" }, "geometry": { "type": "Point", "coordinates": [ -81.9205945, 26.4361775 ] } },
{ "type": "Feature", "properties": { "dms_name": "Bay Oaks DMS", "datetime": "2022-10-05T02:04:25.647" }, "geometry": { "type": "Point", "coordinates": [ -81.9205098, 26.4361169 ] } },
{ "type": "Feature", "properties": { "dms_name": "Bay Oaks DMS", "datetime": "2022-10-05T02:04:32.553" }, "geometry": { "type": "Point", "coordinates": [ -81.9197914, 26.4355878 ] } },
{ "type": "Feature", "properties": { "dms_name": "Bay Oaks DMS", "datetime": "2022-10-05T02:04:33.919" }, "geometry": { "type": "Point", "coordinates": [ -81.9196492, 26.4354833 ] } },
{ "type": "Feature", "properties": { "dms_name": "Bay Oaks DMS", "datetime": "2022-10-05T02:04:34.824" }, "geometry": { "type": "Point", "coordinates": [ -81.919555, 26.435414 ] } },
{ "type": "Feature", "properties": { "dms_name": "Bay Oaks DMS", "datetime": "2022-10-05T02:04:35.401" }, "geometry": { "type": "Point", "coordinates": [ -81.9194952, 26.4353696 ] } },
{ "type": "Feature", "properties": { "dms_name": "Bay Oaks DMS", "datetime": "2022-10-05T02:04:37.124" }, "geometry": { "type": "Point", "coordinates": [ -81.9193165, 26.435237 ] } },
{ "type": "Feature", "properties": { "dms_name": "Bay Oaks DMS", "datetime": "2022-10-05T02:04:37.357" }, "geometry": { "type": "Point", "coordinates": [ -81.9192923, 26.4352191 ] } },
{ "type": "Feature", "properties": { "dms_name": "Bay Oaks DMS", "datetime": "2022-10-05T02:04:38.333" }, "geometry": { "type": "Point", "coordinates": [ -81.9191911, 26.4351439 ] } },
{ "type": "Feature", "properties": { "dms_name": "Bay Oaks DMS", "datetime": "2022-10-05T02:04:38.639" }, "geometry": { "type": "Point", "coordinates": [ -81.9191594, 26.4351204 ] } },
{ "type": "Feature", "properties": { "dms_name": "Bay Oaks DMS", "datetime": "2022-10-05T02:04:39.408" }, "geometry": { "type": "Point", "coordinates": [ -81.9190797, 26.4350612 ] } },
{ "type": "Feature", "properties": { "dms_name": "Bay Oaks DMS", "datetime": "2022-10-05T02:04:40.157" }, "geometry": { "type": "Point", "coordinates": [ -81.919002, 26.4350036 ] } },
{ "type": "Feature", "properties": { "dms_name": "Bay Oaks DMS", "datetime": "2022-10-05T02:04:41.903" }, "geometry": { "type": "Point", "coordinates": [ -81.9188209, 26.4348692 ] } },
{ "type": "Feature", "properties": { "dms_name": "Bay Oaks DMS", "datetime": "2022-10-05T02:04:42.230" }, "geometry": { "type": "Point", "coordinates": [ -81.918787, 26.434844 ] } },
{ "type": "Feature", "properties": { "dms_name": "Bay Oaks DMS", "datetime": "2022-10-05T02:04:43.505" }, "geometry": { "type": "Point", "coordinates": [ -81.9186549, 26.4347458 ] } },
{ "type": "Feature", "properties": { "dms_name": "Bay Oaks DMS", "datetime": "2022-10-05T02:04:47.406" }, "geometry": { "type": "Point", "coordinates": [ -81.9182506, 26.4344452 ] } },
{ "type": "Feature", "properties": { "dms_name": "Bay Oaks DMS", "datetime": "2022-10-05T02:04:49.226" }, "geometry": { "type": "Point", "coordinates": [ -81.918062, 26.434305 ] } },
{ "type": "Feature", "properties": { "dms_name": "Bay Oaks DMS", "datetime": "2022-10-05T02:04:49.337" }, "geometry": { "type": "Point", "coordinates": [ -81.9180505, 26.4342965 ] } },
{ "type": "Feature", "properties": { "dms_name": "Bay Oaks DMS", "datetime": "2022-10-05T02:04:50.169" }, "geometry": { "type": "Point", "coordinates": [ -81.9181193, 26.4342172 ] } },
{ "type": "Feature", "properties": { "dms_name": "Bay Oaks DMS", "datetime": "2022-10-05T02:05:01.192" }, "geometry": { "type": "Point", "coordinates": [ -81.9169828, 26.4333619 ] } },
{ "type": "Feature", "properties": { "dms_name": "Bay Oaks DMS", "datetime": "2022-10-05T02:05:02.145" }, "geometry": { "type": "Point", "coordinates": [ -81.9168998, 26.4334496 ] } },
{ "type": "Feature", "properties": { "dms_name": "Bay Oaks DMS", "datetime": "2022-10-05T02:05:03.157" }, "geometry": { "type": "Point", "coordinates": [ -81.9167951, 26.4333714 ] } },
{ "type": "Feature", "properties": { "dms_name": "Bay Oaks DMS", "datetime": "2022-10-05T02:05:04.752" }, "geometry": { "type": "Point", "coordinates": [ -81.9166306, 26.4332477 ] } },
{ "type": "Feature", "properties": { "dms_name": "Bay Oaks DMS", "datetime": "2022-10-05T02:05:05.696" }, "geometry": { "type": "Point", "coordinates": [ -81.9165332, 26.4331744 ] } },
{ "type": "Feature", "properties": { "dms_name": "Bay Oaks DMS", "datetime": "2022-10-05T02:05:06.629" }, "geometry": { "type": "Point", "coordinates": [ -81.916437, 26.433102 ] } },
{ "type": "Feature", "properties": { "dms_name": "Bay Oaks DMS", "datetime": "2022-10-05T02:05:07.231" }, "geometry": { "type": "Point", "coordinates": [ -81.9163766, 26.4330536 ] } },
{ "type": "Feature", "properties": { "dms_name": "Bay Oaks DMS", "datetime": "2022-10-05T02:05:09.645" }, "geometry": { "type": "Point", "coordinates": [ -81.9161342, 26.4328596 ] } },
{ "type": "Feature", "properties": { "dms_name": "Bay Oaks DMS", "datetime": "2022-10-05T02:05:10.933" }, "geometry": { "type": "Point", "coordinates": [ -81.9160052, 26.4327557 ] } },
{ "type": "Feature", "properties": { "dms_name": "Bay Oaks DMS", "datetime": "2022-10-05T02:05:11.745" }, "geometry": { "type": "Point", "coordinates": [ -81.9159261, 26.432688 ] } },
{ "type": "Feature", "properties": { "dms_name": "Bay Oaks DMS", "datetime": "2022-10-05T02:05:15.409" }, "geometry": { "type": "Point", "coordinates": [ -81.9155695, 26.4323826 ] } },
{ "type": "Feature", "properties": { "dms_name": "Bay Oaks DMS", "datetime": "2022-10-05T02:05:21.750" }, "geometry": { "type": "Point", "coordinates": [ -81.9149523, 26.431854 ] } },
{ "type": "Feature", "properties": { "dms_name": "Bay Oaks DMS", "datetime": "2022-10-05T02:05:24.716" }, "geometry": { "type": "Point", "coordinates": [ -81.9146636, 26.4316067 ] } },
{ "type": "Feature", "properties": { "dms_name": "Bay Oaks DMS", "datetime": "2022-10-05T02:05:26.212" }, "geometry": { "type": "Point", "coordinates": [ -81.914518, 26.431482 ] } },
{ "type": "Feature", "properties": { "dms_name": "Bay Oaks DMS", "datetime": "2022-10-05T02:05:33.027" }, "geometry": { "type": "Point", "coordinates": [ -81.913871, 26.432065 ] } },
{ "type": "Feature", "properties": { "dms_name": "Bay Oaks DMS", "datetime": "2022-10-05T02:05:49.861" }, "geometry": { "type": "Point", "coordinates": [ -81.912099, 26.430994 ] } },
{ "type": "Feature", "properties": { "dms_name": "Bay Oaks DMS", "datetime": "2022-10-05T02:05:55.721" }, "geometry": { "type": "Point", "coordinates": [ -81.9120895, 26.4302873 ] } },
{ "type": "Feature", "properties": { "dms_name": "Bay Oaks DMS", "datetime": "2022-10-05T02:06:02.822" }, "geometry": { "type": "Point", "coordinates": [ -81.9125578, 26.429782 ] } },
{ "type": "Feature", "properties": { "dms_name": "Bay Oaks DMS", "datetime": "2022-10-05T02:06:03.395" }, "geometry": { "type": "Point", "coordinates": [ -81.912513, 26.4297256 ] } },
{ "type": "Feature", "properties": { "dms_name": "Bay Oaks DMS", "datetime": "2022-10-05T02:06:04.815" }, "geometry": { "type": "Point", "coordinates": [ -81.9124021, 26.4295861 ] } },
{ "type": "Feature", "properties": { "dms_name": "Bay Oaks DMS", "datetime": "2022-10-05T02:06:08.938" }, "geometry": { "type": "Point", "coordinates": [ -81.91208, 26.429181 ] } },
{ "type": "Feature", "properties": { "dms_name": "Bay Oaks DMS", "datetime": "2022-10-05T02:06:12.488" }, "geometry": { "type": "Point", "coordinates": [ -81.9117378, 26.4294799 ] } },
{ "type": "Feature", "properties": { "dms_name": "Bay Oaks DMS", "datetime": "2022-10-05T02:06:16.996" }, "geometry": { "type": "Point", "coordinates": [ -81.911293, 26.42985 ] } },
{ "type": "Feature", "properties": { "dms_name": "Bay Oaks DMS", "datetime": "2022-10-05T02:06:28.443" }, "geometry": { "type": "Point", "coordinates": [ -81.910242, 26.42884 ] } },
{ "type": "Feature", "properties": { "dms_name": "Bay Oaks DMS", "datetime": "2022-10-05T02:06:31.588" }, "geometry": { "type": "Point", "coordinates": [ -81.909955, 26.428561 ] } },
{ "type": "Feature", "properties": { "dms_name": "Bay Oaks DMS", "datetime": "2022-10-05T02:06:40.508" }, "geometry": { "type": "Point", "coordinates": [ -81.909125, 26.4277835 ] } },
{ "type": "Feature", "properties": { "dms_name": "Bay Oaks DMS", "datetime": "2022-10-05T02:06:46.041" }, "geometry": { "type": "Point", "coordinates": [ -81.908614, 26.427298 ] } },
{ "type": "Feature", "properties": { "dms_name": "Bay Oaks DMS", "datetime": "2022-10-05T02:07:05.953" }, "geometry": { "type": "Point", "coordinates": [ -81.90816, 26.429341 ] } },
{ "type": "Feature", "properties": { "dms_name": "Bay Oaks DMS", "datetime": "2022-10-05T02:07:07.167" }, "geometry": { "type": "Point", "coordinates": [ -81.907998, 26.429324 ] } },
{ "type": "Feature", "properties": { "dms_name": "Bay Oaks DMS", "datetime": "2022-10-05T02:07:09.422" }, "geometry": { "type": "Point", "coordinates": [ -81.9077401, 26.4291806 ] } },
{ "type": "Feature", "properties": { "dms_name": "Bay Oaks DMS", "datetime": "2022-10-05T02:07:22.288" }, "geometry": { "type": "Point", "coordinates": [ -81.9072408, 26.4287049 ] } },
{ "type": "Feature", "properties": { "dms_name": "Bay Oaks DMS", "datetime": "2022-10-05T02:07:28.390" }, "geometry": { "type": "Point", "coordinates": [ -81.9067241, 26.42814 ] } },
{ "type": "Feature", "properties": { "dms_name": "Bay Oaks DMS", "datetime": "2022-10-05T02:07:40.261" }, "geometry": { "type": "Point", "coordinates": [ -81.9060159, 26.4275527 ] } },
{ "type": "Feature", "properties": { "dms_name": "Bay Oaks DMS", "datetime": "2022-10-05T02:07:43.196" }, "geometry": { "type": "Point", "coordinates": [ -81.9056551, 26.4274199 ] } },
{ "type": "Feature", "properties": { "dms_name": "Bay Oaks DMS", "datetime": "2022-10-05T02:07:55.101" }, "geometry": { "type": "Point", "coordinates": [ -81.905418, 26.426031 ] } },
{ "type": "Feature", "properties": { "dms_name": "Bay Oaks DMS", "datetime": "2022-10-05T02:08:00.261" }, "geometry": { "type": "Point", "coordinates": [ -81.905671, 26.425485 ] } },
{ "type": "Feature", "properties": { "dms_name": "Bay Oaks DMS", "datetime": "2022-10-05T02:08:01.598" }, "geometry": { "type": "Point", "coordinates": [ -81.905493, 26.425469 ] } },
{ "type": "Feature", "properties": { "dms_name": "Bay Oaks DMS", "datetime": "2022-10-05T02:08:05.753" }, "geometry": { "type": "Point", "coordinates": [ -81.9051243, 26.425102 ] } },
{ "type": "Feature", "properties": { "dms_name": "Bay Oaks DMS", "datetime": "2022-10-05T02:08:08.808" }, "geometry": { "type": "Point", "coordinates": [ -81.9054423, 26.4248682 ] } },
{ "type": "Feature", "properties": { "dms_name": "Bay Oaks DMS", "datetime": "2022-10-05T02:08:08.954" }, "geometry": { "type": "Point", "coordinates": [ -81.9054576, 26.424857 ] } },
{ "type": "Feature", "properties": { "dms_name": "Bay Oaks DMS", "datetime": "2022-10-05T02:08:10.291" }, "geometry": { "type": "Point", "coordinates": [ -81.9053461, 26.4247304 ] } },
{ "type": "Feature", "properties": { "dms_name": "Bay Oaks DMS", "datetime": "2022-10-05T02:08:15.868" }, "geometry": { "type": "Point", "coordinates": [ -81.9057306, 26.4242932 ] } },
{ "type": "Feature", "properties": { "dms_name": "Bay Oaks DMS", "datetime": "2022-10-05T02:08:16.852" }, "geometry": { "type": "Point", "coordinates": [ -81.90565, 26.424199 ] } },
{ "type": "Feature", "properties": { "dms_name": "Bay Oaks DMS", "datetime": "2022-10-05T02:08:19.677" }, "geometry": { "type": "Point", "coordinates": [ -81.9054187, 26.4239285 ] } },
{ "type": "Feature", "properties": { "dms_name": "Bay Oaks DMS", "datetime": "2022-10-05T02:08:20.027" }, "geometry": { "type": "Point", "coordinates": [ -81.90539, 26.423895 ] } },
{ "type": "Feature", "properties": { "dms_name": "Bay Oaks DMS", "datetime": "2022-10-05T02:08:21.803" }, "geometry": { "type": "Point", "coordinates": [ -81.9052523, 26.4237198 ] } },
{ "type": "Feature", "properties": { "dms_name": "Bay Oaks DMS", "datetime": "2022-10-05T02:08:23.280" }, "geometry": { "type": "Point", "coordinates": [ -81.905143, 26.423571 ] } },
{ "type": "Feature", "properties": { "dms_name": "Bay Oaks DMS", "datetime": "2022-10-05T02:08:26.684" }, "geometry": { "type": "Point", "coordinates": [ -81.904909, 26.423218 ] } },
{ "type": "Feature", "properties": { "dms_name": "Bay Oaks DMS", "datetime": "2022-10-05T02:08:27.620" }, "geometry": { "type": "Point", "coordinates": [ -81.9048436, 26.4231214 ] } },
{ "type": "Feature", "properties": { "dms_name": "Bay Oaks DMS", "datetime": "2022-10-05T02:08:34.628" }, "geometry": { "type": "Point", "coordinates": [ -81.904361, 26.422395 ] } },
{ "type": "Feature", "properties": { "dms_name": "Bay Oaks DMS", "datetime": "2022-10-05T02:08:35.757" }, "geometry": { "type": "Point", "coordinates": [ -81.9042837, 26.4222778 ] } },
{ "type": "Feature", "properties": { "dms_name": "Bay Oaks DMS", "datetime": "2022-10-05T02:08:38.498" }, "geometry": { "type": "Point", "coordinates": [ -81.904094, 26.4219942 ] } },
{ "type": "Feature", "properties": { "dms_name": "Bay Oaks DMS", "datetime": "2022-10-05T02:08:40.657" }, "geometry": { "type": "Point", "coordinates": [ -81.903947, 26.4217695 ] } },
{ "type": "Feature", "properties": { "dms_name": "Bay Oaks DMS", "datetime": "2022-10-05T02:08:42.028" }, "geometry": { "type": "Point", "coordinates": [ -81.9038536, 26.4216269 ] } },
{ "type": "Feature", "properties": { "dms_name": "Bay Oaks DMS", "datetime": "2022-10-05T02:08:42.786" }, "geometry": { "type": "Point", "coordinates": [ -81.903802, 26.421548 ] } },
{ "type": "Feature", "properties": { "dms_name": "Bay Oaks DMS", "datetime": "2022-10-05T02:08:45.498" }, "geometry": { "type": "Point", "coordinates": [ -81.903615, 26.4212671 ] } },
{ "type": "Feature", "properties": { "dms_name": "Bay Oaks DMS", "datetime": "2022-10-05T02:08:47.349" }, "geometry": { "type": "Point", "coordinates": [ -81.9034872, 26.4210753 ] } },
{ "type": "Feature", "properties": { "dms_name": "Bay Oaks DMS", "datetime": "2022-10-05T02:08:47.885" }, "geometry": { "type": "Point", "coordinates": [ -81.9034502, 26.4210198 ] } },
{ "type": "Feature", "properties": { "dms_name": "Bay Oaks DMS", "datetime": "2022-10-05T02:08:50.657" }, "geometry": { "type": "Point", "coordinates": [ -81.903259, 26.4207327 ] } },
{ "type": "Feature", "properties": { "dms_name": "Bay Oaks DMS", "datetime": "2022-10-05T02:08:51.716" }, "geometry": { "type": "Point", "coordinates": [ -81.903186, 26.420623 ] } },
{ "type": "Feature", "properties": { "dms_name": "Bay Oaks DMS", "datetime": "2022-10-05T02:08:55.401" }, "geometry": { "type": "Point", "coordinates": [ -81.9029356, 26.4202392 ] } },
{ "type": "Feature", "properties": { "dms_name": "Bay Oaks DMS", "datetime": "2022-10-05T02:08:57.593" }, "geometry": { "type": "Point", "coordinates": [ -81.9027867, 26.420011 ] } },
{ "type": "Feature", "properties": { "dms_name": "Bay Oaks DMS", "datetime": "2022-10-05T02:08:58.943" }, "geometry": { "type": "Point", "coordinates": [ -81.9026949, 26.4198704 ] } },
{ "type": "Feature", "properties": { "dms_name": "Bay Oaks DMS", "datetime": "2022-10-05T02:08:59.619" }, "geometry": { "type": "Point", "coordinates": [ -81.902649, 26.4198 ] } },
{ "type": "Feature", "properties": { "dms_name": "Bay Oaks DMS", "datetime": "2022-10-05T02:09:00.333" }, "geometry": { "type": "Point", "coordinates": [ -81.902606, 26.419723 ] } },
{ "type": "Feature", "properties": { "dms_name": "Bay Oaks DMS", "datetime": "2022-10-05T02:09:01.236" }, "geometry": { "type": "Point", "coordinates": [ -81.9025521, 26.4196253 ] } },
{ "type": "Feature", "properties": { "dms_name": "Bay Oaks DMS", "datetime": "2022-10-05T02:09:07.117" }, "geometry": { "type": "Point", "coordinates": [ -81.90224, 26.4189742 ] } },
{ "type": "Feature", "properties": { "dms_name": "Bay Oaks DMS", "datetime": "2022-10-05T02:09:07.605" }, "geometry": { "type": "Point", "coordinates": [ -81.9022183, 26.4189187 ] } },
{ "type": "Feature", "properties": { "dms_name": "Bay Oaks DMS", "datetime": "2022-10-05T02:09:10.895" }, "geometry": { "type": "Point", "coordinates": [ -81.9020749, 26.4185433 ] } },
{ "type": "Feature", "properties": { "dms_name": "Bay Oaks DMS", "datetime": "2022-10-05T02:09:11.214" }, "geometry": { "type": "Point", "coordinates": [ -81.9020613, 26.4185068 ] } },
{ "type": "Feature", "properties": { "dms_name": "Bay Oaks DMS", "datetime": "2022-10-05T02:09:16.834" }, "geometry": { "type": "Point", "coordinates": [ -81.9018222, 26.4178636 ] } },
{ "type": "Feature", "properties": { "dms_name": "Bay Oaks DMS", "datetime": "2022-10-05T02:09:17.872" }, "geometry": { "type": "Point", "coordinates": [ -81.9017781, 26.4177448 ] } },
{ "type": "Feature", "properties": { "dms_name": "Bay Oaks DMS", "datetime": "2022-10-05T02:09:18.450" }, "geometry": { "type": "Point", "coordinates": [ -81.9017535, 26.4176787 ] } },
{ "type": "Feature", "properties": { "dms_name": "Bay Oaks DMS", "datetime": "2022-10-05T02:09:22.471" }, "geometry": { "type": "Point", "coordinates": [ -81.901581, 26.417219 ] } },
{ "type": "Feature", "properties": { "dms_name": "Bay Oaks DMS", "datetime": "2022-10-05T02:09:22.908" }, "geometry": { "type": "Point", "coordinates": [ -81.9015628, 26.4171689 ] } },
{ "type": "Feature", "properties": { "dms_name": "Bay Oaks DMS", "datetime": "2022-10-05T02:09:23.885" }, "geometry": { "type": "Point", "coordinates": [ -81.901522, 26.4170568 ] } },
{ "type": "Feature", "properties": { "dms_name": "Bay Oaks DMS", "datetime": "2022-10-05T02:09:29.898" }, "geometry": { "type": "Point", "coordinates": [ -81.9012646, 26.4163693 ] } },
{ "type": "Feature", "properties": { "dms_name": "Bay Oaks DMS", "datetime": "2022-10-05T02:09:34.939" }, "geometry": { "type": "Point", "coordinates": [ -81.9010511, 26.4157921 ] } },
{ "type": "Feature", "properties": { "dms_name": "Bay Oaks DMS", "datetime": "2022-10-05T02:09:35.419" }, "geometry": { "type": "Point", "coordinates": [ -81.9010308, 26.4157372 ] } },
{ "type": "Feature", "properties": { "dms_name": "Bay Oaks DMS", "datetime": "2022-10-05T02:09:37.826" }, "geometry": { "type": "Point", "coordinates": [ -81.9009288, 26.4154616 ] } },
{ "type": "Feature", "properties": { "dms_name": "Bay Oaks DMS", "datetime": "2022-10-05T02:09:39.241" }, "geometry": { "type": "Point", "coordinates": [ -81.9008689, 26.4152996 ] } },
{ "type": "Feature", "properties": { "dms_name": "Bay Oaks DMS", "datetime": "2022-10-05T02:09:39.971" }, "geometry": { "type": "Point", "coordinates": [ -81.900838, 26.415216 ] } },
{ "type": "Feature", "properties": { "dms_name": "Bay Oaks DMS", "datetime": "2022-10-05T02:09:42.834" }, "geometry": { "type": "Point", "coordinates": [ -81.9004532, 26.4152372 ] } },
{ "type": "Feature", "properties": { "dms_name": "Bay Oaks DMS", "datetime": "2022-10-05T02:09:45.717" }, "geometry": { "type": "Point", "coordinates": [ -81.900065, 26.4152463 ] } },
{ "type": "Feature", "properties": { "dms_name": "Bay Oaks DMS", "datetime": "2022-10-05T02:09:47.322" }, "geometry": { "type": "Point", "coordinates": [ -81.9000656, 26.4154398 ] } },
{ "type": "Feature", "properties": { "dms_name": "FMB Elementary School DMS", "datetime": "2022-10-05T00:00:00" }, "geometry": { "type": "Point", "coordinates": [ -81.9391435, 26.4489467 ] } },
{ "type": "Feature", "properties": { "dms_name": "Bay Oaks DMS", "datetime": "2022-10-05T02:09:47.322" }, "geometry": { "type": "Point", "coordinates": [ -81.9000656, 26.4154398 ] } },
{ "type": "Feature", "properties": { "dms_name": "FMB Elementary School DMS", "datetime": "2022-10-05T00:00:00" }, "geometry": { "type": "Point", "coordinates": [ -81.9391435, 26.4489467 ] } },
{ "type": "Feature", "properties": { "dms_name": "Bay Oaks DMS", "datetime": "2022-10-05T02:09:47.322" }, "geometry": { "type": "Point", "coordinates": [ -81.9000656, 26.4154398 ] } },
{ "type": "Feature", "properties": { "dms_name": "FMB Elementary School DMS", "datetime": "2022-10-05T00:00:00" }, "geometry": { "type": "Point", "coordinates": [ -81.9391435, 26.4489467 ] } },
{ "type": "Feature", "properties": { "dms_name": "Bay Oaks DMS", "datetime": "2022-10-05T02:09:47.322" }, "geometry": { "type": "Point", "coordinates": [ -81.9000656, 26.4154398 ] } },
{ "type": "Feature", "properties": { "dms_name": "FMB Elementary School DMS", "datetime": "2022-10-05T00:00:00" }, "geometry": { "type": "Point", "coordinates": [ -81.9391435, 26.4489467 ] } },
{ "type": "Feature", "properties": { "dms_name": "Bay Oaks DMS", "datetime": "2022-10-05T02:09:47.322" }, "geometry": { "type": "Point", "coordinates": [ -81.9000656, 26.4154398 ] } },
{ "type": "Feature", "properties": { "dms_name": "FMB Elementary School DMS", "datetime": "2022-10-05T00:00:00" }, "geometry": { "type": "Point", "coordinates": [ -81.9391435, 26.4489467 ] } },
{ "type": "Feature", "properties": { "dms_name": "Bay Oaks DMS", "datetime": "2022-10-05T02:09:47.322" }, "geometry": { "type": "Point", "coordinates": [ -81.9000656, 26.4154398 ] } },
{ "type": "Feature", "properties": { "dms_name": "FMB Elementary School DMS", "datetime": "2022-10-05T00:00:00" }, "geometry": { "type": "Point", "coordinates": [ -81.9391435, 26.4489467 ] } },
{ "type": "Feature", "properties": { "dms_name": "Bay Oaks DMS", "datetime": "2022-10-05T02:09:47.322" }, "geometry": { "type": "Point", "coordinates": [ -81.9000656, 26.4154398 ] } },
{ "type": "Feature", "properties": { "dms_name": "FMB Elementary School DMS", "datetime": "2022-10-05T00:00:00" }, "geometry": { "type": "Point", "coordinates": [ -81.9391435, 26.4489467 ] } },
{ "type": "Feature", "properties": { "dms_name": "Bay Oaks DMS", "datetime": "2022-10-05T02:09:47.322" }, "geometry": { "type": "Point", "coordinates": [ -81.9000656, 26.4154398 ] } },
{ "type": "Feature", "properties": { "dms_name": "FMB Elementary School DMS", "datetime": "2022-10-05T00:00:00" }, "geometry": { "type": "Point", "coordinates": [ -81.9391435, 26.4489467 ] } },
{ "type": "Feature", "properties": { "dms_name": "Bay Oaks DMS", "datetime": "2022-10-05T02:09:47.322" }, "geometry": { "type": "Point", "coordinates": [ -81.9000656, 26.4154398 ] } },
{ "type": "Feature", "properties": { "dms_name": "FMB Elementary School DMS", "datetime": "2022-10-05T00:00:00" }, "geometry": { "type": "Point", "coordinates": [ -81.9391435, 26.4489467 ] } },
{ "type": "Feature", "properties": { "dms_name": "Bay Oaks DMS", "datetime": "2022-10-05T02:09:47.322" }, "geometry": { "type": "Point", "coordinates": [ -81.9000656, 26.4154398 ] } },
{ "type": "Feature", "properties": { "dms_name": "FMB Elementary School DMS", "datetime": "2022-10-05T00:00:00" }, "geometry": { "type": "Point", "coordinates": [ -81.9391435, 26.4489467 ] } },
{ "type": "Feature", "properties": { "dms_name": "Bay Oaks DMS", "datetime": "2022-10-05T02:09:47.322" }, "geometry": { "type": "Point", "coordinates": [ -81.9000656, 26.4154398 ] } },
{ "type": "Feature", "properties": { "dms_name": "FMB Elementary School DMS", "datetime": "2022-10-05T00:00:00" }, "geometry": { "type": "Point", "coordinates": [ -81.9391435, 26.4489467 ] } },
{ "type": "Feature", "properties": { "dms_name": "Bay Oaks DMS", "datetime": "2022-10-05T02:09:47.322" }, "geometry": { "type": "Point", "coordinates": [ -81.9000656, 26.4154398 ] } },
{ "type": "Feature", "properties": { "dms_name": "FMB Elementary School DMS", "datetime": "2022-10-05T00:00:00" }, "geometry": { "type": "Point", "coordinates": [ -81.9391435, 26.4489467 ] } },
{ "type": "Feature", "properties": { "dms_name": "Bay Oaks DMS", "datetime": "2022-10-05T02:09:47.322" }, "geometry": { "type": "Point", "coordinates": [ -81.9000656, 26.4154398 ] } },
{ "type": "Feature", "properties": { "dms_name": "FMB Elementary School DMS", "datetime": "2022-10-05T00:00:00" }, "geometry": { "type": "Point", "coordinates": [ -81.9391435, 26.4489467 ] } },
{ "type": "Feature", "properties": { "dms_name": "Bay Oaks DMS", "datetime": "2022-10-05T02:09:47.322" }, "geometry": { "type": "Point", "coordinates": [ -81.9000656, 26.4154398 ] } },
{ "type": "Feature", "properties": { "dms_name": "FMB Elementary School DMS", "datetime": "2022-10-05T00:00:00" }, "geometry": { "type": "Point", "coordinates": [ -81.9391435, 26.4489467 ] } },
{ "type": "Feature", "properties": { "dms_name": "Bay Oaks DMS", "datetime": "2022-10-05T02:09:47.322" }, "geometry": { "type": "Point", "coordinates": [ -81.9000656, 26.4154398 ] } },
{ "type": "Feature", "properties": { "dms_name": "FMB Elementary School DMS", "datetime": "2022-10-05T00:00:00" }, "geometry": { "type": "Point", "coordinates": [ -81.9391435, 26.4489467 ] } },
{ "type": "Feature", "properties": { "dms_name": "Bay Oaks DMS", "datetime": "2022-10-05T02:09:47.322" }, "geometry": { "type": "Point", "coordinates": [ -81.9000656, 26.4154398 ] } },
{ "type": "Feature", "properties": { "dms_name": "FMB Elementary School DMS", "datetime": "2022-10-05T00:00:00" }, "geometry": { "type": "Point", "coordinates": [ -81.9391435, 26.4489467 ] } },
{ "type": "Feature", "properties": { "dms_name": "Bay Oaks DMS", "datetime": "2022-10-05T02:09:47.322" }, "geometry": { "type": "Point", "coordinates": [ -81.9000656, 26.4154398 ] } },
{ "type": "Feature", "properties": { "dms_name": "FMB Elementary School DMS", "datetime": "2022-10-05T00:00:00" }, "geometry": { "type": "Point", "coordinates": [ -81.9391435, 26.4489467 ] } },
{ "type": "Feature", "properties": { "dms_name": "Bay Oaks DMS", "datetime": "2022-10-05T02:09:47.322" }, "geometry": { "type": "Point", "coordinates": [ -81.9000656, 26.4154398 ] } },
{ "type": "Feature", "properties": { "dms_name": "FMB Elementary School DMS", "datetime": "2022-10-05T00:00:00" }, "geometry": { "type": "Point", "coordinates": [ -81.9391435, 26.4489467 ] } },
{ "type": "Feature", "properties": { "dms_name": "Bay Oaks DMS", "datetime": "2022-10-05T02:09:47.322" }, "geometry": { "type": "Point", "coordinates": [ -81.9000656, 26.4154398 ] } },
{ "type": "Feature", "properties": { "dms_name": "FMB Elementary School DMS", "datetime": "2022-10-05T00:00:00" }, "geometry": { "type": "Point", "coordinates": [ -81.9391435, 26.4489467 ] } },
{ "type": "Feature", "properties": { "dms_name": "Bay Oaks DMS", "datetime": "2022-10-05T02:09:47.322" }, "geometry": { "type": "Point", "coordinates": [ -81.9000656, 26.4154398 ] } },
{ "type": "Feature", "properties": { "dms_name": "FMB Elementary School DMS", "datetime": "2022-10-05T00:00:00" }, "geometry": { "type": "Point", "coordinates": [ -81.9391435, 26.4489467 ] } },
{ "type": "Feature", "properties": { "dms_name": "Bay Oaks DMS", "datetime": "2022-10-05T02:09:47.322" }, "geometry": { "type": "Point", "coordinates": [ -81.9000656, 26.4154398 ] } },
{ "type": "Feature", "properties": { "dms_name": "FMB Elementary School DMS", "datetime": "2022-10-05T00:00:00" }, "geometry": { "type": "Point", "coordinates": [ -81.9391435, 26.4489467 ] } },
{ "type": "Feature", "properties": { "dms_name": "Bay Oaks DMS", "datetime": "2022-10-05T02:09:47.322" }, "geometry": { "type": "Point", "coordinates": [ -81.9000656, 26.4154398 ] } },
{ "type": "Feature", "properties": { "dms_name": "FMB Elementary School DMS", "datetime": "2022-10-05T00:00:00" }, "geometry": { "type": "Point", "coordinates": [ -81.9391435, 26.4489467 ] } },
{ "type": "Feature", "properties": { "dms_name": "Bay Oaks DMS", "datetime": "2022-10-05T02:09:47.322" }, "geometry": { "type": "Point", "coordinates": [ -81.9000656, 26.4154398 ] } },
{ "type": "Feature", "properties": { "dms_name": "FMB Elementary School DMS", "datetime": "2022-10-05T00:00:00" }, "geometry": { "type": "Point", "coordinates": [ -81.9391435, 26.4489467 ] } },
{ "type": "Feature", "properties": { "dms_name": "Bay Oaks DMS", "datetime": "2022-10-05T02:09:47.322" }, "geometry": { "type": "Point", "coordinates": [ -81.9000656, 26.4154398 ] } },
{ "type": "Feature", "properties": { "dms_name": "FMB Elementary School DMS", "datetime": "2022-10-05T00:00:00" }, "geometry": { "type": "Point", "coordinates": [ -81.9391435, 26.4489467 ] } },
{ "type": "Feature", "properties": { "dms_name": "Bay Oaks DMS", "datetime": "2022-10-05T02:09:47.322" }, "geometry": { "type": "Point", "coordinates": [ -81.9000656, 26.4154398 ] } },
{ "type": "Feature", "properties": { "dms_name": "FMB Elementary School DMS", "datetime": "2022-10-05T00:00:00" }, "geometry": { "type": "Point", "coordinates": [ -81.9391435, 26.4489467 ] } },
{ "type": "Feature", "properties": { "dms_name": "Bay Oaks DMS", "datetime": "2022-10-05T02:09:47.322" }, "geometry": { "type": "Point", "coordinates": [ -81.9000656, 26.4154398 ] } },
{ "type": "Feature", "properties": { "dms_name": "FMB Elementary School DMS", "datetime": "2022-10-05T00:00:00" }, "geometry": { "type": "Point", "coordinates": [ -81.9391435, 26.4489467 ] } },
{ "type": "Feature", "properties": { "dms_name": "Bay Oaks DMS", "datetime": "2022-10-05T02:09:47.322" }, "geometry": { "type": "Point", "coordinates": [ -81.9000656, 26.4154398 ] } },
{ "type": "Feature", "properties": { "dms_name": "FMB Elementary School DMS", "datetime": "2022-10-05T00:00:00" }, "geometry": { "type": "Point", "coordinates": [ -81.9391435, 26.4489467 ] } },
{ "type": "Feature", "properties": { "dms_name": "Bay Oaks DMS", "datetime": "2022-10-05T02:09:47.322" }, "geometry": { "type": "Point", "coordinates": [ -81.9000656, 26.4154398 ] } },
{ "type": "Feature", "properties": { "dms_name": "FMB Elementary School DMS", "datetime": "2022-10-05T00:00:00" }, "geometry": { "type": "Point", "coordinates": [ -81.9391435, 26.4489467 ] } },
{ "type": "Feature", "properties": { "dms_name": "Bay Oaks DMS", "datetime": "2022-10-05T02:09:47.322" }, "geometry": { "type": "Point", "coordinates": [ -81.9000656, 26.4154398 ] } },
{ "type": "Feature", "properties": { "dms_name": "FMB Elementary School DMS", "datetime": "2022-10-05T00:00:00" }, "geometry": { "type": "Point", "coordinates": [ -81.9391435, 26.4489467 ] } },
{ "type": "Feature", "properties": { "dms_name": "Bay Oaks DMS", "datetime": "2022-10-05T02:09:47.322" }, "geometry": { "type": "Point", "coordinates": [ -81.9000656, 26.4154398 ] } },
{ "type": "Feature", "properties": { "dms_name": "FMB Elementary School DMS", "datetime": "2022-10-05T00:00:00" }, "geometry": { "type": "Point", "coordinates": [ -81.9391435, 26.4489467 ] } },
{ "type": "Feature", "properties": { "dms_name": "Bay Oaks DMS", "datetime": "2022-10-05T02:09:47.322" }, "geometry": { "type": "Point", "coordinates": [ -81.9000656, 26.4154398 ] } },
{ "type": "Feature", "properties": { "dms_name": "FMB Elementary School DMS", "datetime": "2022-10-05T00:00:00" }, "geometry": { "type": "Point", "coordinates": [ -81.9391435, 26.4489467 ] } },
{ "type": "Feature", "properties": { "dms_name": "Bay Oaks DMS", "datetime": "2022-10-05T02:09:47.322" }, "geometry": { "type": "Point", "coordinates": [ -81.9000656, 26.4154398 ] } },
{ "type": "Feature", "properties": { "dms_name": "FMB Elementary School DMS", "datetime": "2022-10-05T00:00:00" }, "geometry": { "type": "Point", "coordinates": [ -81.9391435, 26.4489467 ] } },
{ "type": "Feature", "properties": { "dms_name": "Bay Oaks DMS", "datetime": "2022-10-05T02:09:47.322" }, "geometry": { "type": "Point", "coordinates": [ -81.9000656, 26.4154398 ] } },
{ "type": "Feature", "properties": { "dms_name": "FMB Elementary School DMS", "datetime": "2022-10-05T00:00:00" }, "geometry": { "type": "Point", "coordinates": [ -81.9391435, 26.4489467 ] } },
{ "type": "Feature", "properties": { "dms_name": "Bay Oaks DMS", "datetime": "2022-10-05T02:09:47.322" }, "geometry": { "type": "Point", "coordinates": [ -81.9000656, 26.4154398 ] } },
{ "type": "Feature", "properties": { "dms_name": "FMB Elementary School DMS", "datetime": "2022-10-05T00:00:00" }, "geometry": { "type": "Point", "coordinates": [ -81.9391435, 26.4489467 ] } },
{ "type": "Feature", "properties": { "dms_name": "Bay Oaks DMS", "datetime": "2022-10-05T02:09:47.322" }, "geometry": { "type": "Point", "coordinates": [ -81.9000656, 26.4154398 ] } },
{ "type": "Feature", "properties": { "dms_name": "FMB Elementary School DMS", "datetime": "2022-10-05T00:00:00" }, "geometry": { "type": "Point", "coordinates": [ -81.9391435, 26.4489467 ] } },
{ "type": "Feature", "properties": { "dms_name": "Bay Oaks DMS", "datetime": "2022-10-05T02:09:47.322" }, "geometry": { "type": "Point", "coordinates": [ -81.9000656, 26.4154398 ] } },
{ "type": "Feature", "properties": { "dms_name": "FMB Elementary School DMS", "datetime": "2022-10-05T00:00:00" }, "geometry": { "type": "Point", "coordinates": [ -81.9391435, 26.4489467 ] } },
{ "type": "Feature", "properties": { "dms_name": "Bay Oaks DMS", "datetime": "2022-10-05T02:09:47.322" }, "geometry": { "type": "Point", "coordinates": [ -81.9000656, 26.4154398 ] } },
{ "type": "Feature", "properties": { "dms_name": "FMB Elementary School DMS", "datetime": "2022-10-05T00:00:00" }, "geometry": { "type": "Point", "coordinates": [ -81.9391435, 26.4489467 ] } },
{ "type": "Feature", "properties": { "dms_name": "Bay Oaks DMS", "datetime": "2022-10-05T02:09:47.322" }, "geometry": { "type": "Point", "coordinates": [ -81.9000656, 26.4154398 ] } },
{ "type": "Feature", "properties": { "dms_name": "FMB Elementary School DMS", "datetime": "2022-10-05T00:00:00" }, "geometry": { "type": "Point", "coordinates": [ -81.9391435, 26.4489467 ] } },
{ "type": "Feature", "properties": { "dms_name": "Bay Oaks DMS", "datetime": "2022-10-05T02:09:47.322" }, "geometry": { "type": "Point", "coordinates": [ -81.9000656, 26.4154398 ] } },
{ "type": "Feature", "properties": { "dms_name": "FMB Elementary School DMS", "datetime": "2022-10-05T00:00:00" }, "geometry": { "type": "Point", "coordinates": [ -81.9391435, 26.4489467 ] } },
{ "type": "Feature", "properties": { "dms_name": "Bay Oaks DMS", "datetime": "2022-10-05T02:09:47.322" }, "geometry": { "type": "Point", "coordinates": [ -81.9000656, 26.4154398 ] } },
{ "type": "Feature", "properties": { "dms_name": "FMB Elementary School DMS", "datetime": "2022-10-05T00:00:00" }, "geometry": { "type": "Point", "coordinates": [ -81.9391435, 26.4489467 ] } },
{ "type": "Feature", "properties": { "dms_name": "Bay Oaks DMS", "datetime": "2022-10-05T02:09:47.322" }, "geometry": { "type": "Point", "coordinates": [ -81.9000656, 26.4154398 ] } },
{ "type": "Feature", "properties": { "dms_name": "FMB Elementary School DMS", "datetime": "2022-10-05T00:00:00" }, "geometry": { "type": "Point", "coordinates": [ -81.9391435, 26.4489467 ] } },
{ "type": "Feature", "properties": { "dms_name": "Bay Oaks DMS", "datetime": "2022-10-05T02:09:47.322" }, "geometry": { "type": "Point", "coordinates": [ -81.9000656, 26.4154398 ] } },
{ "type": "Feature", "properties": { "dms_name": "FMB Elementary School DMS", "datetime": "2022-10-05T00:00:00" }, "geometry": { "type": "Point", "coordinates": [ -81.9391435, 26.4489467 ] } },
{ "type": "Feature", "properties": { "dms_name": "Bay Oaks DMS", "datetime": "2022-10-05T02:09:47.322" }, "geometry": { "type": "Point", "coordinates": [ -81.9000656, 26.4154398 ] } },
{ "type": "Feature", "properties": { "dms_name": "FMB Elementary School DMS", "datetime": "2022-10-05T00:00:00" }, "geometry": { "type": "Point", "coordinates": [ -81.9391435, 26.4489467 ] } },
{ "type": "Feature", "properties": { "dms_name": "Bay Oaks DMS", "datetime": "2022-10-05T02:09:47.322" }, "geometry": { "type": "Point", "coordinates": [ -81.9000656, 26.4154398 ] } },
{ "type": "Feature", "properties": { "dms_name": "FMB Elementary School DMS", "datetime": "2022-10-05T00:00:00" }, "geometry": { "type": "Point", "coordinates": [ -81.9391435, 26.4489467 ] } },
{ "type": "Feature", "properties": { "dms_name": "Bay Oaks DMS", "datetime": "2022-10-05T02:09:47.322" }, "geometry": { "type": "Point", "coordinates": [ -81.9000656, 26.4154398 ] } },
{ "type": "Feature", "properties": { "dms_name": "FMB Elementary School DMS", "datetime": "2022-10-05T00:00:00" }, "geometry": { "type": "Point", "coordinates": [ -81.9391435, 26.4489467 ] } },
{ "type": "Feature", "properties": { "dms_name": "Bay Oaks DMS", "datetime": "2022-10-05T02:09:47.322" }, "geometry": { "type": "Point", "coordinates": [ -81.9000656, 26.4154398 ] } },
{ "type": "Feature", "properties": { "dms_name": "FMB Elementary School DMS", "datetime": "2022-10-05T00:00:00" }, "geometry": { "type": "Point", "coordinates": [ -81.9391435, 26.4489467 ] } },
{ "type": "Feature", "properties": { "dms_name": "Bay Oaks DMS", "datetime": "2022-10-05T02:09:47.322" }, "geometry": { "type": "Point", "coordinates": [ -81.9000656, 26.4154398 ] } },
{ "type": "Feature", "properties": { "dms_name": "FMB Elementary School DMS", "datetime": "2022-10-05T00:00:00" }, "geometry": { "type": "Point", "coordinates": [ -81.9391435, 26.4489467 ] } },
{ "type": "Feature", "properties": { "dms_name": "Bay Oaks DMS", "datetime": "2022-10-05T02:09:47.322" }, "geometry": { "type": "Point", "coordinates": [ -81.9000656, 26.4154398 ] } },
{ "type": "Feature", "properties": { "dms_name": "FMB Elementary School DMS", "datetime": "2022-10-05T00:00:00" }, "geometry": { "type": "Point", "coordinates": [ -81.9391435, 26.4489467 ] } },
{ "type": "Feature", "properties": { "dms_name": "Bay Oaks DMS", "datetime": "2022-10-05T02:09:47.322" }, "geometry": { "type": "Point", "coordinates": [ -81.9000656, 26.4154398 ] } },
{ "type": "Feature", "properties": { "dms_name": "FMB Elementary School DMS", "datetime": "2022-10-05T00:00:00" }, "geometry": { "type": "Point", "coordinates": [ -81.9391435, 26.4489467 ] } },
{ "type": "Feature", "properties": { "dms_name": "Bay Oaks DMS", "datetime": "2022-10-05T02:09:47.322" }, "geometry": { "type": "Point", "coordinates": [ -81.9000656, 26.4154398 ] } },
{ "type": "Feature", "properties": { "dms_name": "FMB Elementary School DMS", "datetime": "2022-10-05T00:00:00" }, "geometry": { "type": "Point", "coordinates": [ -81.9391435, 26.4489467 ] } },
{ "type": "Feature", "properties": { "dms_name": "Bay Oaks DMS", "datetime": "2022-10-05T02:09:47.322" }, "geometry": { "type": "Point", "coordinates": [ -81.9000656, 26.4154398 ] } },
{ "type": "Feature", "properties": { "dms_name": "FMB Elementary School DMS", "datetime": "2022-10-05T00:00:00" }, "geometry": { "type": "Point", "coordinates": [ -81.9391435, 26.4489467 ] } },
{ "type": "Feature", "properties": { "dms_name": "Bay Oaks DMS", "datetime": "2022-10-05T02:09:47.322" }, "geometry": { "type": "Point", "coordinates": [ -81.9000656, 26.4154398 ] } },
{ "type": "Feature", "properties": { "dms_name": "FMB Elementary School DMS", "datetime": "2022-10-05T00:00:00" }, "geometry": { "type": "Point", "coordinates": [ -81.9391435, 26.4489467 ] } },
{ "type": "Feature", "properties": { "dms_name": "Bay Oaks DMS", "datetime": "2022-10-05T02:09:47.322" }, "geometry": { "type": "Point", "coordinates": [ -81.9000656, 26.4154398 ] } },
{ "type": "Feature", "properties": { "dms_name": "FMB Elementary School DMS", "datetime": "2022-10-05T00:00:00" }, "geometry": { "type": "Point", "coordinates": [ -81.9391435, 26.4489467 ] } },
{ "type": "Feature", "properties": { "dms_name": "Bay Oaks DMS", "datetime": "2022-10-05T02:09:47.322" }, "geometry": { "type": "Point", "coordinates": [ -81.9000656, 26.4154398 ] } },
{ "type": "Feature", "properties": { "dms_name": "FMB Elementary School DMS", "datetime": "2022-10-05T00:00:00" }, "geometry": { "type": "Point", "coordinates": [ -81.9391435, 26.4489467 ] } },
{ "type": "Feature", "properties": { "dms_name": "Bay Oaks DMS", "datetime": "2022-10-05T02:09:47.322" }, "geometry": { "type": "Point", "coordinates": [ -81.9000656, 26.4154398 ] } },
{ "type": "Feature", "properties": { "dms_name": "FMB Elementary School DMS", "datetime": "2022-10-05T00:00:00" }, "geometry": { "type": "Point", "coordinates": [ -81.9391435, 26.4489467 ] } },
{ "type": "Feature", "properties": { "dms_name": "Bay Oaks DMS", "datetime": "2022-10-05T02:09:47.322" }, "geometry": { "type": "Point", "coordinates": [ -81.9000656, 26.4154398 ] } },
{ "type": "Feature", "properties": { "dms_name": "FMB Elementary School DMS", "datetime": "2022-10-05T00:00:00" }, "geometry": { "type": "Point", "coordinates": [ -81.9391435, 26.4489467 ] } },
{ "type": "Feature", "properties": { "dms_name": "Bay Oaks DMS", "datetime": "2022-10-05T02:09:47.322" }, "geometry": { "type": "Point", "coordinates": [ -81.9000656, 26.4154398 ] } },
{ "type": "Feature", "properties": { "dms_name": "FMB Elementary School DMS", "datetime": "2022-10-05T00:00:00" }, "geometry": { "type": "Point", "coordinates": [ -81.9391435, 26.4489467 ] } },
{ "type": "Feature", "properties": { "dms_name": "Bay Oaks DMS", "datetime": "2022-10-05T02:09:47.322" }, "geometry": { "type": "Point", "coordinates": [ -81.9000656, 26.4154398 ] } },
{ "type": "Feature", "properties": { "dms_name": "FMB Elementary School DMS", "datetime": "2022-10-05T00:00:00" }, "geometry": { "type": "Point", "coordinates": [ -81.9391435, 26.4489467 ] } },
{ "type": "Feature", "properties": { "dms_name": "Bay Oaks DMS", "datetime": "2022-10-05T02:09:47.322" }, "geometry": { "type": "Point", "coordinates": [ -81.9000656, 26.4154398 ] } },
{ "type": "Feature", "properties": { "dms_name": "FMB Elementary School DMS", "datetime": "2022-10-05T00:00:00" }, "geometry": { "type": "Point", "coordinates": [ -81.9391435, 26.4489467 ] } },
{ "type": "Feature", "properties": { "dms_name": "Bay Oaks DMS", "datetime": "2022-10-05T02:09:47.322" }, "geometry": { "type": "Point", "coordinates": [ -81.9000656, 26.4154398 ] } },
{ "type": "Feature", "properties": { "dms_name": "FMB Elementary School DMS", "datetime": "2022-10-05T00:00:00" }, "geometry": { "type": "Point", "coordinates": [ -81.9391435, 26.4489467 ] } },
{ "type": "Feature", "properties": { "dms_name": "Bay Oaks DMS", "datetime": "2022-10-05T02:09:47.322" }, "geometry": { "type": "Point", "coordinates": [ -81.9000656, 26.4154398 ] } },
{ "type": "Feature", "properties": { "dms_name": "FMB Elementary School DMS", "datetime": "2022-10-05T00:00:00" }, "geometry": { "type": "Point", "coordinates": [ -81.9391435, 26.4489467 ] } },
{ "type": "Feature", "properties": { "dms_name": "Bay Oaks DMS", "datetime": "2022-10-05T02:09:47.322" }, "geometry": { "type": "Point", "coordinates": [ -81.9000656, 26.4154398 ] } },
{ "type": "Feature", "properties": { "dms_name": "FMB Elementary School DMS", "datetime": "2022-10-05T00:00:00" }, "geometry": { "type": "Point", "coordinates": [ -81.9391435, 26.4489467 ] } },
{ "type": "Feature", "properties": { "dms_name": "Bay Oaks DMS", "datetime": "2022-10-05T02:09:47.322" }, "geometry": { "type": "Point", "coordinates": [ -81.9000656, 26.4154398 ] } },
{ "type": "Feature", "properties": { "dms_name": "FMB Elementary School DMS", "datetime": "2022-10-05T00:00:00" }, "geometry": { "type": "Point", "coordinates": [ -81.9391435, 26.4489467 ] } },
{ "type": "Feature", "properties": { "dms_name": "Bay Oaks DMS", "datetime": "2022-10-05T02:09:47.322" }, "geometry": { "type": "Point", "coordinates": [ -81.9000656, 26.4154398 ] } },
{ "type": "Feature", "properties": { "dms_name": "FMB Elementary School DMS", "datetime": "2022-10-05T00:00:00" }, "geometry": { "type": "Point", "coordinates": [ -81.9391435, 26.4489467 ] } },
{ "type": "Feature", "properties": { "dms_name": "Bay Oaks DMS", "datetime": "2022-10-05T02:09:47.322" }, "geometry": { "type": "Point", "coordinates": [ -81.9000656, 26.4154398 ] } },
{ "type": "Feature", "properties": { "dms_name": "FMB Elementary School DMS", "datetime": "2022-10-05T00:00:00" }, "geometry": { "type": "Point", "coordinates": [ -81.9391435, 26.4489467 ] } },
{ "type": "Feature", "properties": { "dms_name": "Bay Oaks DMS", "datetime": "2022-10-05T02:09:47.322" }, "geometry": { "type": "Point", "coordinates": [ -81.9000656, 26.4154398 ] } },
{ "type": "Feature", "properties": { "dms_name": "FMB Elementary School DMS", "datetime": "2022-10-05T00:00:00" }, "geometry": { "type": "Point", "coordinates": [ -81.9391435, 26.4489467 ] } },
{ "type": "Feature", "properties": { "dms_name": "Bay Oaks DMS", "datetime": "2022-10-05T02:09:47.322" }, "geometry": { "type": "Point", "coordinates": [ -81.9000656, 26.4154398 ] } },
{ "type": "Feature", "properties": { "dms_name": "FMB Elementary School DMS", "datetime": "2022-10-05T00:00:00" }, "geometry": { "type": "Point", "coordinates": [ -81.9391435, 26.4489467 ] } },
{ "type": "Feature", "properties": { "dms_name": "Bay Oaks DMS", "datetime": "2022-10-05T02:09:47.322" }, "geometry": { "type": "Point", "coordinates": [ -81.9000656, 26.4154398 ] } },
{ "type": "Feature", "properties": { "dms_name": "FMB Elementary School DMS", "datetime": "2022-10-05T00:00:00" }, "geometry": { "type": "Point", "coordinates": [ -81.9391435, 26.4489467 ] } },
{ "type": "Feature", "properties": { "dms_name": "Bay Oaks DMS", "datetime": "2022-10-05T02:09:47.322" }, "geometry": { "type": "Point", "coordinates": [ -81.9000656, 26.4154398 ] } },
{ "type": "Feature", "properties": { "dms_name": "FMB Elementary School DMS", "datetime": "2022-10-05T00:00:00" }, "geometry": { "type": "Point", "coordinates": [ -81.9391435, 26.4489467 ] } },
{ "type": "Feature", "properties": { "dms_name": "Bay Oaks DMS", "datetime": "2022-10-05T02:09:47.322" }, "geometry": { "type": "Point", "coordinates": [ -81.9000656, 26.4154398 ] } },
{ "type": "Feature", "properties": { "dms_name": "FMB Elementary School DMS", "datetime": "2022-10-05T00:00:00" }, "geometry": { "type": "Point", "coordinates": [ -81.9391435, 26.4489467 ] } },
{ "type": "Feature", "properties": { "dms_name": "Bay Oaks DMS", "datetime": "2022-10-05T02:09:47.322" }, "geometry": { "type": "Point", "coordinates": [ -81.9000656, 26.4154398 ] } },
{ "type": "Feature", "properties": { "dms_name": "FMB Elementary School DMS", "datetime": "2022-10-05T00:00:00" }, "geometry": { "type": "Point", "coordinates": [ -81.9391435, 26.4489467 ] } },
{ "type": "Feature", "properties": { "dms_name": "Bay Oaks DMS", "datetime": "2022-10-05T02:09:47.322" }, "geometry": { "type": "Point", "coordinates": [ -81.9000656, 26.4154398 ] } },
{ "type": "Feature", "properties": { "dms_name": "FMB Elementary School DMS", "datetime": "2022-10-05T00:00:00" }, "geometry": { "type": "Point", "coordinates": [ -81.9391435, 26.4489467 ] } },
{ "type": "Feature", "properties": { "dms_name": "Bay Oaks DMS", "datetime": "2022-10-05T02:09:47.322" }, "geometry": { "type": "Point", "coordinates": [ -81.9000656, 26.4154398 ] } },
{ "type": "Feature", "properties": { "dms_name": "FMB Elementary School DMS", "datetime": "2022-10-05T00:00:00" }, "geometry": { "type": "Point", "coordinates": [ -81.9391435, 26.4489467 ] } },
{ "type": "Feature", "properties": { "dms_name": "Bay Oaks DMS", "datetime": "2022-10-05T02:09:47.322" }, "geometry": { "type": "Point", "coordinates": [ -81.9000656, 26.4154398 ] } },
{ "type": "Feature", "properties": { "dms_name": "FMB Elementary School DMS", "datetime": "2022-10-05T00:00:00" }, "geometry": { "type": "Point", "coordinates": [ -81.9391435, 26.4489467 ] } },
{ "type": "Feature", "properties": { "dms_name": "Bay Oaks DMS", "datetime": "2022-10-05T02:09:47.322" }, "geometry": { "type": "Point", "coordinates": [ -81.9000656, 26.4154398 ] } },
{ "type": "Feature", "properties": { "dms_name": "FMB Elementary School DMS", "datetime": "2022-10-05T00:00:00" }, "geometry": { "type": "Point", "coordinates": [ -81.9391435, 26.4489467 ] } },
{ "type": "Feature", "properties": { "dms_name": "Bay Oaks DMS", "datetime": "2022-10-05T02:09:47.322" }, "geometry": { "type": "Point", "coordinates": [ -81.9000656, 26.4154398 ] } },
{ "type": "Feature", "properties": { "dms_name": "FMB Elementary School DMS", "datetime": "2022-10-05T00:00:00" }, "geometry": { "type": "Point", "coordinates": [ -81.9391435, 26.4489467 ] } },
{ "type": "Feature", "properties": { "dms_name": "Bay Oaks DMS", "datetime": "2022-10-05T02:09:47.322" }, "geometry": { "type": "Point", "coordinates": [ -81.9000656, 26.4154398 ] } },
{ "type": "Feature", "properties": { "dms_name": "FMB Elementary School DMS", "datetime": "2022-10-05T00:00:00" }, "geometry": { "type": "Point", "coordinates": [ -81.9391435, 26.4489467 ] } },
{ "type": "Feature", "properties": { "dms_name": "Bay Oaks DMS", "datetime": "2022-10-05T02:09:47.322" }, "geometry": { "type": "Point", "coordinates": [ -81.9000656, 26.4154398 ] } },
{ "type": "Feature", "properties": { "dms_name": "FMB Elementary School DMS", "datetime": "2022-10-05T00:00:00" }, "geometry": { "type": "Point", "coordinates": [ -81.9391435, 26.4489467 ] } },
{ "type": "Feature", "properties": { "dms_name": "Bay Oaks DMS", "datetime": "2022-10-05T02:09:47.322" }, "geometry": { "type": "Point", "coordinates": [ -81.9000656, 26.4154398 ] } },
{ "type": "Feature", "properties": { "dms_name": "FMB Elementary School DMS", "datetime": "2022-10-05T00:00:00" }, "geometry": { "type": "Point", "coordinates": [ -81.9391435, 26.4489467 ] } },
{ "type": "Feature", "properties": { "dms_name": "Bay Oaks DMS", "datetime": "2022-10-05T02:09:47.322" }, "geometry": { "type": "Point", "coordinates": [ -81.9000656, 26.4154398 ] } },
{ "type": "Feature", "properties": { "dms_name": "FMB Elementary School DMS", "datetime": "2022-10-05T00:00:00" }, "geometry": { "type": "Point", "coordinates": [ -81.9391435, 26.4489467 ] } },
{ "type": "Feature", "properties": { "dms_name": "Bay Oaks DMS", "datetime": "2022-10-05T02:09:47.322" }, "geometry": { "type": "Point", "coordinates": [ -81.9000656, 26.4154398 ] } },
{ "type": "Feature", "properties": { "dms_name": "FMB Elementary School DMS", "datetime": "2022-10-05T00:00:00" }, "geometry": { "type": "Point", "coordinates": [ -81.9391435, 26.4489467 ] } },
{ "type": "Feature", "properties": { "dms_name": "Bay Oaks DMS", "datetime": "2022-10-05T02:09:47.322" }, "geometry": { "type": "Point", "coordinates": [ -81.9000656, 26.4154398 ] } },
{ "type": "Feature", "properties": { "dms_name": "FMB Elementary School DMS", "datetime": "2022-10-05T00:00:00" }, "geometry": { "type": "Point", "coordinates": [ -81.9391435, 26.4489467 ] } },
{ "type": "Feature", "properties": { "dms_name": "Bay Oaks DMS", "datetime": "2022-10-05T02:09:47.322" }, "geometry": { "type": "Point", "coordinates": [ -81.9000656, 26.4154398 ] } },
{ "type": "Feature", "properties": { "dms_name": "FMB Elementary School DMS", "datetime": "2022-10-05T00:00:00" }, "geometry": { "type": "Point", "coordinates": [ -81.9391435, 26.4489467 ] } },
{ "type": "Feature", "properties": { "dms_name": "Bay Oaks DMS", "datetime": "2022-10-05T02:09:47.322" }, "geometry": { "type": "Point", "coordinates": [ -81.9000656, 26.4154398 ] } },
{ "type": "Feature", "properties": { "dms_name": "FMB Elementary School DMS", "datetime": "2022-10-05T00:00:00" }, "geometry": { "type": "Point", "coordinates": [ -81.9391435, 26.4489467 ] } },
{ "type": "Feature", "properties": { "dms_name": "Bay Oaks DMS", "datetime": "2022-10-05T02:09:47.322" }, "geometry": { "type": "Point", "coordinates": [ -81.9000656, 26.4154398 ] } },
{ "type": "Feature", "properties": { "dms_name": "FMB Elementary School DMS", "datetime": "2022-10-05T00:00:00" }, "geometry": { "type": "Point", "coordinates": [ -81.9391435, 26.4489467 ] } },
{ "type": "Feature", "properties": { "dms_name": "Bay Oaks DMS", "datetime": "2022-10-05T02:09:47.322" }, "geometry": { "type": "Point", "coordinates": [ -81.9000656, 26.4154398 ] } },
{ "type": "Feature", "properties": { "dms_name": "FMB Elementary School DMS", "datetime": "2022-10-05T00:00:00" }, "geometry": { "type": "Point", "coordinates": [ -81.9391435, 26.4489467 ] } },
{ "type": "Feature", "properties": { "dms_name": "Bay Oaks DMS", "datetime": "2022-10-05T02:09:47.322" }, "geometry": { "type": "Point", "coordinates": [ -81.9000656, 26.4154398 ] } },
{ "type": "Feature", "properties": { "dms_name": "FMB Elementary School DMS", "datetime": "2022-10-05T00:00:00" }, "geometry": { "type": "Point", "coordinates": [ -81.9391435, 26.4489467 ] } },
{ "type": "Feature", "properties": { "dms_name": "Bay Oaks DMS", "datetime": "2022-10-05T02:09:47.322" }, "geometry": { "type": "Point", "coordinates": [ -81.9000656, 26.4154398 ] } },
{ "type": "Feature", "properties": { "dms_name": "FMB Elementary School DMS", "datetime": "2022-10-05T00:00:00" }, "geometry": { "type": "Point", "coordinates": [ -81.9391435, 26.4489467 ] } },
{ "type": "Feature", "properties": { "dms_name": "Bay Oaks DMS", "datetime": "2022-10-05T02:09:47.322" }, "geometry": { "type": "Point", "coordinates": [ -81.9000656, 26.4154398 ] } },
{ "type": "Feature", "properties": { "dms_name": "FMB Elementary School DMS", "datetime": "2022-10-05T00:00:00" }, "geometry": { "type": "Point", "coordinates": [ -81.9391435, 26.4489467 ] } },
{ "type": "Feature", "properties": { "dms_name": "Bay Oaks DMS", "datetime": "2022-10-05T02:09:47.322" }, "geometry": { "type": "Point", "coordinates": [ -81.9000656, 26.4154398 ] } },
{ "type": "Feature", "properties": { "dms_name": "FMB Elementary School DMS", "datetime": "2022-10-05T00:00:00" }, "geometry": { "type": "Point", "coordinates": [ -81.9391435, 26.4489467 ] } },
{ "type": "Feature", "properties": { "dms_name": "Bay Oaks DMS", "datetime": "2022-10-05T02:09:47.322" }, "geometry": { "type": "Point", "coordinates": [ -81.9000656, 26.4154398 ] } },
{ "type": "Feature", "properties": { "dms_name": "FMB Elementary School DMS", "datetime": "2022-10-05T00:00:00" }, "geometry": { "type": "Point", "coordinates": [ -81.9391435, 26.4489467 ] } },
{ "type": "Feature", "properties": { "dms_name": "Bay Oaks DMS", "datetime": "2022-10-05T02:09:47.322" }, "geometry": { "type": "Point", "coordinates": [ -81.9000656, 26.4154398 ] } },
{ "type": "Feature", "properties": { "dms_name": "FMB Elementary School DMS", "datetime": "2022-10-05T00:00:00" }, "geometry": { "type": "Point", "coordinates": [ -81.9391435, 26.4489467 ] } },
{ "type": "Feature", "properties": { "dms_name": "Bay Oaks DMS", "datetime": "2022-10-05T02:09:47.322" }, "geometry": { "type": "Point", "coordinates": [ -81.9000656, 26.4154398 ] } },
{ "type": "Feature", "properties": { "dms_name": "FMB Elementary School DMS", "datetime": "2022-10-05T00:00:00" }, "geometry": { "type": "Point", "coordinates": [ -81.9391435, 26.4489467 ] } },
{ "type": "Feature", "properties": { "dms_name": "Bay Oaks DMS", "datetime": "2022-10-05T02:09:47.322" }, "geometry": { "type": "Point", "coordinates": [ -81.9000656, 26.4154398 ] } },
{ "type": "Feature", "properties": { "dms_name": "FMB Elementary School DMS", "datetime": "2022-10-05T00:00:00" }, "geometry": { "type": "Point", "coordinates": [ -81.9391435, 26.4489467 ] } },
{ "type": "Feature", "properties": { "dms_name": "Bay Oaks DMS", "datetime": "2022-10-05T02:09:47.322" }, "geometry": { "type": "Point", "coordinates": [ -81.9000656, 26.4154398 ] } },
{ "type": "Feature", "properties": { "dms_name": "FMB Elementary School DMS", "datetime": "2022-10-05T00:00:00" }, "geometry": { "type": "Point", "coordinates": [ -81.9391435, 26.4489467 ] } },
{ "type": "Feature", "properties": { "dms_name": "Bay Oaks DMS", "datetime": "2022-10-05T02:09:47.322" }, "geometry": { "type": "Point", "coordinates": [ -81.9000656, 26.4154398 ] } },
{ "type": "Feature", "properties": { "dms_name": "FMB Elementary School DMS", "datetime": "2022-10-05T00:00:00" }, "geometry": { "type": "Point", "coordinates": [ -81.9391435, 26.4489467 ] } },
{ "type": "Feature", "properties": { "dms_name": "Bay Oaks DMS", "datetime": "2022-10-05T02:09:47.322" }, "geometry": { "type": "Point", "coordinates": [ -81.9000656, 26.4154398 ] } },
{ "type": "Feature", "properties": { "dms_name": "FMB Elementary School DMS", "datetime": "2022-10-05T00:00:00" }, "geometry": { "type": "Point", "coordinates": [ -81.9391435, 26.4489467 ] } },
{ "type": "Feature", "properties": { "dms_name": "Bay Oaks DMS", "datetime": "2022-10-05T02:09:47.322" }, "geometry": { "type": "Point", "coordinates": [ -81.9000656, 26.4154398 ] } },
{ "type": "Feature", "properties": { "dms_name": "FMB Elementary School DMS", "datetime": "2022-10-05T00:00:00" }, "geometry": { "type": "Point", "coordinates": [ -81.9391435, 26.4489467 ] } },
{ "type": "Feature", "properties": { "dms_name": "Bay Oaks DMS", "datetime": "2022-10-05T02:09:47.322" }, "geometry": { "type": "Point", "coordinates": [ -81.9000656, 26.4154398 ] } },
{ "type": "Feature", "properties": { "dms_name": "FMB Elementary School DMS", "datetime": "2022-10-05T00:00:00" }, "geometry": { "type": "Point", "coordinates": [ -81.9391435, 26.4489467 ] } },
{ "type": "Feature", "properties": { "dms_name": "Bay Oaks DMS", "datetime": "2022-10-05T02:09:47.322" }, "geometry": { "type": "Point", "coordinates": [ -81.9000656, 26.4154398 ] } },
{ "type": "Feature", "properties": { "dms_name": "FMB Elementary School DMS", "datetime": "2022-10-05T00:00:00" }, "geometry": { "type": "Point", "coordinates": [ -81.9391435, 26.4489467 ] } },
{ "type": "Feature", "properties": { "dms_name": "Bay Oaks DMS", "datetime": "2022-10-05T02:09:47.322" }, "geometry": { "type": "Point", "coordinates": [ -81.9000656, 26.4154398 ] } },
{ "type": "Feature", "properties": { "dms_name": "FMB Elementary School DMS", "datetime": "2022-10-05T00:00:00" }, "geometry": { "type": "Point", "coordinates": [ -81.9391435, 26.4489467 ] } },
{ "type": "Feature", "properties": { "dms_name": "Bay Oaks DMS", "datetime": "2022-10-05T02:09:47.322" }, "geometry": { "type": "Point", "coordinates": [ -81.9000656, 26.4154398 ] } },
{ "type": "Feature", "properties": { "dms_name": "FMB Elementary School DMS", "datetime": "2022-10-05T00:00:00" }, "geometry": { "type": "Point", "coordinates": [ -81.9391435, 26.4489467 ] } },
{ "type": "Feature", "properties": { "dms_name": "Bay Oaks DMS", "datetime": "2022-10-05T02:09:47.322" }, "geometry": { "type": "Point", "coordinates": [ -81.9000656, 26.4154398 ] } },
{ "type": "Feature", "properties": { "dms_name": "FMB Elementary School DMS", "datetime": "2022-10-05T00:00:00" }, "geometry": { "type": "Point", "coordinates": [ -81.9391435, 26.4489467 ] } },
{ "type": "Feature", "properties": { "dms_name": "Bay Oaks DMS", "datetime": "2022-10-05T02:09:47.322" }, "geometry": { "type": "Point", "coordinates": [ -81.9000656, 26.4154398 ] } },
{ "type": "Feature", "properties": { "dms_name": "FMB Elementary School DMS", "datetime": "2022-10-05T00:00:00" }, "geometry": { "type": "Point", "coordinates": [ -81.9391435, 26.4489467 ] } },
{ "type": "Feature", "properties": { "dms_name": "Bay Oaks DMS", "datetime": "2022-10-05T02:09:47.322" }, "geometry": { "type": "Point", "coordinates": [ -81.9000656, 26.4154398 ] } },
{ "type": "Feature", "properties": { "dms_name": "FMB Elementary School DMS", "datetime": "2022-10-05T00:00:00" }, "geometry": { "type": "Point", "coordinates": [ -81.9391435, 26.4489467 ] } },
{ "type": "Feature", "properties": { "dms_name": "Bay Oaks DMS", "datetime": "2022-10-05T02:09:47.322" }, "geometry": { "type": "Point", "coordinates": [ -81.9000656, 26.4154398 ] } },
{ "type": "Feature", "properties": { "dms_name": "FMB Elementary School DMS", "datetime": "2022-10-05T00:00:00" }, "geometry": { "type": "Point", "coordinates": [ -81.9391435, 26.4489467 ] } },
{ "type": "Feature", "properties": { "dms_name": "Bay Oaks DMS", "datetime": "2022-10-05T02:09:47.322" }, "geometry": { "type": "Point", "coordinates": [ -81.9000656, 26.4154398 ] } },
{ "type": "Feature", "properties": { "dms_name": "FMB Elementary School DMS", "datetime": "2022-10-05T00:00:00" }, "geometry": { "type": "Point", "coordinates": [ -81.9391435, 26.4489467 ] } },
{ "type": "Feature", "properties": { "dms_name": "Bay Oaks DMS", "datetime": "2022-10-05T02:09:47.322" }, "geometry": { "type": "Point", "coordinates": [ -81.9000656, 26.4154398 ] } },
{ "type": "Feature", "properties": { "dms_name": "FMB Elementary School DMS", "datetime": "2022-10-05T00:00:00" }, "geometry": { "type": "Point", "coordinates": [ -81.9391435, 26.4489467 ] } },
{ "type": "Feature", "properties": { "dms_name": "Bay Oaks DMS", "datetime": "2022-10-05T02:09:47.322" }, "geometry": { "type": "Point", "coordinates": [ -81.9000656, 26.4154398 ] } },
{ "type": "Feature", "properties": { "dms_name": "FMB Elementary School DMS", "datetime": "2022-10-05T00:00:00" }, "geometry": { "type": "Point", "coordinates": [ -81.9391435, 26.4489467 ] } },
{ "type": "Feature", "properties": { "dms_name": "Bay Oaks DMS", "datetime": "2022-10-05T02:09:47.322" }, "geometry": { "type": "Point", "coordinates": [ -81.9000656, 26.4154398 ] } },
{ "type": "Feature", "properties": { "dms_name": "FMB Elementary School DMS", "datetime": "2022-10-05T00:00:00" }, "geometry": { "type": "Point", "coordinates": [ -81.9391435, 26.4489467 ] } },
{ "type": "Feature", "properties": { "dms_name": "Bay Oaks DMS", "datetime": "2022-10-05T02:09:47.322" }, "geometry": { "type": "Point", "coordinates": [ -81.9000656, 26.4154398 ] } },
{ "type": "Feature", "properties": { "dms_name": "FMB Elementary School DMS", "datetime": "2022-10-05T00:00:00" }, "geometry": { "type": "Point", "coordinates": [ -81.9391435, 26.4489467 ] } },
{ "type": "Feature", "properties": { "dms_name": "Bay Oaks DMS", "datetime": "2022-10-05T02:09:47.322" }, "geometry": { "type": "Point", "coordinates": [ -81.9000656, 26.4154398 ] } },
{ "type": "Feature", "properties": { "dms_name": "FMB Elementary School DMS", "datetime": "2022-10-05T00:00:00" }, "geometry": { "type": "Point", "coordinates": [ -81.9391435, 26.4489467 ] } },
{ "type": "Feature", "properties": { "dms_name": "Bay Oaks DMS", "datetime": "2022-10-05T02:09:47.322" }, "geometry": { "type": "Point", "coordinates": [ -81.9000656, 26.4154398 ] } },
{ "type": "Feature", "properties": { "dms_name": "FMB Elementary School DMS", "datetime": "2022-10-05T00:00:00" }, "geometry": { "type": "Point", "coordinates": [ -81.9391435, 26.4489467 ] } },
{ "type": "Feature", "properties": { "dms_name": "Bay Oaks DMS", "datetime": "2022-10-05T02:09:47.322" }, "geometry": { "type": "Point", "coordinates": [ -81.9000656, 26.4154398 ] } },
{ "type": "Feature", "properties": { "dms_name": "FMB Elementary School DMS", "datetime": "2022-10-05T00:00:00" }, "geometry": { "type": "Point", "coordinates": [ -81.9391435, 26.4489467 ] } },
{ "type": "Feature", "properties": { "dms_name": "Bay Oaks DMS", "datetime": "2022-10-05T02:09:47.322" }, "geometry": { "type": "Point", "coordinates": [ -81.9000656, 26.4154398 ] } },
{ "type": "Feature", "properties": { "dms_name": "FMB Elementary School DMS", "datetime": "2022-10-05T00:00:00" }, "geometry": { "type": "Point", "coordinates": [ -81.9391435, 26.4489467 ] } },
{ "type": "Feature", "properties": { "dms_name": "Bay Oaks DMS", "datetime": "2022-10-05T02:09:47.322" }, "geometry": { "type": "Point", "coordinates": [ -81.9000656, 26.4154398 ] } },
{ "type": "Feature", "properties": { "dms_name": "FMB Elementary School DMS", "datetime": "2022-10-05T00:00:00" }, "geometry": { "type": "Point", "coordinates": [ -81.9391435, 26.4489467 ] } },
{ "type": "Feature", "properties": { "dms_name": "Bay Oaks DMS", "datetime": "2022-10-05T02:09:47.322" }, "geometry": { "type": "Point", "coordinates": [ -81.9000656, 26.4154398 ] } },
{ "type": "Feature", "properties": { "dms_name": "FMB Elementary School DMS", "datetime": "2022-10-05T00:00:00" }, "geometry": { "type": "Point", "coordinates": [ -81.9391435, 26.4489467 ] } },
{ "type": "Feature", "properties": { "dms_name": "Bay Oaks DMS", "datetime": "2022-10-05T02:09:47.322" }, "geometry": { "type": "Point", "coordinates": [ -81.9000656, 26.4154398 ] } },
{ "type": "Feature", "properties": { "dms_name": "FMB Elementary School DMS", "datetime": "2022-10-05T00:00:00" }, "geometry": { "type": "Point", "coordinates": [ -81.9391435, 26.4489467 ] } },
{ "type": "Feature", "properties": { "dms_name": "Bay Oaks DMS", "datetime": "2022-10-05T02:09:47.322" }, "geometry": { "type": "Point", "coordinates": [ -81.9000656, 26.4154398 ] } },
{ "type": "Feature", "properties": { "dms_name": "FMB Elementary School DMS", "datetime": "2022-10-05T00:00:00" }, "geometry": { "type": "Point", "coordinates": [ -81.9391435, 26.4489467 ] } },
{ "type": "Feature", "properties": { "dms_name": "Bay Oaks DMS", "datetime": "2022-10-05T02:09:47.322" }, "geometry": { "type": "Point", "coordinates": [ -81.9000656, 26.4154398 ] } },
{ "type": "Feature", "properties": { "dms_name": "FMB Elementary School DMS", "datetime": "2022-10-05T00:00:00" }, "geometry": { "type": "Point", "coordinates": [ -81.9391435, 26.4489467 ] } },
{ "type": "Feature", "properties": { "dms_name": "Bay Oaks DMS", "datetime": "2022-10-05T02:09:47.322" }, "geometry": { "type": "Point", "coordinates": [ -81.9000656, 26.4154398 ] } },
{ "type": "Feature", "properties": { "dms_name": "FMB Elementary School DMS", "datetime": "2022-10-05T00:00:00" }, "geometry": { "type": "Point", "coordinates": [ -81.9391435, 26.4489467 ] } },
{ "type": "Feature", "properties": { "dms_name": "Bay Oaks DMS", "datetime": "2022-10-05T02:09:47.322" }, "geometry": { "type": "Point", "coordinates": [ -81.9000656, 26.4154398 ] } },
{ "type": "Feature", "properties": { "dms_name": "FMB Elementary School DMS", "datetime": "2022-10-05T00:00:00" }, "geometry": { "type": "Point", "coordinates": [ -81.9391435, 26.4489467 ] } },
{ "type": "Feature", "properties": { "dms_name": "Bay Oaks DMS", "datetime": "2022-10-05T02:09:47.322" }, "geometry": { "type": "Point", "coordinates": [ -81.9000656, 26.4154398 ] } },
{ "type": "Feature", "properties": { "dms_name": "FMB Elementary School DMS", "datetime": "2022-10-05T00:00:00" }, "geometry": { "type": "Point", "coordinates": [ -81.9391435, 26.4489467 ] } },
{ "type": "Feature", "properties": { "dms_name": "Bay Oaks DMS", "datetime": "2022-10-05T02:09:47.322" }, "geometry": { "type": "Point", "coordinates": [ -81.9000656, 26.4154398 ] } },
{ "type": "Feature", "properties": { "dms_name": "FMB Elementary School DMS", "datetime": "2022-10-05T00:00:00" }, "geometry": { "type": "Point", "coordinates": [ -81.9391435, 26.4489467 ] } },
{ "type": "Feature", "properties": { "dms_name": "Bay Oaks DMS", "datetime": "2022-10-05T02:09:47.322" }, "geometry": { "type": "Point", "coordinates": [ -81.9000656, 26.4154398 ] } },
{ "type": "Feature", "properties": { "dms_name": "FMB Elementary School DMS", "datetime": "2022-10-05T00:00:00" }, "geometry": { "type": "Point", "coordinates": [ -81.9391435, 26.4489467 ] } },
{ "type": "Feature", "properties": { "dms_name": "Bay Oaks DMS", "datetime": "2022-10-05T02:09:47.322" }, "geometry": { "type": "Point", "coordinates": [ -81.9000656, 26.4154398 ] } },
{ "type": "Feature", "properties": { "dms_name": "FMB Elementary School DMS", "datetime": "2022-10-05T00:00:00" }, "geometry": { "type": "Point", "coordinates": [ -81.9391435, 26.4489467 ] } },
{ "type": "Feature", "properties": { "dms_name": "Bay Oaks DMS", "datetime": "2022-10-05T02:09:47.322" }, "geometry": { "type": "Point", "coordinates": [ -81.9000656, 26.4154398 ] } },
{ "type": "Feature", "properties": { "dms_name": "FMB Elementary School DMS", "datetime": "2022-10-05T00:00:00" }, "geometry": { "type": "Point", "coordinates": [ -81.9391435, 26.4489467 ] } },
{ "type": "Feature", "properties": { "dms_name": "Bay Oaks DMS", "datetime": "2022-10-05T02:09:47.322" }, "geometry": { "type": "Point", "coordinates": [ -81.9000656, 26.4154398 ] } },
{ "type": "Feature", "properties": { "dms_name": "FMB Elementary School DMS", "datetime": "2022-10-05T00:00:00" }, "geometry": { "type": "Point", "coordinates": [ -81.9391435, 26.4489467 ] } },
{ "type": "Feature", "properties": { "dms_name": "Bay Oaks DMS", "datetime": "2022-10-05T02:09:47.322" }, "geometry": { "type": "Point", "coordinates": [ -81.9000656, 26.4154398 ] } },
{ "type": "Feature", "properties": { "dms_name": "FMB Elementary School DMS", "datetime": "2022-10-05T00:00:00" }, "geometry": { "type": "Point", "coordinates": [ -81.9391435, 26.4489467 ] } },
{ "type": "Feature", "properties": { "dms_name": "Bay Oaks DMS", "datetime": "2022-10-05T02:09:47.322" }, "geometry": { "type": "Point", "coordinates": [ -81.9000656, 26.4154398 ] } },
{ "type": "Feature", "properties": { "dms_name": "FMB Elementary School DMS", "datetime": "2022-10-05T00:00:00" }, "geometry": { "type": "Point", "coordinates": [ -81.9391435, 26.4489467 ] } },
{ "type": "Feature", "properties": { "dms_name": "Bay Oaks DMS", "datetime": "2022-10-05T02:09:47.322" }, "geometry": { "type": "Point", "coordinates": [ -81.9000656, 26.4154398 ] } },
{ "type": "Feature", "properties": { "dms_name": "FMB Elementary School DMS", "datetime": "2022-10-05T00:00:00" }, "geometry": { "type": "Point", "coordinates": [ -81.9391435, 26.4489467 ] } },
{ "type": "Feature", "properties": { "dms_name": "Bay Oaks DMS", "datetime": "2022-10-05T02:09:47.322" }, "geometry": { "type": "Point", "coordinates": [ -81.9000656, 26.4154398 ] } },
{ "type": "Feature", "properties": { "dms_name": "FMB Elementary School DMS", "datetime": "2022-10-05T00:00:00" }, "geometry": { "type": "Point", "coordinates": [ -81.9391435, 26.4489467 ] } },
{ "type": "Feature", "properties": { "dms_name": "Bay Oaks DMS", "datetime": "2022-10-05T02:09:47.322" }, "geometry": { "type": "Point", "coordinates": [ -81.9000656, 26.4154398 ] } },
{ "type": "Feature", "properties": { "dms_name": "FMB Elementary School DMS", "datetime": "2022-10-05T00:00:00" }, "geometry": { "type": "Point", "coordinates": [ -81.9391435, 26.4489467 ] } },
{ "type": "Feature", "properties": { "dms_name": "Bay Oaks DMS", "datetime": "2022-10-05T02:09:47.322" }, "geometry": { "type": "Point", "coordinates": [ -81.9000656, 26.4154398 ] } },
{ "type": "Feature", "properties": { "dms_name": "FMB Elementary School DMS", "datetime": "2022-10-05T00:00:00" }, "geometry": { "type": "Point", "coordinates": [ -81.9391435, 26.4489467 ] } },
{ "type": "Feature", "properties": { "dms_name": "Bay Oaks DMS", "datetime": "2022-10-05T02:09:47.322" }, "geometry": { "type": "Point", "coordinates": [ -81.9000656, 26.4154398 ] } },
{ "type": "Feature", "properties": { "dms_name": "FMB Elementary School DMS", "datetime": "2022-10-05T00:00:00" }, "geometry": { "type": "Point", "coordinates": [ -81.9391435, 26.4489467 ] } },
{ "type": "Feature", "properties": { "dms_name": "Bay Oaks DMS", "datetime": "2022-10-05T02:09:47.322" }, "geometry": { "type": "Point", "coordinates": [ -81.9000656, 26.4154398 ] } },
{ "type": "Feature", "properties": { "dms_name": "FMB Elementary School DMS", "datetime": "2022-10-05T00:00:00" }, "geometry": { "type": "Point", "coordinates": [ -81.9391435, 26.4489467 ] } },
{ "type": "Feature", "properties": { "dms_name": "Bay Oaks DMS", "datetime": "2022-10-05T02:09:47.322" }, "geometry": { "type": "Point", "coordinates": [ -81.9000656, 26.4154398 ] } },
{ "type": "Feature", "properties": { "dms_name": "FMB Elementary School DMS", "datetime": "2022-10-05T00:00:00" }, "geometry": { "type": "Point", "coordinates": [ -81.9391435, 26.4489467 ] } },
{ "type": "Feature", "properties": { "dms_name": "Bay Oaks DMS", "datetime": "2022-10-05T02:09:47.322" }, "geometry": { "type": "Point", "coordinates": [ -81.9000656, 26.4154398 ] } },
{ "type": "Feature", "properties": { "dms_name": "FMB Elementary School DMS", "datetime": "2022-10-05T00:00:00" }, "geometry": { "type": "Point", "coordinates": [ -81.9391435, 26.4489467 ] } },
{ "type": "Feature", "properties": { "dms_name": "Bay Oaks DMS", "datetime": "2022-10-05T02:09:47.322" }, "geometry": { "type": "Point", "coordinates": [ -81.9000656, 26.4154398 ] } },
{ "type": "Feature", "properties": { "dms_name": "FMB Elementary School DMS", "datetime": "2022-10-05T00:00:00" }, "geometry": { "type": "Point", "coordinates": [ -81.9391435, 26.4489467 ] } },
{ "type": "Feature", "properties": { "dms_name": "Bay Oaks DMS", "datetime": "2022-10-05T02:09:47.322" }, "geometry": { "type": "Point", "coordinates": [ -81.9000656, 26.4154398 ] } },
{ "type": "Feature", "properties": { "dms_name": "FMB Elementary School DMS", "datetime": "2022-10-05T00:00:00" }, "geometry": { "type": "Point", "coordinates": [ -81.9391435, 26.4489467 ] } },
{ "type": "Feature", "properties": { "dms_name": "Bay Oaks DMS", "datetime": "2022-10-05T02:09:47.322" }, "geometry": { "type": "Point", "coordinates": [ -81.9000656, 26.4154398 ] } },
{ "type": "Feature", "properties": { "dms_name": "FMB Elementary School DMS", "datetime": "2022-10-05T00:00:00" }, "geometry": { "type": "Point", "coordinates": [ -81.9391435, 26.4489467 ] } },
{ "type": "Feature", "properties": { "dms_name": "Bay Oaks DMS", "datetime": "2022-10-05T02:09:47.322" }, "geometry": { "type": "Point", "coordinates": [ -81.9000656, 26.4154398 ] } },
{ "type": "Feature", "properties": { "dms_name": "FMB Elementary School DMS", "datetime": "2022-10-05T00:00:00" }, "geometry": { "type": "Point", "coordinates": [ -81.9391435, 26.4489467 ] } },
{ "type": "Feature", "properties": { "dms_name": "Bay Oaks DMS", "datetime": "2022-10-05T02:09:47.322" }, "geometry": { "type": "Point", "coordinates": [ -81.9000656, 26.4154398 ] } },
{ "type": "Feature", "properties": { "dms_name": "FMB Elementary School DMS", "datetime": "2022-10-05T00:00:00" }, "geometry": { "type": "Point", "coordinates": [ -81.9391435, 26.4489467 ] } },
{ "type": "Feature", "properties": { "dms_name": "Bay Oaks DMS", "datetime": "2022-10-05T02:09:47.322" }, "geometry": { "type": "Point", "coordinates": [ -81.9000656, 26.4154398 ] } },
{ "type": "Feature", "properties": { "dms_name": "FMB Elementary School DMS", "datetime": "2022-10-05T00:00:00" }, "geometry": { "type": "Point", "coordinates": [ -81.9391435, 26.4489467 ] } },
{ "type": "Feature", "properties": { "dms_name": "Bay Oaks DMS", "datetime": "2022-10-05T02:09:47.322" }, "geometry": { "type": "Point", "coordinates": [ -81.9000656, 26.4154398 ] } },
{ "type": "Feature", "properties": { "dms_name": "FMB Elementary School DMS", "datetime": "2022-10-05T00:00:00" }, "geometry": { "type": "Point", "coordinates": [ -81.9391435, 26.4489467 ] } },
{ "type": "Feature", "properties": { "dms_name": "Bay Oaks DMS", "datetime": "2022-10-05T02:09:47.322" }, "geometry": { "type": "Point", "coordinates": [ -81.9000656, 26.4154398 ] } },
{ "type": "Feature", "properties": { "dms_name": "FMB Elementary School DMS", "datetime": "2022-10-05T00:00:00" }, "geometry": { "type": "Point", "coordinates": [ -81.9391435, 26.4489467 ] } },
{ "type": "Feature", "properties": { "dms_name": "Bay Oaks DMS", "datetime": "2022-10-05T02:09:47.322" }, "geometry": { "type": "Point", "coordinates": [ -81.9000656, 26.4154398 ] } },
{ "type": "Feature", "properties": { "dms_name": "FMB Elementary School DMS", "datetime": "2022-10-05T00:00:00" }, "geometry": { "type": "Point", "coordinates": [ -81.9391435, 26.4489467 ] } },
{ "type": "Feature", "properties": { "dms_name": "Bay Oaks DMS", "datetime": "2022-10-05T02:09:47.322" }, "geometry": { "type": "Point", "coordinates": [ -81.9000656, 26.4154398 ] } },
{ "type": "Feature", "properties": { "dms_name": "FMB Elementary School DMS", "datetime": "2022-10-05T00:00:00" }, "geometry": { "type": "Point", "coordinates": [ -81.9391435, 26.4489467 ] } },
{ "type": "Feature", "properties": { "dms_name": "Bay Oaks DMS", "datetime": "2022-10-05T02:09:47.322" }, "geometry": { "type": "Point", "coordinates": [ -81.9000656, 26.4154398 ] } },
{ "type": "Feature", "properties": { "dms_name": "FMB Elementary School DMS", "datetime": "2022-10-05T00:00:00" }, "geometry": { "type": "Point", "coordinates": [ -81.9391435, 26.4489467 ] } },
{ "type": "Feature", "properties": { "dms_name": "Bay Oaks DMS", "datetime": "2022-10-05T02:09:47.322" }, "geometry": { "type": "Point", "coordinates": [ -81.9000656, 26.4154398 ] } },
{ "type": "Feature", "properties": { "dms_name": "FMB Elementary School DMS", "datetime": "2022-10-05T00:00:00" }, "geometry": { "type": "Point", "coordinates": [ -81.9391435, 26.4489467 ] } },
{ "type": "Feature", "properties": { "dms_name": "Bay Oaks DMS", "datetime": "2022-10-05T02:09:47.322" }, "geometry": { "type": "Point", "coordinates": [ -81.9000656, 26.4154398 ] } },
{ "type": "Feature", "properties": { "dms_name": "FMB Elementary School DMS", "datetime": "2022-10-05T00:00:00" }, "geometry": { "type": "Point", "coordinates": [ -81.9391435, 26.4489467 ] } },
{ "type": "Feature", "properties": { "dms_name": "Bay Oaks DMS", "datetime": "2022-10-05T02:09:47.322" }, "geometry": { "type": "Point", "coordinates": [ -81.9000656, 26.4154398 ] } },
{ "type": "Feature", "properties": { "dms_name": "FMB Elementary School DMS", "datetime": "2022-10-05T00:00:00" }, "geometry": { "type": "Point", "coordinates": [ -81.9391435, 26.4489467 ] } },
{ "type": "Feature", "properties": { "dms_name": "Bay Oaks DMS", "datetime": "2022-10-05T02:09:47.322" }, "geometry": { "type": "Point", "coordinates": [ -81.9000656, 26.4154398 ] } },
{ "type": "Feature", "properties": { "dms_name": "FMB Elementary School DMS", "datetime": "2022-10-05T00:00:00" }, "geometry": { "type": "Point", "coordinates": [ -81.9391435, 26.4489467 ] } },
{ "type": "Feature", "properties": { "dms_name": "Bay Oaks DMS", "datetime": "2022-10-05T02:09:47.322" }, "geometry": { "type": "Point", "coordinates": [ -81.9000656, 26.4154398 ] } },
{ "type": "Feature", "properties": { "dms_name": "FMB Elementary School DMS", "datetime": "2022-10-05T00:00:00" }, "geometry": { "type": "Point", "coordinates": [ -81.9391435, 26.4489467 ] } },
{ "type": "Feature", "properties": { "dms_name": "Bay Oaks DMS", "datetime": "2022-10-05T02:09:47.322" }, "geometry": { "type": "Point", "coordinates": [ -81.9000656, 26.4154398 ] } },
{ "type": "Feature", "properties": { "dms_name": "FMB Elementary School DMS", "datetime": "2022-10-05T00:00:00" }, "geometry": { "type": "Point", "coordinates": [ -81.9391435, 26.4489467 ] } },
{ "type": "Feature", "properties": { "dms_name": "Bay Oaks DMS", "datetime": "2022-10-05T02:09:47.322" }, "geometry": { "type": "Point", "coordinates": [ -81.9000656, 26.4154398 ] } },
{ "type": "Feature", "properties": { "dms_name": "FMB Elementary School DMS", "datetime": "2022-10-05T00:00:00" }, "geometry": { "type": "Point", "coordinates": [ -81.9391435, 26.4489467 ] } },
{ "type": "Feature", "properties": { "dms_name": "Bay Oaks DMS", "datetime": "2022-10-05T02:09:47.322" }, "geometry": { "type": "Point", "coordinates": [ -81.9000656, 26.4154398 ] } },
{ "type": "Feature", "properties": { "dms_name": "FMB Elementary School DMS", "datetime": "2022-10-05T00:00:00" }, "geometry": { "type": "Point", "coordinates": [ -81.9391435, 26.4489467 ] } },
{ "type": "Feature", "properties": { "dms_name": "Bay Oaks DMS", "datetime": "2022-10-05T02:09:47.322" }, "geometry": { "type": "Point", "coordinates": [ -81.9000656, 26.4154398 ] } },
{ "type": "Feature", "properties": { "dms_name": "FMB Elementary School DMS", "datetime": "2022-10-05T00:00:00" }, "geometry": { "type": "Point", "coordinates": [ -81.9391435, 26.4489467 ] } },
{ "type": "Feature", "properties": { "dms_name": "Bay Oaks DMS", "datetime": "2022-10-05T02:09:47.322" }, "geometry": { "type": "Point", "coordinates": [ -81.9000656, 26.4154398 ] } },
{ "type": "Feature", "properties": { "dms_name": "FMB Elementary School DMS", "datetime": "2022-10-05T00:00:00" }, "geometry": { "type": "Point", "coordinates": [ -81.9391435, 26.4489467 ] } },
{ "type": "Feature", "properties": { "dms_name": "Bay Oaks DMS", "datetime": "2022-10-05T02:09:47.322" }, "geometry": { "type": "Point", "coordinates": [ -81.9000656, 26.4154398 ] } },
{ "type": "Feature", "properties": { "dms_name": "FMB Elementary School DMS", "datetime": "2022-10-05T00:00:00" }, "geometry": { "type": "Point", "coordinates": [ -81.9391435, 26.4489467 ] } },
{ "type": "Feature", "properties": { "dms_name": "Bay Oaks DMS", "datetime": "2022-10-05T02:09:47.322" }, "geometry": { "type": "Point", "coordinates": [ -81.9000656, 26.4154398 ] } },
{ "type": "Feature", "properties": { "dms_name": "FMB Elementary School DMS", "datetime": "2022-10-05T00:00:00" }, "geometry": { "type": "Point", "coordinates": [ -81.9391435, 26.4489467 ] } },
{ "type": "Feature", "properties": { "dms_name": "Bay Oaks DMS", "datetime": "2022-10-05T02:09:47.322" }, "geometry": { "type": "Point", "coordinates": [ -81.9000656, 26.4154398 ] } },
{ "type": "Feature", "properties": { "dms_name": "FMB Elementary School DMS", "datetime": "2022-10-05T00:00:00" }, "geometry": { "type": "Point", "coordinates": [ -81.9391435, 26.4489467 ] } },
{ "type": "Feature", "properties": { "dms_name": "Bay Oaks DMS", "datetime": "2022-10-05T02:09:47.322" }, "geometry": { "type": "Point", "coordinates": [ -81.9000656, 26.4154398 ] } },
{ "type": "Feature", "properties": { "dms_name": "FMB Elementary School DMS", "datetime": "2022-10-05T00:00:00" }, "geometry": { "type": "Point", "coordinates": [ -81.9391435, 26.4489467 ] } },
{ "type": "Feature", "properties": { "dms_name": "Bay Oaks DMS", "datetime": "2022-10-05T02:09:47.322" }, "geometry": { "type": "Point", "coordinates": [ -81.9000656, 26.4154398 ] } },
{ "type": "Feature", "properties": { "dms_name": "FMB Elementary School DMS", "datetime": "2022-10-05T00:00:00" }, "geometry": { "type": "Point", "coordinates": [ -81.9391435, 26.4489467 ] } },
{ "type": "Feature", "properties": { "dms_name": "Bay Oaks DMS", "datetime": "2022-10-05T02:09:47.322" }, "geometry": { "type": "Point", "coordinates": [ -81.9000656, 26.4154398 ] } },
{ "type": "Feature", "properties": { "dms_name": "FMB Elementary School DMS", "datetime": "2022-10-05T00:00:00" }, "geometry": { "type": "Point", "coordinates": [ -81.9391435, 26.4489467 ] } },
{ "type": "Feature", "properties": { "dms_name": "Bay Oaks DMS", "datetime": "2022-10-05T02:09:47.322" }, "geometry": { "type": "Point", "coordinates": [ -81.9000656, 26.4154398 ] } },
{ "type": "Feature", "properties": { "dms_name": "FMB Elementary School DMS", "datetime": "2022-10-05T00:00:00" }, "geometry": { "type": "Point", "coordinates": [ -81.9391435, 26.4489467 ] } },
{ "type": "Feature", "properties": { "dms_name": "Bay Oaks DMS", "datetime": "2022-10-05T02:09:47.322" }, "geometry": { "type": "Point", "coordinates": [ -81.9000656, 26.4154398 ] } },
{ "type": "Feature", "properties": { "dms_name": "FMB Elementary School DMS", "datetime": "2022-10-05T00:00:00" }, "geometry": { "type": "Point", "coordinates": [ -81.9391435, 26.4489467 ] } },
{ "type": "Feature", "properties": { "dms_name": "Bay Oaks DMS", "datetime": "2022-10-05T02:09:47.322" }, "geometry": { "type": "Point", "coordinates": [ -81.9000656, 26.4154398 ] } },
{ "type": "Feature", "properties": { "dms_name": "FMB Elementary School DMS", "datetime": "2022-10-05T00:00:00" }, "geometry": { "type": "Point", "coordinates": [ -81.9391435, 26.4489467 ] } },
{ "type": "Feature", "properties": { "dms_name": "Bay Oaks DMS", "datetime": "2022-10-05T02:09:47.322" }, "geometry": { "type": "Point", "coordinates": [ -81.9000656, 26.4154398 ] } },
{ "type": "Feature", "properties": { "dms_name": "FMB Elementary School DMS", "datetime": "2022-10-05T00:00:00" }, "geometry": { "type": "Point", "coordinates": [ -81.9391435, 26.4489467 ] } },
{ "type": "Feature", "properties": { "dms_name": "Bay Oaks DMS", "datetime": "2022-10-05T02:09:47.322" }, "geometry": { "type": "Point", "coordinates": [ -81.9000656, 26.4154398 ] } },
{ "type": "Feature", "properties": { "dms_name": "FMB Elementary School DMS", "datetime": "2022-10-05T00:00:00" }, "geometry": { "type": "Point", "coordinates": [ -81.9391435, 26.4489467 ] } },
{ "type": "Feature", "properties": { "dms_name": "Bay Oaks DMS", "datetime": "2022-10-05T02:09:47.322" }, "geometry": { "type": "Point", "coordinates": [ -81.9000656, 26.4154398 ] } },
{ "type": "Feature", "properties": { "dms_name": "FMB Elementary School DMS", "datetime": "2022-10-05T00:00:00" }, "geometry": { "type": "Point", "coordinates": [ -81.9391435, 26.4489467 ] } },
{ "type": "Feature", "properties": { "dms_name": "Bay Oaks DMS", "datetime": "2022-10-05T02:09:47.322" }, "geometry": { "type": "Point", "coordinates": [ -81.9000656, 26.4154398 ] } },
{ "type": "Feature", "properties": { "dms_name": "FMB Elementary School DMS", "datetime": "2022-10-05T00:00:00" }, "geometry": { "type": "Point", "coordinates": [ -81.9391435, 26.4489467 ] } },
{ "type": "Feature", "properties": { "dms_name": "Bay Oaks DMS", "datetime": "2022-10-05T02:09:47.322" }, "geometry": { "type": "Point", "coordinates": [ -81.9000656, 26.4154398 ] } },
{ "type": "Feature", "properties": { "dms_name": "FMB Elementary School DMS", "datetime": "2022-10-05T00:00:00" }, "geometry": { "type": "Point", "coordinates": [ -81.9391435, 26.4489467 ] } },
{ "type": "Feature", "properties": { "dms_name": "Bay Oaks DMS", "datetime": "2022-10-05T02:09:47.322" }, "geometry": { "type": "Point", "coordinates": [ -81.9000656, 26.4154398 ] } },
{ "type": "Feature", "properties": { "dms_name": "FMB Elementary School DMS", "datetime": "2022-10-05T00:00:00" }, "geometry": { "type": "Point", "coordinates": [ -81.9391435, 26.4489467 ] } },
{ "type": "Feature", "properties": { "dms_name": "Bay Oaks DMS", "datetime": "2022-10-05T02:09:47.322" }, "geometry": { "type": "Point", "coordinates": [ -81.9000656, 26.4154398 ] } },
{ "type": "Feature", "properties": { "dms_name": "FMB Elementary School DMS", "datetime": "2022-10-05T00:00:00" }, "geometry": { "type": "Point", "coordinates": [ -81.9391435, 26.4489467 ] } },
{ "type": "Feature", "properties": { "dms_name": "Bay Oaks DMS", "datetime": "2022-10-05T02:09:47.322" }, "geometry": { "type": "Point", "coordinates": [ -81.9000656, 26.4154398 ] } },
{ "type": "Feature", "properties": { "dms_name": "FMB Elementary School DMS", "datetime": "2022-10-05T00:00:00" }, "geometry": { "type": "Point", "coordinates": [ -81.9391435, 26.4489467 ] } },
{ "type": "Feature", "properties": { "dms_name": "Bay Oaks DMS", "datetime": "2022-10-05T02:09:47.322" }, "geometry": { "type": "Point", "coordinates": [ -81.9000656, 26.4154398 ] } },
{ "type": "Feature", "properties": { "dms_name": "FMB Elementary School DMS", "datetime": "2022-10-05T00:00:00" }, "geometry": { "type": "Point", "coordinates": [ -81.9391435, 26.4489467 ] } },
{ "type": "Feature", "properties": { "dms_name": "Bay Oaks DMS", "datetime": "2022-10-05T02:09:47.322" }, "geometry": { "type": "Point", "coordinates": [ -81.9000656, 26.4154398 ] } },
{ "type": "Feature", "properties": { "dms_name": "FMB Elementary School DMS", "datetime": "2022-10-05T00:00:00" }, "geometry": { "type": "Point", "coordinates": [ -81.9391435, 26.4489467 ] } },
{ "type": "Feature", "properties": { "dms_name": "Bay Oaks DMS", "datetime": "2022-10-05T02:09:47.322" }, "geometry": { "type": "Point", "coordinates": [ -81.9000656, 26.4154398 ] } },
{ "type": "Feature", "properties": { "dms_name": "FMB Elementary School DMS", "datetime": "2022-10-05T00:00:00" }, "geometry": { "type": "Point", "coordinates": [ -81.9391435, 26.4489467 ] } },
{ "type": "Feature", "properties": { "dms_name": "Bay Oaks DMS", "datetime": "2022-10-05T02:09:47.322" }, "geometry": { "type": "Point", "coordinates": [ -81.9000656, 26.4154398 ] } },
{ "type": "Feature", "properties": { "dms_name": "FMB Elementary School DMS", "datetime": "2022-10-05T00:00:00" }, "geometry": { "type": "Point", "coordinates": [ -81.9391435, 26.4489467 ] } },
{ "type": "Feature", "properties": { "dms_name": "Bay Oaks DMS", "datetime": "2022-10-05T02:09:47.322" }, "geometry": { "type": "Point", "coordinates": [ -81.9000656, 26.4154398 ] } },
{ "type": "Feature", "properties": { "dms_name": "FMB Elementary School DMS", "datetime": "2022-10-05T00:00:00" }, "geometry": { "type": "Point", "coordinates": [ -81.9391435, 26.4489467 ] } },
{ "type": "Feature", "properties": { "dms_name": "Bay Oaks DMS", "datetime": "2022-10-05T02:09:47.322" }, "geometry": { "type": "Point", "coordinates": [ -81.9000656, 26.4154398 ] } },
{ "type": "Feature", "properties": { "dms_name": "FMB Elementary School DMS", "datetime": "2022-10-05T00:00:00" }, "geometry": { "type": "Point", "coordinates": [ -81.9391435, 26.4489467 ] } },
{ "type": "Feature", "properties": { "dms_name": "Bay Oaks DMS", "datetime": "2022-10-05T02:09:47.322" }, "geometry": { "type": "Point", "coordinates": [ -81.9000656, 26.4154398 ] } },
{ "type": "Feature", "properties": { "dms_name": "FMB Elementary School DMS", "datetime": "2022-10-05T00:00:00" }, "geometry": { "type": "Point", "coordinates": [ -81.9391435, 26.4489467 ] } }
]
}
