WKT,fid,osmid,y,x,street_count,highway,ref
"POINT (-81.8848192 26.4070972)",1,98053284,26.4070972,-81.8848192,3,,
"POINT (-81.8844258 26.4063622)",2,98053295,26.4063622,-81.8844258,1,,
"POINT (-81.895055 26.407529)",3,98054683,26.407529,-81.895055,3,,
"POINT (-81.912106 26.432122)",4,98062323,26.432122,-81.912106,3,,
"POINT (-81.913219 26.432645)",5,98062337,26.432645,-81.913219,3,,
"POINT (-81.913639 26.432986)",6,98062341,26.432986,-81.913639,1,,
"POINT (-81.908071 26.425265)",7,98074455,26.425265,-81.908071,3,,
"POINT (-81.907005 26.424041)",8,98074465,26.424041,-81.907005,1,,
"POINT (-81.912101 26.431476)",9,98087995,26.431476,-81.912101,3,,
"POINT (-81.910259 26.431486)",10,98088001,26.431486,-81.910259,1,,
"POINT (-81.904909 26.423218)",11,98093609,26.423218,-81.904909,3,,
"POINT (-81.9047103 26.4233448)",12,98093611,26.4233448,-81.9047103,3,,
"POINT (-81.9045097 26.4234881)",13,98093613,26.4234881,-81.9045097,3,,
"POINT (-81.902299 26.42512)",14,98093619,26.42512,-81.902299,1,,
"POINT (-81.905418 26.426031)",15,98096713,26.426031,-81.905418,3,,
"POINT (-81.904163 26.431017)",16,98096766,26.431017,-81.904163,1,,
"POINT (-81.88826 26.40546)",17,98098767,26.40546,-81.88826,1,,
"POINT (-81.888269 26.406148)",18,98098769,26.406148,-81.888269,3,,
"POINT (-81.9110969 26.4276028)",19,98105248,26.4276028,-81.9110969,1,,
"POINT (-81.910741 26.427893)",20,98105250,26.427893,-81.910741,4,,
"POINT (-81.909955 26.428561)",21,98105254,26.428561,-81.909955,3,,
"POINT (-81.903186 26.420623)",22,98124288,26.420623,-81.903186,3,,
"POINT (-81.899233 26.423503)",23,98124294,26.423503,-81.899233,1,,
"POINT (-81.92342 26.4382)",24,98125738,26.4382,-81.92342,4,,
"POINT (-81.918062 26.434305)",25,98128527,26.434305,-81.918062,3,,
"POINT (-81.917225 26.435303)",26,98128539,26.435303,-81.917225,3,,
"POINT (-81.916457 26.434768)",27,98128546,26.434768,-81.916457,3,,
"POINT (-81.913153 26.434192)",28,98128554,26.434192,-81.913153,3,,
"POINT (-81.884939 26.404842)",29,98153412,26.404842,-81.884939,4,,
"POINT (-81.8845141 26.4078093)",30,98153441,26.4078093,-81.8845141,1,turning_loop,
"POINT (-81.906366 26.4242508)",31,98157371,26.4242508,-81.906366,3,,
"POINT (-81.887127 26.405423)",32,98166589,26.405423,-81.887127,1,,
"POINT (-81.887128 26.405889)",33,98166591,26.405889,-81.887128,3,,
"POINT (-81.9227084 26.4376888)",34,98170208,26.4376888,-81.9227084,3,,
"POINT (-81.912109 26.432351)",35,98203979,26.432351,-81.912109,3,,
"POINT (-81.910293 26.432368)",36,98203983,26.432368,-81.910293,1,,
"POINT (-81.8975349 26.4200771)",37,98206415,26.4200771,-81.8975349,1,turning_loop,
"POINT (-81.8988 26.422587)",38,98206428,26.422587,-81.8988,3,,
"POINT (-81.9070876 26.4237222)",39,98218152,26.4237222,-81.9070876,1,,
"POINT (-81.9066806 26.4240156)",40,98218157,26.4240156,-81.9066806,3,,
"POINT (-81.9051243 26.425102)",41,98218165,26.425102,-81.9051243,3,,
"POINT (-81.9033952 26.426358)",42,98218174,26.426358,-81.9033952,1,turning_circle,
"POINT (-81.914948 26.432989)",43,98231941,26.432989,-81.914948,1,,
"POINT (-81.913871 26.432065)",44,98231946,26.432065,-81.913871,4,,
"POINT (-81.887306 26.408614)",45,98235454,26.408614,-81.887306,3,,
"POINT (-81.887866 26.408636)",46,98235466,26.408636,-81.887866,3,,
"POINT (-81.888563 26.408957)",47,98235475,26.408957,-81.888563,3,,
"POINT (-81.893052 26.411553)",48,98235542,26.411553,-81.893052,3,,
"POINT (-81.89317 26.411584)",49,98235544,26.411584,-81.89317,3,,
"POINT (-81.897108 26.411402)",50,98235590,26.411402,-81.897108,3,,
"POINT (-81.898483 26.409758)",51,98235630,26.409758,-81.898483,4,,
"POINT (-81.8984 26.409653)",52,98235674,26.409653,-81.8984,3,,
"POINT (-81.911293 26.42985)",53,98241915,26.42985,-81.911293,3,,
"POINT (-81.910242 26.42884)",54,98241918,26.42884,-81.910242,3,,
"POINT (-81.909125 26.4277835)",55,98241924,26.4277835,-81.909125,3,,
"POINT (-81.908614 26.427298)",56,98241934,26.427298,-81.908614,3,,
"POINT (-81.8942 26.4151995)",57,98243788,26.4151995,-81.8942,3,,
"POINT (-81.8943634 26.4152698)",58,98243793,26.4152698,-81.8943634,3,,
"POINT (-81.900838 26.415216)",59,98243801,26.415216,-81.900838,3,,
"POINT (-81.9004532 26.4152372)",60,98243803,26.4152372,-81.9004532,3,,
"POINT (-81.8841963 26.4047774)",61,98248812,26.4047774,-81.8841963,4,,
"POINT (-81.9247624 26.4390708)",62,98272065,26.4390708,-81.9247624,4,,
"POINT (-81.924111 26.438678)",63,98272072,26.438678,-81.924111,3,,
"POINT (-81.922039 26.437222)",64,98272073,26.437222,-81.922039,3,,
"POINT (-81.9205098 26.4361169)",65,98272079,26.4361169,-81.9205098,3,,
"POINT (-81.919555 26.435414)",66,98272090,26.435414,-81.919555,3,,
"POINT (-81.918787 26.434844)",67,98272096,26.434844,-81.918787,3,,
"POINT (-81.916437 26.433102)",68,98272103,26.433102,-81.916437,3,,
"POINT (-81.914518 26.431482)",69,98272109,26.431482,-81.914518,4,,
"POINT (-81.9125578 26.429782)",70,98272120,26.429782,-81.9125578,3,,
"POINT (-81.91208 26.429181)",71,98272125,26.429181,-81.91208,4,,
"POINT (-81.909408 26.426618)",72,98272136,26.426618,-81.909408,4,,
"POINT (-81.907901 26.425489)",73,98272162,26.425489,-81.907901,3,,
"POINT (-81.906821 26.425303)",74,98272180,26.425303,-81.906821,4,,
"POINT (-81.90539 26.423895)",75,98272207,26.423895,-81.90539,3,,
"POINT (-81.9052523 26.4237198)",76,98272215,26.4237198,-81.9052523,3,,
"POINT (-81.905143 26.423571)",77,98272222,26.423571,-81.905143,3,,
"POINT (-81.904361 26.422395)",78,98272226,26.422395,-81.904361,3,,
"POINT (-81.903802 26.421548)",79,98272231,26.421548,-81.903802,3,,
"POINT (-81.902649 26.4198)",80,98272235,26.4198,-81.902649,3,,
"POINT (-81.902606 26.419723)",81,98272236,26.419723,-81.902606,3,,
"POINT (-81.901581 26.417219)",82,98272245,26.417219,-81.901581,3,,
"POINT (-81.899579 26.411833)",83,98272259,26.411833,-81.899579,3,,
"POINT (-81.899549 26.411751)",84,98272261,26.411751,-81.899549,3,,
"POINT (-81.896228 26.407141)",85,98272281,26.407141,-81.896228,3,,
"POINT (-81.896134 26.40704)",86,98272282,26.40704,-81.896134,3,,
"POINT (-81.894552 26.405797)",87,98272296,26.405797,-81.894552,3,,
"POINT (-81.892473 26.40486)",88,98272308,26.40486,-81.892473,3,,
"POINT (-81.890671 26.404487)",89,98272332,26.404487,-81.890671,3,,
"POINT (-81.889438 26.404434)",90,98272355,26.404434,-81.889438,3,,
"POINT (-81.885915 26.40472)",91,98272390,26.40472,-81.885915,3,,
"POINT (-81.891569 26.405518)",92,98274443,26.405518,-81.891569,3,,
"POINT (-81.891372 26.405947)",93,98274447,26.405947,-81.891372,1,turning_loop,
"POINT (-81.9014988 26.4205854)",94,98275373,26.4205854,-81.9014988,4,,
"POINT (-81.900562 26.421297)",95,98275382,26.421297,-81.900562,3,,
"POINT (-81.899677 26.421937)",96,98275387,26.421937,-81.899677,3,,
"POINT (-81.889452 26.405301)",97,98285619,26.405301,-81.889452,3,,
"POINT (-81.889455 26.406152)",98,98285620,26.406152,-81.889455,3,,
"POINT (-81.912105 26.4316748)",99,98286233,26.4316748,-81.912105,3,,
"POINT (-81.893067 26.406002)",100,98291437,26.406002,-81.893067,3,,
"POINT (-81.890333 26.40627)",101,98291458,26.40627,-81.890333,3,,
"POINT (-81.89514 26.419287)",102,98313024,26.419287,-81.89514,1,,
"POINT (-81.895124 26.40765)",103,98315980,26.40765,-81.895124,3,,
"POINT (-81.8944768 26.4080993)",104,98315994,26.4080993,-81.8944768,1,,
"POINT (-81.893942 26.406458)",105,98315998,26.406458,-81.893942,3,,
"POINT (-81.894066 26.406527)",106,98316007,26.406527,-81.894066,3,,
"POINT (-81.8987379 26.4200845)",107,98316112,26.4200845,-81.8987379,1,turning_loop,
"POINT (-81.90816 26.429341)",108,98317275,26.429341,-81.90816,3,,
"POINT (-81.900298 26.424095)",109,98329901,26.424095,-81.900298,1,,
"POINT (-81.912099 26.430994)",110,98379275,26.430994,-81.912099,3,,
"POINT (-81.890568 26.405328)",111,98388518,26.405328,-81.890568,4,,
"POINT (-81.914733 26.436666)",112,98397814,26.436666,-81.914733,1,,
"POINT (-81.9121318 26.4328927)",113,98400774,26.4328927,-81.9121318,3,,
"POINT (-81.912123 26.433071)",114,98400778,26.433071,-81.912123,1,,
"POINT (-81.9060979 26.4233454)",115,98416001,26.4233454,-81.9060979,1,,
"POINT (-81.905671 26.425485)",116,98420994,26.425485,-81.905671,3,,
"POINT (-81.910223 26.430401)",117,98421825,26.430401,-81.910223,3,,
"POINT (-81.908923 26.430985)",118,98421833,26.430985,-81.908923,3,,
"POINT (-81.9051523 26.4240411)",119,98428988,26.4240411,-81.9051523,3,,
"POINT (-81.902807 26.425754)",120,98428992,26.425754,-81.902807,1,,
"POINT (-81.90914 26.430056)",121,98431359,26.430056,-81.90914,1,,
"POINT (-81.908382 26.425036)",122,98440048,26.425036,-81.908382,1,,
"POINT (-81.909094 26.43224)",123,98490148,26.43224,-81.909094,3,,
"POINT (-81.908946 26.432149)",124,98490196,26.432149,-81.908946,3,,
"POINT (-81.908011 26.432311)",125,98490217,26.432311,-81.908011,1,,
"POINT (-81.9009614 26.4119186)",126,98504727,26.4119186,-81.9009614,3,,
"POINT (-81.9009407 26.411843)",127,98504747,26.411843,-81.9009407,3,,
"POINT (-81.9126202 26.4328824)",128,98516965,26.4328824,-81.9126202,1,,
"POINT (-81.8999483 26.4200814)",129,98538693,26.4200814,-81.8999483,1,turning_loop,
"POINT (-81.91865 26.434986)",130,98550561,26.434986,-81.91865,3,,
"POINT (-81.915656 26.437147)",131,98558374,26.437147,-81.915656,1,,
"POINT (-81.907998 26.429324)",132,98560201,26.429324,-81.907998,3,,
"POINT (-81.905493 26.425469)",133,98565023,26.425469,-81.905493,3,,
"POINT (-81.8963966 26.4202244)",134,98580739,26.4202244,-81.8963966,1,turning_loop,
"POINT (-81.906199 26.422994)",135,1335983161,26.422994,-81.906199,1,,
"POINT (-81.9052548 26.4231484)",136,1335983164,26.4231484,-81.9052548,3,,
"POINT (-81.9059811 26.4228021)",137,1335983167,26.4228021,-81.9059811,1,,
"POINT (-81.905652 26.4228343)",138,1335983169,26.4228343,-81.905652,3,,
"POINT (-81.9048436 26.4231214)",139,1335983175,26.4231214,-81.9048436,3,,
"POINT (-81.9053602 26.4232705)",140,1335983177,26.4232705,-81.9053602,3,,
"POINT (-81.9057624 26.4229646)",141,1335983179,26.4229646,-81.9057624,3,,
"POINT (-81.9023122 26.4159553)",142,1387634859,26.4159553,-81.9023122,1,,
"POINT (-81.9015149 26.4162967)",143,1387634866,26.4162967,-81.9015149,3,,
"POINT (-81.9012646 26.4163693)",144,1387634867,26.4163693,-81.9012646,4,,
"POINT (-81.9017534 26.4170233)",145,1387634872,26.4170233,-81.9017534,3,,
"POINT (-81.9025344 26.4170254)",146,1387634873,26.4170254,-81.9025344,1,,
"POINT (-81.901522 26.4170568)",147,1387634874,26.4170568,-81.901522,3,,
"POINT (-81.9057548 26.4225552)",148,1387634887,26.4225552,-81.9057548,1,,
"POINT (-81.9057857 26.4227285)",149,1387634893,26.4227285,-81.9057857,1,,
"POINT (-81.9055801 26.4228912)",150,1387634904,26.4228912,-81.9055801,3,,
"POINT (-81.904094 26.4219942)",151,1387637810,26.4219942,-81.904094,3,,
"POINT (-81.9038304 26.4221175)",152,1387637811,26.4221175,-81.9038304,3,,
"POINT (-81.904142 26.4225292)",153,1390578781,26.4225292,-81.904142,3,,
"POINT (-81.9045054 26.4230508)",154,1390578786,26.4230508,-81.9045054,3,,
"POINT (-81.9043382 26.4232349)",155,1390578792,26.4232349,-81.9043382,2,,
"POINT (-81.9045607 26.4234512)",156,1390578798,26.4234512,-81.9045607,3,,
"POINT (-81.9046956 26.4216814)",157,1390589090,26.4216814,-81.9046956,3,,
"POINT (-81.9049483 26.4220778)",158,1390589102,26.4220778,-81.9049483,3,,
"POINT (-81.9044404 26.4221855)",159,1390589103,26.4221855,-81.9044404,3,,
"POINT (-81.9042837 26.4222778)",160,1390589104,26.4222778,-81.9042837,3,,
"POINT (-81.9126647 26.4317455)",161,1412670487,26.4317455,-81.9126647,1,,
"POINT (-81.8769002 26.4050248)",162,1620821904,26.4050248,-81.8769002,3,,
"POINT (-81.8753792 26.4037721)",163,1621351072,26.4037721,-81.8753792,3,,
"POINT (-81.8715112 26.4023697)",164,1623448481,26.4023697,-81.8715112,3,,
"POINT (-81.8704571 26.4013486)",165,1623448491,26.4013486,-81.8704571,3,,
"POINT (-81.8719609 26.4019283)",166,1623448499,26.4019283,-81.8719609,3,,
"POINT (-81.9059537 26.4245528)",167,1769035619,26.4245528,-81.9059537,3,,
"POINT (-81.9059228 26.424518)",168,1769035621,26.424518,-81.9059228,3,,
"POINT (-81.8775861 26.4044233)",169,1775637503,26.4044233,-81.8775861,1,,
"POINT (-81.8769069 26.4053612)",170,1775637523,26.4053612,-81.8769069,3,,
"POINT (-81.8762313 26.4058121)",171,1775637525,26.4058121,-81.8762313,3,,
"POINT (-81.8769378 26.4045478)",172,1775637529,26.4045478,-81.8769378,3,,
"POINT (-81.8754457 26.4060161)",173,1775637532,26.4060161,-81.8754457,1,,
"POINT (-81.8772536 26.404916)",174,1775637536,26.404916,-81.8772536,3,,
"POINT (-81.8770491 26.4049792)",175,1775637539,26.4049792,-81.8770491,3,,
"POINT (-81.8769731 26.4058445)",176,1775637585,26.4058445,-81.8769731,1,,
"POINT (-81.8768768 26.4054304)",177,1775637594,26.4054304,-81.8768768,3,,
"POINT (-81.8773474 26.4060713)",178,1775637604,26.4060713,-81.8773474,1,,
"POINT (-81.8772876 26.4055816)",179,1775637606,26.4055816,-81.8772876,3,,
"POINT (-81.8764461 26.4062251)",180,1775637643,26.4062251,-81.8764461,1,,
"POINT (-81.8771382 26.4054462)",181,1775637647,26.4054462,-81.8771382,3,,
"POINT (-81.8763925 26.4047429)",182,1775637661,26.4047429,-81.8763925,3,,
"POINT (-81.8771057 26.4055201)",183,1775637671,26.4055201,-81.8771057,4,,
"POINT (-81.8770684 26.4058079)",184,1775637673,26.4058079,-81.8770684,3,,
"POINT (-81.8753733 26.4058695)",185,1775637700,26.4058695,-81.8753733,1,,
"POINT (-81.876059 26.405792)",186,1775637709,26.405792,-81.876059,4,,
"POINT (-81.8762664 26.4061602)",187,1775637710,26.4061602,-81.8762664,1,,
"POINT (-81.8769273 26.4051684)",188,1775637729,26.4051684,-81.8769273,3,,
"POINT (-81.8758307 26.4043155)",189,1775637748,26.4043155,-81.8758307,3,,
"POINT (-81.87625 26.4060762)",190,1775637759,26.4060762,-81.87625,3,,
"POINT (-81.8761959 26.4057813)",191,1775637768,26.4057813,-81.8761959,3,,
"POINT (-81.8771247 26.4058719)",192,1775637793,26.4058719,-81.8771247,3,,
"POINT (-81.8772163 26.404928)",193,1775637803,26.404928,-81.8772163,3,,
"POINT (-81.8774572 26.4048642)",194,1775637817,26.4048642,-81.8774572,3,,
"POINT (-81.8910915 26.4106046)",195,1775763042,26.4106046,-81.8910915,3,,
"POINT (-81.8936589 26.4119013)",196,1775763043,26.4119013,-81.8936589,3,,
"POINT (-81.8940607 26.4131101)",197,1775763045,26.4131101,-81.8940607,1,,
"POINT (-81.8921032 26.4110555)",198,1775763047,26.4110555,-81.8921032,3,,
"POINT (-81.8936911 26.4120526)",199,1775763066,26.4120526,-81.8936911,1,,
"POINT (-81.8939051 26.4126945)",200,1775763075,26.4126945,-81.8939051,1,,
"POINT (-81.8942851 26.4132065)",201,1775763083,26.4132065,-81.8942851,3,,
"POINT (-81.893814 26.4116428)",202,1775763089,26.4116428,-81.893814,3,,
"POINT (-81.895037 26.4140037)",203,1775763090,26.4140037,-81.895037,1,,
"POINT (-81.8965968 26.4116037)",204,1775763099,26.4116037,-81.8965968,3,,
"POINT (-81.8944076 26.4135685)",205,1775763103,26.4135685,-81.8944076,3,,
"POINT (-81.894505 26.4136838)",206,1775763107,26.4136838,-81.894505,3,,
"POINT (-81.8988779 26.4114718)",207,1775763110,26.4114718,-81.8988779,2,,
"POINT (-81.8948042 26.4117858)",208,1775763115,26.4117858,-81.8948042,3,,
"POINT (-81.894131 26.4118749)",209,1775763126,26.4118749,-81.894131,1,,
"POINT (-81.8979216 26.4102621)",210,1775763132,26.4102621,-81.8979216,3,,
"POINT (-81.8942624 26.4123096)",211,1775763133,26.4123096,-81.8942624,1,,
"POINT (-81.8963565 26.4116113)",212,1775763146,26.4116113,-81.8963565,3,,
"POINT (-81.8943516 26.4129544)",213,1775763153,26.4129544,-81.8943516,4,,
"POINT (-81.8944072 26.4140488)",214,1775763154,26.4140488,-81.8944072,1,,
"POINT (-81.8938574 26.4125546)",215,1775763158,26.4125546,-81.8938574,3,,
"POINT (-81.8939995 26.4119061)",216,1775763159,26.4119061,-81.8939995,3,,
"POINT (-81.894021 26.412507)",217,1775763160,26.412507,-81.894021,3,,
"POINT (-81.8978318 26.4100816)",218,1775763180,26.4100816,-81.8978318,3,,
"POINT (-81.8977163 26.4102415)",219,1775763185,26.4102415,-81.8977163,3,,
"POINT (-81.8938246 26.4118778)",220,1775763188,26.4118778,-81.8938246,3,,
"POINT (-81.8942029 26.4129972)",221,1775763193,26.4129972,-81.8942029,3,,
"POINT (-81.8941471 26.4123882)",222,1775763199,26.4123882,-81.8941471,4,,
"POINT (-81.8978158 26.4103007)",223,1775763200,26.4103007,-81.8978158,3,,
"POINT (-81.8942785 26.4123552)",224,1775763205,26.4123552,-81.8942785,3,,
"POINT (-81.8941122 26.4132512)",225,1775763206,26.4132512,-81.8941122,3,,
"POINT (-81.8902895 26.4103475)",226,1775763207,26.4103475,-81.8902895,1,,
"POINT (-81.8990769 26.4111518)",227,1775763218,26.4111518,-81.8990769,2,,
"POINT (-81.8909499 26.4107722)",228,1775763228,26.4107722,-81.8909499,1,,
"POINT (-81.8972387 26.4095597)",229,1775763250,26.4095597,-81.8972387,3,,
"POINT (-81.8942967 26.4124135)",230,1775763261,26.4124135,-81.8942967,1,,
"POINT (-81.8956056 26.4116206)",231,1775763267,26.4116206,-81.8956056,3,,
"POINT (-81.8979362 26.4101435)",232,1775763274,26.4101435,-81.8979362,3,,
"POINT (-81.8914731 26.4106493)",233,1775763290,26.4106493,-81.8914731,3,,
"POINT (-81.8912562 26.4105095)",234,1775763296,26.4105095,-81.8912562,3,,
"POINT (-81.8947473 26.4116306)",235,1775763304,26.4116306,-81.8947473,3,,
"POINT (-81.8941739 26.4134266)",236,1775763311,26.4134266,-81.8941739,1,,
"POINT (-81.8939957 26.4124263)",237,1775763327,26.4124263,-81.8939957,3,,
"POINT (-81.8936369 26.4117961)",238,1775763328,26.4117961,-81.8936369,1,,
"POINT (-81.8971374 26.4113229)",239,1775763337,26.4113229,-81.8971374,4,,
"POINT (-81.893844 26.4119414)",240,1775763345,26.4119414,-81.893844,3,,
"POINT (-81.8947393 26.4133551)",241,1775763352,26.4133551,-81.8947393,1,,
"POINT (-81.8944684 26.412817)",242,1775763360,26.412817,-81.8944684,1,,
"POINT (-81.897187 26.4113664)",243,1775763364,26.4113664,-81.897187,4,,
"POINT (-81.8938273 26.4124591)",244,1775763367,26.4124591,-81.8938273,1,,
"POINT (-81.8977655 26.4100902)",245,1775763368,26.4100902,-81.8977655,3,,
"POINT (-81.8945413 26.4136796)",246,1775763372,26.4136796,-81.8945413,3,,
"POINT (-81.9210956 26.436543)",247,1925188171,26.436543,-81.9210956,3,,
"POINT (-81.9210328 26.4364946)",248,1925188198,26.4364946,-81.9210328,3,,
"POINT (-81.8849446 26.4051462)",249,1925244888,26.4051462,-81.8849446,3,,
"POINT (-81.8840902 26.4055735)",250,1925244896,26.4055735,-81.8840902,3,,
"POINT (-81.8841586 26.4054271)",251,1925244902,26.4054271,-81.8841586,3,,
"POINT (-81.8716456 26.4024945)",252,1926499502,26.4024945,-81.8716456,1,,
"POINT (-81.9227553 26.4377225)",253,2019424575,26.4377225,-81.9227553,3,,
"POINT (-81.9148806 26.4311393)",254,2019424577,26.4311393,-81.9148806,1,,
"POINT (-81.9097977 26.4262994)",255,2213482532,26.4262994,-81.9097977,1,,
"POINT (-81.9124291 26.4289031)",256,2213576180,26.4289031,-81.9124291,1,,
"POINT (-81.8854471 26.4096514)",257,5094979733,26.4096514,-81.8854471,3,,
"POINT (-81.8858046 26.4088185)",258,5094979738,26.4088185,-81.8858046,3,,
"POINT (-81.8857684 26.408724)",259,5094979739,26.408724,-81.8857684,3,,
"POINT (-81.8851067 26.4096661)",260,5094979740,26.4096661,-81.8851067,3,,
"POINT (-81.8850732 26.4089157)",261,5094979746,26.4089157,-81.8850732,3,,
"POINT (-81.8863992 26.4086894)",262,5094979808,26.4086894,-81.8863992,4,,
"POINT (-81.886384 26.4088515)",263,5094979809,26.4088515,-81.886384,3,,
"POINT (-81.8869341 26.4088144)",264,5094979813,26.4088144,-81.8869341,3,,
"POINT (-81.8869264 26.4086865)",265,5094979814,26.4086865,-81.8869264,3,,
"POINT (-81.8862549 26.4083562)",266,5094979958,26.4083562,-81.8862549,3,,
"POINT (-81.8863003 26.4079049)",267,5094979961,26.4079049,-81.8863003,1,,
"POINT (-81.8841741 26.404944)",268,5095138163,26.404944,-81.8841741,3,,
"POINT (-81.8838425 26.4050875)",269,5095138164,26.4050875,-81.8838425,1,,
"POINT (-81.8832919 26.4049059)",270,5095138173,26.4049059,-81.8832919,1,,
"POINT (-81.8858745 26.4045282)",271,5095138217,26.4045282,-81.8858745,4,,
"POINT (-81.8854759 26.4046113)",272,5095138218,26.4046113,-81.8854759,3,,
"POINT (-81.885323 26.4042761)",273,5095138219,26.4042761,-81.885323,1,,
"POINT (-81.8850735 26.4041764)",274,5095138421,26.4041764,-81.8850735,1,,
"POINT (-81.8850213 26.4042792)",275,5095138425,26.4042792,-81.8850213,1,,
"POINT (-81.8851049 26.4044691)",276,5095138426,26.4044691,-81.8851049,3,,
"POINT (-81.8842271 26.4046203)",277,5095138429,26.4046203,-81.8842271,4,,
"POINT (-81.8844901 26.4042912)",278,5095138432,26.4042912,-81.8844901,3,,
"POINT (-81.8846235 26.4042437)",279,5095138433,26.4042437,-81.8846235,1,,
"POINT (-81.8843756 26.4043272)",280,5095138434,26.4043272,-81.8843756,1,,
"POINT (-81.8842709 26.405387)",281,5095138435,26.405387,-81.8842709,3,,
"POINT (-81.8846453 26.4054526)",282,5095138445,26.4054526,-81.8846453,3,,
"POINT (-81.884264 26.4055623)",283,5095138446,26.4055623,-81.884264,4,,
"POINT (-81.8850198 26.4057839)",284,5095138449,26.4057839,-81.8850198,3,,
"POINT (-81.8852001 26.4057239)",285,5095138450,26.4057239,-81.8852001,3,,
"POINT (-81.8838402 26.4061941)",286,5095138452,26.4061941,-81.8838402,1,,
"POINT (-81.8927274 26.4117887)",287,5594768019,26.4117887,-81.8927274,4,,
"POINT (-81.8925176 26.41187)",288,5594768020,26.41187,-81.8925176,3,,
"POINT (-81.9215716 26.4369115)",289,5750060796,26.4369115,-81.9215716,3,,
"POINT (-81.9205945 26.4361775)",290,5750312026,26.4361775,-81.9205945,3,,
"POINT (-81.9194952 26.4353696)",291,5750312039,26.4353696,-81.9194952,3,,
"POINT (-81.9193165 26.435237)",292,5750312041,26.435237,-81.9193165,3,,
"POINT (-81.9180505 26.4342965)",293,5750312072,26.4342965,-81.9180505,3,,
"POINT (-81.9177088 26.4336869)",294,5750312073,26.4336869,-81.9177088,1,,
"POINT (-81.9168998 26.4334496)",295,5750312075,26.4334496,-81.9168998,3,,
"POINT (-81.9169828 26.4333619)",296,5750312076,26.4333619,-81.9169828,3,,
"POINT (-81.9181193 26.4342172)",297,5750312077,26.4342172,-81.9181193,3,,
"POINT (-81.9191594 26.4351204)",298,5750312083,26.4351204,-81.9191594,3,,
"POINT (-81.919002 26.4350036)",299,5750312085,26.4350036,-81.919002,3,,
"POINT (-81.9186549 26.4347458)",300,5750312126,26.4347458,-81.9186549,3,,
"POINT (-81.9182506 26.4344452)",301,5750312128,26.4344452,-81.9182506,3,,
"POINT (-81.9196492 26.4354833)",302,5750312186,26.4354833,-81.9196492,3,,
"POINT (-81.9222131 26.4373386)",303,5751752807,26.4373386,-81.9222131,3,,
"POINT (-81.9223836 26.4374592)",304,5751752810,26.4374592,-81.9223836,3,,
"POINT (-81.9149144 26.4313732)",305,5754062419,26.4313732,-81.9149144,1,,
"POINT (-81.9146636 26.4316067)",306,5754062420,26.4316067,-81.9146636,3,,
"POINT (-81.9143258 26.4306345)",307,5754063115,26.4306345,-81.9143258,1,,
"POINT (-81.9139977 26.4308754)",308,5754063117,26.4308754,-81.9139977,3,,
"POINT (-81.9136227 26.4305502)",309,5754063118,26.4305502,-81.9136227,3,,
"POINT (-81.913869 26.4303192)",310,5754063119,26.4303192,-81.913869,1,,
"POINT (-81.9135286 26.4306385)",311,5754063120,26.4306385,-81.9135286,3,,
"POINT (-81.9139082 26.4309621)",312,5754063221,26.4309621,-81.9139082,3,,
"POINT (-81.9057817 26.4236674)",313,5754569573,26.4236674,-81.9057817,1,,
"POINT (-81.9054187 26.4239285)",314,5754569574,26.4239285,-81.9054187,3,,
"POINT (-81.9063105 26.4242915)",315,5754569575,26.4242915,-81.9063105,3,,
"POINT (-81.9060951 26.4244492)",316,5754569579,26.4244492,-81.9060951,3,,
"POINT (-81.9064485 26.4244878)",317,5754578330,26.4244878,-81.9064485,1,,
"POINT (-81.9061137 26.4247328)",318,5754578331,26.4247328,-81.9061137,3,,
"POINT (-81.9056712 26.4253641)",319,5755082378,26.4253641,-81.9056712,2,,
"POINT (-81.9063765 26.4249975)",320,5755082380,26.4249975,-81.9063765,3,,
"POINT (-81.9062108 26.4248415)",321,5755082393,26.4248415,-81.9062108,3,,
"POINT (-81.9056168 26.4253685)",322,5755082395,26.4253685,-81.9056168,3,,
"POINT (-81.9056883 26.4246889)",323,5755082407,26.4246889,-81.9056883,3,,
"POINT (-81.9054423 26.4248682)",324,5755082408,26.4248682,-81.9054423,3,,
"POINT (-81.9061505 26.4247742)",325,5755082409,26.4247742,-81.9061505,4,,
"POINT (-81.9059302 26.4249331)",326,5755082410,26.4249331,-81.9059302,3,,
"POINT (-81.9052265 26.4245946)",327,5755082522,26.4245946,-81.9052265,1,,
"POINT (-81.9054576 26.424857)",328,5755082523,26.424857,-81.9054576,3,,
"POINT (-81.9053461 26.4247304)",329,5755082524,26.4247304,-81.9053461,3,,
"POINT (-81.9057306 26.4242932)",330,5755082527,26.4242932,-81.9057306,3,,
"POINT (-81.9051625 26.424124)",331,5755082543,26.424124,-81.9051625,1,,
"POINT (-81.90565 26.424199)",332,5755082546,26.424199,-81.90565,3,,
"POINT (-81.9039149 26.422243)",333,5755082593,26.422243,-81.9039149,3,,
"POINT (-81.9038605 26.4224755)",334,5755082599,26.4224755,-81.9038605,1,,
"POINT (-81.903762 26.4223314)",335,5755082604,26.4223314,-81.903762,1,,
"POINT (-81.9036703 26.422192)",336,5755082605,26.422192,-81.9036703,1,,
"POINT (-81.9041221 26.4215534)",337,5756963343,26.4215534,-81.9041221,3,,
"POINT (-81.9049435 26.4209502)",338,5756963345,26.4209502,-81.9049435,1,,
"POINT (-81.9038536 26.4216269)",339,5756963348,26.4216269,-81.9038536,3,,
"POINT (-81.903947 26.4217695)",340,5756963352,26.4217695,-81.903947,3,,
"POINT (-81.9046009 26.4205337)",341,5756963367,26.4205337,-81.9046009,1,,
"POINT (-81.903615 26.4212671)",342,5756963368,26.4212671,-81.903615,3,,
"POINT (-81.9041509 26.4208685)",343,5756963369,26.4208685,-81.9041509,3,,
"POINT (-81.9047446 26.4207034)",344,5756963371,26.4207034,-81.9047446,1,,
"POINT (-81.903351 26.4211525)",345,5756963381,26.4211525,-81.903351,2,,
"POINT (-81.903659 26.421631)",346,5756963382,26.421631,-81.903659,3,,
"POINT (-81.9034872 26.4210753)",347,5756963383,26.4210753,-81.9034872,3,,
"POINT (-81.9035675 26.4209467)",348,5756987937,26.4209467,-81.9035675,3,,
"POINT (-81.9034502 26.4210198)",349,5756987938,26.4210198,-81.9034502,3,,
"POINT (-81.9033863 26.4206308)",350,5758643548,26.4206308,-81.9033863,3,,
"POINT (-81.903259 26.4207327)",351,5758643550,26.4207327,-81.903259,3,,
"POINT (-81.903084 26.420152)",352,5758643551,26.420152,-81.903084,3,,
"POINT (-81.9029356 26.4202392)",353,5758643552,26.4202392,-81.9029356,3,,
"POINT (-81.9036759 26.4199437)",354,5758643556,26.4199437,-81.9036759,3,,
"POINT (-81.9038083 26.4200902)",355,5758643557,26.4200902,-81.9038083,3,,
"POINT (-81.9027867 26.420011)",356,5758996101,26.420011,-81.9027867,3,,
"POINT (-81.9038062 26.4193318)",357,5758996102,26.4193318,-81.9038062,1,,
"POINT (-81.9036191 26.4191267)",358,5758996105,26.4191267,-81.9036191,1,,
"POINT (-81.9026949 26.4198704)",359,5758996108,26.4198704,-81.9026949,3,,
"POINT (-81.9029514 26.4199027)",360,5758996109,26.4199027,-81.9029514,3,,
"POINT (-81.9028431 26.419757)",361,5758996110,26.419757,-81.9028431,3,,
"POINT (-81.9033316 26.4196574)",362,5758996111,26.4196574,-81.9033316,3,,
"POINT (-81.9031594 26.4194825)",363,5758996112,26.4194825,-81.9031594,3,,
"POINT (-81.9032393 26.4191823)",364,5758996153,26.4191823,-81.9032393,1,,
"POINT (-81.9025521 26.4196253)",365,5758996155,26.4196253,-81.9025521,3,,
"POINT (-81.9022183 26.4189187)",366,5758996157,26.4189187,-81.9022183,3,,
"POINT (-81.9027586 26.419507)",367,5758996158,26.419507,-81.9027586,3,,
"POINT (-81.9024606 26.4172416)",368,5759422371,26.4172416,-81.9024606,1,,
"POINT (-81.9023775 26.4185019)",369,5759422376,26.4185019,-81.9023775,4,,
"POINT (-81.9020613 26.4185068)",370,5759422377,26.4185068,-81.9020613,3,,
"POINT (-81.9025597 26.4184991)",371,5759422378,26.4184991,-81.9025597,3,,
"POINT (-81.9020978 26.4172492)",372,5759422379,26.4172492,-81.9020978,3,,
"POINT (-81.9022669 26.4177066)",373,5759422381,26.4177066,-81.9022669,4,,
"POINT (-81.9020701 26.4176892)",374,5759422382,26.4176892,-81.9020701,4,,
"POINT (-81.9017781 26.4177448)",375,5759422383,26.4177448,-81.9017781,3,,
"POINT (-81.9022207 26.4175817)",376,5759422387,26.4175817,-81.9022207,3,,
"POINT (-81.9028483 26.4184947)",377,5759422388,26.4184947,-81.9028483,3,,
"POINT (-81.9029884 26.4184483)",378,5759422390,26.4184483,-81.9029884,3,,
"POINT (-81.902987 26.4183295)",379,5759422396,26.4183295,-81.902987,3,,
"POINT (-81.902499 26.4183346)",380,5759422397,26.4183346,-81.902499,3,,
"POINT (-81.9027223 26.4183323)",381,5759422398,26.4183323,-81.9027223,3,,
"POINT (-81.902454 26.418213)",382,5759422400,26.418213,-81.902454,3,,
"POINT (-81.9009288 26.4154616)",383,5763946153,26.4154616,-81.9009288,3,,
"POINT (-81.9010308 26.4157372)",384,5763946155,26.4157372,-81.9010308,3,,
"POINT (-81.901506 26.4150124)",385,5763946217,26.4150124,-81.901506,1,,
"POINT (-81.9008252 26.4151819)",386,5763946218,26.4151819,-81.9008252,3,,
"POINT (-81.9005999 26.4145821)",387,5763946233,26.4145821,-81.9005999,3,,
"POINT (-81.9007932 26.4145136)",388,5763946235,26.4145136,-81.9007932,3,,
"POINT (-81.9007566 26.4149994)",389,5763946236,26.4149994,-81.9007566,3,,
"POINT (-81.9011328 26.4148062)",390,5763946237,26.4148062,-81.9011328,1,,
"POINT (-81.900934 26.4148698)",391,5763946238,26.4148698,-81.900934,3,,
"POINT (-81.9019134 26.4142425)",392,5763946358,26.4142425,-81.9019134,1,,
"POINT (-81.9017468 26.4148141)",393,5763946360,26.4148141,-81.9017468,3,,
"POINT (-81.9012063 26.4144153)",394,5763946363,26.4144153,-81.9012063,3,,
"POINT (-81.9015541 26.4148619)",395,5763946364,26.4148619,-81.9015541,3,,
"POINT (-81.9014138 26.4143679)",396,5763946365,26.4143679,-81.9014138,3,,
"POINT (-81.9015149 26.4139736)",397,5764153773,26.4139736,-81.9015149,2,,
"POINT (-81.9018126 26.4139075)",398,5764153790,26.4139075,-81.9018126,1,,
"POINT (-81.9014704 26.414355)",399,5764153791,26.414355,-81.9014704,3,,
"POINT (-81.9013995 26.4140977)",400,5764153792,26.4140977,-81.9013995,1,,
"POINT (-81.9004559 26.4141986)",401,5764153794,26.4141986,-81.9004559,4,crossing,
"POINT (-81.901247 26.4130711)",402,5764153844,26.4130711,-81.901247,2,,
"POINT (-81.9015588 26.4129889)",403,5764153845,26.4129889,-81.9015588,1,,
"POINT (-81.9011101 26.4131193)",404,5764153846,26.4131193,-81.9011101,2,,
"POINT (-81.9001456 26.4133634)",405,5764153847,26.4133634,-81.9001456,3,,
"POINT (-81.9006627 26.4132325)",406,5764153848,26.4132325,-81.9006627,3,,
"POINT (-81.9009229 26.4141009)",407,5764153849,26.4141009,-81.9009229,3,,
"POINT (-81.9007511 26.4142572)",408,5764153870,26.4142572,-81.9007511,1,,
"POINT (-81.9008308 26.414501)",409,5764153871,26.414501,-81.9008308,3,,
"POINT (-81.9015401 26.4128223)",410,5766143306,26.4128223,-81.9015401,1,,
"POINT (-81.9012254 26.4128946)",411,5766143309,26.4128946,-81.9012254,3,,
"POINT (-81.900805 26.4113473)",412,5766143310,26.4113473,-81.900805,3,,
"POINT (-81.9008617 26.4115544)",413,5766143313,26.4115544,-81.9008617,3,,
"POINT (-81.8999605 26.4117618)",414,5766143315,26.4117618,-81.8999605,3,,
"POINT (-81.8999532 26.4116682)",415,5766143316,26.4116682,-81.8999532,3,,
"POINT (-81.9010345 26.4121888)",416,5766143319,26.4121888,-81.9010345,4,,
"POINT (-81.901144 26.4125939)",417,5766143320,26.4125939,-81.901144,3,,
"POINT (-81.9003085 26.4129133)",418,5766143329,26.4129133,-81.9003085,3,,
"POINT (-81.9011771 26.412716)",419,5766143330,26.412716,-81.9011771,3,,
"POINT (-81.9011275 26.4125327)",420,5766143331,26.4125327,-81.9011275,3,,
"POINT (-81.9010814 26.4123625)",421,5766143333,26.4123625,-81.9010814,3,,
"POINT (-81.9005143 26.4120956)",422,5766143334,26.4120956,-81.9005143,1,,
"POINT (-81.9006527 26.4120901)",423,5766143335,26.4120901,-81.9006527,3,,
"POINT (-81.9009868 26.4120125)",424,5766143336,26.4120125,-81.9009868,3,,
"POINT (-81.900701 26.4122636)",425,5766143337,26.4122636,-81.900701,3,,
"POINT (-81.9004764 26.4115828)",426,5766143338,26.4115828,-81.9004764,1,,
"POINT (-81.9008458 26.4114962)",427,5766143339,26.4114962,-81.9008458,3,,
"POINT (-81.8996231 26.4114607)",428,5766143342,26.4114607,-81.8996231,1,,
"POINT (-81.8992529 26.411011)",429,5766143557,26.411011,-81.8992529,3,,
"POINT (-81.9007375 26.4111451)",430,5766143566,26.4111451,-81.9007375,3,,
"POINT (-81.9000714 26.4113352)",431,5766143568,26.4113352,-81.9000714,1,,
"POINT (-81.8998898 26.4108338)",432,5766143569,26.4108338,-81.8998898,3,,
"POINT (-81.9000465 26.4112664)",433,5766143570,26.4112664,-81.9000465,3,,
"POINT (-81.9006725 26.4108357)",434,5766143571,26.4108357,-81.9006725,3,,
"POINT (-81.9007098 26.4110135)",435,5766143572,26.4110135,-81.9007098,3,,
"POINT (-81.8999583 26.4110229)",436,5766143573,26.4110229,-81.8999583,3,,
"POINT (-81.9012533 26.4106199)",437,5766449219,26.4106199,-81.9012533,1,,
"POINT (-81.8991066 26.4107136)",438,5766449221,26.4107136,-81.8991066,3,,
"POINT (-81.9003757 26.4106283)",439,5766449223,26.4106283,-81.9003757,3,,
"POINT (-81.9009289 26.41062)",440,5766449224,26.41062,-81.9009289,3,,
"POINT (-81.8988467 26.4102624)",441,5766451157,26.4102624,-81.8988467,3,,
"POINT (-81.8991449 26.4100585)",442,5766451159,26.4100585,-81.8991449,3,,
"POINT (-81.8994193 26.4104972)",443,5766451160,26.4104972,-81.8994193,3,,
"POINT (-81.8994215 26.4106426)",444,5766451161,26.4106426,-81.8994215,3,,
"POINT (-81.8992376 26.4102015)",445,5766451162,26.4102015,-81.8992376,3,,
"POINT (-81.8993658 26.4101192)",446,5766451166,26.4101192,-81.8993658,3,,
"POINT (-81.8992432 26.4097408)",447,5768234068,26.4097408,-81.8992432,1,,
"POINT (-81.8987055 26.4089906)",448,5768234071,26.4089906,-81.8987055,1,,
"POINT (-81.8988978 26.4090615)",449,5768234072,26.4090615,-81.8988978,1,,
"POINT (-81.8985013 26.4093395)",450,5768234073,26.4093395,-81.8985013,3,,
"POINT (-81.899264 26.4095183)",451,5768234074,26.4095183,-81.899264,1,,
"POINT (-81.8988806 26.4097953)",452,5768234075,26.4097953,-81.8988806,3,,
"POINT (-81.8991681 26.4095876)",453,5768234076,26.4095876,-81.8991681,3,,
"POINT (-81.898713 26.4091911)",454,5768234080,26.4091911,-81.898713,3,,
"POINT (-81.8987194 26.4096016)",455,5768234124,26.4096016,-81.8987194,3,,
"POINT (-81.898538 26.4088793)",456,5768540101,26.4088793,-81.898538,1,,
"POINT (-81.8982047 26.4091062)",457,5768540102,26.4091062,-81.8982047,3,,
"POINT (-81.8978623 26.408755)",458,5768540103,26.408755,-81.8978623,1,,
"POINT (-81.8980517 26.4092449)",459,5768540105,26.4092449,-81.8980517,3,,
"POINT (-81.8978671 26.4083788)",460,5768796994,26.4083788,-81.8978671,1,,
"POINT (-81.8976525 26.4081336)",461,5768796997,26.4081336,-81.8976525,1,,
"POINT (-81.8976342 26.4083411)",462,5768796998,26.4083411,-81.8976342,3,,
"POINT (-81.897413 26.4084995)",463,5768796999,26.4084995,-81.897413,3,,
"POINT (-81.8976619 26.4078123)",464,5768797047,26.4078123,-81.8976619,1,,
"POINT (-81.8972088 26.407332)",465,5768797050,26.407332,-81.8972088,1,,
"POINT (-81.8969941 26.4077515)",466,5768797052,26.4077515,-81.8969941,3,,
"POINT (-81.8971495 26.4079271)",467,5768797054,26.4079271,-81.8971495,3,,
"POINT (-81.8970641 26.4078306)",468,5768797088,26.4078306,-81.8970641,3,,
"POINT (-81.8969222 26.4079288)",469,5768797089,26.4079288,-81.8969222,3,,
"POINT (-81.8971155 26.4072123)",470,5768797104,26.4072123,-81.8971155,1,,
"POINT (-81.8965967 26.4069632)",471,5768797106,26.4069632,-81.8965967,1,,
"POINT (-81.8966957 26.4070831)",472,5768797107,26.4070831,-81.8966957,3,,
"POINT (-81.8965239 26.4073263)",473,5768797109,26.4073263,-81.8965239,3,,
"POINT (-81.8968125 26.4072247)",474,5768797111,26.4072247,-81.8968125,3,,
"POINT (-81.8964487 26.4073783)",475,5768797112,26.4073783,-81.8964487,3,,
"POINT (-81.8954568 26.4058995)",476,5768797207,26.4058995,-81.8954568,3,,
"POINT (-81.8951597 26.4062061)",477,5768797214,26.4062061,-81.8951597,3,,
"POINT (-81.8952476 26.4056557)",478,5768797217,26.4056557,-81.8952476,1,,
"POINT (-81.8950051 26.4060987)",479,5768797223,26.4060987,-81.8950051,3,,
"POINT (-81.8948585 26.4052666)",480,5770662455,26.4052666,-81.8948585,1,,
"POINT (-81.894207 26.4048595)",481,5770662458,26.4048595,-81.894207,1,,
"POINT (-81.8944454 26.4054938)",482,5770662459,26.4054938,-81.8944454,3,,
"POINT (-81.8943212 26.4056627)",483,5770662460,26.4056627,-81.8943212,3,,
"POINT (-81.8941197 26.4053112)",484,5770662461,26.4053112,-81.8941197,4,,
"POINT (-81.8939955 26.4054857)",485,5770662462,26.4054857,-81.8939955,3,,
"POINT (-81.8944498 26.4054962)",486,5770662465,26.4054962,-81.8944498,3,,
"POINT (-81.893406 26.4052067)",487,5770662549,26.4052067,-81.893406,3,,
"POINT (-81.8937695 26.4048937)",488,5770662550,26.4048937,-81.8937695,1,,
"POINT (-81.8936029 26.4051118)",489,5770662551,26.4051118,-81.8936029,1,,
"POINT (-81.8934674 26.405058)",490,5770662552,26.405058,-81.8934674,3,,
"POINT (-81.8931949 26.4051177)",491,5770662561,26.4051177,-81.8931949,3,,
"POINT (-81.8934324 26.4045961)",492,5770662564,26.4045961,-81.8934324,1,,
"POINT (-81.8930987 26.4050792)",493,5770662574,26.4050792,-81.8930987,3,,
"POINT (-81.8931744 26.4048186)",494,5770662575,26.4048186,-81.8931744,1,,
"POINT (-81.8929159 26.4048272)",495,5770662576,26.4048272,-81.8929159,1,,
"POINT (-81.8928484 26.4049851)",496,5770662577,26.4049851,-81.8928484,3,,
"POINT (-81.8925834 26.4048968)",497,5770662582,26.4048968,-81.8925834,3,,
"POINT (-81.8926989 26.4049353)",498,5770662583,26.4049353,-81.8926989,3,,
"POINT (-81.8925328 26.4047144)",499,5770662598,26.4047144,-81.8925328,1,,
"POINT (-81.892252 26.4046393)",500,5770662608,26.4046393,-81.892252,1,,
"POINT (-81.8922011 26.4047793)",501,5770662609,26.4047793,-81.8922011,3,,
"POINT (-81.8917464 26.4045134)",502,5770662617,26.4045134,-81.8917464,1,,
"POINT (-81.8917083 26.4046563)",503,5770662618,26.4046563,-81.8917083,3,,
"POINT (-81.8916655 26.4044572)",504,5770662622,26.4044572,-81.8916655,1,,
"POINT (-81.8916221 26.4046383)",505,5770662623,26.4046383,-81.8916221,3,,
"POINT (-81.891547 26.4044364)",506,5770662624,26.4044364,-81.891547,1,,
"POINT (-81.8915085 26.4046145)",507,5770662625,26.4046145,-81.8915085,3,,
"POINT (-81.8912833 26.4045744)",508,5770662630,26.4045744,-81.8912833,3,,
"POINT (-81.8913871 26.4045916)",509,5770662631,26.4045916,-81.8913871,3,,
"POINT (-81.8894534 26.4044337)",510,5770662655,26.4044337,-81.8894534,3,,
"POINT (-81.8895919 26.4044312)",511,5770662656,26.4044312,-81.8895919,3,,
"POINT (-81.8890021 26.4044393)",512,5770662663,26.4044393,-81.8890021,3,,
"POINT (-81.8891334 26.4044377)",513,5770662664,26.4044377,-81.8891334,4,,
"POINT (-81.8888796 26.4041823)",514,5770662673,26.4041823,-81.8888796,1,,
"POINT (-81.888888 26.4044407)",515,5770662674,26.4044407,-81.888888,3,,
"POINT (-81.8887434 26.4042561)",516,5770662675,26.4042561,-81.8887434,1,,
"POINT (-81.888882 26.4042557)",517,5770662676,26.4042557,-81.888882,3,,
"POINT (-81.8886279 26.4044439)",518,5770662677,26.4044439,-81.8886279,3,,
"POINT (-81.8885045 26.4044454)",519,5770662680,26.4044454,-81.8885045,3,,
"POINT (-81.8901668 26.4044457)",520,5770662683,26.4044457,-81.8901668,3,,
"POINT (-81.8902751 26.4044528)",521,5770662684,26.4044528,-81.8902751,3,,
"POINT (-81.8904502 26.4043303)",522,5770662685,26.4043303,-81.8904502,1,,
"POINT (-81.8904382 26.4044669)",523,5770662686,26.4044669,-81.8904382,3,,
"POINT (-81.8907182 26.4044919)",524,5770662687,26.4044919,-81.8907182,3,,
"POINT (-81.8905963 26.4044806)",525,5770662691,26.4044806,-81.8905963,3,,
"POINT (-81.8911644 26.4045548)",526,5770662692,26.4045548,-81.8911644,3,,
"POINT (-81.8910527 26.4045377)",527,5770662695,26.4045377,-81.8910527,3,,
"POINT (-81.8898214 26.404434)",528,5770662696,26.404434,-81.8898214,3,,
"POINT (-81.8897131 26.4044327)",529,5770662699,26.4044327,-81.8897131,3,,
"POINT (-81.8876192 26.4044562)",530,5770662708,26.4044562,-81.8876192,3,,
"POINT (-81.8875004 26.4042514)",531,5770662710,26.4042514,-81.8875004,1,,
"POINT (-81.8872362 26.4041267)",532,5771293186,26.4041267,-81.8872362,1,,
"POINT (-81.8872456 26.4044654)",533,5771293187,26.4044654,-81.8872456,3,,
"POINT (-81.8869215 26.4041356)",534,5771293188,26.4041356,-81.8869215,1,,
"POINT (-81.8869518 26.4044951)",535,5771293189,26.4044951,-81.8869518,3,,
"POINT (-81.8839625 26.4044755)",536,5771293248,26.4044755,-81.8839625,1,,
"POINT (-81.9231909 26.4380354)",537,5781896148,26.4380354,-81.9231909,3,,
"POINT (-81.9230447 26.4379304)",538,5781896275,26.4379304,-81.9230447,3,,
"POINT (-81.9208051 26.4363305)",539,5783014101,26.4363305,-81.9208051,3,,
"POINT (-81.9155695 26.4323826)",540,5784212568,26.4323826,-81.9155695,3,,
"POINT (-81.9158997 26.4320692)",541,5784212569,26.4320692,-81.9158997,1,,
"POINT (-81.9161489 26.432627)",542,5784212570,26.432627,-81.9161489,1,,
"POINT (-81.9160052 26.4327557)",543,5784212571,26.4327557,-81.9160052,3,,
"POINT (-81.9160491 26.4325691)",544,5784212577,26.4325691,-81.9160491,1,,
"POINT (-81.9159261 26.432688)",545,5784212578,26.432688,-81.9159261,3,,
"POINT (-81.9149523 26.431854)",546,5784212617,26.431854,-81.9149523,3,,
"POINT (-81.9154325 26.4314248)",547,5784212618,26.4314248,-81.9154325,1,,
"POINT (-81.9127197 26.4296466)",548,5784803018,26.4296466,-81.9127197,1,,
"POINT (-81.9125656 26.4297892)",549,5784803019,26.4297892,-81.9125656,3,,
"POINT (-81.912513 26.4297256)",550,5784803030,26.4297256,-81.912513,3,,
"POINT (-81.9126183 26.429657)",551,5784803031,26.429657,-81.9126183,1,,
"POINT (-81.9124021 26.4295861)",552,5784803032,26.4295861,-81.9124021,3,,
"POINT (-81.9125564 26.4294835)",553,5784803033,26.4294835,-81.9125564,1,,
"POINT (-81.912588 26.4296767)",554,5784803556,26.4296767,-81.912588,3,,
"POINT (-81.9124834 26.4295321)",555,5784803557,26.4295321,-81.9124834,3,,
"POINT (-81.9112317 26.4280387)",556,5784803682,26.4280387,-81.9112317,1,,
"POINT (-81.9110634 26.4281996)",557,5784803684,26.4281996,-81.9110634,3,,
"POINT (-81.9106763 26.4275227)",558,5787253593,26.4275227,-81.9106763,1,,
"POINT (-81.9104313 26.4275968)",559,5787253595,26.4275968,-81.9104313,3,,
"POINT (-81.9102085 26.4270555)",560,5787253620,26.4270555,-81.9102085,1,,
"POINT (-81.9100253 26.4272084)",561,5787253621,26.4272084,-81.9100253,3,,
"POINT (-81.9097392 26.4269348)",562,5787254818,26.4269348,-81.9097392,3,,
"POINT (-81.9096238 26.4268244)",563,5787254821,26.4268244,-81.9096238,3,,
"POINT (-81.9092827 26.4261706)",564,5787531652,26.4261706,-81.9092827,1,,
"POINT (-81.9091053 26.4263235)",565,5787532253,26.4263235,-81.9091053,3,,
"POINT (-81.9089386 26.4258951)",566,5787532260,26.4258951,-81.9089386,1,,
"POINT (-81.908788 26.4260149)",567,5787532261,26.4260149,-81.908788,3,,
"POINT (-81.9086766 26.4259065)",568,5787532264,26.4259065,-81.9086766,3,,
"POINT (-81.9085759 26.4258171)",569,5787532267,26.4258171,-81.9085759,3,,
"POINT (-81.9085175 26.4253441)",570,5787532319,26.4253441,-81.9085175,1,,
"POINT (-81.9082384 26.4255969)",571,5787532321,26.4255969,-81.9082384,3,,
"POINT (-81.9083489 26.4254696)",572,5787532323,26.4254696,-81.9083489,3,,
"POINT (-81.9084312 26.4254083)",573,5787532325,26.4254083,-81.9084312,3,,
"POINT (-81.9075729 26.4253283)",574,5787669196,26.4253283,-81.9075729,1,,
"POINT (-81.9074072 26.4251756)",575,5787669198,26.4251756,-81.9074072,1,,
"POINT (-81.907538 26.4253304)",576,5787669199,26.4253304,-81.907538,3,,
"POINT (-81.9075391 26.4254563)",577,5787669200,26.4254563,-81.9075391,3,,
"POINT (-81.9072033 26.425345)",578,5787669210,26.425345,-81.9072033,1,,
"POINT (-81.9068347 26.4247325)",579,5787669219,26.4247325,-81.9068347,3,,
"POINT (-81.9070994 26.4252499)",580,5787669226,26.4252499,-81.9070994,1,,
"POINT (-81.9070486 26.4253842)",581,5787669227,26.4253842,-81.9070486,3,,
"POINT (-81.9069045 26.4253346)",582,5787669232,26.4253346,-81.9069045,3,,
"POINT (-81.9067632 26.4248114)",583,5787669253,26.4248114,-81.9067632,1,,
"POINT (-81.9065761 26.4247604)",584,5787669257,26.4247604,-81.9065761,1,,
"POINT (-81.9067471 26.4246425)",585,5787669258,26.4246425,-81.9067471,3,,
"POINT (-81.9068697 26.4250068)",586,5787669259,26.4250068,-81.9068697,1,,
"POINT (-81.90698 26.4248254)",587,5787669260,26.4248254,-81.90698,3,,
"POINT (-81.9063786 26.4246044)",588,5787669270,26.4246044,-81.9063786,1,,
"POINT (-81.9077106 26.4250125)",589,5789781070,26.4250125,-81.9077106,1,,
"POINT (-81.9078149 26.4249363)",590,5789781071,26.4249363,-81.9078149,3,,
"POINT (-81.9069541 26.4248131)",591,5789781098,26.4248131,-81.9069541,3,,
"POINT (-81.907029 26.4247665)",592,5789781099,26.4247665,-81.907029,1,,
"POINT (-81.9069164 26.4246755)",593,5789781116,26.4246755,-81.9069164,1,,
"POINT (-81.9068407 26.424737)",594,5789781117,26.424737,-81.9068407,3,,
"POINT (-81.9065443 26.4242485)",595,5789781143,26.4242485,-81.9065443,1,,
"POINT (-81.906475 26.4241693)",596,5789781144,26.4241693,-81.906475,3,,
"POINT (-81.9070644 26.4241094)",597,5789834735,26.4241094,-81.9070644,3,,
"POINT (-81.9071648 26.424033)",598,5789834736,26.424033,-81.9071648,1,,
"POINT (-81.9073326 26.4241556)",599,5789834737,26.4241556,-81.9073326,1,,
"POINT (-81.9071884 26.4242523)",600,5789834738,26.4242523,-81.9071884,3,,
"POINT (-81.9062374 26.4240473)",601,5789834751,26.4240473,-81.9062374,1,,
"POINT (-81.9063948 26.4242293)",602,5789834753,26.4242293,-81.9063948,3,,
"POINT (-81.9065034 26.4241481)",603,5789834754,26.4241481,-81.9065034,3,,
"POINT (-81.9063291 26.4241621)",604,5789834756,26.4241621,-81.9063291,3,,
"POINT (-81.9064699 26.423404)",605,5789834829,26.423404,-81.9064699,1,,
"POINT (-81.9063391 26.4236205)",606,5789834832,26.4236205,-81.9063391,3,,
"POINT (-81.9061402 26.4233937)",607,5789834835,26.4233937,-81.9061402,3,,
"POINT (-81.9063305 26.4236107)",608,5789834844,26.4236107,-81.9063305,3,,
"POINT (-81.8852548 26.4052198)",609,5797187881,26.4052198,-81.8852548,1,,
"POINT (-81.8851912 26.4048321)",610,5797187885,26.4048321,-81.8851912,3,,
"POINT (-81.8856708 26.4050995)",611,5797187888,26.4050995,-81.8856708,1,,
"POINT (-81.8855142 26.4047961)",612,5797187890,26.4047961,-81.8855142,3,,
"POINT (-81.8858902 26.4050239)",613,5797187893,26.4050239,-81.8858902,1,,
"POINT (-81.8857981 26.4047431)",614,5797187895,26.4047431,-81.8857981,3,,
"POINT (-81.8863648 26.4048274)",615,5797187907,26.4048274,-81.8863648,1,,
"POINT (-81.8862867 26.4046322)",616,5797187908,26.4046322,-81.8862867,3,,
"POINT (-81.8866311 26.4045556)",617,5797187911,26.4045556,-81.8866311,3,,
"POINT (-81.8867723 26.4045258)",618,5797187918,26.4045258,-81.8867723,3,,
"POINT (-81.8868684 26.4045067)",619,5797187934,26.4045067,-81.8868684,3,,
"POINT (-81.8870158 26.4044862)",620,5797187943,26.4044862,-81.8870158,3,,
"POINT (-81.8871223 26.4044758)",621,5797187948,26.4044758,-81.8871223,3,,
"POINT (-81.8873066 26.4044634)",622,5797188158,26.4044634,-81.8873066,3,,
"POINT (-81.8873942 26.4046515)",623,5797188162,26.4046515,-81.8873942,1,,
"POINT (-81.8873912 26.4044606)",624,5797188164,26.4044606,-81.8873912,3,,
"POINT (-81.8877669 26.4046555)",625,5797188167,26.4046555,-81.8877669,1,,
"POINT (-81.8876411 26.4046581)",626,5797188174,26.4046581,-81.8876411,1,,
"POINT (-81.8877026 26.4045892)",627,5797188175,26.4045892,-81.8877026,3,,
"POINT (-81.8876997 26.4044552)",628,5797188177,26.4044552,-81.8876997,3,,
"POINT (-81.8878498 26.4044534)",629,5797188178,26.4044534,-81.8878498,3,,
"POINT (-81.8879863 26.4044517)",630,5797188187,26.4044517,-81.8879863,3,,
"POINT (-81.888125 26.40445)",631,5797188199,26.40445,-81.888125,3,,
"POINT (-81.8882436 26.4044486)",632,5797188204,26.4044486,-81.8882436,3,,
"POINT (-81.8888304 26.4044414)",633,5797188209,26.4044414,-81.8888304,3,,
"POINT (-81.8922975 26.4049754)",634,5797188338,26.4049754,-81.8922975,1,,
"POINT (-81.8923424 26.4048212)",635,5797188340,26.4048212,-81.8923424,3,,
"POINT (-81.8924377 26.4050993)",636,5797188341,26.4050993,-81.8924377,1,,
"POINT (-81.8925097 26.4048722)",637,5797188342,26.4048722,-81.8925097,3,,
"POINT (-81.8927621 26.4051376)",638,5797188360,26.4051376,-81.8927621,1,,
"POINT (-81.8928355 26.4049808)",639,5797188361,26.4049808,-81.8928355,3,,
"POINT (-81.8929519 26.4050229)",640,5797188404,26.4050229,-81.8929519,3,,
"POINT (-81.893085 26.405074)",641,5797188413,26.405074,-81.893085,3,,
"POINT (-81.8934009 26.4053649)",642,5797188422,26.4053649,-81.8934009,1,,
"POINT (-81.8934691 26.4052333)",643,5797188423,26.4052333,-81.8934691,3,,
"POINT (-81.8935926 26.4052892)",644,5797188460,26.4052892,-81.8935926,3,,
"POINT (-81.8937195 26.4053487)",645,5797188466,26.4053487,-81.8937195,3,,
"POINT (-81.8937295 26.4055394)",646,5797188497,26.4055394,-81.8937295,1,,
"POINT (-81.8938138 26.4053928)",647,5797188499,26.4053928,-81.8938138,3,,
"POINT (-81.8940362 26.4056958)",648,5797188500,26.4056958,-81.8940362,1,,
"POINT (-81.8941258 26.4055535)",649,5797188502,26.4055535,-81.8941258,3,,
"POINT (-81.8944486 26.4059506)",650,5797188528,26.4059506,-81.8944486,1,,
"POINT (-81.8946591 26.4060932)",651,5797188537,26.4060932,-81.8946591,1,,
"POINT (-81.8947751 26.4059392)",652,5797188539,26.4059392,-81.8947751,3,,
"POINT (-81.8945925 26.4059903)",653,5797188540,26.4059903,-81.8945925,1,,
"POINT (-81.8946735 26.4058744)",654,5797188542,26.4058744,-81.8946735,3,,
"POINT (-81.8948813 26.4060127)",655,5797188668,26.4060127,-81.8948813,3,,
"POINT (-81.8949733 26.4060766)",656,5797188677,26.4060766,-81.8949733,3,,
"POINT (-81.8950577 26.4061352)",657,5798972027,26.4061352,-81.8950577,3,,
"POINT (-81.8951503 26.4061996)",658,5798972035,26.4061996,-81.8951503,3,,
"POINT (-81.8950936 26.4064248)",659,5798972453,26.4064248,-81.8950936,1,,
"POINT (-81.8952425 26.4062669)",660,5798972455,26.4062669,-81.8952425,3,,
"POINT (-81.8952938 26.406511)",661,5798972463,26.406511,-81.8952938,1,,
"POINT (-81.8954102 26.4063973)",662,5798972465,26.4063973,-81.8954102,3,,
"POINT (-81.8964791 26.4076114)",663,5798972592,26.4076114,-81.8964791,3,,
"POINT (-81.8965862 26.4075382)",664,5798972594,26.4075382,-81.8965862,3,,
"POINT (-81.8958712 26.4075072)",665,5798972595,26.4075072,-81.8958712,3,,
"POINT (-81.8958076 26.4074187)",666,5798972596,26.4074187,-81.8958076,3,,
"POINT (-81.8970052 26.4080253)",667,5798972600,26.4080253,-81.8970052,3,,
"POINT (-81.896616 26.4080735)",668,5798972604,26.4080735,-81.896616,3,,
"POINT (-81.8994751 26.4115557)",669,5799216664,26.4115557,-81.8994751,3,,
"POINT (-81.8993383 26.4121099)",670,5799216665,26.4121099,-81.8993383,1,,
"POINT (-81.8991544 26.4115942)",671,5799216666,26.4115942,-81.8991544,3,,
"POINT (-81.8991923 26.4117004)",672,5799216667,26.4117004,-81.8991923,3,,
"POINT (-81.8994999 26.4116212)",673,5799216668,26.4116212,-81.8994999,3,,
"POINT (-81.8986392 26.4118286)",674,5799216669,26.4118286,-81.8986392,1,,
"POINT (-81.8986355 26.411603)",675,5799216670,26.411603,-81.8986355,3,,
"POINT (-81.898443 26.4120193)",676,5799216671,26.4120193,-81.898443,1,,
"POINT (-81.8984375 26.4116063)",677,5799216672,26.4116063,-81.8984375,3,,
"POINT (-81.8973786 26.4116711)",678,5799216673,26.4116711,-81.8973786,1,,
"POINT (-81.8981166 26.4116653)",679,5799216674,26.4116653,-81.8981166,3,,
"POINT (-81.8977558 26.4119961)",680,5799216681,26.4119961,-81.8977558,2,,
"POINT (-81.8978058 26.4119075)",681,5799216694,26.4119075,-81.8978058,2,,
"POINT (-81.8973823 26.411853)",682,5799216695,26.411853,-81.8973823,1,,
"POINT (-81.8978627 26.4118552)",683,5799216696,26.4118552,-81.8978627,3,,
"POINT (-81.8975968 26.4124484)",684,5799216697,26.4124484,-81.8975968,1,,
"POINT (-81.9000612 26.4131354)",685,5801434578,26.4131354,-81.9000612,3,,
"POINT (-81.899089 26.4148813)",686,5801434579,26.4148813,-81.899089,1,,
"POINT (-81.8997606 26.4132229)",687,5801434580,26.4132229,-81.8997606,3,,
"POINT (-81.9004159 26.4147496)",688,5801434582,26.4147496,-81.9004159,3,,
"POINT (-81.8997618 26.41339)",689,5801434583,26.41339,-81.8997618,3,,
"POINT (-81.9002322 26.414754)",690,5801434589,26.414754,-81.9002322,3,,
"POINT (-81.8997694 26.41386)",691,5801434593,26.41386,-81.8997694,3,,
"POINT (-81.9002414 26.4142652)",692,5801434594,26.4142652,-81.9002414,4,,
"POINT (-81.9000703 26.4143184)",693,5801434595,26.4143184,-81.9000703,4,,
"POINT (-81.8998971 26.4143722)",694,5801434596,26.4143722,-81.8998971,3,,
"POINT (-81.8997777 26.4143762)",695,5801434597,26.4143762,-81.8997777,3,,
"POINT (-81.9000318 26.4147588)",696,5801434598,26.4147588,-81.9000318,3,,
"POINT (-81.8994093 26.4133252)",697,5801434599,26.4133252,-81.8994093,3,,
"POINT (-81.8992608 26.4131027)",698,5801434604,26.4131027,-81.8992608,3,,
"POINT (-81.8989902 26.412357)",699,5801434605,26.412357,-81.8989902,1,,
"POINT (-81.8992199 26.4130414)",700,5801434609,26.4130414,-81.8992199,3,,
"POINT (-81.8996673 26.4130009)",701,5801434610,26.4130009,-81.8996673,1,,
"POINT (-81.8992704 26.4131172)",702,5801434611,26.4131172,-81.8992704,3,,
"POINT (-81.89427 26.4153188)",703,5801434616,26.4153188,-81.89427,3,,
"POINT (-81.8942743 26.415157)",704,5801434621,26.415157,-81.8942743,3,,
"POINT (-81.8988635 26.4143805)",705,5801434627,26.4143805,-81.8988635,1,,
"POINT (-81.8987964 26.4131534)",706,5801434630,26.4131534,-81.8987964,3,,
"POINT (-81.8979339 26.4129746)",707,5801434648,26.4129746,-81.8979339,1,,
"POINT (-81.8981352 26.4131284)",708,5801434650,26.4131284,-81.8981352,3,,
"POINT (-81.8988125 26.4146797)",709,5801434651,26.4146797,-81.8988125,1,,
"POINT (-81.8993346 26.4146772)",710,5801434652,26.4146772,-81.8993346,3,,
"POINT (-81.8993358 26.4148797)",711,5801435553,26.4148797,-81.8993358,3,,
"POINT (-81.8993408 26.4152616)",712,5801435554,26.4152616,-81.8993408,3,,
"POINT (-81.8990866 26.4150404)",713,5801435555,26.4150404,-81.8990866,1,,
"POINT (-81.8993379 26.4150386)",714,5801435556,26.4150386,-81.8993379,3,,
"POINT (-81.900065 26.4152463)",715,5802006318,26.4152463,-81.900065,3,,
"POINT (-81.9010511 26.4157921)",716,5802006324,26.4157921,-81.9010511,3,,
"POINT (-81.9000656 26.4154398)",717,5802006325,26.4154398,-81.9000656,3,,
"POINT (-81.9006881 26.4157983)",718,5802006328,26.4157983,-81.9006881,3,,
"POINT (-81.9008209 26.4170717)",719,5802006383,26.4170717,-81.9008209,3,,
"POINT (-81.8994364 26.4161609)",720,5802006387,26.4161609,-81.8994364,1,,
"POINT (-81.9004504 26.4159941)",721,5802006388,26.4159941,-81.9004504,3,,
"POINT (-81.9006401 26.4165424)",722,5802006390,26.4165424,-81.9006401,4,,
"POINT (-81.9009783 26.4164417)",723,5802006391,26.4164417,-81.9009783,4,,
"POINT (-81.9004464 26.4165785)",724,5802006394,26.4165785,-81.9004464,3,,
"POINT (-81.9005849 26.4164071)",725,5802006395,26.4164071,-81.9005849,3,,
"POINT (-81.900334 26.4165798)",726,5802006396,26.4165798,-81.900334,3,,
"POINT (-81.90001 26.4159963)",727,5802006400,26.4159963,-81.90001,3,,
"POINT (-81.9000398 26.4162464)",728,5802006401,26.4162464,-81.9000398,3,,
"POINT (-81.8995157 26.4162276)",729,5802006405,26.4162276,-81.8995157,1,,
"POINT (-81.9000646 26.4161734)",730,5802006406,26.4161734,-81.9000646,1,,
"POINT (-81.9001848 26.4159954)",731,5802006408,26.4159954,-81.9001848,3,,
"POINT (-81.9017535 26.4176787)",732,5802444795,26.4176787,-81.9017535,3,,
"POINT (-81.9009726 26.4178911)",733,5802444799,26.4178911,-81.9009726,1,,
"POINT (-81.9014592 26.4179133)",734,5802444816,26.4179133,-81.9014592,1,,
"POINT (-81.9018222 26.4178636)",735,5802444818,26.4178636,-81.9018222,3,,
"POINT (-81.9020749 26.4185433)",736,5802444823,26.4185433,-81.9020749,3,,
"POINT (-81.9017131 26.4184218)",737,5802444830,26.4184218,-81.9017131,3,,
"POINT (-81.9007677 26.418032)",738,5802444835,26.418032,-81.9007677,3,,
"POINT (-81.9010294 26.4184358)",739,5802444837,26.4184358,-81.9010294,3,,
"POINT (-81.900525 26.4178961)",740,5802444838,26.4178961,-81.900525,1,,
"POINT (-81.9005186 26.4175434)",741,5802444839,26.4175434,-81.9005186,3,,
"POINT (-81.9004805 26.4171953)",742,5802444841,26.4171953,-81.9004805,3,,
"POINT (-81.9005207 26.4176565)",743,5802444842,26.4176565,-81.9005207,3,,
"POINT (-81.899599 26.4176501)",744,5802444844,26.4176501,-81.899599,1,,
"POINT (-81.9004811 26.4174303)",745,5802444845,26.4174303,-81.9004811,3,,
"POINT (-81.899406 26.4172076)",746,5802444847,26.4172076,-81.899406,3,,
"POINT (-81.9016999 26.4181691)",747,5802444860,26.4181691,-81.9016999,1,,
"POINT (-81.901091 26.4172055)",748,5802444925,26.4172055,-81.901091,4,,
"POINT (-81.9014299 26.4173649)",749,5802444926,26.4173649,-81.9014299,1,,
"POINT (-81.9007791 26.4174147)",750,5802444931,26.4174147,-81.9007791,1,,
"POINT (-81.9007744 26.4171998)",751,5802444932,26.4171998,-81.9007744,3,,
"POINT (-81.9015628 26.4171689)",752,5802444936,26.4171689,-81.9015628,3,,
"POINT (-81.9014123 26.4188581)",753,5802469957,26.4188581,-81.9014123,1,,
"POINT (-81.9023261 26.4197151)",754,5802469962,26.4197151,-81.9023261,1,,
"POINT (-81.9020099 26.4190516)",755,5802469963,26.4190516,-81.9020099,4,,
"POINT (-81.90224 26.4189742)",756,5802469964,26.4189742,-81.90224,3,,
"POINT (-81.9017601 26.4191269)",757,5802469965,26.4191269,-81.9017601,3,,
"POINT (-81.9013696 26.4189866)",758,5802469970,26.4189866,-81.9013696,1,,
"POINT (-81.9019399 26.4197211)",759,5802469973,26.4197211,-81.9019399,3,,
"POINT (-81.9022687 26.4195947)",760,5802469974,26.4195947,-81.9022687,3,,
"POINT (-81.9019319 26.4201934)",761,5802469980,26.4201934,-81.9019319,4,,
"POINT (-81.9022754 26.4198424)",762,5802469982,26.4198424,-81.9022754,1,,
"POINT (-81.9018748 26.4201295)",763,5802469983,26.4201295,-81.9018748,3,,
"POINT (-81.901985 26.4202499)",764,5802470186,26.4202499,-81.901985,3,,
"POINT (-81.9072521 26.4254344)",765,5804156700,26.4254344,-81.9072521,3,,
"POINT (-81.9072292 26.426144)",766,5804156701,26.426144,-81.9072292,3,,
"POINT (-81.9067031 26.4254368)",767,5804156703,26.4254368,-81.9067031,3,,
"POINT (-81.906196 26.4264083)",768,5804156704,26.4264083,-81.906196,1,,
"POINT (-81.9071969 26.4263342)",769,5804156705,26.4263342,-81.9071969,3,,
"POINT (-81.9067137 26.4263596)",770,5804156706,26.4263596,-81.9067137,3,,
"POINT (-81.9067123 26.4262384)",771,5804156709,26.4262384,-81.9067123,3,,
"POINT (-81.9071771 26.4261848)",772,5804156710,26.4261848,-81.9071771,3,,
"POINT (-81.9077881 26.4260993)",773,5804156711,26.4260993,-81.9077881,3,,
"POINT (-81.9077093 26.4262621)",774,5804156712,26.4262621,-81.9077093,3,,
"POINT (-81.9077938 26.4263875)",775,5804156713,26.4263875,-81.9077938,3,,
"POINT (-81.908293 26.4265146)",776,5804156714,26.4265146,-81.908293,1,,
"POINT (-81.9069614 26.42725)",777,5804156725,26.42725,-81.9069614,1,,
"POINT (-81.9072367 26.4266556)",778,5804156728,26.4266556,-81.9072367,3,,
"POINT (-81.9079014 26.4265237)",779,5804156729,26.4265237,-81.9079014,3,,
"POINT (-81.9072118 26.4264518)",780,5804156730,26.4264518,-81.9072118,3,,
"POINT (-81.9071935 26.4263086)",781,5804156731,26.4263086,-81.9071935,3,,
"POINT (-81.9078123 26.4267785)",782,5804156732,26.4267785,-81.9078123,1,,
"POINT (-81.9077997 26.4265312)",783,5804156733,26.4265312,-81.9077997,3,,
"POINT (-81.9083825 26.4262764)",784,5804156759,26.4262764,-81.9083825,1,,
"POINT (-81.9089095 26.4261332)",785,5804464458,26.4261332,-81.9089095,3,,
"POINT (-81.9088182 26.4263254)",786,5804464462,26.4263254,-81.9088182,1,,
"POINT (-81.9087549 26.4265434)",787,5804464473,26.4265434,-81.9087549,1,,
"POINT (-81.9090615 26.4262809)",788,5804464474,26.4262809,-81.9090615,3,,
"POINT (-81.9094847 26.4269359)",789,5804664324,26.4269359,-81.9094847,1,,
"POINT (-81.9096196 26.4268204)",790,5804664325,26.4268204,-81.9096196,3,,
"POINT (-81.9096577 26.4271907)",791,5804664342,26.4271907,-81.9096577,1,,
"POINT (-81.9098245 26.4270165)",792,5804664345,26.4270165,-81.9098245,3,,
"POINT (-81.9098727 26.4272944)",793,5804668956,26.4272944,-81.9098727,1,,
"POINT (-81.9100031 26.4271871)",794,5804668957,26.4271871,-81.9100031,3,,
"POINT (-81.9103145 26.4278457)",795,5804668998,26.4278457,-81.9103145,1,,
"POINT (-81.9105093 26.4276714)",796,5804668999,26.4276714,-81.9105093,3,,
"POINT (-81.9119233 26.4290226)",797,5806958410,26.4290226,-81.9119233,3,,
"POINT (-81.9117165 26.4291873)",798,5806958411,26.4291873,-81.9117165,1,,
"POINT (-81.9117828 26.4292612)",799,5806958412,26.4292612,-81.9117828,1,,
"POINT (-81.9119921 26.4290909)",800,5806958413,26.4290909,-81.9119921,3,,
"POINT (-81.9118413 26.4292136)",801,5806958414,26.4292136,-81.9118413,3,,
"POINT (-81.9117715 26.4291435)",802,5806958415,26.4291435,-81.9117715,3,,
"POINT (-81.9115215 26.4293076)",803,5806958420,26.4293076,-81.9115215,1,,
"POINT (-81.9117378 26.4294799)",804,5806958421,26.4294799,-81.9117378,3,,
"POINT (-81.9124732 26.4302777)",805,5806958452,26.4302777,-81.9124732,1,,
"POINT (-81.9120895 26.4302873)",806,5806958453,26.4302873,-81.9120895,3,,
"POINT (-81.9134268 26.4311002)",807,5807085162,26.4311002,-81.9134268,1,,
"POINT (-81.9137356 26.4308149)",808,5807085163,26.4308149,-81.9137356,3,,
"POINT (-81.9134435 26.4308537)",809,5807085164,26.4308537,-81.9134435,1,,
"POINT (-81.913603 26.4307019)",810,5807085165,26.4307019,-81.913603,3,,
"POINT (-81.9136391 26.430904)",811,5807085166,26.430904,-81.9136391,3,,
"POINT (-81.9135119 26.4307886)",812,5807085167,26.4307886,-81.9135119,3,,
"POINT (-81.9138975 26.430953)",813,5807085205,26.430953,-81.9138975,3,,
"POINT (-81.913784 26.4308562)",814,5807085213,26.4308562,-81.913784,3,,
"POINT (-81.9160257 26.4329686)",815,5807601448,26.4329686,-81.9160257,1,,
"POINT (-81.9161342 26.4328596)",816,5807601449,26.4328596,-81.9161342,3,,
"POINT (-81.9159584 26.4331561)",817,5807601450,26.4331561,-81.9159584,3,,
"POINT (-81.9159669 26.4330495)",818,5807601451,26.4330495,-81.9159669,1,,
"POINT (-81.9158712 26.4331577)",819,5807601452,26.4331577,-81.9158712,3,,
"POINT (-81.9158959 26.4330488)",820,5807601453,26.4330488,-81.9158959,1,,
"POINT (-81.9166659 26.4328036)",821,5807601559,26.4328036,-81.9166659,3,,
"POINT (-81.916625 26.4327699)",822,5807601561,26.4327699,-81.916625,3,,
"POINT (-81.9165327 26.4328975)",823,5807601567,26.4328975,-81.9165327,3,,
"POINT (-81.9163766 26.4330536)",824,5807601568,26.4330536,-81.9163766,3,,
"POINT (-81.9165853 26.4330322)",825,5807601569,26.4330322,-81.9165853,1,,
"POINT (-81.9164847 26.4329455)",826,5807601570,26.4329455,-81.9164847,3,,
"POINT (-81.9170432 26.4329948)",827,5807601571,26.4329948,-81.9170432,1,,
"POINT (-81.9162228 26.4328055)",828,5807601577,26.4328055,-81.9162228,1,,
"POINT (-81.9162898 26.4331456)",829,5808109809,26.4331456,-81.9162898,3,,
"POINT (-81.9165332 26.4331744)",830,5808109819,26.4331744,-81.9165332,3,,
"POINT (-81.9164653 26.4334273)",831,5808110167,26.4334273,-81.9164653,1,,
"POINT (-81.9166306 26.4332477)",832,5808110168,26.4332477,-81.9166306,3,,
"POINT (-81.9167951 26.4333714)",833,5808110169,26.4333714,-81.9167951,3,,
"POINT (-81.9169096 26.4334568)",834,5808110180,26.4334568,-81.9169096,3,,
"POINT (-81.9167052 26.4336509)",835,5808110181,26.4336509,-81.9167052,1,,
"POINT (-81.9167637 26.4335742)",836,5808110182,26.4335742,-81.9167637,3,,
"POINT (-81.9169193 26.4336491)",837,5808110212,26.4336491,-81.9169193,3,,
"POINT (-81.9170202 26.4335382)",838,5808110213,26.4335382,-81.9170202,3,,
"POINT (-81.9190797 26.4350612)",839,5808110365,26.4350612,-81.9190797,3,,
"POINT (-81.9191911 26.4351439)",840,5808110408,26.4351439,-81.9191911,3,,
"POINT (-81.9192923 26.4352191)",841,5808110414,26.4352191,-81.9192923,3,,
"POINT (-81.9197914 26.4355878)",842,5812474104,26.4355878,-81.9197914,3,,
"POINT (-81.9188209 26.4348692)",843,5812474292,26.4348692,-81.9188209,3,,
"POINT (-81.9223611 26.4374433)",844,5814968579,26.4374433,-81.9223611,3,,
"POINT (-81.9229471 26.4378603)",845,5814968629,26.4378603,-81.9229471,3,,
"POINT (-81.9231667 26.438018)",846,5814969781,26.438018,-81.9231667,3,,
"POINT (-81.8895717 26.4047749)",847,5820587793,26.4047749,-81.8895717,1,,
"POINT (-81.8894435 26.4047763)",848,5820587794,26.4047763,-81.8894435,3,,
"POINT (-81.8904632 26.4047078)",849,5820587824,26.4047078,-81.8904632,1,,
"POINT (-81.8906391 26.4047217)",850,5820587825,26.4047217,-81.8906391,3,,
"POINT (-81.890796 26.4047261)",851,5820587830,26.4047261,-81.890796,1,,
"POINT (-81.8906414 26.4047046)",852,5820587831,26.4047046,-81.8906414,3,,
"POINT (-81.9185153 26.4351427)",853,5820587880,26.4351427,-81.9185153,3,,
"POINT (-81.9056551 26.4274199)",854,6304043722,26.4274199,-81.9056551,3,,
"POINT (-81.9067241 26.42814)",855,6304043724,26.42814,-81.9067241,3,,
"POINT (-81.9060159 26.4275527)",856,6304043726,26.4275527,-81.9060159,3,,
"POINT (-81.9072408 26.4287049)",857,6304043727,26.4287049,-81.9072408,3,,
"POINT (-81.9077401 26.4291806)",858,6304043731,26.4291806,-81.9077401,3,,
"POINT (-81.90467 26.4272836)",859,6304043748,26.4272836,-81.90467,1,,
"POINT (-81.895079 26.4079327)",860,6947764573,26.4079327,-81.895079,3,,
"POINT (-81.89595 26.4082231)",861,6947764576,26.4082231,-81.89595,1,,
"POINT (-81.895567 26.4118083)",862,7011017093,26.4118083,-81.895567,3,,
"POINT (-81.8953185 26.4117987)",863,7011017097,26.4117987,-81.8953185,3,,
"POINT (-81.8960081 26.413811)",864,7011017109,26.413811,-81.8960081,3,,
"POINT (-81.8963525 26.4138087)",865,7011017110,26.4138087,-81.8963525,3,,
"POINT (-81.8950713 26.4117923)",866,7011017112,26.4117923,-81.8950713,3,,
"POINT (-81.8934258 26.4127923)",867,7011017122,26.4127923,-81.8934258,3,,
"POINT (-81.8931951 26.4123273)",868,7011017133,26.4123273,-81.8931951,3,,
"POINT (-81.8933461 26.4126317)",869,7011017134,26.4126317,-81.8933461,3,,
"POINT (-81.8931514 26.4127116)",870,7011017135,26.4127116,-81.8931514,1,,
"POINT (-81.8932676 26.4124735)",871,7011017136,26.4124735,-81.8932676,3,,
"POINT (-81.8929908 26.4125931)",872,7011017137,26.4125931,-81.8929908,1,,
"POINT (-81.8942671 26.4147149)",873,7011017138,26.4147149,-81.8942671,1,,
"POINT (-81.8938426 26.4151078)",874,7011017139,26.4151078,-81.8938426,3,,
"POINT (-81.8940571 26.4151629)",875,7011017142,26.4151629,-81.8940571,4,,
"POINT (-81.8940611 26.4156517)",876,7011017145,26.4156517,-81.8940611,3,,
"POINT (-81.887158 26.4084762)",877,7013232985,26.4084762,-81.887158,3,,
"POINT (-81.9118699 26.4342869)",878,7013881500,26.4342869,-81.9118699,3,,
"POINT (-81.9112042 26.4339395)",879,7013881502,26.4339395,-81.9112042,1,,
"POINT (-81.9035041 26.4242302)",880,7016372995,26.4242302,-81.9035041,3,,
"POINT (-81.9038097 26.4246179)",881,7016372997,26.4246179,-81.9038097,1,,
"POINT (-81.9162723 26.4371914)",882,7016461448,26.4371914,-81.9162723,1,,
"POINT (-81.8971435 26.4152856)",883,7062713920,26.4152856,-81.8971435,3,,
"POINT (-81.8971435 26.4151776)",884,7062713921,26.4151776,-81.8971435,3,,
"POINT (-81.8962863 26.4151401)",885,7062713923,26.4151401,-81.8962863,3,,
"POINT (-81.8962924 26.4152949)",886,7062713924,26.4152949,-81.8962924,3,,
"POINT (-81.8958743 26.4148414)",887,7062713927,26.4148414,-81.8958743,1,,
"POINT (-81.8974866 26.4148761)",888,7062713928,26.4148761,-81.8974866,1,,
"POINT (-81.8995394 26.4152587)",889,7081882020,26.4152587,-81.8995394,3,,
"POINT (-81.8995533 26.4155912)",890,7081882021,26.4155912,-81.8995533,1,,
"POINT (-81.8986962 26.4152686)",891,7094841898,26.4152686,-81.8986962,3,,
"POINT (-81.8981528 26.4151279)",892,7094841905,26.4151279,-81.8981528,3,,
"POINT (-81.8981525 26.4152738)",893,7094841908,26.4152738,-81.8981525,3,,
"POINT (-81.8981525 26.4152544)",894,7094841910,26.4152544,-81.8981525,2,,
"POINT (-81.8976093 26.4147026)",895,7094841912,26.4147026,-81.8976093,1,,
"POINT (-81.8986849 26.4151561)",896,7094841913,26.4151561,-81.8986849,3,,
"POINT (-81.8987678 26.4148302)",897,7094841915,26.4148302,-81.8987678,1,,
"POINT (-81.8900146 26.4101586)",898,7113549196,26.4101586,-81.8900146,3,,
"POINT (-81.8890076 26.4094997)",899,7113549208,26.4094997,-81.8890076,3,,
"POINT (-81.8888841 26.409497)",900,7113549209,26.409497,-81.8888841,3,,
"POINT (-81.8892245 26.409956)",901,7113549214,26.409956,-81.8892245,3,,
"POINT (-81.9008701 26.424603)",902,7148048346,26.424603,-81.9008701,1,,
"POINT (-81.8952883 26.4153096)",903,7148341496,26.4153096,-81.8952883,3,,
"POINT (-81.8952793 26.4151672)",904,7148341497,26.4151672,-81.8952793,3,,
"POINT (-81.8948983 26.415313)",905,7148341499,26.415313,-81.8948983,3,,
"POINT (-81.8937016 26.413482)",906,7155292544,26.413482,-81.8937016,3,,
"POINT (-81.9101218 26.4330948)",907,7189398659,26.4330948,-81.9101218,1,,
"POINT (-81.893644 26.4133285)",908,7203305056,26.4133285,-81.893644,3,,
"POINT (-81.8933133 26.4134842)",909,7203305057,26.4134842,-81.8933133,1,,
"POINT (-81.8935798 26.4131574)",910,7203305058,26.4131574,-81.8935798,3,,
"POINT (-81.8932228 26.4133382)",911,7203305059,26.4133382,-81.8932228,1,,
"POINT (-81.893501 26.4129635)",912,7203305060,26.4129635,-81.893501,3,,
"POINT (-81.8932088 26.4131113)",913,7203305061,26.4131113,-81.8932088,1,,
"POINT (-81.8888861 26.409521)",914,7208366770,26.409521,-81.8888861,3,,
"POINT (-81.888707 26.4095825)",915,7208366771,26.4095825,-81.888707,3,,
"POINT (-81.8888451 26.4092463)",916,7208366777,26.4092463,-81.8888451,3,,
"POINT (-81.8922522 26.4111514)",917,7226537671,26.4111514,-81.8922522,3,,
"POINT (-81.8919815 26.4109771)",918,7226537681,26.4109771,-81.8919815,3,,
"POINT (-81.8980291 26.4172235)",919,7229628345,26.4172235,-81.8980291,3,,
"POINT (-81.8991762 26.4172102)",920,7229628352,26.4172102,-81.8991762,3,,
"POINT (-81.9067639 26.4316283)",921,7556699107,26.4316283,-81.9067639,1,turning_loop,
"POINT (-81.8865893 26.4059121)",922,7556699142,26.4059121,-81.8865893,1,turning_loop,
"POINT (-81.9013716 26.4140078)",923,7556699155,26.4140078,-81.9013716,2,,
"POINT (-81.8969349 26.4175652)",924,7556699159,26.4175652,-81.8969349,1,turning_circle,
"POINT (-81.9078976 26.4299305)",925,7564891014,26.4299305,-81.9078976,1,,
"POINT (-81.8949312 26.4151688)",926,8270558832,26.4151688,-81.8949312,3,,
"POINT (-81.8945751 26.4149203)",927,8270558834,26.4149203,-81.8945751,1,,
"POINT (-81.8956938 26.4148874)",928,8270558838,26.4148874,-81.8956938,1,,
"POINT (-81.9008689 26.4152996)",929,8277500437,26.4152996,-81.9008689,3,,
"POINT (-81.9015077 26.4152209)",930,8277500439,26.4152209,-81.9015077,1,,
"POINT (-81.9086081 26.430982)",931,8570985714,26.430982,-81.9086081,1,,
"POINT (-81.8966954 26.4110291)",932,9258320815,26.4110291,-81.8966954,1,,
"POINT (-81.8974592 26.4108625)",933,9258342816,26.4108625,-81.8974592,3,,
"POINT (-81.8970471 26.4107087)",934,9258342819,26.4107087,-81.8970471,1,,
"POINT (-81.8836084 26.4046999)",935,9629857104,26.4046999,-81.8836084,3,,
"POINT (-81.8835881 26.4046106)",936,9629857105,26.4046106,-81.8835881,1,,
"POINT (-81.8970245 26.4134419)",937,10069586511,26.4134419,-81.8970245,3,,
"POINT (-81.8972448 26.4133755)",938,10069586512,26.4133755,-81.8972448,3,,
"POINT (-81.8971015 26.4130068)",939,10069586513,26.4130068,-81.8971015,3,,
"POINT (-81.896884 26.4130744)",940,10069586514,26.4130744,-81.896884,3,,
"POINT (-81.8968138 26.4128907)",941,10069586515,26.4128907,-81.8968138,3,,
"POINT (-81.8970308 26.4128247)",942,10069586516,26.4128247,-81.8970308,3,,
"POINT (-81.8966103 26.4123582)",943,10069586517,26.4123582,-81.8966103,3,,
"POINT (-81.8968236 26.4122914)",944,10069586518,26.4122914,-81.8968236,3,,
"POINT (-81.8967532 26.4121102)",945,10069586519,26.4121102,-81.8967532,3,,
"POINT (-81.8965421 26.4121798)",946,10069586520,26.4121798,-81.8965421,3,,
"POINT (-81.8964706 26.4119928)",947,10069586521,26.4119928,-81.8964706,3,,
"POINT (-81.896683 26.4119293)",948,10069586522,26.4119293,-81.896683,3,,
"POINT (-81.9035819 26.4204928)",949,10826905931,26.4204928,-81.9035819,2,,
"POINT (-81.9033558 26.4204213)",950,10826905932,26.4204213,-81.9033558,1,,
"POINT (-81.9032439 26.4202588)",951,10826905933,26.4202588,-81.9032439,1,,
"POINT (-81.959739 26.45594)",952,98027430,26.45594,-81.959739,4,,
"POINT (-81.9586471 26.4570741)",953,98027435,26.4570741,-81.9586471,4,,
"POINT (-81.949508 26.461042)",954,98029423,26.461042,-81.949508,4,,
"POINT (-81.941712 26.459724)",955,98029850,26.459724,-81.941712,3,,
"POINT (-81.941694 26.458085)",956,98029868,26.458085,-81.941694,4,,
"POINT (-81.9402942 26.4602397)",957,98037982,26.4602397,-81.9402942,3,,
"POINT (-81.940339 26.459605)",958,98037993,26.459605,-81.940339,3,,
"POINT (-81.940334 26.458102)",959,98037995,26.458102,-81.940334,4,,
"POINT (-81.9288898 26.4414045)",960,98041592,26.4414045,-81.9288898,3,,
"POINT (-81.927594 26.442294)",961,98041609,26.442294,-81.927594,3,,
"POINT (-81.9274058 26.4423281)",962,98041614,26.4423281,-81.9274058,3,,
"POINT (-81.9260618 26.4434237)",963,98041618,26.4434237,-81.9260618,3,,
"POINT (-81.948484 26.449852)",964,98048423,26.449852,-81.948484,1,,
"POINT (-81.948497 26.4507052)",965,98048425,26.4507052,-81.948497,4,,
"POINT (-81.948553 26.454381)",966,98048440,26.454381,-81.948553,1,,
"POINT (-81.926676 26.4401562)",967,98052548,26.4401562,-81.926676,3,,
"POINT (-81.9525569 26.4520107)",968,98055554,26.4520107,-81.9525569,3,,
"POINT (-81.952017 26.452311)",969,98055560,26.452311,-81.952017,3,,
"POINT (-81.951639 26.453206)",970,98055574,26.453206,-81.951639,3,,
"POINT (-81.951651 26.455277)",971,98055589,26.455277,-81.951651,3,,
"POINT (-81.9390591 26.4465554)",972,98059314,26.4465554,-81.9390591,3,,
"POINT (-81.938955 26.446783)",973,98059316,26.446783,-81.938955,3,,
"POINT (-81.938946 26.447308)",974,98059330,26.447308,-81.938946,4,,
"POINT (-81.937981 26.445972)",975,98059337,26.445972,-81.937981,1,,
"POINT (-81.9437075 26.448074)",976,98082846,26.448074,-81.9437075,1,,
"POINT (-81.9435458 26.4483827)",977,98082848,26.4483827,-81.9435458,4,,
"POINT (-81.9433724 26.448882)",978,98082850,26.448882,-81.9433724,4,,
"POINT (-81.9433715 26.4498836)",979,98082860,26.4498836,-81.9433715,3,,
"POINT (-81.943385 26.450528)",980,98082863,26.450528,-81.943385,1,,
"POINT (-81.9475269 26.4503549)",981,98086066,26.4503549,-81.9475269,3,,
"POINT (-81.947505 26.4495477)",982,98086072,26.4495477,-81.947505,1,,
"POINT (-81.946891 26.464432)",983,98087989,26.464432,-81.946891,1,,
"POINT (-81.9467846 26.4500913)",984,98103826,26.4500913,-81.9467846,3,,
"POINT (-81.9467855 26.450861)",985,98103830,26.450861,-81.9467855,3,,
"POINT (-81.9538424 26.4652131)",986,98113243,26.4652131,-81.9538424,1,,
"POINT (-81.9555593 26.4659889)",987,98113261,26.4659889,-81.9555593,3,,
"POINT (-81.9260258 26.4397874)",988,98117718,26.4397874,-81.9260258,3,,
"POINT (-81.923876 26.441576)",989,98117723,26.441576,-81.923876,3,,
"POINT (-81.940339 26.458027)",990,98121991,26.458027,-81.940339,4,,
"POINT (-81.940335 26.457461)",991,98121994,26.457461,-81.940335,1,,
"POINT (-81.9485354 26.4592575)",992,98123657,26.4592575,-81.9485354,1,,
"POINT (-81.947034 26.460021)",993,98123675,26.460021,-81.947034,4,,
"POINT (-81.953566 26.461952)",994,98125525,26.461952,-81.953566,3,,
"POINT (-81.952886 26.464743)",995,98125540,26.464743,-81.952886,3,,
"POINT (-81.9323217 26.4433229)",996,98125669,26.4433229,-81.9323217,3,,
"POINT (-81.930264 26.445099)",997,98125689,26.445099,-81.930264,3,,
"POINT (-81.921497 26.439959)",998,98125741,26.439959,-81.921497,1,,
"POINT (-81.917773 26.434632)",999,98128531,26.434632,-81.917773,3,,
"POINT (-81.9478574 26.4504722)",1000,98128726,26.4504722,-81.9478574,3,,
"POINT (-81.9478635 26.4511389)",1001,98128728,26.4511389,-81.9478635,3,,
"POINT (-81.9478653 26.4538144)",1002,98128739,26.4538144,-81.9478653,1,turning_loop,
"POINT (-81.933542 26.444005)",1003,98135741,26.444005,-81.933542,3,,
"POINT (-81.931665 26.445648)",1004,98135754,26.445648,-81.931665,3,,
"POINT (-81.931502 26.445788)",1005,98135757,26.445788,-81.931502,3,,
"POINT (-81.92927 26.447651)",1006,98135766,26.447651,-81.92927,1,turning_circle,
"POINT (-81.9508397 26.4518976)",1007,98143912,26.4518976,-81.9508397,1,,
"POINT (-81.918504 26.43662)",1008,98150818,26.43662,-81.918504,3,,
"POINT (-81.919334 26.437243)",1009,98150824,26.437243,-81.919334,1,,
"POINT (-81.941481 26.4482056)",1010,98151079,26.4482056,-81.941481,4,,
"POINT (-81.938057 26.446493)",1011,98152964,26.446493,-81.938057,3,,
"POINT (-81.937848 26.447942)",1012,98152978,26.447942,-81.937848,1,,
"POINT (-81.9427731 26.4486705)",1013,98161355,26.4486705,-81.9427731,3,,
"POINT (-81.9427532 26.449827)",1014,98161357,26.449827,-81.9427532,2,,
"POINT (-81.921399 26.438939)",1015,98170220,26.438939,-81.921399,1,,
"POINT (-81.935588 26.4450445)",1016,98177750,26.4450445,-81.935588,3,traffic_signals,
"POINT (-81.935275 26.446194)",1017,98177752,26.446194,-81.935275,3,,
"POINT (-81.935052 26.447082)",1018,98177756,26.447082,-81.935052,3,,
"POINT (-81.929962 26.448315)",1019,98177790,26.448315,-81.929962,1,turning_circle,
"POINT (-81.918205 26.436959)",1020,98178525,26.436959,-81.918205,3,,
"POINT (-81.919013 26.437573)",1021,98178533,26.437573,-81.919013,1,,
"POINT (-81.9291616 26.4415564)",1022,98178963,26.4415564,-81.9291616,3,,
"POINT (-81.926485 26.443995)",1023,98178977,26.443995,-81.926485,1,turning_circle,
"POINT (-81.952715 26.4617653)",1024,98183641,26.4617653,-81.952715,3,,
"POINT (-81.9534782 26.4586097)",1025,98183654,26.4586097,-81.9534782,3,,
"POINT (-81.9532476 26.4585642)",1026,98183668,26.4585642,-81.9532476,4,,
"POINT (-81.952557 26.458429)",1027,98183670,26.458429,-81.952557,1,,
"POINT (-81.9518041 26.4615689)",1028,98183672,26.4615689,-81.9518041,3,,
"POINT (-81.9405957 26.4489914)",1029,98186972,26.4489914,-81.9405957,3,,
"POINT (-81.94862 26.460841)",1030,98186975,26.460841,-81.94862,3,,
"POINT (-81.9486205 26.4641829)",1031,98186982,26.4641829,-81.9486205,1,,
"POINT (-81.948541 26.460825)",1032,98186987,26.460825,-81.948541,3,,
"POINT (-81.9406701 26.4490917)",1033,98186990,26.4490917,-81.9406701,3,,
"POINT (-81.9395387 26.4485582)",1034,98203461,26.4485582,-81.9395387,4,,
"POINT (-81.9384923 26.448187)",1035,98203467,26.448187,-81.9384923,3,,
"POINT (-81.9538527 26.458695)",1036,98214611,26.458695,-81.9538527,3,,
"POINT (-81.953846 26.462011)",1037,98214634,26.462011,-81.953846,3,,
"POINT (-81.954097 26.463951)",1038,98214651,26.463951,-81.954097,3,,
"POINT (-81.9540941 26.4640677)",1039,98214653,26.4640677,-81.9540941,3,,
"POINT (-81.9543582 26.4643361)",1040,98214660,26.4643361,-81.9543582,3,,
"POINT (-81.953603 26.464407)",1041,98214700,26.464407,-81.953603,3,,
"POINT (-81.9231208 26.4373857)",1042,98223874,26.4373857,-81.9231208,1,,
"POINT (-81.9395 26.458111)",1043,98228892,26.458111,-81.9395,3,,
"POINT (-81.939499 26.458898)",1044,98228894,26.458898,-81.939499,1,,
"POINT (-81.95168 26.465456)",1045,98238389,26.465456,-81.95168,3,,
"POINT (-81.962199 26.458371)",1046,98244307,26.458371,-81.962199,3,,
"POINT (-81.96114 26.457317)",1047,98244343,26.457317,-81.96114,3,,
"POINT (-81.9421752 26.4484546)",1048,98254936,26.4484546,-81.9421752,4,,
"POINT (-81.94215 26.453273)",1049,98254965,26.453273,-81.94215,1,,
"POINT (-81.9567758 26.4570124)",1050,98256726,26.4570124,-81.9567758,3,,
"POINT (-81.958309 26.455041)",1051,98266913,26.455041,-81.958309,3,,
"POINT (-81.9573143 26.4544372)",1052,98266970,26.4544372,-81.9573143,3,,
"POINT (-81.9449283 26.4494322)",1053,98268180,26.4494322,-81.9449283,3,,
"POINT (-81.9448789 26.4536577)",1054,98268198,26.4536577,-81.9448789,1,,
"POINT (-81.9553652 26.4534086)",1055,98271969,26.4534086,-81.9553652,4,,
"POINT (-81.9560423 26.4536495)",1056,98271979,26.4536495,-81.9560423,4,stop,
"POINT (-81.966037 26.462476)",1057,98272051,26.462476,-81.966037,3,,
"POINT (-81.9547907 26.4527235)",1058,98272631,26.4527235,-81.9547907,3,,
"POINT (-81.9537883 26.4524082)",1059,98272641,26.4524082,-81.9537883,3,,
"POINT (-81.9527128 26.452061)",1060,98272648,26.452061,-81.9527128,3,,
"POINT (-81.9521419 26.4518767)",1061,98272651,26.4518767,-81.9521419,3,,
"POINT (-81.9506631 26.4513992)",1062,98272654,26.4513992,-81.9506631,3,,
"POINT (-81.9499006 26.451153)",1063,98272657,26.451153,-81.9499006,3,,
"POINT (-81.9496338 26.4510669)",1064,98272664,26.4510669,-81.9496338,3,,
"POINT (-81.9491218 26.4509016)",1065,98272667,26.4509016,-81.9491218,3,,
"POINT (-81.9461605 26.4498697)",1066,98272680,26.4498697,-81.9461605,3,,
"POINT (-81.9455134 26.4496399)",1067,98272687,26.4496399,-81.9455134,4,,
"POINT (-81.9441787 26.449166)",1068,98272692,26.449166,-81.9441787,3,,
"POINT (-81.9440127 26.4491071)",1069,98272694,26.4491071,-81.9440127,3,,
"POINT (-81.9399625 26.4476689)",1070,98272698,26.4476689,-81.9399625,3,,
"POINT (-81.9393989 26.4474688)",1071,98272699,26.4474688,-81.9393989,3,,
"POINT (-81.937621 26.446085)",1072,98272728,26.446085,-81.937621,3,,
"POINT (-81.9348395 26.4446642)",1073,98272741,26.4446642,-81.9348395,3,,
"POINT (-81.9341549 26.4443164)",1074,98272744,26.4443164,-81.9341549,3,,
"POINT (-81.9328224 26.4436027)",1075,98272745,26.4436027,-81.9328224,3,,
"POINT (-81.9316135 26.4429294)",1076,98272746,26.4429294,-81.9316135,3,,
"POINT (-81.9310314 26.4426202)",1077,98272749,26.4426202,-81.9310314,4,,
"POINT (-81.9299579 26.4420016)",1078,98272750,26.4420016,-81.9299579,3,,
"POINT (-81.927989 26.440901)",1079,98272752,26.440901,-81.927989,3,,
"POINT (-81.9273263 26.4405251)",1080,98272754,26.4405251,-81.9273263,3,,
"POINT (-81.9253799 26.4394211)",1081,98272759,26.4394211,-81.9253799,4,,
"POINT (-81.94966 26.4529842)",1082,98280095,26.4529842,-81.94966,3,,
"POINT (-81.9492659 26.4542551)",1083,98280274,26.4542551,-81.9492659,3,,
"POINT (-81.9490024 26.4541689)",1084,98280276,26.4541689,-81.9490024,1,,
"POINT (-81.9495214 26.4597937)",1085,98280281,26.4597937,-81.9495214,1,,
"POINT (-81.933191 26.44608)",1086,98282945,26.44608,-81.933191,3,,
"POINT (-81.940882 26.458097)",1087,98289577,26.458097,-81.940882,4,,
"POINT (-81.9425759 26.458083)",1088,98289583,26.458083,-81.9425759,3,,
"POINT (-81.9426302 26.458043)",1089,98289591,26.458043,-81.9426302,3,,
"POINT (-81.9566623 26.4560071)",1090,98291380,26.4560071,-81.9566623,3,,
"POINT (-81.9562481 26.4567825)",1091,98291386,26.4567825,-81.9562481,3,,
"POINT (-81.9551362 26.4553211)",1092,98298112,26.4553211,-81.9551362,4,,
"POINT (-81.9548672 26.4558181)",1093,98298114,26.4558181,-81.9548672,3,,
"POINT (-81.9514863 26.4653742)",1094,98304359,26.4653742,-81.9514863,4,traffic_signals,
"POINT (-81.954938 26.467129)",1095,98304387,26.467129,-81.954938,1,turning_circle,
"POINT (-81.9203452 26.4363058)",1096,98309788,26.4363058,-81.9203452,3,,
"POINT (-81.9199871 26.4367352)",1097,98309790,26.4367352,-81.9199871,3,,
"POINT (-81.919509 26.4372983)",1098,98309793,26.4372983,-81.919509,3,,
"POINT (-81.9193893 26.4375308)",1099,98309799,26.4375308,-81.9193893,3,,
"POINT (-81.9195584 26.4376506)",1100,98309801,26.4376506,-81.9195584,3,,
"POINT (-81.9192136 26.4380604)",1101,98309804,26.4380604,-81.9192136,3,,
"POINT (-81.9189846 26.4383446)",1102,98309808,26.4383446,-81.9189846,1,,
"POINT (-81.932314 26.44596)",1103,98316531,26.44596,-81.932314,3,,
"POINT (-81.922184 26.440291)",1104,98328726,26.440291,-81.922184,1,turning_circle,
"POINT (-81.9270191 26.4444608)",1105,98333652,26.4444608,-81.9270191,3,,
"POINT (-81.9444162 26.4486989)",1106,98336948,26.4486989,-81.9444162,1,,
"POINT (-81.944227 26.4486304)",1107,98336950,26.4486304,-81.944227,4,,
"POINT (-81.9427727 26.4481005)",1108,98336954,26.4481005,-81.9427727,1,,
"POINT (-81.952762 26.455888)",1109,98345053,26.455888,-81.952762,1,,
"POINT (-81.9250554 26.4388022)",1110,98358279,26.4388022,-81.9250554,1,,
"POINT (-81.922714 26.440757)",1111,98358291,26.440757,-81.922714,1,,
"POINT (-81.9455034 26.4538733)",1112,98365661,26.4538733,-81.9455034,1,,
"POINT (-81.945885 26.459318)",1113,98370914,26.459318,-81.945885,3,,
"POINT (-81.945749 26.46168)",1114,98370931,26.46168,-81.945749,1,,
"POINT (-81.944159 26.453779)",1115,98375402,26.453779,-81.944159,1,,
"POINT (-81.9443773 26.4482959)",1116,98375406,26.4482959,-81.9443773,1,,
"POINT (-81.9254798 26.4430016)",1117,98380902,26.4430016,-81.9254798,3,,
"POINT (-81.930635 26.445305)",1118,98383039,26.445305,-81.930635,3,,
"POINT (-81.928631 26.44698)",1119,98383055,26.44698,-81.928631,1,turning_circle,
"POINT (-81.9537917 26.454194)",1120,98388856,26.454194,-81.9537917,3,,
"POINT (-81.953796 26.4547242)",1121,98388863,26.4547242,-81.953796,3,,
"POINT (-81.939823 26.446672)",1122,98390144,26.446672,-81.939823,1,,
"POINT (-81.951443 26.461484)",1123,98409130,26.461484,-81.951443,3,,
"POINT (-81.950875 26.464913)",1124,98409195,26.464913,-81.950875,3,,
"POINT (-81.9248729 26.4425955)",1125,98421246,26.4425955,-81.9248729,3,,
"POINT (-81.9383856 26.4483884)",1126,98425440,26.4483884,-81.9383856,3,,
"POINT (-81.9368652 26.4488205)",1127,98425453,26.4488205,-81.9368652,3,,
"POINT (-81.952491 26.461717)",1128,98428001,26.461717,-81.952491,4,,
"POINT (-81.952205 26.4616536)",1129,98428002,26.4616536,-81.952205,3,,
"POINT (-81.947737 26.460457)",1130,98428017,26.460457,-81.947737,3,,
"POINT (-81.947646 26.460401)",1131,98428019,26.460401,-81.947646,3,,
"POINT (-81.946393 26.459627)",1132,98428021,26.459627,-81.946393,3,,
"POINT (-81.919012 26.43604)",1133,98433177,26.43604,-81.919012,3,,
"POINT (-81.919765 26.436607)",1134,98433181,26.436607,-81.919765,1,,
"POINT (-81.9551712 26.4538149)",1135,98433630,26.4538149,-81.9551712,4,,
"POINT (-81.9553117 26.4536327)",1136,98433634,26.4536327,-81.9553117,3,,
"POINT (-81.955247 26.4530787)",1137,98433640,26.4530787,-81.955247,3,,
"POINT (-81.930951 26.445485)",1138,98441272,26.445485,-81.930951,3,,
"POINT (-81.9593749 26.4574838)",1139,98444333,26.4574838,-81.9593749,3,,
"POINT (-81.9582706 26.4568632)",1140,98444340,26.4568632,-81.9582706,4,,
"POINT (-81.9581615 26.4570629)",1141,98444347,26.4570629,-81.9581615,3,turning_loop,
"POINT (-81.958375 26.4566595)",1142,98444349,26.4566595,-81.958375,4,turning_loop,
"POINT (-81.9594089 26.4576165)",1143,98444363,26.4576165,-81.9594089,3,,
"POINT (-81.925724 26.439119)",1144,98444443,26.439119,-81.925724,1,,
"POINT (-81.923063 26.441363)",1145,98444458,26.441363,-81.923063,1,,
"POINT (-81.9237631 26.4414694)",1146,98445065,26.4414694,-81.9237631,1,,
"POINT (-81.928915 26.444349)",1147,98449148,26.444349,-81.928915,3,stop,
"POINT (-81.91774 26.437523)",1148,98454849,26.437523,-81.91774,1,,
"POINT (-81.952307 26.451444)",1149,98478408,26.451444,-81.952307,1,,
"POINT (-81.942589 26.459802)",1150,98481251,26.459802,-81.942589,1,,
"POINT (-81.946241 26.461758)",1151,98494340,26.461758,-81.946241,1,,
"POINT (-81.9500751 26.450686)",1152,98513467,26.450686,-81.9500751,3,,
"POINT (-81.95526 26.453307)",1153,98523816,26.453307,-81.95526,4,,
"POINT (-81.9548833 26.4535654)",1154,98523838,26.4535654,-81.9548833,3,,
"POINT (-81.954168 26.454085)",1155,98523862,26.454085,-81.954168,3,,
"POINT (-81.9213417 26.4378469)",1156,98525213,26.4378469,-81.9213417,1,,
"POINT (-81.9477315 26.464313)",1157,98541481,26.464313,-81.9477315,3,,
"POINT (-81.928806 26.445638)",1158,98559944,26.445638,-81.928806,1,turning_circle,
"POINT (-81.9204923 26.4364172)",1159,1387614715,26.4364172,-81.9204923,3,,
"POINT (-81.9200469 26.4367699)",1160,1387614718,26.4367699,-81.9200469,3,,
"POINT (-81.9201433 26.4368258)",1161,1387614719,26.4368258,-81.9201433,3,,
"POINT (-81.9197204 26.4387061)",1162,1387614737,26.4387061,-81.9197204,1,,
"POINT (-81.9501746 26.450419)",1163,1412670504,26.450419,-81.9501746,1,,
"POINT (-81.9509314 26.4506541)",1164,1412670505,26.4506541,-81.9509314,1,,
"POINT (-81.9416941 26.4580185)",1165,1756886972,26.4580185,-81.9416941,3,,
"POINT (-81.940885 26.458026)",1166,1756886973,26.458026,-81.940885,3,,
"POINT (-81.9555099 26.4534638)",1167,1769042077,26.4534638,-81.9555099,3,,
"POINT (-81.940751 26.4490453)",1168,1769053882,26.4490453,-81.940751,3,,
"POINT (-81.9413168 26.449243)",1169,1769053892,26.449243,-81.9413168,1,,
"POINT (-81.9454605 26.4494687)",1170,1769083207,26.4494687,-81.9454605,1,,
"POINT (-81.9447333 26.4493629)",1171,1769083208,26.4493629,-81.9447333,3,,
"POINT (-81.9448275 26.4492261)",1172,1769083210,26.4492261,-81.9448275,3,,
"POINT (-81.944775 26.4485047)",1173,1769083211,26.4485047,-81.944775,1,,
"POINT (-81.9451116 26.449335)",1174,1769085404,26.449335,-81.9451116,3,,
"POINT (-81.9452115 26.4485747)",1175,1769085412,26.4485747,-81.9452115,1,,
"POINT (-81.9457635 26.4489667)",1176,1773568796,26.4489667,-81.9457635,1,,
"POINT (-81.9457643 26.4490925)",1177,1773568797,26.4490925,-81.9457643,3,,
"POINT (-81.9455066 26.4489455)",1178,1773568798,26.4489455,-81.9455066,1,,
"POINT (-81.9455075 26.4490348)",1179,1773568799,26.4490348,-81.9455075,3,,
"POINT (-81.9457688 26.4497306)",1180,1773568800,26.4497306,-81.9457688,3,,
"POINT (-81.9660318 26.4636688)",1181,1773963615,26.4636688,-81.9660318,1,,
"POINT (-81.9661309 26.4627823)",1182,1773963620,26.4627823,-81.9661309,2,,
"POINT (-81.9659164 26.462838)",1183,1773966062,26.462838,-81.9659164,3,,
"POINT (-81.9658151 26.4625588)",1184,1773966068,26.4625588,-81.9658151,1,,
"POINT (-81.9352617 26.4470737)",1185,1775767027,26.4470737,-81.9352617,3,,
"POINT (-81.9237989 26.4378689)",1186,1775767030,26.4378689,-81.9237989,1,,
"POINT (-81.9360198 26.4470753)",1187,1775767041,26.4470753,-81.9360198,3,,
"POINT (-81.9372825 26.4472069)",1188,1775767042,26.4472069,-81.9372825,3,,
"POINT (-81.9358174 26.4457117)",1189,1775767045,26.4457117,-81.9358174,3,,
"POINT (-81.9367069 26.4474521)",1190,1775767046,26.4474521,-81.9367069,3,,
"POINT (-81.9360901 26.4452996)",1191,1775767049,26.4452996,-81.9360901,3,,
"POINT (-81.9354716 26.4470705)",1192,1775767057,26.4470705,-81.9354716,3,,
"POINT (-81.9365367 26.4472927)",1193,1775767058,26.4472927,-81.9365367,1,,
"POINT (-81.936288 26.4454001)",1194,1775767059,26.4454001,-81.936288,3,,
"POINT (-81.9368916 26.4462312)",1195,1775767060,26.4462312,-81.9368916,3,,
"POINT (-81.9360787 26.4458)",1196,1775767065,26.4458,-81.9360787,3,,
"POINT (-81.9363919 26.4456594)",1197,1775767067,26.4456594,-81.9363919,3,,
"POINT (-81.9366093 26.4474701)",1198,1775767070,26.4474701,-81.9366093,3,,
"POINT (-81.9372936 26.4469691)",1199,1775767074,26.4469691,-81.9372936,3,,
"POINT (-81.9358205 26.4470742)",1200,1775767079,26.4470742,-81.9358205,3,,
"POINT (-81.9364128 26.4475023)",1201,1775767082,26.4475023,-81.9364128,1,,
"POINT (-81.9374343 26.4459786)",1202,1775767083,26.4459786,-81.9374343,3,,
"POINT (-81.9367348 26.4470215)",1203,1775767086,26.4470215,-81.9367348,3,,
"POINT (-81.9362095 26.4455733)",1204,1775767094,26.4455733,-81.9362095,3,,
"POINT (-81.935685 26.446209)",1205,1775767097,26.446209,-81.935685,3,,
"POINT (-81.9367571 26.4467874)",1206,1775767100,26.4467874,-81.9367571,3,,
"POINT (-81.9372675 26.44632)",1207,1775767113,26.44632,-81.9372675,3,,
"POINT (-81.93628 26.4470575)",1208,1775767114,26.4470575,-81.93628,3,,
"POINT (-81.9553254 26.4528865)",1209,1775771966,26.4528865,-81.9553254,4,,
"POINT (-81.9546551 26.4544756)",1210,1775771971,26.4544756,-81.9546551,1,,
"POINT (-81.9595269 26.457485)",1211,1775774197,26.457485,-81.9595269,3,,
"POINT (-81.9513222 26.4619119)",1212,1793441053,26.4619119,-81.9513222,3,,
"POINT (-81.9528134 26.4610432)",1213,1793441054,26.4610432,-81.9528134,3,,
"POINT (-81.9527456 26.4604521)",1214,1793441056,26.4604521,-81.9527456,3,,
"POINT (-81.9521262 26.4616362)",1215,1793441057,26.4616362,-81.9521262,3,,
"POINT (-81.9538017 26.4610291)",1216,1793441064,26.4610291,-81.9538017,3,,
"POINT (-81.9523525 26.4609639)",1217,1793441067,26.4609639,-81.9523525,3,,
"POINT (-81.9537957 26.4608607)",1218,1793441071,26.4608607,-81.9537957,3,,
"POINT (-81.9529462 26.4605259)",1219,1793441072,26.4605259,-81.9529462,3,,
"POINT (-81.9513953 26.4616503)",1220,1793441073,26.4616503,-81.9513953,3,,
"POINT (-81.9523576 26.4622024)",1221,1793441075,26.4622024,-81.9523576,3,,
"POINT (-81.9527753 26.4612295)",1222,1793441076,26.4612295,-81.9527753,3,,
"POINT (-81.9519106 26.4612853)",1223,1793441087,26.4612853,-81.9519106,3,,
"POINT (-81.9524383 26.4619089)",1224,1793441090,26.4619089,-81.9524383,3,,
"POINT (-81.9529046 26.4606888)",1225,1793441091,26.4606888,-81.9529046,3,,
"POINT (-81.9523833 26.4599817)",1226,1793441105,26.4599817,-81.9523833,3,,
"POINT (-81.953822 26.4614054)",1227,1793441107,26.4614054,-81.953822,3,,
"POINT (-81.9519948 26.4608715)",1228,1793441117,26.4608715,-81.9519948,3,,
"POINT (-81.9537848 26.4607041)",1229,1793441127,26.4607041,-81.9537848,3,,
"POINT (-81.9518238 26.4615157)",1230,1793441128,26.4615157,-81.9518238,3,,
"POINT (-81.9528451 26.4600904)",1231,1793441131,26.4600904,-81.9528451,3,,
"POINT (-81.9523448 26.4602836)",1232,1793441138,26.4602836,-81.9523448,3,,
"POINT (-81.9523602 26.4610733)",1233,1793441139,26.4610733,-81.9523602,3,,
"POINT (-81.9469331 26.4595711)",1234,1793686990,26.4595711,-81.9469331,3,,
"POINT (-81.9445034 26.4610398)",1235,1793687007,26.4610398,-81.9445034,3,,
"POINT (-81.9476715 26.4588639)",1236,1793687017,26.4588639,-81.9476715,3,,
"POINT (-81.944503 26.4611463)",1237,1793687032,26.4611463,-81.944503,1,,
"POINT (-81.9470886 26.4598304)",1238,1793687042,26.4598304,-81.9470886,3,,
"POINT (-81.9469327 26.458505)",1239,1793687081,26.458505,-81.9469327,3,,
"POINT (-81.9444811 26.4588237)",1240,1793687093,26.4588237,-81.9444811,3,,
"POINT (-81.9446888 26.4585949)",1241,1793687098,26.4585949,-81.9446888,3,,
"POINT (-81.9445325 26.4609062)",1242,1793687104,26.4609062,-81.9445325,3,,
"POINT (-81.9449233 26.4589886)",1243,1793687105,26.4589886,-81.9449233,3,,
"POINT (-81.9448583 26.4589608)",1244,1793687107,26.4589608,-81.9448583,3,,
"POINT (-81.9470893 26.4581636)",1245,1793687116,26.4581636,-81.9470893,3,,
"POINT (-81.9491881 26.4609713)",1246,1793687118,26.4609713,-81.9491881,3,,
"POINT (-81.9450009 26.4590273)",1247,1793687126,26.4590273,-81.9450009,3,,
"POINT (-81.9470096 26.4582597)",1248,1793687143,26.4582597,-81.9470096,3,,
"POINT (-81.945097 26.4590792)",1249,1793687152,26.4590792,-81.945097,3,,
"POINT (-81.9453477 26.4611239)",1250,1793687160,26.4611239,-81.9453477,3,,
"POINT (-81.9440792 26.4586562)",1251,1793687161,26.4586562,-81.9440792,3,,
"POINT (-81.9443014 26.4587658)",1252,1793687163,26.4587658,-81.9443014,3,,
"POINT (-81.9469679 26.4596767)",1253,1793687172,26.4596767,-81.9469679,3,,
"POINT (-81.9453506 26.4612736)",1254,1793687174,26.4612736,-81.9453506,1,,
"POINT (-81.9447042 26.4588868)",1255,1793687179,26.4588868,-81.9447042,1,,
"POINT (-81.9497735 26.4677807)",1256,1816148609,26.4677807,-81.9497735,1,,
"POINT (-81.9506318 26.4683137)",1257,1816148610,26.4683137,-81.9506318,3,,
"POINT (-81.9501446 26.4673114)",1258,1816148614,26.4673114,-81.9501446,3,,
"POINT (-81.9500721 26.4684608)",1259,1816148646,26.4684608,-81.9500721,3,,
"POINT (-81.9487736 26.4684554)",1260,1816148666,26.4684554,-81.9487736,3,,
"POINT (-81.9486397 26.4682427)",1261,1816148720,26.4682427,-81.9486397,3,,
"POINT (-81.9510046 26.4682975)",1262,1816148723,26.4682975,-81.9510046,3,,
"POINT (-81.9498878 26.468171)",1263,1816148725,26.468171,-81.9498878,3,,
"POINT (-81.9404797 26.4506141)",1264,1925188152,26.4506141,-81.9404797,1,,
"POINT (-81.9208094 26.4382844)",1265,1925188166,26.4382844,-81.9208094,3,,
"POINT (-81.9209769 26.4394416)",1266,1925188168,26.4394416,-81.9209769,3,,
"POINT (-81.9207408 26.4371276)",1267,1925188208,26.4371276,-81.9207408,3,,
"POINT (-81.9646254 26.4605102)",1268,1975886826,26.4605102,-81.9646254,4,,
"POINT (-81.9661506 26.4623076)",1269,1975886828,26.4623076,-81.9661506,3,,
"POINT (-81.9641556 26.4603161)",1270,1975886829,26.4603161,-81.9641556,3,,
"POINT (-81.9653408 26.4615048)",1271,1975886833,26.4615048,-81.9653408,3,,
"POINT (-81.9649235 26.4610982)",1272,1975886834,26.4610982,-81.9649235,4,,
"POINT (-81.965965 26.4619188)",1273,1975886835,26.4619188,-81.965965,3,,
"POINT (-81.9648135 26.4603134)",1274,1975886836,26.4603134,-81.9648135,3,,
"POINT (-81.9658012 26.4619924)",1275,1975886837,26.4619924,-81.9658012,3,,
"POINT (-81.964456 26.4606304)",1276,1975886838,26.4606304,-81.964456,3,,
"POINT (-81.9646359 26.4599075)",1277,1975886839,26.4599075,-81.9646359,3,,
"POINT (-81.9651737 26.4609055)",1278,1975886840,26.4609055,-81.9651737,1,,
"POINT (-81.9650824 26.4609773)",1279,1975886842,26.4609773,-81.9650824,4,,
"POINT (-81.964511 26.4599922)",1280,1975886844,26.4599922,-81.964511,3,,
"POINT (-81.9664585 26.462254)",1281,1975886849,26.462254,-81.9664585,1,,
"POINT (-81.9659119 26.4621803)",1282,1975886851,26.4621803,-81.9659119,3,,
"POINT (-81.9660014 26.4623692)",1283,1975886853,26.4623692,-81.9660014,3,,
"POINT (-81.9650799 26.4601299)",1284,1975886854,26.4601299,-81.9650799,1,,
"POINT (-81.9646774 26.4601701)",1285,1975886857,26.4601701,-81.9646774,3,,
"POINT (-81.9659948 26.4623538)",1286,1975886859,26.4623538,-81.9659948,3,,
"POINT (-81.9660134 26.4615837)",1287,1975886860,26.4615837,-81.9660134,1,,
"POINT (-81.9646695 26.4598826)",1288,1975886861,26.4598826,-81.9646695,1,,
"POINT (-81.9655755 26.4624658)",1289,1975886863,26.4624658,-81.9655755,1,,
"POINT (-81.9655116 26.4623544)",1290,1975886864,26.4623544,-81.9655116,1,,
"POINT (-81.9660347 26.4620389)",1291,1975886866,26.4620389,-81.9660347,1,,
"POINT (-81.9643101 26.4601899)",1292,1975886868,26.4601899,-81.9643101,3,,
"POINT (-81.9654713 26.4613879)",1293,1975886869,26.4613879,-81.9654713,4,,
"POINT (-81.9661074 26.4617705)",1294,1975891253,26.4617705,-81.9661074,1,,
"POINT (-81.9475985 26.4644269)",1295,2019396613,26.4644269,-81.9475985,1,,
"POINT (-81.9460759 26.4578693)",1296,2019396628,26.4578693,-81.9460759,1,,
"POINT (-81.9461821 26.4594964)",1297,2019396633,26.4594964,-81.9461821,3,,
"POINT (-81.9478986 26.4644215)",1298,2019396637,26.4644215,-81.9478986,1,,
"POINT (-81.9313891 26.4423034)",1299,2019424537,26.4423034,-81.9313891,1,,
"POINT (-81.9570963 26.4540328)",1300,2021400869,26.4540328,-81.9570963,4,,
"POINT (-81.9569581 26.45421)",1301,2021400879,26.45421,-81.9569581,3,,
"POINT (-81.9567906 26.4541095)",1302,2021400894,26.4541095,-81.9567906,3,,
"POINT (-81.9574848 26.4542697)",1303,2021400899,26.4542697,-81.9574848,3,,
"POINT (-81.9565251 26.4536844)",1304,2021400900,26.4536844,-81.9565251,3,,
"POINT (-81.956929 26.4539308)",1305,2021400901,26.4539308,-81.956929,4,,
"POINT (-81.9391492 26.4463227)",1306,2213554502,26.4463227,-81.9391492,1,,
"POINT (-81.9378729 26.4493371)",1307,2253886537,26.4493371,-81.9378729,1,,
"POINT (-81.9538255 26.4553629)",1308,3346861986,26.4553629,-81.9538255,3,,
"POINT (-81.9646773 26.4614057)",1309,3346901696,26.4614057,-81.9646773,1,,
"POINT (-81.9524537 26.4611499)",1310,3529429037,26.4611499,-81.9524537,3,,
"POINT (-81.9529182 26.4598306)",1311,3529435381,26.4598306,-81.9529182,3,,
"POINT (-81.9531265 26.4598787)",1312,3529435382,26.4598787,-81.9531265,3,,
"POINT (-81.9540057 26.4585421)",1313,3529441447,26.4585421,-81.9540057,1,,
"POINT (-81.9461035 26.4490046)",1314,3547654560,26.4490046,-81.9461035,1,,
"POINT (-81.9465412 26.4492027)",1315,3547654561,26.4492027,-81.9465412,1,,
"POINT (-81.9472753 26.4495134)",1316,3547654562,26.4495134,-81.9472753,1,,
"POINT (-81.9469283 26.4498173)",1317,3547654565,26.4498173,-81.9469283,1,,
"POINT (-81.9460874 26.4498438)",1318,3547654566,26.4498438,-81.9460874,3,,
"POINT (-81.9468958 26.4499305)",1319,3547654567,26.4499305,-81.9468958,4,,
"POINT (-81.9468436 26.4501123)",1320,3547654570,26.4501123,-81.9468436,3,,
"POINT (-81.9618417 26.456895)",1321,3712398263,26.456895,-81.9618417,1,,
"POINT (-81.9612153 26.4573919)",1322,3712398266,26.4573919,-81.9612153,3,,
"POINT (-81.9554757 26.4529244)",1323,4277693469,26.4529244,-81.9554757,3,,
"POINT (-81.9549106 26.4527849)",1324,4277696826,26.4527849,-81.9549106,3,,
"POINT (-81.9550734 26.4528249)",1325,4277696828,26.4528249,-81.9550734,4,,
"POINT (-81.9553508 26.4537887)",1326,4277774325,26.4537887,-81.9553508,1,,
"POINT (-81.9556714 26.4540841)",1327,4277774326,26.4540841,-81.9556714,4,,
"POINT (-81.9551993 26.4541753)",1328,4277774328,26.4541753,-81.9551993,1,,
"POINT (-81.9553964 26.4541976)",1329,4277774329,26.4541976,-81.9553964,3,,
"POINT (-81.9555078 26.4541093)",1330,4277774346,26.4541093,-81.9555078,3,,
"POINT (-81.9555061 26.4546386)",1331,4277774354,26.4546386,-81.9555061,3,,
"POINT (-81.9557787 26.4541357)",1332,4277774367,26.4541357,-81.9557787,3,,
"POINT (-81.9554943 26.4536338)",1333,4277774369,26.4536338,-81.9554943,1,,
"POINT (-81.955006 26.4546871)",1334,4277774370,26.4546871,-81.955006,3,,
"POINT (-81.9553977 26.4548386)",1335,4277774371,26.4548386,-81.9553977,3,,
"POINT (-81.9555325 26.4541552)",1336,4277774374,26.4541552,-81.9555325,4,,
"POINT (-81.9553906 26.45387)",1337,4277774376,26.45387,-81.9553906,3,,
"POINT (-81.9602306 26.4564156)",1338,5694055621,26.4564156,-81.9602306,3,,
"POINT (-81.9604797 26.4561799)",1339,5694055622,26.4561799,-81.9604797,3,,
"POINT (-81.9297001 26.4447884)",1340,5694073697,26.4447884,-81.9297001,3,,
"POINT (-81.929759 26.4448209)",1341,5694073698,26.4448209,-81.929759,3,,
"POINT (-81.9601795 26.456219)",1342,5694077510,26.456219,-81.9601795,1,,
"POINT (-81.9603605 26.4560613)",1343,5694077511,26.4560613,-81.9603605,3,,
"POINT (-81.9600593 26.4561047)",1344,5694077512,26.4561047,-81.9600593,1,,
"POINT (-81.9602178 26.4559395)",1345,5694077513,26.4559395,-81.9602178,3,,
"POINT (-81.959977 26.4559507)",1346,5694077514,26.4559507,-81.959977,1,,
"POINT (-81.9600866 26.455844)",1347,5694077515,26.455844,-81.9600866,3,,
"POINT (-81.9606253 26.4560633)",1348,5694077516,26.4560633,-81.9606253,1,,
"POINT (-81.9580144 26.4548736)",1349,5700557920,26.4548736,-81.9580144,3,,
"POINT (-81.9579628 26.4548415)",1350,5700560221,26.4548415,-81.9579628,4,,
"POINT (-81.9575279 26.4545725)",1351,5702366483,26.4545725,-81.9575279,3,,
"POINT (-81.957146 26.4546649)",1352,5702366486,26.4546649,-81.957146,3,,
"POINT (-81.9578215 26.4547546)",1353,5702951036,26.4547546,-81.9578215,3,,
"POINT (-81.9577023 26.4546809)",1354,5702951039,26.4546809,-81.9577023,3,,
"POINT (-81.9582065 26.4543069)",1355,5702951040,26.4543069,-81.9582065,1,,
"POINT (-81.958035 26.4547042)",1356,5702951042,26.4547042,-81.958035,3,,
"POINT (-81.9583657 26.4550769)",1357,5702951044,26.4550769,-81.9583657,3,,
"POINT (-81.9586772 26.4546797)",1358,5702951064,26.4546797,-81.9586772,1,,
"POINT (-81.958439 26.4551233)",1359,5702951066,26.4551233,-81.958439,3,,
"POINT (-81.9589361 26.4546672)",1360,5702951069,26.4546672,-81.9589361,1,,
"POINT (-81.9586005 26.4552256)",1361,5702951071,26.4552256,-81.9586005,3,,
"POINT (-81.9642143 26.4596203)",1362,5706105717,26.4596203,-81.9642143,1,,
"POINT (-81.9637988 26.4599501)",1363,5706105719,26.4599501,-81.9637988,3,,
"POINT (-81.9641224 26.4596112)",1364,5706106322,26.4596112,-81.9641224,1,,
"POINT (-81.9635897 26.4594156)",1365,5706106324,26.4594156,-81.9635897,3,,
"POINT (-81.963991 26.4590765)",1366,5706106325,26.4590765,-81.963991,1,,
"POINT (-81.9634112 26.4595663)",1367,5706106327,26.4595663,-81.9634112,3,,
"POINT (-81.9634798 26.4586817)",1368,5706106329,26.4586817,-81.9634798,1,,
"POINT (-81.9635399 26.4587413)",1369,5706106331,26.4587413,-81.9635399,3,,
"POINT (-81.9630078 26.45917)",1370,5706106332,26.45917,-81.9630078,3,,
"POINT (-81.9633745 26.4588746)",1371,5706106334,26.4588746,-81.9633745,3,,
"POINT (-81.9635165 26.4590129)",1372,5706106335,26.4590129,-81.9635165,3,,
"POINT (-81.9631451 26.4593049)",1373,5706106336,26.4593049,-81.9631451,3,,
"POINT (-81.961961 26.4570244)",1374,5706106358,26.4570244,-81.961961,1,,
"POINT (-81.9621032 26.4574192)",1375,5706106361,26.4574192,-81.9621032,1,,
"POINT (-81.9619532 26.457274)",1376,5706106362,26.457274,-81.9619532,1,,
"POINT (-81.9616662 26.4574971)",1377,5706106363,26.4574971,-81.9616662,4,,
"POINT (-81.9614724 26.4576478)",1378,5706106365,26.4576478,-81.9614724,3,,
"POINT (-81.9623292 26.4575992)",1379,5706106366,26.4575992,-81.9623292,1,,
"POINT (-81.9618254 26.4579991)",1380,5706106368,26.4579991,-81.9618254,3,,
"POINT (-81.9624159 26.4583118)",1381,5706106394,26.4583118,-81.9624159,4,,
"POINT (-81.962236 26.4584076)",1382,5706106397,26.4584076,-81.962236,3,,
"POINT (-81.9622751 26.4584462)",1383,5706106400,26.4584462,-81.9622751,3,,
"POINT (-81.9629773 26.4580386)",1384,5706106404,26.4580386,-81.9629773,1,,
"POINT (-81.9623641 26.4585341)",1385,5706106406,26.4585341,-81.9623641,3,,
"POINT (-81.9625737 26.4586072)",1386,5706106407,26.4586072,-81.9625737,2,,
"POINT (-81.9624991 26.4586674)",1387,5706106409,26.4586674,-81.9624991,3,,
"POINT (-81.962442 26.4584712)",1388,5706106410,26.4584712,-81.962442,3,,
"POINT (-81.9633542 26.4582466)",1389,5706106536,26.4582466,-81.9633542,1,,
"POINT (-81.962646 26.4588126)",1390,5706106538,26.4588126,-81.962646,3,,
"POINT (-81.9393381 26.4490099)",1391,5706749087,26.4490099,-81.9393381,3,,
"POINT (-81.9394059 26.449032)",1392,5706749088,26.449032,-81.9394059,1,,
"POINT (-81.9391435 26.4489467)",1393,5706749089,26.4489467,-81.9391435,1,,
"POINT (-81.9382533 26.4489688)",1394,5706749090,26.4489688,-81.9382533,3,,
"POINT (-81.9382123 26.448803)",1395,5706749091,26.448803,-81.9382123,3,,
"POINT (-81.9517081 26.4518653)",1396,5711384888,26.4518653,-81.9517081,3,,
"POINT (-81.9519725 26.451345)",1397,5711385177,26.451345,-81.9519725,1,,
"POINT (-81.9517986 26.4517658)",1398,5711385178,26.4517658,-81.9517986,3,,
"POINT (-81.9518433 26.4516576)",1399,5711385179,26.4516576,-81.9518433,3,,
"POINT (-81.9511671 26.4514311)",1400,5711385180,26.4514311,-81.9511671,3,,
"POINT (-81.9515448 26.4513844)",1401,5711385181,26.4513844,-81.9515448,1,,
"POINT (-81.9511175 26.4515459)",1402,5711385183,26.4515459,-81.9511175,3,,
"POINT (-81.9517453 26.4514516)",1403,5711385184,26.4514516,-81.9517453,1,,
"POINT (-81.9519038 26.4515111)",1404,5711385185,26.4515111,-81.9519038,3,,
"POINT (-81.9513741 26.4516288)",1405,5711385435,26.4516288,-81.9513741,3,,
"POINT (-81.9512124 26.4520247)",1406,5711385436,26.4520247,-81.9512124,3,,
"POINT (-81.9514386 26.4518322)",1407,5711385437,26.4518322,-81.9514386,1,,
"POINT (-81.9513088 26.4517887)",1408,5711385438,26.4517887,-81.9513088,3,,
"POINT (-81.9510355 26.4515195)",1409,5711385441,26.4515195,-81.9510355,3,,
"POINT (-81.9513208 26.4517592)",1410,5711385442,26.4517592,-81.9513208,3,,
"POINT (-81.9509791 26.451653)",1411,5711385443,26.451653,-81.9509791,3,,
"POINT (-81.9506154 26.4517068)",1412,5711385444,26.4517068,-81.9506154,1,,
"POINT (-81.950733 26.4514218)",1413,5711385445,26.4514218,-81.950733,3,,
"POINT (-81.9508815 26.4514697)",1414,5711385447,26.4514697,-81.9508815,3,,
"POINT (-81.9505872 26.4520975)",1415,5711385449,26.4520975,-81.9505872,1,,
"POINT (-81.9504724 26.4513376)",1416,5711385724,26.4513376,-81.9504724,3,,
"POINT (-81.9555687 26.4545232)",1417,5718333001,26.4545232,-81.9555687,3,,
"POINT (-81.9557688 26.4549684)",1418,5718333004,26.4549684,-81.9557688,1,,
"POINT (-81.9542766 26.4527041)",1419,5718333005,26.4527041,-81.9542766,1,,
"POINT (-81.9542698 26.4525582)",1420,5718333006,26.4525582,-81.9542698,3,,
"POINT (-81.9548154 26.4538417)",1421,5718333831,26.4538417,-81.9548154,1,,
"POINT (-81.9547121 26.4536308)",1422,5718333833,26.4536308,-81.9547121,3,,
"POINT (-81.95369 26.4563337)",1423,5718333850,26.4563337,-81.95369,1,,
"POINT (-81.9537511 26.4561937)",1424,5718333851,26.4561937,-81.9537511,3,,
"POINT (-81.9538906 26.4560817)",1425,5718333852,26.4560817,-81.9538906,3,,
"POINT (-81.9536306 26.4561409)",1426,5718333853,26.4561409,-81.9536306,1,,
"POINT (-81.9538258 26.4553904)",1427,5718333875,26.4553904,-81.9538258,3,,
"POINT (-81.953832 26.4558828)",1428,5718333878,26.4558828,-81.953832,3,,
"POINT (-81.953398 26.4525725)",1429,5718334121,26.4525725,-81.953398,1,,
"POINT (-81.953424 26.4522906)",1430,5718334122,26.4522906,-81.953424,3,,
"POINT (-81.9480385 26.4497965)",1431,5718334230,26.4497965,-81.9480385,1,,
"POINT (-81.9480386 26.4505382)",1432,5718334231,26.4505382,-81.9480386,3,,
"POINT (-81.9484915 26.4503472)",1433,5718334232,26.4503472,-81.9484915,3,,
"POINT (-81.9480385 26.4501975)",1434,5718334233,26.4501975,-81.9480385,3,,
"POINT (-81.9484942 26.4505228)",1435,5718334234,26.4505228,-81.9484942,3,,
"POINT (-81.9480386 26.4503786)",1436,5718334235,26.4503786,-81.9480386,3,,
"POINT (-81.9480386 26.4502989)",1437,5718334236,26.4502989,-81.9480386,3,,
"POINT (-81.9476785 26.450295)",1438,5718334237,26.450295,-81.9476785,2,,
"POINT (-81.9476039 26.4503822)",1439,5718334238,26.4503822,-81.9476039,3,,
"POINT (-81.9458471 26.4489497)",1440,5718334374,26.4489497,-81.9458471,1,,
"POINT (-81.9458401 26.4497559)",1441,5718334376,26.4497559,-81.9458401,3,,
"POINT (-81.9464328 26.4492884)",1442,5718334399,26.4492884,-81.9464328,1,,
"POINT (-81.9460981 26.4492847)",1443,5718334400,26.4492847,-81.9460981,3,,
"POINT (-81.9403241 26.4488972)",1444,5720560890,26.4488972,-81.9403241,3,,
"POINT (-81.9401476 26.4488359)",1445,5720560893,26.4488359,-81.9401476,3,,
"POINT (-81.9488979 26.4508312)",1446,5720786974,26.4508312,-81.9488979,3,,
"POINT (-81.9489236 26.4521651)",1447,5720786975,26.4521651,-81.9489236,3,,
"POINT (-81.9494978 26.451023)",1448,5720786977,26.451023,-81.9494978,3,,
"POINT (-81.9495181 26.4527968)",1449,5720786978,26.4527968,-81.9495181,3,,
"POINT (-81.9496568 26.4527953)",1450,5720786980,26.4527953,-81.9496568,3,,
"POINT (-81.9494997 26.4511899)",1451,5720786982,26.4511899,-81.9494997,3,,
"POINT (-81.9489011 26.451001)",1452,5720786983,26.451001,-81.9489011,3,,
"POINT (-81.9496469 26.4522089)",1453,5720786984,26.4522089,-81.9496469,3,,
"POINT (-81.9495114 26.4522077)",1454,5720786985,26.4522077,-81.9495114,4,,
"POINT (-81.9546291 26.4544638)",1455,5720788145,26.4544638,-81.9546291,3,,
"POINT (-81.9548717 26.4540108)",1456,5720788146,26.4540108,-81.9548717,1,,
"POINT (-81.9550472 26.4557111)",1457,5720788151,26.4557111,-81.9550472,1,,
"POINT (-81.9549676 26.4558603)",1458,5720788154,26.4558603,-81.9549676,1,,
"POINT (-81.9556621 26.4560045)",1459,5720788156,26.4560045,-81.9556621,1,,
"POINT (-81.9553117 26.456644)",1460,5720788159,26.456644,-81.9553117,3,,
"POINT (-81.9545923 26.4563261)",1461,5720788160,26.4563261,-81.9545923,3,,
"POINT (-81.9550929 26.4559163)",1462,5720788161,26.4559163,-81.9550929,3,,
"POINT (-81.954822 26.4564276)",1463,5720788162,26.4564276,-81.954822,3,,
"POINT (-81.9569221 26.4572796)",1464,5720788163,26.4572796,-81.9569221,1,,
"POINT (-81.9554309 26.4564265)",1465,5720788165,26.4564265,-81.9554309,3,,
"POINT (-81.9565502 26.4569141)",1466,5720788166,26.4569141,-81.9565502,3,,
"POINT (-81.9558722 26.4566187)",1467,5720788167,26.4566187,-81.9558722,3,,
"POINT (-81.9556661 26.4569897)",1468,5720788168,26.4569897,-81.9556661,3,,
"POINT (-81.9551929 26.4560934)",1469,5720788169,26.4560934,-81.9551929,1,,
"POINT (-81.9549867 26.4565004)",1470,5720788170,26.4565004,-81.9549867,3,,
"POINT (-81.9553636 26.456162)",1471,5720788171,26.456162,-81.9553636,1,,
"POINT (-81.9551438 26.4565698)",1472,5720788172,26.4565698,-81.9551438,3,,
"POINT (-81.9496315 26.4514289)",1473,5721396194,26.4514289,-81.9496315,3,,
"POINT (-81.9503234 26.4519498)",1474,5721396195,26.4519498,-81.9503234,1,,
"POINT (-81.9496398 26.4517912)",1475,5721396197,26.4517912,-81.9496398,3,,
"POINT (-81.9497955 26.451814)",1476,5721396198,26.451814,-81.9497955,3,,
"POINT (-81.9496342 26.4515141)",1477,5721396202,26.4515141,-81.9496342,3,,
"POINT (-81.9482302 26.450608)",1478,5723054253,26.450608,-81.9482302,3,,
"POINT (-81.9485014 26.450991)",1479,5723054254,26.450991,-81.9485014,3,,
"POINT (-81.9473105 26.4509963)",1480,5723054281,26.4509963,-81.9473105,3,,
"POINT (-81.9473216 26.450282)",1481,5723054282,26.450282,-81.9473216,3,,
"POINT (-81.9468937 26.4503213)",1482,5723054283,26.4503213,-81.9468937,1,,
"POINT (-81.9473187 26.45047)",1483,5723054284,26.45047,-81.9473187,3,,
"POINT (-81.946785 26.4504306)",1484,5723054291,26.4504306,-81.946785,3,,
"POINT (-81.9464732 26.4499807)",1485,5723054293,26.4499807,-81.9464732,3,,
"POINT (-81.9386802 26.447823)",1486,5723414855,26.447823,-81.9386802,3,,
"POINT (-81.9397971 26.448016)",1487,5723414861,26.448016,-81.9397971,3,,
"POINT (-81.9441776 26.4494319)",1488,5723831225,26.4494319,-81.9441776,3,,
"POINT (-81.9441764 26.4497031)",1489,5723831226,26.4497031,-81.9441764,3,,
"POINT (-81.9426358 26.4486181)",1490,5723831239,26.4486181,-81.9426358,3,,
"POINT (-81.9421685 26.4497321)",1491,5723831244,26.4497321,-81.9421685,4,,
"POINT (-81.942169 26.4496325)",1492,5723831253,26.4496325,-81.942169,3,,
"POINT (-81.942171 26.4492671)",1493,5723831258,26.4492671,-81.942171,3,,
"POINT (-81.9432203 26.4498686)",1494,5723831268,26.4498686,-81.9432203,3,,
"POINT (-81.9433666 26.4491455)",1495,5723831270,26.4491455,-81.9433666,3,,
"POINT (-81.9421719 26.4490772)",1496,5723831291,26.4490772,-81.9421719,3,,
"POINT (-81.9414698 26.4490733)",1497,5723831292,26.4490733,-81.9414698,3,,
"POINT (-81.9417897 26.4490751)",1498,5723831293,26.4490751,-81.9417897,3,,
"POINT (-81.9418024 26.4483209)",1499,5723831294,26.4483209,-81.9418024,3,,
"POINT (-81.941993 26.4483892)",1500,5723831295,26.4483892,-81.941993,3,,
"POINT (-81.941992 26.4490762)",1501,5723831296,26.4490762,-81.941992,3,,
"POINT (-81.9419928 26.4485288)",1502,5723831297,26.4485288,-81.9419928,3,,
"POINT (-81.9418001 26.4484596)",1503,5723831298,26.4484596,-81.9418001,3,,
"POINT (-81.9417946 26.4487851)",1504,5723831299,26.4487851,-81.9417946,3,,
"POINT (-81.9414693 26.4487802)",1505,5723831300,26.4487802,-81.9414693,3,,
"POINT (-81.9412753 26.4481329)",1506,5723831313,26.4481329,-81.9412753,3,,
"POINT (-81.941469 26.4486018)",1507,5723831315,26.4486018,-81.941469,3,,
"POINT (-81.9423803 26.4476912)",1508,5725934655,26.4476912,-81.9423803,1,,
"POINT (-81.9423782 26.4485267)",1509,5725934656,26.4485267,-81.9423782,3,,
"POINT (-81.9429283 26.4478504)",1510,5725934717,26.4478504,-81.9429283,1,,
"POINT (-81.9429218 26.4481549)",1511,5725934718,26.4481549,-81.9429218,3,,
"POINT (-81.9425579 26.4483257)",1512,5725934719,26.4483257,-81.9425579,1,,
"POINT (-81.942379 26.4482407)",1513,5725934720,26.4482407,-81.942379,3,,
"POINT (-81.9426618 26.4481174)",1514,5725934721,26.4481174,-81.9426618,1,,
"POINT (-81.9423795 26.4480077)",1515,5725934722,26.4480077,-81.9423795,3,,
"POINT (-81.9426207 26.4478991)",1516,5725934723,26.4478991,-81.9426207,1,,
"POINT (-81.9423801 26.4478055)",1517,5725934724,26.4478055,-81.9423801,3,,
"POINT (-81.9420646 26.4484149)",1518,5725934732,26.4484149,-81.9420646,3,,
"POINT (-81.9420622 26.4476272)",1519,5725934733,26.4476272,-81.9420622,1,,
"POINT (-81.9423786 26.4483842)",1520,5725934734,26.4483842,-81.9423786,3,,
"POINT (-81.9418844 26.447892)",1521,5725934756,26.447892,-81.9418844,1,,
"POINT (-81.9418783 26.4483481)",1522,5725934757,26.4483481,-81.9418783,3,,
"POINT (-81.9414881 26.4478164)",1523,5725934760,26.4478164,-81.9414881,3,,
"POINT (-81.9416705 26.4482736)",1524,5725934761,26.4482736,-81.9416705,3,,
"POINT (-81.9412068 26.4473188)",1525,5725934807,26.4473188,-81.9412068,1,,
"POINT (-81.9414952 26.4474475)",1526,5725934809,26.4474475,-81.9414952,3,,
"POINT (-81.9413137 26.4473586)",1527,5725934811,26.4473586,-81.9413137,3,,
"POINT (-81.9369257 26.4460867)",1528,5726052993,26.4460867,-81.9369257,1,,
"POINT (-81.9354436 26.4470717)",1529,5726053015,26.4470717,-81.9354436,3,,
"POINT (-81.9414835 26.448071)",1530,5726231041,26.448071,-81.9414835,3,,
"POINT (-81.9411085 26.4480739)",1531,5726231043,26.4480739,-81.9411085,3,,
"POINT (-81.9408974 26.4479993)",1532,5736531739,26.4479993,-81.9408974,3,,
"POINT (-81.9410274 26.4476929)",1533,5736531742,26.4476929,-81.9410274,3,,
"POINT (-81.9410966 26.4474411)",1534,5736531787,26.4474411,-81.9410966,1,,
"POINT (-81.9404752 26.4478501)",1535,5736531789,26.4478501,-81.9404752,3,,
"POINT (-81.9405212 26.447749)",1536,5736531790,26.447749,-81.9405212,3,,
"POINT (-81.9407918 26.447962)",1537,5736531792,26.447962,-81.9407918,3,,
"POINT (-81.9400461 26.4472474)",1538,5736734525,26.4472474,-81.9400461,1,,
"POINT (-81.939661 26.4471072)",1539,5736734526,26.4471072,-81.939661,3,,
"POINT (-81.9397301 26.4469983)",1540,5736734597,26.4469983,-81.9397301,3,,
"POINT (-81.9389785 26.4467315)",1541,5736734599,26.4467315,-81.9389785,3,,
"POINT (-81.9395553 26.4469095)",1542,5736734601,26.4469095,-81.9395553,3,,
"POINT (-81.9391666 26.4467804)",1543,5736734603,26.4467804,-81.9391666,3,,
"POINT (-81.9388144 26.4466983)",1544,5736939798,26.4466983,-81.9388144,1,,
"POINT (-81.9389419 26.4470395)",1545,5736939799,26.4470395,-81.9389419,3,,
"POINT (-81.9386021 26.446418)",1546,5736939803,26.446418,-81.9386021,1,,
"POINT (-81.9375596 26.4460498)",1547,5736939822,26.4460498,-81.9375596,3,,
"POINT (-81.9377048 26.4461411)",1548,5736939831,26.4461411,-81.9377048,3,,
"POINT (-81.9376508 26.4456439)",1549,5736939915,26.4456439,-81.9376508,1,,
"POINT (-81.9374881 26.4460088)",1550,5736939916,26.4460088,-81.9374881,3,,
"POINT (-81.9349662 26.4453024)",1551,5737200754,26.4453024,-81.9349662,1,,
"POINT (-81.9352317 26.4448635)",1552,5737200755,26.4448635,-81.9352317,3,,
"POINT (-81.9342913 26.4453585)",1553,5737200776,26.4453585,-81.9342913,1,,
"POINT (-81.9341654 26.4452297)",1554,5737200777,26.4452297,-81.9341654,3,,
"POINT (-81.9344905 26.4456412)",1555,5737200778,26.4456412,-81.9344905,1,,
"POINT (-81.9337247 26.4456045)",1556,5737200782,26.4456045,-81.9337247,3,,
"POINT (-81.9301569 26.4423774)",1557,5737200848,26.4423774,-81.9301569,1,,
"POINT (-81.9299403 26.4433192)",1558,5737200853,26.4433192,-81.9299403,3,,
"POINT (-81.9300294 26.4434098)",1559,5737200855,26.4434098,-81.9300294,3,,
"POINT (-81.9299008 26.443279)",1560,5737200858,26.443279,-81.9299008,3,,
"POINT (-81.9306618 26.4429114)",1561,5737200859,26.4429114,-81.9306618,3,,
"POINT (-81.930563 26.4428119)",1562,5737200860,26.4428119,-81.930563,3,,
"POINT (-81.9284381 26.4418101)",1563,5741904809,26.4418101,-81.9284381,3,,
"POINT (-81.9284612 26.4411649)",1564,5741904810,26.4411649,-81.9284612,3,,
"POINT (-81.9285858 26.4416879)",1565,5741904811,26.4416879,-81.9285858,3,,
"POINT (-81.9282829 26.4413937)",1566,5741904812,26.4413937,-81.9282829,3,,
"POINT (-81.9281076 26.4420837)",1567,5741904813,26.4420837,-81.9281076,3,,
"POINT (-81.927516 26.4420253)",1568,5741904815,26.4420253,-81.927516,1,,
"POINT (-81.927665 26.4421485)",1569,5741904816,26.4421485,-81.927665,1,,
"POINT (-81.9279581 26.4419264)",1570,5741904817,26.4419264,-81.9279581,3,,
"POINT (-81.9279182 26.4418845)",1571,5741904818,26.4418845,-81.9279182,3,,
"POINT (-81.9283117 26.4416882)",1572,5741904921,26.4416882,-81.9283117,3,,
"POINT (-81.9386264 26.4479272)",1573,5742089175,26.4479272,-81.9386264,3,,
"POINT (-81.9382739 26.4477906)",1574,5742089177,26.4477906,-81.9382739,3,,
"POINT (-81.9385375 26.4471016)",1575,5742089180,26.4471016,-81.9385375,3,,
"POINT (-81.938863 26.4474688)",1576,5742089181,26.4474688,-81.938863,3,,
"POINT (-81.9384558 26.4472909)",1577,5742089182,26.4472909,-81.9384558,3,,
"POINT (-81.9384081 26.447507)",1578,5742089183,26.447507,-81.9384081,3,,
"POINT (-81.9378525 26.4473635)",1579,5742089184,26.4473635,-81.9378525,3,,
"POINT (-81.9382959 26.446866)",1580,5742089187,26.446866,-81.9382959,3,,
"POINT (-81.9378557 26.4469639)",1581,5742089188,26.4469639,-81.9378557,3,,
"POINT (-81.9382114 26.447048)",1582,5742089189,26.447048,-81.9382114,1,,
"POINT (-81.9381906 26.4469348)",1583,5742089190,26.4469348,-81.9381906,3,,
"POINT (-81.937979 26.4467607)",1584,5742089191,26.4467607,-81.937979,1,,
"POINT (-81.9380921 26.446968)",1585,5742089192,26.446968,-81.9380921,4,,
"POINT (-81.9378858 26.4466836)",1586,5742089201,26.4466836,-81.9378858,3,,
"POINT (-81.9378232 26.4464602)",1587,5742089204,26.4464602,-81.9378232,1,,
"POINT (-81.9348255 26.444396)",1588,5744360271,26.444396,-81.9348255,1,,
"POINT (-81.9347102 26.4445985)",1589,5744360272,26.4445985,-81.9347102,3,,
"POINT (-81.9347213 26.4443437)",1590,5744360273,26.4443437,-81.9347213,1,,
"POINT (-81.9346032 26.4445441)",1591,5744360274,26.4445441,-81.9346032,3,,
"POINT (-81.9347907 26.4444572)",1592,5744360275,26.4444572,-81.9347907,3,,
"POINT (-81.9346864 26.444403)",1593,5744360276,26.444403,-81.9346864,3,,
"POINT (-81.9207585 26.4375154)",1594,5749721191,26.4375154,-81.9207585,2,,
"POINT (-81.9207705 26.4376842)",1595,5749721192,26.4376842,-81.9207705,2,,
"POINT (-81.920351 26.4376798)",1596,5749721199,26.4376798,-81.920351,1,,
"POINT (-81.9207805 26.4378257)",1597,5749721200,26.4378257,-81.9207805,3,,
"POINT (-81.9202684 26.4378754)",1598,5749721201,26.4378754,-81.9202684,1,,
"POINT (-81.9207958 26.4380421)",1599,5749721202,26.4380421,-81.9207958,3,,
"POINT (-81.9203745 26.4379089)",1600,5749721204,26.4379089,-81.9203745,3,,
"POINT (-81.9206843 26.4386382)",1601,5749721205,26.4386382,-81.9206843,3,,
"POINT (-81.9202913 26.4381196)",1602,5749721206,26.4381196,-81.9202913,3,,
"POINT (-81.921232 26.4387263)",1603,5749721207,26.4387263,-81.921232,1,,
"POINT (-81.920713 26.4385598)",1604,5749721208,26.4385598,-81.920713,3,,
"POINT (-81.9206471 26.4387466)",1605,5749721210,26.4387466,-81.9206471,3,,
"POINT (-81.9213029 26.4395654)",1606,5749721213,26.4395654,-81.9213029,1,,
"POINT (-81.9213014 26.4393864)",1607,5749721214,26.4393864,-81.9213014,1,,
"POINT (-81.9209959 26.4393969)",1608,5749721215,26.4393969,-81.9209959,3,,
"POINT (-81.9211182 26.4391091)",1609,5749721216,26.4391091,-81.9211182,3,,
"POINT (-81.9206049 26.4389354)",1610,5749721217,26.4389354,-81.9206049,3,,
"POINT (-81.9216677 26.437124)",1611,5750060793,26.437124,-81.9216677,1,,
"POINT (-81.9212521 26.4368297)",1612,5750060794,26.4368297,-81.9212521,1,,
"POINT (-81.9214956 26.4370022)",1613,5750060795,26.4370022,-81.9214956,3,,
"POINT (-81.9204591 26.4353837)",1614,5750312022,26.4353837,-81.9204591,1,,
"POINT (-81.9208094 26.4359485)",1615,5750312025,26.4359485,-81.9208094,3,,
"POINT (-81.9206899 26.4360758)",1616,5750312029,26.4360758,-81.9206899,3,,
"POINT (-81.9197471 26.4350967)",1617,5750312038,26.4350967,-81.9197471,1,,
"POINT (-81.9195617 26.4349597)",1618,5750312040,26.4349597,-81.9195617,1,,
"POINT (-81.9178354 26.4337846)",1619,5750312070,26.4337846,-81.9178354,1,,
"POINT (-81.9194093 26.4348381)",1620,5750312082,26.4348381,-81.9194093,1,,
"POINT (-81.9192441 26.4347205)",1621,5750312084,26.4347205,-81.9192441,1,,
"POINT (-81.9188539 26.4345246)",1622,5750312125,26.4345246,-81.9188539,1,,
"POINT (-81.918438 26.4342263)",1623,5750312127,26.4342263,-81.918438,1,,
"POINT (-81.9183278 26.4343551)",1624,5750312129,26.4343551,-81.9183278,3,,
"POINT (-81.9187342 26.4346576)",1625,5750312130,26.4346576,-81.9187342,3,,
"POINT (-81.9187075 26.4343917)",1626,5750312131,26.4343917,-81.9187075,1,,
"POINT (-81.9185773 26.4345409)",1627,5750312132,26.4345409,-81.9185773,3,,
"POINT (-81.9185829 26.4343009)",1628,5750312133,26.4343009,-81.9185829,1,,
"POINT (-81.9184544 26.4344494)",1629,5750312134,26.4344494,-81.9184544,3,,
"POINT (-81.9197939 26.4353224)",1630,5750312172,26.4353224,-81.9197939,3,,
"POINT (-81.9199966 26.4352776)",1631,5750312187,26.4352776,-81.9199966,1,,
"POINT (-81.9198938 26.4352904)",1632,5750312190,26.4352904,-81.9198938,3,,
"POINT (-81.9198908 26.4351991)",1633,5750312191,26.4351991,-81.9198908,1,,
"POINT (-81.9198619 26.4352407)",1634,5750312192,26.4352407,-81.9198619,3,,
"POINT (-81.9198963 26.4353756)",1635,5750312193,26.4353756,-81.9198963,1,,
"POINT (-81.9198708 26.4353282)",1636,5750312194,26.4353282,-81.9198708,3,,
"POINT (-81.92243 26.437118)",1637,5751752805,26.437118,-81.92243,1,,
"POINT (-81.9225919 26.4372345)",1638,5751752808,26.4372345,-81.9225919,1,,
"POINT (-81.9512536 26.4519238)",1639,5762966146,26.4519238,-81.9512536,3,,
"POINT (-81.9343091 26.4443947)",1640,5771851549,26.4443947,-81.9343091,3,,
"POINT (-81.9342262 26.4443526)",1641,5771851552,26.4443526,-81.9342262,3,,
"POINT (-81.9339826 26.4442289)",1642,5771853753,26.4442289,-81.9339826,3,,
"POINT (-81.9342477 26.4440958)",1643,5771853756,26.4440958,-81.9342477,1,,
"POINT (-81.932863 26.4433432)",1644,5773169805,26.4433432,-81.932863,1,,
"POINT (-81.9327271 26.4435495)",1645,5773169806,26.4435495,-81.9327271,3,,
"POINT (-81.932952 26.4436751)",1646,5773169807,26.4436751,-81.932952,3,,
"POINT (-81.9330616 26.4435121)",1647,5773169808,26.4435121,-81.9330616,1,,
"POINT (-81.9333224 26.44364)",1648,5773169849,26.44364,-81.9333224,1,,
"POINT (-81.9332082 26.4438184)",1649,5773169850,26.4438184,-81.9332082,3,,
"POINT (-81.9317941 26.4428508)",1650,5773170174,26.4428508,-81.9317941,1,,
"POINT (-81.9317064 26.442981)",1651,5773170175,26.442981,-81.9317064,3,,
"POINT (-81.9307826 26.4422577)",1652,5773170245,26.4422577,-81.9307826,1,,
"POINT (-81.9306421 26.4423959)",1653,5773170246,26.4423959,-81.9306421,3,,
"POINT (-81.9306307 26.4421068)",1654,5773170257,26.4421068,-81.9306307,1,,
"POINT (-81.9304714 26.4422975)",1655,5773170258,26.4422975,-81.9304714,3,,
"POINT (-81.9278457 26.4408197)",1656,5773679869,26.4408197,-81.9278457,3,,
"POINT (-81.9279547 26.4406073)",1657,5773679872,26.4406073,-81.9279547,1,,
"POINT (-81.9253972 26.4391981)",1658,5781895511,26.4391981,-81.9253972,1,,
"POINT (-81.9252305 26.4393363)",1659,5781895512,26.4393363,-81.9252305,3,,
"POINT (-81.9250547 26.4390097)",1660,5781895525,26.4390097,-81.9250547,1,,
"POINT (-81.9248847 26.4391402)",1661,5781895526,26.4391402,-81.9248847,3,,
"POINT (-81.9234231 26.437806)",1662,5781896147,26.437806,-81.9234231,1,,
"POINT (-81.9232658 26.4377154)",1663,5781896274,26.4377154,-81.9232658,1,,
"POINT (-81.9232513 26.4374052)",1664,5781896276,26.4374052,-81.9232513,1,,
"POINT (-81.922977 26.4375129)",1665,5781896279,26.4375129,-81.922977,3,,
"POINT (-81.9227883 26.4374866)",1666,5781896317,26.4374866,-81.9227883,1,,
"POINT (-81.9229076 26.4375759)",1667,5781896318,26.4375759,-81.9229076,3,,
"POINT (-81.9229576 26.4373386)",1668,5781896319,26.4373386,-81.9229576,1,,
"POINT (-81.9230674 26.4374329)",1669,5781896320,26.4374329,-81.9230674,3,,
"POINT (-81.9208656 26.4362586)",1670,5783014081,26.4362586,-81.9208656,3,,
"POINT (-81.9334956 26.4445234)",1671,5796085242,26.4445234,-81.9334956,1,,
"POINT (-81.933783 26.4446813)",1672,5796085243,26.4446813,-81.933783,3,,
"POINT (-81.9332241 26.4438273)",1673,5796086067,26.4438273,-81.9332241,3,,
"POINT (-81.9329268 26.443661)",1674,5796086069,26.443661,-81.9329268,3,,
"POINT (-81.9329941 26.4438721)",1675,5796086070,26.4438721,-81.9329941,3,,
"POINT (-81.9330621 26.4437367)",1676,5796086071,26.4437367,-81.9330621,3,,
"POINT (-81.9325954 26.4441121)",1677,5796086092,26.4441121,-81.9325954,1,,
"POINT (-81.9324869 26.4440548)",1678,5796086093,26.4440548,-81.9324869,3,,
"POINT (-81.9410709 26.4482987)",1679,5796555508,26.4482987,-81.9410709,1,,
"POINT (-81.9411535 26.4480898)",1680,5796555509,26.4480898,-81.9411535,3,,
"POINT (-81.9406622 26.4483163)",1681,5796555513,26.4483163,-81.9406622,1,,
"POINT (-81.9408078 26.4479676)",1682,5796555514,26.4479676,-81.9408078,3,,
"POINT (-81.9403423 26.4481123)",1683,5796555521,26.4481123,-81.9403423,1,,
"POINT (-81.9404499 26.4478412)",1684,5796555522,26.4478412,-81.9404499,3,,
"POINT (-81.9404997 26.4480288)",1685,5796555523,26.4480288,-81.9404997,1,,
"POINT (-81.9405559 26.4478787)",1686,5796555524,26.4478787,-81.9405559,3,,
"POINT (-81.940193 26.4480398)",1687,5796555528,26.4480398,-81.940193,1,,
"POINT (-81.9402994 26.4477879)",1688,5796555529,26.4477879,-81.9402994,3,,
"POINT (-81.9176844 26.4347323)",1689,5808110343,26.4347323,-81.9176844,3,,
"POINT (-81.9179569 26.4344169)",1690,5808110344,26.4344169,-81.9179569,3,,
"POINT (-81.9175469 26.4347374)",1691,5808110345,26.4347374,-81.9175469,1,,
"POINT (-81.9176693 26.4346718)",1692,5808110347,26.4346718,-81.9176693,3,,
"POINT (-81.9189454 26.4352149)",1693,5808110364,26.4352149,-81.9189454,1,,
"POINT (-81.9190208 26.435343)",1694,5808110407,26.435343,-81.9190208,1,,
"POINT (-81.9190673 26.4352887)",1695,5808110409,26.4352887,-81.9190673,3,,
"POINT (-81.9196616 26.4357306)",1696,5812474103,26.4357306,-81.9196616,1,,
"POINT (-81.9191408 26.4344957)",1697,5812474291,26.4344957,-81.9191408,1,,
"POINT (-81.9222252 26.4375949)",1698,5814968578,26.4375949,-81.9222252,1,,
"POINT (-81.9226651 26.438167)",1699,5814968628,26.438167,-81.9226651,1,,
"POINT (-81.9230365 26.4381515)",1700,5814969780,26.4381515,-81.9230365,1,,
"POINT (-81.9237777 26.4387286)",1701,5815189980,26.4387286,-81.9237777,1,,
"POINT (-81.9239303 26.4388337)",1702,5815189981,26.4388337,-81.9239303,3,,
"POINT (-81.9255348 26.439698)",1703,5816002623,26.439698,-81.9255348,1,,
"POINT (-81.9256281 26.4395619)",1704,5816002624,26.4395619,-81.9256281,3,,
"POINT (-81.9259708 26.4399996)",1705,5816002664,26.4399996,-81.9259708,1,,
"POINT (-81.9258893 26.4399175)",1706,5816002665,26.4399175,-81.9258893,3,,
"POINT (-81.9313048 26.4427655)",1707,5816060990,26.4427655,-81.9313048,3,,
"POINT (-81.9314065 26.4428194)",1708,5816061000,26.4428194,-81.9314065,3,,
"POINT (-81.9324175 26.4436048)",1709,5816061047,26.4436048,-81.9324175,1,,
"POINT (-81.9325336 26.4434413)",1710,5816061048,26.4434413,-81.9325336,3,,
"POINT (-81.9325762 26.4436557)",1711,5816061873,26.4436557,-81.9325762,1,,
"POINT (-81.9326618 26.443513)",1712,5816061874,26.443513,-81.9326618,3,,
"POINT (-81.9333749 26.4441603)",1713,5816061892,26.4441603,-81.9333749,3,,
"POINT (-81.9333068 26.4442206)",1714,5816061899,26.4442206,-81.9333068,3,,
"POINT (-81.9340395 26.4445672)",1715,5816061905,26.4445672,-81.9340395,1,,
"POINT (-81.9339762 26.444503)",1716,5816061906,26.444503,-81.9339762,3,,
"POINT (-81.9341135 26.4445235)",1717,5816061907,26.4445235,-81.9341135,1,,
"POINT (-81.9340285 26.4444524)",1718,5816061908,26.4444524,-81.9340285,3,,
"POINT (-81.9342828 26.4447403)",1719,5816061943,26.4447403,-81.9342828,1,,
"POINT (-81.9345017 26.4444925)",1720,5816061944,26.4444925,-81.9345017,3,,
"POINT (-81.9346956 26.4445911)",1721,5816062157,26.4445911,-81.9346956,3,,
"POINT (-81.9346402 26.4448302)",1722,5816062160,26.4448302,-81.9346402,3,,
"POINT (-81.9186214 26.4352142)",1723,5820587879,26.4352142,-81.9186214,1,,
"POINT (-81.9194185 26.4357185)",1724,5820587893,26.4357185,-81.9194185,1,,
"POINT (-81.9193278 26.4356619)",1725,5820587894,26.4356619,-81.9193278,3,,
"POINT (-81.9343432 26.4445614)",1726,5821266167,26.4445614,-81.9343432,1,,
"POINT (-81.9344212 26.4444516)",1727,5821266168,26.4444516,-81.9344212,3,,
"POINT (-81.9375508 26.4461844)",1728,5821266202,26.4461844,-81.9375508,1,,
"POINT (-81.9504458 26.4514039)",1729,5821266364,26.4514039,-81.9504458,1,,
"POINT (-81.9517522 26.4517508)",1730,5821266383,26.4517508,-81.9517522,3,,
"POINT (-81.9584249 26.4554302)",1731,5832108727,26.4554302,-81.9584249,1,,
"POINT (-81.9585753 26.4552096)",1732,5832108728,26.4552096,-81.9585753,3,,
"POINT (-81.9588753 26.4557496)",1733,5832108737,26.4557496,-81.9588753,1,,
"POINT (-81.9590526 26.4555119)",1734,5832108738,26.4555119,-81.9590526,3,,
"POINT (-81.960618 26.4572306)",1735,5832108826,26.4572306,-81.960618,1,,
"POINT (-81.9608653 26.4570402)",1736,5832108827,26.4570402,-81.9608653,3,,
"POINT (-81.9607744 26.4571102)",1737,5832108828,26.4571102,-81.9607744,3,,
"POINT (-81.9608975 26.4572394)",1738,5832108829,26.4572394,-81.9608975,1,,
"POINT (-81.9612364 26.4576377)",1739,5832836525,26.4576377,-81.9612364,1,,
"POINT (-81.96136 26.4575359)",1740,5832836526,26.4575359,-81.96136,3,,
"POINT (-81.9613178 26.4581109)",1741,5832836541,26.4581109,-81.9613178,1,,
"POINT (-81.9616643 26.4578388)",1742,5832836542,26.4578388,-81.9616643,3,,
"POINT (-81.9621696 26.4585724)",1743,5832838303,26.4585724,-81.9621696,1,,
"POINT (-81.9622653 26.4584365)",1744,5832838305,26.4584365,-81.9622653,3,,
"POINT (-81.9623194 26.4586856)",1745,5832838307,26.4586856,-81.9623194,1,,
"POINT (-81.9623153 26.4588801)",1746,5832838308,26.4588801,-81.9623153,1,,
"POINT (-81.9623635 26.4587317)",1747,5832838309,26.4587317,-81.9623635,3,,
"POINT (-81.96247 26.4586387)",1748,5832838310,26.4586387,-81.96247,3,,
"POINT (-81.9621822 26.459169)",1749,5832838311,26.459169,-81.9621822,1,,
"POINT (-81.9625747 26.4587422)",1750,5832838313,26.4587422,-81.9625747,3,,
"POINT (-81.9624914 26.4590716)",1751,5832838314,26.4590716,-81.9624914,1,,
"POINT (-81.962688 26.4588541)",1752,5832838316,26.4588541,-81.962688,3,,
"POINT (-81.9625547 26.4591742)",1753,5832838317,26.4591742,-81.9625547,1,,
"POINT (-81.9628012 26.458966)",1754,5832838318,26.458966,-81.9628012,3,,
"POINT (-81.9626674 26.4592656)",1755,5832838319,26.4592656,-81.9626674,1,,
"POINT (-81.962903 26.4590665)",1756,5832838320,26.4590665,-81.962903,3,,
"POINT (-81.9628155 26.459427)",1757,5832838321,26.459427,-81.9628155,1,,
"POINT (-81.9630692 26.4592303)",1758,5832838322,26.4592303,-81.9630692,3,,
"POINT (-81.9629958 26.4596287)",1759,5832838323,26.4596287,-81.9629958,1,,
"POINT (-81.9632633 26.459421)",1760,5832838324,26.459421,-81.9632633,3,,
"POINT (-81.9634268 26.4599229)",1761,5832838327,26.4599229,-81.9634268,1,,
"POINT (-81.9636078 26.4597595)",1762,5832838328,26.4597595,-81.9636078,3,,
"POINT (-81.9635672 26.4600235)",1763,5832838329,26.4600235,-81.9635672,1,,
"POINT (-81.9637249 26.4598745)",1764,5832838330,26.4598745,-81.9637249,3,,
"POINT (-81.9639314 26.4602947)",1765,5832838335,26.4602947,-81.9639314,1,,
"POINT (-81.9640434 26.460201)",1766,5832838336,26.460201,-81.9640434,3,,
"POINT (-81.9655518 26.4619965)",1767,5832838444,26.4619965,-81.9655518,1,,
"POINT (-81.9657164 26.4618855)",1768,5832838445,26.4618855,-81.9657164,3,,
"POINT (-81.9612352 26.4566041)",1769,5833573693,26.4566041,-81.9612352,1,,
"POINT (-81.9612128 26.4567114)",1770,5833573695,26.4567114,-81.9612128,3,,
"POINT (-81.9614861 26.4568602)",1771,5833573696,26.4568602,-81.9614861,1,,
"POINT (-81.9614182 26.456915)",1772,5833573698,26.456915,-81.9614182,3,,
"POINT (-81.9608271 26.4570017)",1773,5833573700,26.4570017,-81.9608271,3,,
"POINT (-81.9609843 26.4568834)",1774,5833573701,26.4568834,-81.9609843,3,,
"POINT (-81.9610828 26.4569812)",1775,5833573702,26.4569812,-81.9610828,3,,
"POINT (-81.9613118 26.4568095)",1776,5833573703,26.4568095,-81.9613118,3,,
"POINT (-81.9595375 26.4550972)",1777,5833573708,26.4550972,-81.9595375,1,,
"POINT (-81.9592703 26.4556454)",1778,5833573709,26.4556454,-81.9592703,3,,
"POINT (-81.9593223 26.4549764)",1779,5833573710,26.4549764,-81.9593223,1,,
"POINT (-81.9590665 26.4555207)",1780,5833573712,26.4555207,-81.9590665,3,,
"POINT (-81.9591079 26.4549764)",1781,5833573713,26.4549764,-81.9591079,1,,
"POINT (-81.9588489 26.4553829)",1782,5833573715,26.4553829,-81.9588489,3,,
"POINT (-81.9587967 26.4553498)",1783,5834339115,26.4553498,-81.9587967,3,,
"POINT (-81.958634 26.4555507)",1784,5834339118,26.4555507,-81.958634,1,,
"POINT (-81.9543753 26.4609871)",1785,6304037611,26.4609871,-81.9543753,1,,
"POINT (-81.9538007 26.4609998)",1786,6304037612,26.4609998,-81.9538007,3,,
"POINT (-81.9507646 26.4613306)",1787,6986981811,26.4613306,-81.9507646,3,,
"POINT (-81.9507345 26.4602598)",1788,6986981812,26.4602598,-81.9507345,1,,
"POINT (-81.9435293 26.4580224)",1789,7011867618,26.4580224,-81.9435293,4,,
"POINT (-81.9426865 26.4578836)",1790,7011867622,26.4578836,-81.9426865,3,,
"POINT (-81.9426927 26.4580302)",1791,7011867623,26.4580302,-81.9426927,3,,
"POINT (-81.9435173 26.4576616)",1792,7011867624,26.4576616,-81.9435173,3,,
"POINT (-81.9433247 26.457668)",1793,7011867625,26.457668,-81.9433247,4,,
"POINT (-81.9509051 26.4634232)",1794,7013330618,26.4634232,-81.9509051,3,,
"POINT (-81.9502169 26.4631828)",1795,7013330622,26.4631828,-81.9502169,1,,
"POINT (-81.9509903 26.4631005)",1796,7013330623,26.4631005,-81.9509903,3,,
"POINT (-81.9510994 26.4627042)",1797,7013330628,26.4627042,-81.9510994,3,,
"POINT (-81.9510386 26.462925)",1798,7013330629,26.462925,-81.9510386,3,,
"POINT (-81.9506425 26.4628269)",1799,7013330631,26.4628269,-81.9506425,3,,
"POINT (-81.9583028 26.4562311)",1800,7013821668,26.4562311,-81.9583028,1,,
"POINT (-81.9584095 26.4574911)",1801,7013821670,26.4574911,-81.9584095,1,,
"POINT (-81.9588334 26.457179)",1802,7013821671,26.457179,-81.9588334,3,,
"POINT (-81.9586042 26.4576114)",1803,7013821672,26.4576114,-81.9586042,1,,
"POINT (-81.9582045 26.4574501)",1804,7013821675,26.4574501,-81.9582045,1,,
"POINT (-81.9590926 26.4573249)",1805,7013821676,26.4573249,-81.9590926,3,,
"POINT (-81.9588573 26.4576799)",1806,7013821678,26.4576799,-81.9588573,1,,
"POINT (-81.950985 26.4673477)",1807,7013841585,26.4673477,-81.950985,3,,
"POINT (-81.9504183 26.4669606)",1808,7013841588,26.4669606,-81.9504183,1,,
"POINT (-81.9504499 26.4612594)",1809,7013893152,26.4612594,-81.9504499,3,,
"POINT (-81.95431 26.4659168)",1810,7016483559,26.4659168,-81.95431,1,,
"POINT (-81.9545614 26.4655723)",1811,7016483561,26.4655723,-81.9545614,3,,
"POINT (-81.9596588 26.4574476)",1812,7058941297,26.4574476,-81.9596588,3,,
"POINT (-81.9513813 26.46147)",1813,7083524141,26.46147,-81.9513813,3,,
"POINT (-81.9511218 26.4603527)",1814,7083524144,26.4603527,-81.9511218,1,,
"POINT (-81.9580679 26.45625)",1815,7113967646,26.45625,-81.9580679,1,,
"POINT (-81.95782 26.4567004)",1816,7113967648,26.4567004,-81.95782,1,,
"POINT (-81.9576133 26.4571719)",1817,7113967651,26.4571719,-81.9576133,1,,
"POINT (-81.9509521 26.4649863)",1818,7116525259,26.4649863,-81.9509521,3,,
"POINT (-81.9508415 26.4650792)",1819,7116525260,26.4650792,-81.9508415,3,,
"POINT (-81.949876 26.4644991)",1820,7116525265,26.4644991,-81.949876,1,,
"POINT (-81.9512537 26.4654134)",1821,7116525267,26.4654134,-81.9512537,1,,
"POINT (-81.9546782 26.4638876)",1822,7132571085,26.4638876,-81.9546782,1,turning_loop,
"POINT (-81.9541324 26.4638597)",1823,7132571086,26.4638597,-81.9541324,3,,
"POINT (-81.9546811 26.4636872)",1824,7132571094,26.4636872,-81.9546811,1,,
"POINT (-81.9546928 26.464486)",1825,7132571095,26.464486,-81.9546928,3,,
"POINT (-81.9550979 26.464268)",1826,7132571097,26.464268,-81.9550979,1,,
"POINT (-81.9286463 26.443782)",1827,7155506180,26.443782,-81.9286463,1,,
"POINT (-81.9292285 26.4440897)",1828,7155533385,26.4440897,-81.9292285,3,,
"POINT (-81.9668684 26.4622402)",1829,7189946869,26.4622402,-81.9668684,1,,
"POINT (-81.957903 26.4563828)",1830,7225845900,26.4563828,-81.957903,1,,
"POINT (-81.95972 26.4570096)",1831,7225845902,26.4570096,-81.95972,1,,
"POINT (-81.9593084 26.4574464)",1832,7225845904,26.4574464,-81.9593084,3,,
"POINT (-81.9545023 26.4556586)",1833,7248969646,26.4556586,-81.9545023,3,,
"POINT (-81.9549751 26.4552494)",1834,7248969651,26.4552494,-81.9549751,3,,
"POINT (-81.9444966 26.4584805)",1835,7249086631,26.4584805,-81.9444966,3,,
"POINT (-81.9437393 26.458094)",1836,7249086637,26.458094,-81.9437393,3,,
"POINT (-81.9541943 26.4643197)",1837,7249222043,26.4643197,-81.9541943,3,,
"POINT (-81.9542177 26.4642748)",1838,7249222044,26.4642748,-81.9542177,4,,
"POINT (-81.9548036 26.4640096)",1839,7249222046,26.4640096,-81.9548036,1,,
"POINT (-81.950678 26.461311)",1840,7328205632,26.461311,-81.950678,3,,
"POINT (-81.9506153 26.4621847)",1841,7328205635,26.4621847,-81.9506153,3,,
"POINT (-81.9506656 26.4614638)",1842,7328205643,26.4614638,-81.9506656,3,,
"POINT (-81.9283704 26.4448038)",1843,7348791469,26.4448038,-81.9283704,3,,
"POINT (-81.9285025 26.4446936)",1844,7348791478,26.4446936,-81.9285025,3,,
"POINT (-81.9434781 26.4586878)",1845,7436086220,26.4586878,-81.9434781,1,,
"POINT (-81.951387 26.4657576)",1846,7456537825,26.4657576,-81.951387,3,,
"POINT (-81.9511869 26.465722)",1847,7456537826,26.465722,-81.9511869,3,,
"POINT (-81.955361 26.4667763)",1848,7506129661,26.4667763,-81.955361,1,,
"POINT (-81.9450895 26.4588336)",1849,7543696303,26.4588336,-81.9450895,5,,
"POINT (-81.9439548 26.4574714)",1850,7565677414,26.4574714,-81.9439548,3,,
"POINT (-81.944137 26.4574665)",1851,7565677417,26.4574665,-81.944137,3,,
"POINT (-81.9443393 26.4574611)",1852,7565677419,26.4574611,-81.9443393,3,,
"POINT (-81.9453708 26.458288)",1853,7565677420,26.458288,-81.9453708,3,,
"POINT (-81.9448046 26.4581075)",1854,7565677421,26.4581075,-81.9448046,1,,
"POINT (-81.9454646 26.4580713)",1855,7565677422,26.4580713,-81.9454646,3,,
"POINT (-81.9447905 26.45785)",1856,7565677423,26.45785,-81.9447905,1,,
"POINT (-81.9441493 26.4579851)",1857,7565677424,26.4579851,-81.9441493,3,,
"POINT (-81.9517379 26.4644584)",1858,7568532381,26.4644584,-81.9517379,3,,
"POINT (-81.9514842 26.4643909)",1859,7568532382,26.4643909,-81.9514842,3,,
"POINT (-81.9514394 26.4645335)",1860,7568532384,26.4645335,-81.9514394,1,,
"POINT (-81.9517688 26.4633249)",1861,7568548885,26.4633249,-81.9517688,1,,
"POINT (-81.9517146 26.4635326)",1862,7568548886,26.4635326,-81.9517146,3,,
"POINT (-81.9519783 26.4635833)",1863,7568548887,26.4635833,-81.9519783,4,,
"POINT (-81.9529767 26.4590894)",1864,7592286880,26.4590894,-81.9529767,3,,
"POINT (-81.9524657 26.459146)",1865,7592286884,26.459146,-81.9524657,3,,
"POINT (-81.9530646 26.4592857)",1866,7592299587,26.4592857,-81.9530646,3,,
"POINT (-81.9475246 26.4598943)",1867,7927797312,26.4598943,-81.9475246,1,,
"POINT (-81.947272 26.4596554)",1868,7927797317,26.4596554,-81.947272,3,,
"POINT (-81.9472696 26.459804)",1869,7927797318,26.459804,-81.9472696,3,,
"POINT (-81.9469227 26.4586159)",1870,7927797324,26.4586159,-81.9469227,3,,
"POINT (-81.9593785 26.4580427)",1871,7938792247,26.4580427,-81.9593785,1,,
"POINT (-81.9275897 26.4454468)",1872,8110846039,26.4454468,-81.9275897,3,,
"POINT (-81.9520629 26.4555762)",1873,8192978029,26.4555762,-81.9520629,1,,
"POINT (-81.9538777 26.4587104)",1874,8278573202,26.4587104,-81.9538777,3,,
"POINT (-81.9536133 26.4593705)",1875,8278573206,26.4593705,-81.9536133,1,,
"POINT (-81.9519115 26.4638266)",1876,8281228431,26.4638266,-81.9519115,3,,
"POINT (-81.9521305 26.4638725)",1877,8281228432,26.4638725,-81.9521305,3,,
"POINT (-81.9528106 26.4641339)",1878,8281228435,26.4641339,-81.9528106,2,,
"POINT (-81.9528373 26.4640338)",1879,8281228436,26.4640338,-81.9528373,3,,
"POINT (-81.9525276 26.4639627)",1880,8281228437,26.4639627,-81.9525276,3,,
"POINT (-81.9524907 26.4640731)",1881,8281228438,26.4640731,-81.9524907,3,,
"POINT (-81.9530487 26.4638365)",1882,8281228439,26.4638365,-81.9530487,3,,
"POINT (-81.9528961 26.4637966)",1883,8281228441,26.4637966,-81.9528961,3,,
"POINT (-81.9528218 26.4640918)",1884,8281228442,26.4640918,-81.9528218,3,,
"POINT (-81.9529736 26.4641215)",1885,8281228443,26.4641215,-81.9529736,3,,
"POINT (-81.9509572 26.4647536)",1886,8281228444,26.4647536,-81.9509572,3,,
"POINT (-81.9508698 26.4640348)",1887,8281228448,26.4640348,-81.9508698,3,,
"POINT (-81.9507363 26.463989)",1888,8281228449,26.463989,-81.9507363,3,,
"POINT (-81.9508776 26.4635349)",1889,8281228450,26.4635349,-81.9508776,3,,
"POINT (-81.9515542 26.46413)",1890,8281228453,26.46413,-81.9515542,3,,
"POINT (-81.9512133 26.4640526)",1891,8281228454,26.4640526,-81.9512133,4,,
"POINT (-81.9509146 26.463988)",1892,8281228455,26.463988,-81.9509146,3,,
"POINT (-81.951033 26.4635739)",1893,8281228456,26.4635739,-81.951033,3,,
"POINT (-81.9508193 26.4641848)",1894,8281228457,26.4641848,-81.9508193,2,,
"POINT (-81.9509858 26.4677513)",1895,8288856664,26.4677513,-81.9509858,3,,
"POINT (-81.950989 26.4673023)",1896,8288856670,26.4673023,-81.950989,3,,
"POINT (-81.9295946 26.4437789)",1897,8289061909,26.4437789,-81.9295946,3,,
"POINT (-81.9291782 26.443492)",1898,8289061914,26.443492,-81.9291782,1,,
"POINT (-81.9455723 26.4578222)",1899,8289187852,26.4578222,-81.9455723,3,,
"POINT (-81.9455041 26.4535694)",1900,8292117455,26.4535694,-81.9455041,3,,
"POINT (-81.9457525 26.4537643)",1901,8292117458,26.4537643,-81.9457525,1,,
"POINT (-81.9505167 26.4602811)",1902,8292161645,26.4602811,-81.9505167,1,,
"POINT (-81.952256 26.4625723)",1903,8406747606,26.4625723,-81.952256,3,,
"POINT (-81.9528106 26.4627047)",1904,8406747607,26.4627047,-81.9528106,1,,
"POINT (-81.9458272 26.454061)",1905,8411625776,26.454061,-81.9458272,1,,
"POINT (-81.9476475 26.4594659)",1906,8704194476,26.4594659,-81.9476475,3,,
"POINT (-81.9474325 26.4594669)",1907,8704194477,26.4594669,-81.9474325,3,,
"POINT (-81.9343098 26.4451082)",1908,8776543597,26.4451082,-81.9343098,3,,
"POINT (-81.9340826 26.4449316)",1909,8776543600,26.4449316,-81.9340826,1,,
"POINT (-81.9322148 26.4469375)",1910,8776543601,26.4469375,-81.9322148,3,,
"POINT (-81.9318787 26.4473925)",1911,8776543607,26.4473925,-81.9318787,1,,
"POINT (-81.9590043 26.4567031)",1912,8793154921,26.4567031,-81.9590043,3,,
"POINT (-81.9592924 26.4569275)",1913,8793154923,26.4569275,-81.9592924,1,,
"POINT (-81.9518032 26.4642206)",1914,8793196277,26.4642206,-81.9518032,3,,
"POINT (-81.9522869 26.4645771)",1915,8793196282,26.4645771,-81.9522869,3,,
"POINT (-81.9516982 26.464603)",1916,8793196287,26.464603,-81.9516982,3,,
"POINT (-81.9525195 26.4649193)",1917,8793196288,26.4649193,-81.9525195,3,,
"POINT (-81.9399951 26.4476804)",1918,8793390779,26.4476804,-81.9399951,3,,
"POINT (-81.9402371 26.4471467)",1919,8793390781,26.4471467,-81.9402371,1,,
"POINT (-81.9481169 26.4589177)",1920,8796853443,26.4589177,-81.9481169,3,,
"POINT (-81.9478384 26.4584761)",1921,8796853449,26.4584761,-81.9478384,3,,
"POINT (-81.9553493 26.4654231)",1922,8900391071,26.4654231,-81.9553493,3,,
"POINT (-81.9553021 26.465325)",1923,8900391079,26.465325,-81.9553021,3,,
"POINT (-81.9555571 26.4652132)",1924,8900391080,26.4652132,-81.9555571,3,,
"POINT (-81.9556164 26.4653194)",1925,8900391081,26.4653194,-81.9556164,3,,
"POINT (-81.946801 26.4538081)",1926,9072265089,26.4538081,-81.946801,1,turning_loop,
"POINT (-81.9504069 26.4514995)",1927,9391373725,26.4514995,-81.9504069,1,,
"POINT (-81.9531671 26.4585484)",1928,11458897845,26.4585484,-81.9531671,3,,
"POINT (-81.9531941 26.4584251)",1929,11458897846,26.4584251,-81.9531941,3,,
"POINT (-81.9528029 26.4584771)",1930,11458897851,26.4584771,-81.9528029,3,,
"POINT (-81.9532743 26.4584346)",1931,11458897852,26.4584346,-81.9532743,3,,
"POINT (-81.9535515 26.4584581)",1932,11458897854,26.4584581,-81.9535515,1,,
"POINT (-81.9525063 26.4589857)",1933,11696334035,26.4589857,-81.9525063,3,,
"POINT (-81.952934 26.4592556)",1934,11696334036,26.4592556,-81.952934,4,,
"POINT (-81.9524336 26.4592968)",1935,11696334039,26.4592968,-81.9524336,3,,
"POINT (-81.9521833 26.4596169)",1936,11696334044,26.4596169,-81.9521833,1,,
"POINT (-81.9528432 26.4521032)",1937,11905992715,26.4521032,-81.9528432,3,,
"POINT (-81.953025 26.4515932)",1938,11905992717,26.4515932,-81.953025,1,,
