fid,Load_Date,fldDebrisC,Pile_Latit,Pile_Longi
1,10/22/2022,C and D,26.4219963,-81.9040938
2,02/02/2023,Dirty Sand Soil,26.4218331,-81.9040629
3,02/02/2023,Dirty Sand Soil,26.4245464,-81.9058448
4,11/07/2022,C and D,26.4602757716,-81.9474075248
5,10/17/2022,C and D,26.4307674268,-81.9136317427
6,02/04/2023,C and D,26.4477022,-81.9400182
7,10/12/2022,Dirty Sand Soil,26.4489607,-81.9434134
8,11/19/2022,C and D,26.4057941575,-81.8948400263
9,11/17/2022,C and D,26.4334919,-81.9169829
10,02/15/2023,C and D,26.4632424,-81.9531722
11,11/02/2022,C and D,26.4076029416,-81.8966677041
12,12/04/2022,C and D,26.4284077,-81.9115357
13,12/06/2022,C and D,26.4580510604,-81.9406848495
14,10/21/2022,C and D,26.4306665278,-81.9134145897
15,10/16/2022,C and D,26.4048538523,-81.8844870724
16,11/16/2022,Dirty Sand Soil,26.4048063,-81.8845057
17,03/03/2023,Residual Compact CD,26.4482471,-81.9404325
18,11/19/2022,C and D,26.4655546168,-81.9552166407
19,12/12/2022,C and D,26.4588267401,-81.9409111569
20,12/12/2022,C and D,26.4484065,-81.942066
21,12/04/2022,Vegetation,26.4366375,-81.9212558
22,11/04/2022,C and D,26.4172628755,-81.9015886356
23,11/16/2022,C and D,26.4428699669,-81.9310839911
24,10/28/2022,C and D,26.4186058192,-81.9021652675
25,01/22/2023,C and D,26.4172304,-81.9016406
26,12/12/2022,C and D,26.4581502734,-81.939736924
27,11/07/2022,C and D,26.4604973103,-81.9477501081
28,10/24/2022,C and D,26.4255585289,-81.9078331535
29,10/31/2022,Dirty Sand Soil,26.4238711,-81.9051616
30,12/07/2022,C and D,26.4613182,-81.9522011
31,12/15/2022,C and D,26.4638401,-81.9540994
32,12/03/2022,C and D,26.4610380724,-81.9537827822
33,12/06/2022,C and D,26.4612101702,-81.9521884892
34,03/17/2023,C and D,26.4336287,-81.9171754
35,11/07/2022,C and D,26.427953214,-81.9109523929
36,11/16/2022,C and D,26.4346629102,-81.9185907394
37,11/16/2022,C and D,26.4662429,-81.9556854
38,12/06/2022,C and D,26.4209921519,-81.9037706126
39,12/11/2022,C and D,26.4208019,-81.9033775
40,12/04/2022,C and D,26.4180168,-81.9019283
41,11/13/2022,C and D,26.4332283,-81.9165559
42,11/04/2022,C and D,26.404841356,-81.8847036269
43,11/03/2022,C and D,26.4045172876,-81.8908444135
44,11/09/2022,C and D,26.4421684435,-81.9299062249
45,11/04/2022,C and D,26.4046114133,-81.8919113167
46,10/29/2022,C and D,26.4117267453,-81.8995043071
47,11/14/2022,C and D,26.433027,-81.916432
48,10/15/2022,C and D,26.4497303091,-81.9456196575
49,11/28/2022,C and D,26.4214996,-81.9037871
50,11/09/2022,C and D,26.4597346,-81.949223
51,01/04/2023,C and D,26.4602014671,-81.9476076152
52,10/14/2022,C and D,26.4067707742,-81.8958070686
53,11/12/2022,C and D,26.4406755296,-81.9276338998
54,10/30/2022,Dirty Sand Soil,26.4289021,-81.9118238
55,10/20/2022,Dirty Sand Soil,26.4514618,-81.9512391
56,12/19/2022,C and D,26.463531404,-81.9476394664
57,12/04/2022,C and D,26.4344941825,-81.9184004702
58,10/22/2022,C and D,26.4287666551,-81.9114842343
59,10/08/2022,C and D,26.4654036,-81.9552774
60,01/25/2023,Compact CD,26.4480717,-81.9407017
61,11/22/2022,C and D,26.4401652524,-81.9267228619
62,10/31/2022,Clean Sand Soil,26.4232702,-81.9046183
63,11/11/2022,C and D,26.4213897,-81.9037826
64,11/07/2022,C and D,26.4045477798,-81.8868427724
65,11/02/2022,C and D,26.4450270916,-81.9357429632
66,02/03/2023,C and D,26.4419347132,-81.9295051864
67,12/06/2022,C and D,26.4616788812,-81.9513914283
68,12/12/2022,Vegetation,26.4264781,-81.9093657
69,12/11/2022,C and D,26.425278,-81.9069511
70,01/17/2023,HHW to DMS,26.4610423762,-81.9494011372
71,11/16/2022,C and D,26.4112328104,-81.8994620146
72,12/17/2022,C and D,26.4625646627,-81.9485468648
73,11/28/2022,C and D,26.4211721,-81.9036634
74,12/01/2022,C and D,26.4050621,-81.8929842
75,10/23/2022,Dirty Sand Soil,26.4232242,-81.9048053
76,02/26/2023,C and D,26.4325010916,-81.9156393875
77,12/03/2022,C and D,26.4282675,-81.911217
78,01/17/2023,HHW to DMS,26.4582222223,-81.9425815486
79,01/17/2023,HHW to DMS,26.4594781443,-81.946131283
80,01/13/2023,C and D,26.460927981,-81.946329726
81,10/07/2022,C and D,26.4651086,-81.955107
82,02/08/2023,C and D,26.4173283,-81.9013221
83,02/07/2023,C and D,26.4612818008,-81.9462510978
84,01/22/2023,C and D,26.4598532208,-81.9469030587
85,01/22/2023,C and D,26.4597368387,-81.9466242858
86,10/11/2022,C and D,26.4653503,-81.9540309
87,12/08/2022,C and D,26.4657931004,-81.9555290233
88,03/01/2023,C and D,26.4587216,-81.9408814
89,11/17/2022,C and D,26.4045932944,-81.8874621499
90,12/05/2022,C and D,26.4329111,-81.9161141
91,11/06/2022,C and D,26.4220493,-81.9040896
92,01/13/2023,C and D,26.4349618648,-81.9190805725
93,10/24/2022,Dirty Sand Soil,26.4107048,-81.8991426
94,10/19/2022,Clean Sand Soil,26.4525601,-81.9545982
95,01/24/2023,C and D,26.459847617,-81.9466695727
96,11/13/2022,C and D,26.4355977,-81.919791
97,11/15/2022,C and D,26.4427657777,-81.9313282276
98,12/07/2022,C and D,26.4340656577,-81.9176141639
99,10/31/2022,C and D,26.4187982857,-81.9022620161
100,10/13/2022,Dirty Sand Soil,26.448974,-81.9433553
101,10/29/2022,C and D,26.4115367364,-81.899531968
102,12/15/2022,C and D,26.4585598873,-81.9394824632
103,12/05/2022,C and D,26.4515857,-81.9505301
104,11/07/2022,C and D,26.443638713,-81.9330050226
105,11/12/2022,C and D,26.4388674405,-81.9245191757
106,10/31/2022,Dirty Sand Soil,26.4211983,-81.9034341
107,01/13/2023,C and D,26.4582342888,-81.9394605049
108,11/15/2022,C and D,26.4383926879,-81.923736892
109,12/15/2022,C and D,26.4586842029,-81.939580103
110,10/28/2022,Clean Sand Soil,26.4526856,-81.9552773
111,11/07/2022,C and D,26.4602334528,-81.947389226
112,11/08/2022,C and D,26.4418383222,-81.929774629
113,12/06/2022,C and D,26.4601981712,-81.9476137292
114,12/15/2022,C and D,26.4639167,-81.9540932
115,02/09/2023,C and D,26.4129334,-81.9000351
116,02/08/2023,C and D,26.4170778,-81.9015903
117,12/12/2022,Vegetation,26.427261,-81.9101081
118,10/15/2022,C and D,26.4496208595,-81.9457994789
119,01/20/2023,Dirty Sand Soil,26.4275194,-81.9104194
120,11/16/2022,Dirty Sand Soil,26.4225576,-81.904105
121,12/07/2022,C and D,26.4584069,-81.939569
122,12/16/2022,C and D,26.4640773554,-81.948638605
123,10/16/2022,C and D,26.4310235414,-81.9138896237
124,01/19/2023,C and D,26.465466292,-81.9542963933
125,11/16/2022,C and D,26.4363068062,-81.9201468111
126,10/30/2022,C and D,26.4654442827,-81.9543318098
127,11/15/2022,C and D,26.432773,-81.9161683
128,12/17/2022,C and D,26.4598006458,-81.946762526
129,01/04/2023,C and D,26.4303098,-81.9130262
130,11/09/2022,C and D,26.4611710272,-81.9499429015
131,02/01/2023,C and D,26.4579443587,-81.9395177533
132,12/17/2022,C and D,26.4614233934,-81.9538401627
133,12/02/2022,C and D,26.466297,-81.9556562
134,10/15/2022,C and D,26.4479876103,-81.9410381493
135,01/04/2023,Dirty Sand Soil,26.4376628,-81.9224472
136,01/11/2023,C and D,26.4590385722,-81.9462147278
137,11/18/2022,C and D,26.4255136995,-81.9077403203
138,12/07/2022,C and D,26.460228,-81.9402135
139,10/14/2022,C and D,26.4521611029,-81.9531112617
140,12/03/2022,C and D,26.4611101825,-81.9537877515
141,11/11/2022,C and D,26.4098698496,-81.8986227942
142,12/06/2022,C and D,26.4580789721,-81.9407803193
143,02/20/2023,C and D,26.4311674278,-81.9139753124
144,02/12/2023,C and D,26.4253979,-81.9074173
145,11/08/2022,C and D,26.4258341,-81.9087121
146,11/18/2022,C and D,26.4045828879,-81.8864546634
147,10/21/2022,Dirty Sand Soil,26.4515341,-81.9514158
148,11/09/2022,C and D,26.4613618674,-81.9524292476
149,11/04/2022,C and D,26.4046432185,-81.891880965
150,10/06/2022,C and D,26.4638086,-81.9541721
151,12/18/2022,C and D,26.4602147086,-81.9461988224
152,11/12/2022,C and D,26.4398901319,-81.9261767318
153,12/18/2022,C and D,26.4383583656,-81.9236995932
154,11/09/2022,C and D,26.4340339,-81.9175136
155,11/07/2022,C and D,26.4076725,-81.8966957
156,12/12/2022,C and D,26.4500379,-81.9465911
157,02/11/2023,C and D,26.4350331,-81.9188386
158,11/11/2022,C and D,26.4105582,-81.8990369
159,05/01/2023,C and D,26.4172013,-81.90152
160,12/07/2022,C and D,26.458192,-81.9395396
161,10/18/2022,Dirty Sand Soil,26.4519417,-81.9521516
162,11/05/2022,C and D,26.4208073728,-81.9032459893
163,10/17/2022,C and D,26.4321917549,-81.9152148104
164,10/23/2022,Dirty Sand Soil,26.4354967,-81.9195222
165,11/26/2022,C and D,26.4337360668,-81.9172485376
166,12/18/2022,C and D,26.4381765202,-81.9235275966
167,10/21/2022,C and D,26.430520372,-81.913312202
168,03/29/2023,C and D,26.4045601851,-81.8899259717
169,12/15/2022,C and D,26.4587020165,-81.9416657486
170,10/23/2022,Clean Sand Soil,26.4372871,-81.9219943
171,03/18/2023,C and D,26.4182624,-81.9021348
172,10/13/2022,Dirty Sand Soil,26.4489475,-81.9433765
173,10/31/2022,C and D,26.4185572,-81.9021046
174,10/31/2022,C and D,26.4191797186,-81.9023738956
175,02/07/2023,C and D,26.4317917312,-81.9147675858
176,10/22/2022,Dirty Sand Soil,26.4239208,-81.9052935
177,02/26/2023,C and D,26.4058945,-81.8947052
178,10/14/2022,C and D,26.4155968465,-81.900984468
179,02/09/2023,C and D,26.4379790911,-81.9229740055
180,12/07/2022,C and D,26.4602191,-81.9402195
181,12/12/2022,C and D,26.4614713,-81.9522269
182,01/04/2023,C and D,26.4598393876,-81.9467610537
183,11/28/2022,C and D,26.4270615,-81.9098159
184,10/25/2022,Dirty Sand Soil,26.4096440608,-81.8984979764
185,11/05/2022,C and D,26.434402,-81.9182191
186,11/19/2022,C and D,26.4653924921,-81.9552977843
187,10/23/2022,Dirty Sand Soil,26.4304145,-81.913242
188,01/16/2023,C and D,26.4578399115,-81.9403475336
189,01/11/2023,C and D,26.4589642036,-81.9462141994
190,10/14/2022,C and D,26.4508800614,-81.9488271933
191,11/02/2022,C and D,26.4256288,-81.9080207
192,11/26/2022,Dirty Sand Soil,26.4464908,-81.9381177
193,10/07/2022,C and D,26.4608949129,-81.9538119871
194,02/03/2023,C and D,26.4599736594,-81.949178232
195,02/09/2023,C and D,26.4381372,-81.9230773
196,10/31/2022,C and D,26.4283221022,-81.9110381238
197,11/30/2022,C and D,26.437044,-81.9218843
198,10/30/2022,C and D,26.4274684887,-81.9103154792
199,11/14/2022,C and D,26.4502326303,-81.9471251915
200,02/08/2023,Dirty Sand Soil,26.4318372,-81.9148248
201,12/02/2022,C and D,26.4631459189,-81.9532788325
202,11/30/2022,C and D,26.4046254,-81.8861124
203,11/09/2022,C and D,26.4255196,-81.9080391
204,10/09/2022,Vegetation,26.4065582224,-81.8957719364
205,11/01/2022,C and D,26.4286643232,-81.9114906028
206,12/01/2022,C and D,26.4640376533,-81.9529808412
207,01/13/2023,C and D,26.4355647156,-81.9195793685
208,11/27/2022,Dirty Sand Soil,26.4384427,-81.9239394
209,11/12/2022,C and D,26.4392885473,-81.9252545201
210,10/17/2022,C and D,26.4311943981,-81.9141008186
211,11/30/2022,C and D,26.4425105928,-81.9310532884
212,11/11/2022,C and D,26.430853,-81.9136833
213,11/12/2022,C and D,26.4255241387,-81.9079448579
214,11/05/2022,C and D,26.4478475,-81.9407558
215,10/27/2022,C and D,26.4061532918,-81.894795995
216,10/19/2022,Clean Sand Soil,26.4525445,-81.9546187
217,12/04/2022,C and D,26.4045212,-81.8910324
218,03/11/2023,C and D,26.4060483,-81.8948097
219,12/11/2022,C and D,26.4219883,-81.9042154
220,12/15/2022,C and D,26.4643011,-81.9542133
221,02/09/2023,Concrete to FDS,26.4478298,-81.9406019
222,12/15/2022,Dirty Sand Soil,26.4347581,-81.9187463
223,12/02/2022,C and D,26.435897,-81.920144
224,11/22/2022,C and D,26.4045742,-81.890824
225,10/22/2022,C and D,26.4254789217,-81.9077871009
226,01/27/2023,C and D,26.4597324299,-81.9464535418
227,11/06/2022,C and D,26.4325836,-81.915829
228,11/22/2022,C and D,26.4289089,-81.9116744
229,11/30/2022,Vegetation,26.4255960798,-81.9079690241
230,10/31/2022,Dirty Sand Soil,26.4116298,-81.8993771
231,11/01/2022,C and D,26.4111386799,-81.8993539364
232,11/11/2022,C and D,26.4307812,-81.9136312
233,10/13/2022,C and D,26.4155550212,-81.9008633518
234,03/10/2023,C and D,26.4050925,-81.8934036
235,12/07/2022,C and D,26.4581945,-81.9395402
236,10/30/2022,C and D,26.4505934,-81.9482339
237,12/15/2022,C and D,26.4642979,-81.9542288
238,10/29/2022,C and D,26.4113092516,-81.8994085864
239,11/08/2022,C and D,26.4417258418,-81.929477589
240,01/24/2023,C and D,26.459817034,-81.9466955528
241,12/07/2022,C and D,26.4337398,-81.9174055
242,11/21/2022,C and D,26.4044169,-81.8865295
243,01/22/2023,C and D,26.41713,-81.9015934
244,10/28/2022,HHW to DMS,26.459308,-81.9457062
245,11/11/2022,C and D,26.4098108093,-81.8987207805
246,11/28/2022,C and D,26.4212443,-81.9035947
247,10/30/2022,Dirty Sand Soil,26.4232359,-81.9045982
248,11/30/2022,C and D,26.4647137,-81.9505501
249,01/11/2023,C and D,26.4507611,-81.9486867
250,10/24/2022,C and D,26.4275580738,-81.9102969301
251,10/31/2022,C and D,26.4498869,-81.9464924
252,10/15/2022,C and D,26.4510845253,-81.9495145977
253,10/14/2022,C and D,26.4156132572,-81.9011073693
254,11/11/2022,C and D,26.4306505,-81.9135004
255,10/31/2022,Dirty Sand Soil,26.4227851,-81.9043039
256,02/10/2023,C and D,26.4604378,-81.9463044
257,10/31/2022,Dirty Sand Soil,26.4115635,-81.899389
258,11/16/2022,C and D,26.4410468064,-81.9281861621
259,01/18/2023,C and D,26.4379359,-81.9230283
260,10/30/2022,C and D,26.4193485864,-81.9023895264
261,10/15/2022,C and D,26.4247809893,-81.9061310023
262,10/25/2022,Dirty Sand Soil,26.4454528,-81.9363652
263,11/11/2022,Clean Sand Soil,26.4523356,-81.9552827
264,10/14/2022,C and D,26.4489668742,-81.9429208892
265,12/11/2022,C and D,26.420223,-81.9030404
266,01/06/2023,C and D,26.4477336417,-81.9400433565
267,12/09/2022,Vegetation,26.4067637,-81.8959811
268,11/12/2022,C and D,26.4052135,-81.8933303
269,11/13/2022,C and D,26.4105041,-81.8990244
270,12/11/2022,C and D,26.4216127,-81.904063
271,01/22/2023,C and D,26.4600997728,-81.9470712933
272,12/03/2022,C and D,26.4283824,-81.9112994
273,11/19/2022,C and D,26.4386535098,-81.9238901271
274,10/28/2022,Clean Sand Soil,26.4526972,-81.9552853
275,01/18/2023,Dirty Sand Soil,26.4464056,-81.9380408
276,01/04/2023,Dirty Sand Soil,26.4379509,-81.9226552
277,10/11/2022,C and D,26.4290105,-81.9117762
278,10/28/2022,C and D,26.4632834634,-81.9486609847
279,11/08/2022,C and D,26.4076533,-81.8966906
280,11/30/2022,C and D,26.461265475,-81.9485404307
281,10/09/2022,Vegetation,26.4314264,-81.9144039
282,11/30/2022,C and D,26.4612080623,-81.9522350282
283,11/12/2022,C and D,26.4388707,-81.9244112
284,11/01/2022,Dirty Sand Soil,26.418199,-81.9018771
285,12/01/2022,C and D,26.4241779456,-81.9057093468
286,02/08/2023,C and D,26.4168408,-81.9014757
287,02/03/2023,Dirty Sand Soil,26.4319504,-81.9148722
288,11/14/2022,C and D,26.4066533558,-81.8956172001
289,11/06/2022,C and D,26.4345691,-81.9184833
290,11/12/2022,C and D,26.4387688274,-81.9242885896
291,02/07/2023,C and D,26.4320218144,-81.9150446915
292,12/08/2022,C and D,26.4341768017,-81.9176054467
293,12/07/2022,C and D,26.4602567,-81.9402201
294,11/13/2022,C and D,26.4206899846,-81.9033651634
295,11/09/2022,C and D,26.4602138,-81.9472437
296,11/05/2022,C and D,26.4045370929,-81.8908323907
297,03/13/2023,C and D,26.4121095755,-81.8996020586
298,11/06/2022,C and D,26.4220087,-81.9040546
299,12/02/2022,C and D,26.4255879494,-81.9079698623
300,12/12/2022,Vegetation,26.4272617,-81.9099222
301,12/11/2022,C and D,26.4045021,-81.8867994
302,11/06/2022,C and D,26.4062943044,-81.8950161522
303,01/22/2023,C and D,26.4581493895,-81.9439045576
304,10/28/2022,C and D,26.4213696728,-81.9036926609
305,11/20/2022,C and D,26.4288295,-81.9118015
306,11/08/2022,C and D,26.4431308536,-81.9320755453
307,12/18/2022,C and D,26.4596960411,-81.9464624803
308,11/09/2022,Dirty Sand Soil,26.414619,-81.900674
309,01/07/2023,C and D,26.4327926,-81.915945
310,11/14/2022,C and D,26.4347781195,-81.9188101777
311,12/02/2022,C and D,26.4283418,-81.9112671
312,11/04/2022,C and D,26.4480183,-81.9409767
313,03/02/2023,C and D,26.4591629,-81.9403553
314,01/25/2023,C and D,26.4597092804,-81.9465761162
315,01/13/2023,C and D,26.4488653,-81.9433775
316,11/29/2022,C and D,26.4173101675,-81.9017499715
317,11/03/2022,HHW to DMS,26.4597646,-81.9476326
318,11/05/2022,C and D,26.448868,-81.9437534
319,12/02/2022,C and D,26.4255322516,-81.9076422137
320,12/18/2022,C and D,26.4604914841,-81.9463798958
321,11/14/2022,C and D,26.4255424834,-81.908040349
322,11/19/2022,Clean Sand Soil,26.4529252,-81.9540914
323,10/23/2022,C and D,26.4180437,-81.9018744
324,11/16/2022,C and D,26.4326753,-81.9157979
325,11/04/2022,C and D,26.4195427113,-81.9025484473
326,02/27/2023,Concrete to FDS,26.4485433,-81.9403988
327,11/19/2022,C and D,26.4661754448,-81.9556333723
328,11/05/2022,C and D,26.4175198005,-81.9016837027
329,12/01/2022,C and D,26.4663482,-81.9556787
330,10/14/2022,C and D,26.4509042414,-81.9488294796
331,10/14/2022,Dirty Sand Soil,26.4442579827,-81.9339774861
332,10/16/2022,C and D,26.4309838656,-81.9139405245
333,01/21/2023,C and D,26.4195569509,-81.9024459858
334,11/07/2022,C and D,26.4046781184,-81.8915711717
335,02/03/2023,C and D,26.4193345,-81.9021719
336,10/17/2022,C and D,26.404487412,-81.8903650505
337,12/04/2022,C and D,26.4279953,-81.9109853
338,11/08/2022,C and D,26.40447,-81.8906145
339,12/15/2022,Dirty Sand Soil,26.4514488,-81.9508598
340,12/11/2022,C and D,26.4224539,-81.9044941
341,11/11/2022,C and D,26.440963503,-81.9281145931
342,01/26/2023,Compact CD,26.4483748,-81.9407004
343,11/29/2022,C and D,26.4049158,-81.8853184
344,11/03/2022,C and D,26.4053791991,-81.8938924339
345,01/13/2023,C and D,26.4611003548,-81.9463439752
346,10/17/2022,C and D,26.4319294459,-81.915207468
347,12/16/2022,C and D,26.4636347879,-81.9485846473
348,12/12/2022,C and D,26.4495466,-81.9454292
349,11/03/2022,C and D,26.4304052,-81.9131134
350,11/02/2022,C and D,26.4449765487,-81.9354229421
351,10/28/2022,C and D,26.4219571799,-81.9041730476
352,11/01/2022,C and D,26.4145684608,-81.900699679
353,12/16/2022,C and D,26.4183354238,-81.9020151068
354,11/06/2022,C and D,26.4284817,-81.91145
355,10/29/2022,C and D,26.4610896193,-81.949321325
356,10/29/2022,C and D,26.41186495,-81.8994330661
357,11/14/2022,C and D,26.433027,-81.916432
358,12/18/2022,C and D,26.4383351896,-81.9236679935
359,10/23/2022,C and D,26.4253672539,-81.9069587533
360,10/21/2022,C and D,26.4287568262,-81.9115532172
361,12/19/2022,C and D,26.4584317029,-81.9394536518
362,10/23/2022,C and D,26.4326494584,-81.9159070922
363,10/28/2022,Clean Sand Soil,26.4526888,-81.9552836
364,10/21/2022,Dirty Sand Soil,26.4375673,-81.922336
365,11/08/2022,C and D,26.4525620453,-81.9546487649
366,10/20/2022,C and D,26.4156697,-81.9010676
367,11/02/2022,C and D,26.4285866,-81.9114454
368,11/13/2022,C and D,26.4175739,-81.901695
369,10/20/2022,C and D,26.4306461317,-81.9133972479
370,10/16/2022,C and D,26.4307382705,-81.9135540385
371,11/09/2022,C and D,26.4252683,-81.9080645
372,12/04/2022,C and D,26.4048134,-81.8924907
373,10/27/2022,C and D,26.4132812619,-81.9001166896
374,12/19/2022,C and D,26.4583191386,-81.9394933395
375,10/09/2022,C and D,26.4653188,-81.955269
376,10/28/2022,C and D,26.4207545402,-81.9033138563
377,01/05/2023,C and D,26.4303134,-81.9130574
378,11/11/2022,C and D,26.430636,-81.9135527
379,02/05/2023,C and D,26.4432209,-81.9321055
380,10/28/2022,C and D,26.4255475486,-81.9079614804
381,10/28/2022,C and D,26.4254841395,-81.9077202492
382,02/09/2023,C and D,26.4130403,-81.8999848
383,12/06/2022,C and D,26.4223804046,-81.9044326153
384,10/18/2022,Dirty Sand Soil,26.4398257,-81.9259699
385,01/10/2023,Vegetation,26.4305089,-81.9133995
386,12/11/2022,C and D,26.4238845,-81.9054198
387,10/17/2022,C and D,26.4308666173,-81.9137286938
388,10/30/2022,C and D,26.4596898901,-81.9463407901
389,02/13/2023,C and D,26.4364727,-81.921119
390,11/09/2022,C and D,26.425518,-81.9080227
391,11/06/2022,C and D,26.406787125,-81.8958235917
392,11/05/2022,C and D,26.4478803,-81.9408798
393,11/06/2022,C and D,26.4046055025,-81.8918518635
394,11/08/2022,C and D,26.4622423891,-81.9477973972
395,12/17/2022,C and D,26.4610336349,-81.9537673239
396,10/21/2022,Clean Sand Soil,26.4525481,-81.9545904
397,01/19/2023,C and D,26.4660254893,-81.9552294097
398,01/22/2023,C and D,26.4596365813,-81.946475391
399,11/30/2022,C and D,26.4589994727,-81.9483957813
400,11/06/2022,C and D,26.4256995544,-81.9082242531
401,10/13/2022,Dirty Sand Soil,26.4489482,-81.9433709
402,11/06/2022,C and D,26.4255871736,-81.9082033251
403,11/11/2022,C and D,26.4256266069,-81.9082120934
404,11/15/2022,C and D,26.4328855,-81.9163026
405,11/13/2022,C and D,26.4594072523,-81.9417113812
406,12/18/2022,C and D,26.4604017966,-81.9476794067
407,12/18/2022,C and D,26.4611235906,-81.9463826503
408,12/07/2022,C and D,26.4338808,-81.9173664
409,10/23/2022,C and D,26.4157178,-81.9010337
410,11/13/2022,C and D,26.4045158,-81.8884336
411,12/02/2022,C and D,26.4046018565,-81.8861442221
412,10/14/2022,C and D,26.408872,-81.8976809
413,11/11/2022,C and D,26.4413147886,-81.9287902583
414,10/15/2022,Dirty Sand Soil,26.4492600587,-81.9442548054
415,12/03/2022,C and D,26.4583614841,-81.9403587934
416,01/17/2023,HHW to DMS,26.4582194326,-81.9425756684
417,01/17/2023,HHW to DMS,26.4599391847,-81.9468848463
418,12/08/2022,Dirty Sand Soil,26.4048697,-81.8924286
419,12/03/2022,C and D,26.4048415,-81.8861647
420,01/14/2023,C and D,26.4353162,-81.9194343
421,11/15/2022,C and D,26.4255819066,-81.9078614347
422,11/06/2022,C and D,26.4047796652,-81.8922348508
423,11/30/2022,C and D,26.4049383,-81.8855517
424,01/13/2023,C and D,26.4414856,-81.9291341
425,12/01/2022,C and D,26.4280799,-81.9111269
426,12/12/2022,Vegetation,26.426639,-81.909455
427,11/29/2022,C and D,26.4628740823,-81.954071881
428,10/29/2022,C and D,26.4525411,-81.9547537
429,11/03/2022,C and D,26.404519581,-81.8908633486
430,12/01/2022,C and D,26.4431317,-81.9318135
431,12/03/2022,C and D,26.4108382305,-81.8992717099
432,11/19/2022,C and D,26.4345476,-81.9184345
433,12/12/2022,C and D,26.4614843,-81.9522567
434,12/17/2022,Vegetation,26.4254994784,-81.9080502448
435,02/17/2023,C and D,26.4648915692,-81.9508522733
436,11/13/2022,C and D,26.4103926453,-81.8990146375
437,10/23/2022,C and D,26.4450066609,-81.935334276
438,10/18/2022,C and D,26.4658104,-81.9555124
439,11/19/2022,C and D,26.4145546998,-81.900756025
440,10/15/2022,Dirty Sand Soil,26.4493256,-81.9445588
441,11/12/2022,C and D,26.4276299381,-81.910448754
442,12/07/2022,C and D,26.4583942,-81.9395725
443,12/09/2022,C and D,26.4587755502,-81.9410490432
444,11/02/2022,C and D,26.4450002276,-81.9355298952
445,12/19/2022,C and D,26.4626129402,-81.9477553816
446,12/01/2022,C and D,26.443132,-81.93174
447,02/03/2023,Dirty Sand Soil,26.4410015,-81.9278793
448,11/14/2022,C and D,26.4595768,-81.9404332
449,10/23/2022,Clean Sand Soil,26.4525616,-81.9546235
450,11/04/2022,C and D,26.4043775434,-81.8890497275
451,10/31/2022,C and D,26.4207434147,-81.9033664756
452,11/01/2022,Dirty Sand Soil,26.4119348,-81.8997165
453,11/30/2022,C and D,26.4616529054,-81.9485705736
454,10/31/2022,C and D,26.4173666,-81.9016312
455,01/30/2023,Compact CD,26.447913,-81.940689
456,10/14/2022,Dirty Sand Soil,26.4491621358,-81.9440267981
457,12/04/2022,C and D,26.4592386838,-81.9403634002
458,12/08/2022,C and D,26.4615383093,-81.9462952764
459,11/05/2022,C and D,26.4477724,-81.9408639
460,11/06/2022,C and D,26.4046863689,-81.8918267092
461,10/17/2022,C and D,26.4310734021,-81.9139574748
462,11/02/2022,C and D,26.4066265801,-81.8957556458
463,01/16/2023,C and D,26.4347123,-81.9185585
464,02/01/2023,C and D,26.460715563,-81.949223827
465,10/28/2022,C and D,26.4217262688,-81.9040594051
466,11/04/2022,C and D,26.4513254,-81.9503308
467,11/06/2022,C and D,26.4255856039,-81.9079695601
468,11/30/2022,C and D,26.464755,-81.9506433
469,11/21/2022,C and D,26.4349643715,-81.9190161247
470,11/08/2022,C and D,26.4085475,-81.8975268
471,03/09/2023,C and D,26.4102106,-81.8989119
472,12/18/2022,C and D,26.418275116,-81.9019507338
473,02/27/2023,C and D,26.4599796529,-81.9414222879
474,12/06/2022,C and D,26.4612251703,-81.9524732482
475,10/31/2022,C and D,26.4182113298,-81.9020223991
476,11/05/2022,C and D,26.4058074716,-81.8945128991
477,11/05/2022,C and D,26.4255174,-81.9078765
478,10/22/2022,Clean Sand Soil,26.4292128,-81.9120135
479,10/24/2022,C and D,26.434093194,-81.9175414473
480,11/13/2022,C and D,26.4364128114,-81.9207678421
481,10/14/2022,Dirty Sand Soil,26.4439499,-81.9333799
482,11/06/2022,C and D,26.4222842,-81.9042977
483,01/08/2023,C and D,26.4307923,-81.9132397
484,12/18/2022,C and D,26.4612025514,-81.9462605419
485,01/11/2023,C and D,26.4507464,-81.9487251
486,11/16/2022,C and D,26.4410202016,-81.928310275
487,01/09/2023,C and D,26.4325601961,-81.915665667
488,01/04/2023,C and D,26.4303954,-81.9131849
489,12/19/2022,C and D,26.4608934472,-81.9469051051
490,12/16/2022,Dirty Sand Soil,26.4270096,-81.9097944
491,10/23/2022,C and D,26.4155868,-81.9009653
492,12/20/2022,C and D,26.461250704,-81.950416655
493,12/12/2022,C and D,26.449661,-81.9458071
494,01/10/2023,C and D,26.4308676,-81.9132788
495,10/21/2022,Dirty Sand Soil,26.4514508,-81.9512836
496,12/07/2022,C and D,26.4613155,-81.9521843
497,12/07/2022,C and D,26.4613221,-81.9521879
498,12/05/2022,C and D,26.4649675,-81.9550571
499,12/10/2022,C and D,26.4105486,-81.8989597
500,11/01/2022,Dirty Sand Soil,26.404866,-81.8858145
501,12/06/2022,C and D,26.4340033382,-81.9175394811
502,11/18/2022,C and D,26.452527398,-81.9547640456
503,11/18/2022,C and D,26.4309894,-81.9139717
504,11/17/2022,C and D,26.4399203332,-81.92630318
505,11/15/2022,C and D,26.4328855,-81.9163026
506,10/13/2022,C and D,26.4481143405,-81.9410630486
507,11/22/2022,C and D,26.4269481646,-81.9097586443
508,12/02/2022,HHW to DMS,26.4624013409,-81.9512064848
509,12/02/2022,HHW to DMS,26.4588335783,-81.9480778595
510,11/16/2022,C and D,26.4499260685,-81.9460906292
511,01/03/2023,C and D,26.4507993,-81.9489335
512,02/08/2023,C and D,26.432009032,-81.9150948991
513,10/25/2022,C and D,26.4288224839,-81.9116553851
514,02/05/2023,C and D,26.4445095,-81.9346954
515,02/25/2023,C and D,26.4312483743,-81.9141971973
516,12/13/2022,C and D,26.4581122065,-81.939819658
517,10/15/2022,C and D,26.4496579153,-81.9458187569
518,11/26/2022,C and D,26.4336903161,-81.9172053785
519,11/15/2022,C and D,26.4255734646,-81.9078770329
520,12/18/2022,Dirty Sand Soil,26.4369609,-81.9216747
521,10/06/2022,C and D,26.4638864,-81.9541364
522,10/06/2022,C and D,26.4637319,-81.9541866
523,12/17/2022,C and D,26.4475989889,-81.9401946707
524,11/18/2022,C and D,26.4415563922,-81.9291242496
525,11/09/2022,C and D,26.4254418687,-81.9077914804
526,11/13/2022,C and D,26.4105664956,-81.8989263631
527,11/08/2022,C and D,26.4171792,-81.9015971
528,01/12/2023,C and D,26.4438933,-81.9334403
529,11/07/2022,C and D,26.4436330257,-81.932977384
530,11/21/2022,C and D,26.4441225,-81.9332709
531,12/04/2022,C and D,26.434649,-81.9186315
532,10/31/2022,Dirty Sand Soil,26.4212159,-81.9034799
533,12/12/2022,C and D,26.4591904586,-81.9403291689
534,12/15/2022,C and D,26.4643929,-81.9542957
535,10/17/2022,C and D,26.4305933352,-81.9134609295
536,10/23/2022,Clean Sand Soil,26.4526101,-81.954605
537,10/29/2022,C and D,26.4630875627,-81.9485796469
538,11/16/2022,C and D,26.4381870874,-81.9234092784
539,11/22/2022,C and D,26.4591659,-81.9417626
540,10/11/2022,C and D,26.4655354,-81.9553774
541,02/14/2023,C and D,26.4058852,-81.8948379
542,02/27/2023,C and D,26.4319602,-81.9151305
543,11/05/2022,C and D,26.418005093,-81.9018230774
544,11/04/2022,C and D,26.4358209,-81.9199328
545,10/15/2022,C and D,26.4496632418,-81.9457281821
546,01/06/2023,C and D,26.4477512366,-81.9402034063
547,10/27/2022,C and D,26.4066015138,-81.8955540844
548,01/14/2023,C and D,26.4506458,-81.9485397
549,10/15/2022,C and D,26.4494488808,-81.9446481486
550,11/05/2022,C and D,26.4623523914,-81.9485982964
551,10/25/2022,C and D,26.4607675457,-81.9537984957
552,01/05/2023,Clean Sand Soil,26.436588,-81.9222033
553,02/05/2023,C and D,26.4447561,-81.9353693
554,10/05/2022,C and D,26.4627253589,-81.9540563206
555,01/08/2023,C and D,26.4303354,-81.9132142
556,11/05/2022,C and D,26.4048053847,-81.8843589416
557,02/27/2023,C and D,26.4051285,-81.8934452
558,11/21/2022,C and D,26.4046064,-81.8917632
559,10/19/2022,C and D,26.4309948175,-81.9139154412
560,01/13/2023,C and D,26.4640515732,-81.9486600232
561,02/11/2023,C and D,26.4356278,-81.9196844
562,11/06/2022,C and D,26.4609294897,-81.9477748499
563,10/22/2022,C and D,26.4254534415,-81.9073959707
564,11/03/2022,C and D,26.4254749253,-81.9070149978
565,01/09/2023,Clean Sand Soil,26.4364628,-81.9222979
566,10/13/2022,C and D,26.4161273821,-81.9011134791
567,10/17/2022,C and D,26.4057282309,-81.894559442
568,03/11/2023,C and D,26.4064581,-81.8953
569,01/22/2023,Compact CD,26.448007,-81.9405707
570,10/30/2022,C and D,26.404684363,-81.8861664367
571,10/17/2022,Clean Sand Soil,26.4525544,-81.9546719
572,01/20/2023,C and D,26.4440363,-81.9337139
573,10/31/2022,Dirty Sand Soil,26.4146655,-81.9006162
574,11/13/2022,C and D,26.4043214266,-81.8873215468
575,01/14/2023,C and D,26.4590537794,-81.9484239835
576,11/28/2022,C and D,26.4481865,-81.9411666
577,11/21/2022,C and D,26.4588256,-81.9425835
578,12/16/2022,C and D,26.4198744,-81.9027084
579,11/17/2022,C and D,26.4524752507,-81.9546802808
580,10/21/2022,Dirty Sand Soil,26.4515791,-81.951337
581,12/14/2022,C and D,26.4057226712,-81.894214321
582,02/09/2023,Concrete to FDS,26.4482222,-81.9402553
583,11/11/2022,C and D,26.425647803,-81.9081484128
584,10/07/2022,C and D,26.465104,-81.9550558
585,10/22/2022,Dirty Sand Soil,26.4350999,-81.9190263
586,11/06/2022,C and D,26.406148114,-81.8949389603
587,10/22/2022,Dirty Sand Soil,26.4315056,-81.9144407
588,10/15/2022,Dirty Sand Soil,26.4492944322,-81.9443793624
589,10/16/2022,Dirty Sand Soil,26.4356046,-81.9198499
590,11/02/2022,C and D,26.4274803,-81.9102904
591,05/02/2023,C and D,26.4323159,-81.9154077
592,11/30/2022,C and D,26.4255471,-81.9078785
593,11/13/2022,C and D,26.4509977737,-81.9494200363
594,10/20/2022,C and D,26.4179861,-81.9018399
595,05/02/2023,C and D,26.4047163,-81.8861793
596,10/14/2022,C and D,26.4521352583,-81.9531368038
597,12/07/2022,C and D,26.4340126,-81.9174635
598,11/18/2022,C and D,26.4255895292,-81.9079664904
599,11/17/2022,C and D,26.4526042621,-81.9547459812
600,12/06/2022,C and D,26.4340545911,-81.9174516253
601,11/06/2022,C and D,26.4418213,-81.9294815
602,02/04/2023,C and D,26.4365948,-81.9210109
603,11/13/2022,C and D,26.4044753,-81.8900392
604,01/17/2023,HHW to DMS,26.4580126119,-81.9430257962
605,12/10/2022,C and D,26.4355516853,-81.9199615997
606,12/08/2022,C and D,26.4584704843,-81.9409720224
607,01/17/2023,C and D,26.4594477981,-81.9426349689
608,10/27/2022,C and D,26.4044774506,-81.8915218499
609,01/25/2023,C and D,26.4597013643,-81.9464748837
610,11/04/2022,C and D,26.4307105,-81.9135988
611,02/11/2023,C and D,26.4171714,-81.9014265
612,11/04/2022,C and D,26.4255489391,-81.9078424134
613,03/15/2023,C and D,26.458368862,-81.94173163
614,12/13/2022,Dirty Sand Soil,26.4527201,-81.9546786
615,10/27/2022,C and D,26.4044380607,-81.887251474
616,10/31/2022,C and D,26.4498647,-81.9464286
617,12/01/2022,Vegetation,26.4357758639,-81.9197317108
618,11/06/2022,C and D,26.4286695,-81.9115915
619,11/19/2022,C and D,26.4291727,-81.912121
620,11/07/2022,C and D,26.4063034533,-81.8953270187
621,10/30/2022,C and D,26.465420262,-81.9540876803
622,10/19/2022,Dirty Sand Soil,26.4514481,-81.9512417
623,11/04/2022,C and D,26.451297,-81.9504013
624,11/03/2022,Dirty Sand Soil,26.4291203,-81.9120014
625,12/08/2022,C and D,26.435761652,-81.9200331812
626,02/05/2023,C and D,26.4443644,-81.9345007
627,12/08/2022,Dirty Sand Soil,26.4048302,-81.8921623
628,11/16/2022,C and D,26.4611481,-81.9538928
629,12/06/2022,C and D,26.4652597,-81.9552852
630,10/13/2022,C and D,26.4478745991,-81.9407996715
631,11/15/2022,C and D,26.4383911991,-81.9234085144
632,10/22/2022,Dirty Sand Soil,26.431532,-81.9144753
633,12/01/2022,C and D,26.4646393074,-81.9529053841
634,11/06/2022,C and D,26.4287173,-81.911616
635,10/12/2022,C and D,26.4049189207,-81.8922599167
636,10/31/2022,C and D,26.4171162,-81.9015725
637,10/22/2022,Dirty Sand Soil,26.4292308,-81.912055
638,11/08/2022,C and D,26.4253113,-81.9069189
639,12/19/2022,C and D,26.4613661823,-81.9469843053
640,12/18/2022,C and D,26.4606548274,-81.9462808028
641,12/11/2022,C and D,26.4640641925,-81.9476424721
642,12/01/2022,C and D,26.4431074,-81.931678
643,12/01/2022,C and D,26.464785,-81.9504317
644,10/12/2022,Dirty Sand Soil,26.4489395,-81.9433701
645,11/05/2022,C and D,26.4180445718,-81.9018736203
646,02/20/2023,C and D,26.4664250937,-81.9557694243
647,12/14/2022,C and D,26.4591617988,-81.9417710024
648,10/30/2022,C and D,26.4659189014,-81.9552111906
649,11/28/2022,C and D,26.4607318,-81.9482069
650,10/30/2022,C and D,26.423411672,-81.9050261379
651,10/24/2022,C and D,26.4495496965,-81.9448788913
652,02/23/2023,C and D,26.4288694136,-81.9118247425
653,11/30/2022,C and D,26.463590919,-81.954202565
654,11/09/2022,C and D,26.4147164,-81.9006827
655,11/02/2022,C and D,26.4066321496,-81.8957207166
656,01/10/2023,C and D,26.4295523,-81.9123935
657,10/17/2022,C and D,26.4312780195,-81.9143313952
658,11/05/2022,C and D,26.4255454447,-81.9080121955
659,10/11/2022,C and D,26.4656211,-81.9554157
660,11/13/2022,C and D,26.4172023,-81.9015182
661,11/13/2022,C and D,26.445006351,-81.9354078646
662,10/30/2022,C and D,26.4273398525,-81.9100937525
663,11/20/2022,C and D,26.4351919699,-81.9191619606
664,11/03/2022,C and D,26.404638472,-81.8916233071
665,11/11/2022,C and D,26.4413462626,-81.9288343471
666,12/04/2022,C and D,26.4412802132,-81.9289553818
667,01/22/2023,Compact CD,26.4483487,-81.9406067
668,10/17/2022,C and D,26.4656634813,-81.9542528914
669,10/31/2022,C and D,26.4175074175,-81.9017396775
670,12/17/2022,C and D,26.4610204334,-81.9538147655
671,10/25/2022,C and D,26.4478879721,-81.9403789433
672,11/13/2022,C and D,26.421474,-81.9037936
673,12/07/2022,C and D,26.458318,-81.9408074
674,12/13/2022,Dirty Sand Soil,26.4525624,-81.9544593
675,11/01/2022,C and D,26.4111646706,-81.8993558043
676,12/08/2022,C and D,26.4657135467,-81.9555293555
677,11/18/2022,C and D,26.4309422,-81.913958
678,12/15/2022,C and D,26.4340899652,-81.917885067
679,12/05/2022,C and D,26.4486790868,-81.9429943991
680,10/17/2022,C and D,26.409236676,-81.8981715362
681,02/02/2023,Concrete,26.4598047,-81.9416163
682,12/07/2022,C and D,26.4338298,-81.9178137
683,01/03/2023,Dirty Sand Soil,26.4175964,-81.9016771
684,11/07/2022,C and D,26.4326614,-81.9156589
685,11/28/2022,C and D,26.4482772,-81.9414668
686,10/31/2022,C and D,26.4500076,-81.9468717
687,01/20/2023,Compact CD,26.4483629,-81.9403749
688,02/09/2023,Dirty Sand Soil,26.440925,-81.928076
689,10/15/2022,C and D,26.4048428646,-81.8845256124
690,11/04/2022,C and D,26.4046160675,-81.8863783743
691,10/12/2022,C and D,26.4089215517,-81.8977602812
692,10/31/2022,C and D,26.4603069239,-81.9473804814
693,10/31/2022,Dirty Sand Soil,26.4116753,-81.8994577
694,11/29/2022,C and D,26.4329517,-81.916085
695,11/11/2022,C and D,26.4406372793,-81.9276086614
696,10/09/2022,C and D,26.4653794,-81.9552741
697,02/11/2023,C and D,26.4602902,-81.9473974
698,12/08/2022,C and D,26.4608325111,-81.9523207751
699,11/19/2022,C and D,26.4322359,-81.915464
700,11/21/2022,C and D,26.4584681,-81.9416956
701,11/11/2022,C and D,26.4200423005,-81.9025913893
702,12/09/2022,C and D,26.4587009358,-81.9409468122
703,01/14/2023,C and D,26.4581909473,-81.9394374242
704,03/17/2023,C and D,26.462894252,-81.9511657808
705,11/08/2022,C and D,26.425621121,-81.9082055347
706,10/16/2022,C and D,26.4508617,-81.9486836
707,10/23/2022,Clean Sand Soil,26.4525769,-81.9546297
708,12/11/2022,C and D,26.4616595582,-81.947743759
709,12/12/2022,C and D,26.4049208164,-81.8926937599
710,11/12/2022,C and D,26.4608857781,-81.9525526185
711,05/01/2023,Vegetation,26.4208809,-81.9034787
712,11/05/2022,C and D,26.4048039308,-81.884650318
713,01/06/2023,C and D,26.4303833,-81.913198
714,12/04/2022,C and D,26.4655814,-81.9546727
715,12/09/2022,Vegetation,26.4165617,-81.9018318
716,01/12/2023,C and D,26.4508226,-81.9490451
717,12/02/2022,C and D,26.4256895,-81.9081939
718,12/12/2022,C and D,26.4202370808,-81.9029635063
719,11/09/2022,C and D,26.4524955768,-81.9546423946
720,10/22/2022,C and D,26.4217176,-81.9039043
721,11/15/2022,C and D,26.4614296,-81.9538824
722,11/21/2022,Vegetation,26.4274183,-81.9101451
723,02/27/2023,Concrete to FDS,26.4485954,-81.9403602
724,12/14/2022,C and D,26.4593039871,-81.9416295166
725,01/15/2023,C and D,26.4477081,-81.9402078
726,12/18/2022,C and D,26.4640977294,-81.9469404012
727,01/12/2023,C and D,26.4429595,-81.9318291
728,02/07/2023,C and D,26.4370648,-81.9218521
729,10/31/2022,C and D,26.418300136,-81.9020264224
730,01/20/2023,C and D,26.4116948,-81.8995776
731,11/13/2022,C and D,26.4172794152,-81.9013833594
732,10/15/2022,Dirty Sand Soil,26.4492648,-81.9442352
733,11/21/2022,C and D,26.4365782,-81.920964
734,10/31/2022,C and D,26.4499918,-81.9465655
735,12/15/2022,C and D,26.4618945,-81.9534328
736,12/10/2022,C and D,26.4104633,-81.8988186
737,11/09/2022,C and D,26.4340736,-81.9176722
738,11/21/2022,C and D,26.4440727,-81.9334257
739,10/21/2022,Dirty Sand Soil,26.4508673,-81.9487604
740,02/09/2023,C and D,26.4380153,-81.9228975
741,11/29/2022,C and D,26.42457,-81.9061583
742,11/13/2022,C and D,26.4450004708,-81.9354833148
743,12/05/2022,C and D,26.4051874,-81.8932606
744,10/23/2022,C and D,26.4449998591,-81.9353123988
745,11/09/2022,C and D,26.4256670011,-81.9077262917
746,12/08/2022,C and D,26.4076231732,-81.8966180368
747,10/15/2022,Dirty Sand Soil,26.4492879,-81.9443847
748,10/13/2022,C and D,26.4162552268,-81.9012357275
749,01/07/2023,C and D,26.432723,-81.9158916
750,11/13/2022,C and D,26.4064996317,-81.8953922299
751,10/14/2022,C and D,26.451331854,-81.9502304169
752,11/27/2022,C and D,26.4338627482,-81.917413922
753,12/05/2022,C and D,26.427676,-81.9106229
754,12/05/2022,C and D,26.4291972,-81.9120933
755,01/11/2023,C and D,26.4507311,-81.9487026
756,11/28/2022,C and D,26.4273658,-81.9099953
757,11/03/2022,C and D,26.4485527,-81.9425346
758,12/04/2022,C and D,26.4281719,-81.9111934
759,12/05/2022,C and D,26.4513759641,-81.9504787681
760,11/17/2022,C and D,26.4044814317,-81.8908089926
761,10/28/2022,Clean Sand Soil,26.452674,-81.955277
762,01/06/2023,C and D,26.4303208,-81.9130685
763,12/12/2022,C and D,26.4587676883,-81.9416593702
764,12/10/2022,C and D,26.4594117366,-81.9407036249
765,01/11/2023,C and D,26.4507206,-81.9486547
766,11/06/2022,C and D,26.4220068,-81.9040156
767,11/02/2022,C and D,26.4452194982,-81.9360827655
768,02/26/2023,C and D,26.4599669539,-81.9414443337
769,12/13/2022,Dirty Sand Soil,26.4526457,-81.9545237
770,02/08/2023,C and D,26.4052725444,-81.8933665085
771,10/31/2022,C and D,26.4206051594,-81.9032881503
772,11/14/2022,C and D,26.4330255,-81.9164023
773,11/19/2022,C and D,26.4589785,-81.9416961
774,11/11/2022,C and D,26.4255353958,-81.9081037841
775,11/01/2022,C and D,26.4148502,-81.9007246
776,10/18/2022,C and D,26.4304786537,-81.9132743097
777,11/06/2022,C and D,26.4064882742,-81.8953339756
778,11/08/2022,C and D,26.4057002,-81.8945678
779,12/03/2022,C and D,26.4585007075,-81.9404068754
780,11/06/2022,C and D,26.4175958466,-81.9016868715
781,01/09/2023,HHW to DMS,26.4642680654,-81.9536300036
782,11/30/2022,C and D,26.4427226549,-81.9312682842
783,11/04/2022,C and D,26.451292,-81.9502577
784,10/16/2022,C and D,26.431870989,-81.914867493
785,10/16/2022,C and D,26.4310128428,-81.9139453211
786,11/02/2022,C and D,26.4487401,-81.9431222
787,10/16/2022,Dirty Sand Soil,26.4461103627,-81.9376851821
788,11/21/2022,C and D,26.4047034,-81.8921728
789,10/30/2022,C and D,26.4501113,-81.9471701
790,01/12/2023,C and D,26.4508528,-81.9489453
791,12/01/2022,C and D,26.464747,-81.9505677
792,10/24/2022,Dirty Sand Soil,26.4107145,-81.8991537
793,10/13/2022,C and D,26.4162907007,-81.9010675042
794,12/04/2022,C and D,26.4604005666,-81.9475794319
795,11/19/2022,C and D,26.4044247132,-81.8886587777
796,02/09/2023,C and D,26.4137130889,-81.900168722
797,02/10/2023,C and D,26.4100167202,-81.8988086098
798,11/12/2022,C and D,26.4054688,-81.8940673
799,10/09/2022,C and D,26.4655111,-81.9552642
800,12/06/2022,C and D,26.4591699515,-81.9402578832
801,11/30/2022,C and D,26.4425476619,-81.9309168489
802,12/01/2022,C and D,26.4241173025,-81.9056668506
803,11/18/2022,C and D,26.4036307469,-81.8754831495
804,11/12/2022,C and D,26.4103558015,-81.8987125649
805,11/02/2022,C and D,26.4487974,-81.9430272
806,10/21/2022,Clean Sand Soil,26.4525407,-81.9545784
807,10/22/2022,C and D,26.4287360756,-81.9115919218
808,11/22/2022,C and D,26.4066253,-81.8955726
809,01/14/2023,C and D,26.4591043036,-81.9485330726
810,11/18/2022,C and D,26.4525176536,-81.954727512
811,02/04/2023,C and D,26.4366169,-81.9210294
812,01/10/2023,C and D,26.4303778,-81.9131826
813,11/28/2022,C and D,26.4482239,-81.9412724
814,12/14/2022,C and D,26.4593008287,-81.941597963
815,11/28/2022,C and D,26.4313118082,-81.9141914204
816,11/18/2022,C and D,26.4255664246,-81.9080178329
817,10/23/2022,C and D,26.425401913,-81.9070284908
818,10/18/2022,Dirty Sand Soil,26.4437925,-81.9329795
819,03/15/2023,C and D,26.4587755594,-81.9408855446
820,10/18/2022,C and D,26.4644617,-81.9545219
821,11/29/2022,C and D,26.462449205,-81.9469138137
822,11/21/2022,C and D,26.4044722,-81.8880368
823,11/19/2022,C and D,26.4225740114,-81.9045445662
824,10/13/2022,C and D,26.4155295544,-81.9010782607
825,12/14/2022,C and D,26.4594327049,-81.9417291233
826,01/07/2023,C and D,26.4304356,-81.9132343
827,02/07/2023,C and D,26.4317245,-81.9146043
828,10/17/2022,Dirty Sand Soil,26.4391319,-81.9247172
829,11/01/2022,C and D,26.4525018,-81.9546873
830,05/02/2023,C and D,26.4047064,-81.891229
831,12/09/2022,C and D,26.4577772291,-81.9402803345
832,10/10/2022,Vegetation,26.4479874959,-81.940875454
833,11/16/2022,C and D,26.4328096,-81.9159339
834,11/08/2022,C and D,26.4255084,-81.9080691
835,12/12/2022,C and D,26.4060126177,-81.894630606
836,10/12/2022,C and D,26.464231,-81.9539738
837,11/02/2022,C and D,26.4287329,-81.9115681
838,03/08/2023,C and D,26.4218801,-81.9040424
839,12/07/2022,Dirty Sand Soil,26.4114313,-81.8994423
840,11/13/2022,C and D,26.4328082,-81.9161631
841,12/11/2022,C and D,26.441353,-81.9288932
842,12/03/2022,C and D,26.4098311,-81.8985997
843,11/16/2022,Dirty Sand Soil,26.4225695,-81.9041255
844,12/08/2022,Dirty Sand Soil,26.4075109,-81.8965092
845,12/08/2022,Dirty Sand Soil,26.4066371,-81.8957856
846,11/04/2022,C and D,26.4194503008,-81.9024590124
847,01/09/2023,C and D,26.4595843488,-81.9461779214
848,12/10/2022,C and D,26.4361691193,-81.9203446896
849,11/18/2022,C and D,26.4310087,-81.9140079
850,10/23/2022,C and D,26.415671,-81.9010314
851,01/15/2023,Vegetation,26.4440859,-81.9337948
852,01/25/2023,Compact CD,26.4484085,-81.9405329
853,12/10/2022,C and D,26.4044889,-81.889287
854,02/12/2023,C and D,26.4359938369,-81.9202485292
855,10/10/2022,C and D,26.4431215777,-81.9319245596
856,11/16/2022,C and D,26.4498979438,-81.9459555542
857,10/15/2022,C and D,26.4364383489,-81.9209092467
858,10/18/2022,C and D,26.4304237304,-81.9132975492
859,12/08/2022,Dirty Sand Soil,26.4049542,-81.8926692
860,03/05/2023,Dock Section,26.4610712,-81.9537007
861,12/12/2022,C and D,26.4253810421,-81.9070600905
862,12/12/2022,C and D,26.4043174032,-81.8901663647
863,10/24/2022,C and D,26.4525972493,-81.9548311551
864,03/03/2023,Residual Compact CD,26.4478046,-81.9406659
865,02/03/2023,Dirty Sand Soil,26.4320157,-81.9151706
866,12/12/2022,C and D,26.4582482314,-81.9394867907
867,11/01/2022,C and D,26.4089472,-81.8977945
868,10/24/2022,Dirty Sand Soil,26.4514529,-81.9506365
869,01/16/2023,C and D,26.4395344,-81.9256298
870,11/17/2022,C and D,26.4256309904,-81.9081243408
871,10/23/2022,Clean Sand Soil,26.452556,-81.9545957
872,11/30/2022,C and D,26.434983,-81.9194328
873,12/03/2022,C and D,26.4643697,-81.9543315
874,12/04/2022,C and D,26.4594703915,-81.9403522151
875,11/15/2022,C and D,26.4328855,-81.9163026
876,11/07/2022,C and D,26.4437077381,-81.9332407136
877,12/06/2022,C and D,26.4182733,-81.9025377
878,12/04/2022,Vegetation,26.4344271,-81.9183627
879,02/09/2023,C and D,26.4139901,-81.9002162
880,11/30/2022,C and D,26.4371111,-81.9218206
881,10/31/2022,C and D,26.4173733909,-81.9016649947
882,02/14/2023,C and D,26.4170189,-81.9015734
883,01/05/2023,Clean Sand Soil,26.4365843,-81.9222998
884,10/18/2022,Dirty Sand Soil,26.4354781,-81.9194739
885,12/08/2022,C and D,26.4607847762,-81.9464150902
886,12/01/2022,C and D,26.4241965,-81.9058541
887,11/29/2022,C and D,26.4242886,-81.9058738
888,10/31/2022,C and D,26.4288639147,-81.9115948257
889,10/11/2022,C and D,26.4160185,-81.9011515
890,10/19/2022,Clean Sand Soil,26.4525659,-81.9545961
891,12/04/2022,C and D,26.4594644689,-81.9403997174
892,01/14/2023,C and D,26.4609101012,-81.946353749
893,10/25/2022,C and D,26.4601700286,-81.9536537178
894,11/21/2022,C and D,26.436116,-81.9206052
895,11/12/2022,C and D,26.4390965598,-81.925121164
896,11/29/2022,C and D,26.4243132,-81.9057597
897,10/27/2022,C and D,26.4045829,-81.8865841069
898,12/12/2022,C and D,26.4310794,-81.9139424
899,12/12/2022,C and D,26.4322334,-81.9153715
900,11/18/2022,C and D,26.4037488168,-81.8753616606
901,11/14/2022,C and D,26.435056692,-81.9189616387
902,01/14/2023,C and D,26.4507731,-81.9488919
903,02/10/2023,C and D,26.4071438648,-81.8964139
904,11/17/2022,C and D,26.404605792,-81.88665483
905,10/31/2022,C and D,26.4594969806,-81.9460630138
906,12/05/2022,C and D,26.4069127,-81.8958006
907,01/26/2023,Compact CD,26.4480091,-81.9406285
908,02/14/2023,C and D,26.4634320502,-81.9476815908
909,11/15/2022,C and D,26.4427334512,-81.9311711725
910,10/16/2022,C and D,26.4311365298,-81.9139879355
911,11/05/2022,C and D,26.4345748,-81.9184143
912,01/09/2023,HHW to DMS,26.4625637207,-81.9539134697
913,12/03/2022,C and D,26.4221563144,-81.9043509756
914,02/07/2023,C and D,26.4370763,-81.9218703
915,12/07/2022,C and D,26.4583092,-81.9408222
916,11/27/2022,C and D,26.433732477,-81.9171853457
917,11/29/2022,C and D,26.4244018262,-81.9058546052
918,01/20/2023,C and D,26.4055930396,-81.8942025479
919,12/12/2022,C and D,26.4345527,-81.918478
920,01/09/2023,HHW to DMS,26.4631342738,-81.9541709534
921,02/05/2023,C and D,26.4433099,-81.9324239
922,11/04/2022,C and D,26.4256835087,-81.908193586
923,12/07/2022,C and D,26.4340006,-81.9176039
924,10/18/2022,C and D,26.4658977,-81.9555934
925,12/05/2022,C and D,26.4505286668,-81.9485367757
926,12/12/2022,C and D,26.429441,-81.912278
927,11/09/2022,C and D,26.4305921,-81.9134701
928,11/05/2022,C and D,26.4479592,-81.9408907
929,01/24/2023,Compact CD,26.4481933,-81.9404783
930,12/06/2022,Dirty Sand Soil,26.4359596,-81.920174
931,10/29/2022,Vegetation,26.4121329,-81.8995219
932,10/22/2022,C and D,26.4255324612,-81.9078246039
933,02/11/2023,Concrete to FDS,26.4483387,-81.9403748
934,02/02/2023,C and D,26.4319054327,-81.9152374962
935,11/15/2022,C and D,26.438531104,-81.9235983427
936,10/16/2022,C and D,26.4311423432,-81.9140328281
937,11/18/2022,C and D,26.4310034,-81.9140192
938,12/12/2022,C and D,26.461488,-81.9522559
939,01/31/2023,C and D,26.4070862,-81.8962683
940,12/07/2022,C and D,26.434012,-81.9174569
941,10/17/2022,C and D,26.4665950856,-81.9541755387
942,10/21/2022,Clean Sand Soil,26.4525754,-81.9546532
943,11/14/2022,C and D,26.4479428732,-81.9407913091
944,10/27/2022,C and D,26.4045547254,-81.8917700167
945,11/11/2022,C and D,26.4101648,-81.8988359
946,12/15/2022,C and D,26.4643965,-81.9542853
947,12/05/2022,C and D,26.4292057,-81.9122479
948,11/16/2022,C and D,26.4201766561,-81.9029719201
949,01/18/2023,Vegetation,26.4062855,-81.8952964
950,11/11/2022,C and D,26.4254943263,-81.907904694
951,10/22/2022,C and D,26.4254096854,-81.9070711526
952,10/31/2022,C and D,26.4647174215,-81.9550837421
953,02/21/2023,C and D,26.4054838,-81.8943524
954,10/29/2022,C and D,26.4117563423,-81.8995053136
955,01/17/2023,C and D,26.4289742,-81.9119771
956,02/13/2023,C and D,26.4364772,-81.9211066
957,11/13/2022,C and D,26.4352714364,-81.9192912151
958,02/24/2023,Vegetation,26.4201312,-81.9027978
959,11/20/2022,C and D,26.4597705,-81.9425188
960,01/20/2023,C and D,26.4655660672,-81.9552904144
961,05/02/2023,C and D,26.405641,-81.8944081
962,12/16/2022,C and D,26.4610894487,-81.9495661649
963,01/20/2023,C and D,26.4440030218,-81.9334404601
964,10/17/2022,Clean Sand Soil,26.4525487,-81.9545625
965,10/19/2022,C and D,26.4364498343,-81.9208637078
966,12/10/2022,C and D,26.4413511,-81.9288741
967,10/20/2022,Dirty Sand Soil,26.4514399,-81.9512825
968,12/04/2022,C and D,26.4045731,-81.8861151
969,01/21/2023,Compact CD,26.4479753,-81.9405423
970,11/13/2022,C and D,26.4364631623,-81.9209796001
971,11/07/2022,C and D,26.4379957,-81.9233229
972,11/18/2022,C and D,26.4104182722,-81.8988399903
973,11/05/2022,C and D,26.4048123291,-81.8843386238
974,02/09/2023,Compact CD,26.4483771,-81.9406235
975,05/02/2023,C and D,26.4335722,-81.9175
976,10/11/2022,C and D,26.4173582463,-81.9015630273
977,12/04/2022,C and D,26.4601446352,-81.947115655
978,12/01/2022,C and D,26.4438146,-81.9329761
979,12/04/2022,C and D,26.4045987026,-81.8861573012
980,02/11/2023,C and D,26.4268042,-81.9094938
981,12/03/2022,Vegetation,26.4285610942,-81.9114835561
982,02/10/2023,C and D,26.4113414243,-81.899190461
983,02/06/2023,C and D,26.4401441,-81.9261105
984,10/18/2022,C and D,26.4050163816,-81.892909499
985,10/18/2022,Dirty Sand Soil,26.4490064,-81.9436213
986,12/04/2022,C and D,26.4593381016,-81.9402926602
987,10/22/2022,C and D,26.4478492576,-81.9407226269
988,12/02/2022,C and D,26.425582543,-81.9079947566
989,11/02/2022,C and D,26.427375,-81.9102363
990,10/30/2022,C and D,26.4234347,-81.9050375
991,10/31/2022,Dirty Sand Soil,26.4471048,-81.9385943
992,10/13/2022,Dirty Sand Soil,26.4496049518,-81.9452094846
993,12/16/2022,C and D,26.4599949752,-81.9471414533
994,02/11/2023,C and D,26.4602097,-81.9472497
995,12/02/2022,C and D,26.4632326142,-81.9486337027
996,03/17/2023,C and D,26.463965652,-81.9530765941
997,12/10/2022,C and D,26.4605309814,-81.9522611912
998,11/17/2022,C and D,26.4256026596,-81.9081468043
999,03/15/2023,C and D,26.4598134914,-81.9402304639
1000,12/05/2022,C and D,26.4489113879,-81.9436626525
1001,10/27/2022,C and D,26.4605038247,-81.9477955646
1002,10/18/2022,C and D,26.404928757,-81.8845833144
1003,10/15/2022,Dirty Sand Soil,26.449069,-81.9437946
1004,10/13/2022,Dirty Sand Soil,26.4494936061,-81.944925558
1005,10/30/2022,C and D,26.450096,-81.947094
1006,11/11/2022,C and D,26.4254933,-81.907785
1007,10/18/2022,Dirty Sand Soil,26.4405857,-81.9272491
1008,12/04/2022,C and D,26.436029,-81.9205401
1009,11/20/2022,C and D,26.4381331117,-81.9231899008
1010,12/16/2022,C and D,26.4602644322,-81.9473356813
1011,02/09/2023,C and D,26.4144286,-81.9004537
1012,10/18/2022,Dirty Sand Soil,26.4433516,-81.9321697
1013,11/19/2022,Sand CD,26.4525944,-81.9546531
1014,12/12/2022,C and D,26.4048963466,-81.8931053281
1015,11/06/2022,C and D,26.4612065272,-81.9477920272
1016,10/13/2022,Dirty Sand Soil,26.4489805,-81.943407
1017,12/10/2022,C and D,26.4606341633,-81.9524320117
1018,11/13/2022,C and D,26.435516747,-81.9197943882
1019,01/23/2023,C and D,26.4110632,-81.8993289
1020,12/05/2022,C and D,26.4596316358,-81.9404134434
1021,11/20/2022,C and D,26.4288754,-81.9118325
1022,10/18/2022,C and D,26.4367268481,-81.9209669716
1023,11/12/2022,C and D,26.4050188,-81.8931281
1024,12/12/2022,C and D,26.422033147,-81.903644557
1025,10/13/2022,Dirty Sand Soil,26.4488985,-81.9433455
1026,01/14/2023,C and D,26.4349396671,-81.9189809487
1027,11/07/2022,C and D,26.4220725,-81.904115
1028,10/16/2022,Dirty Sand Soil,26.4515825,-81.9510904
1029,11/21/2022,C and D,26.4585146,-81.9416955
1030,11/19/2022,C and D,26.4222891662,-81.9043927544
1031,12/12/2022,C and D,26.432539,-81.9157348
1032,12/01/2022,C and D,26.4432345,-81.9318832
1033,12/03/2022,C and D,26.4047362,-81.8861922
1034,10/22/2022,Dirty Sand Soil,26.429216,-81.9120071
1035,12/09/2022,Dirty Sand Soil,26.4218196,-81.9038827
1036,12/02/2022,C and D,26.4359932859,-81.9201858994
1037,12/02/2022,C and D,26.404688,-81.8859412
1038,10/15/2022,C and D,26.4480623551,-81.9411416976
1039,02/10/2023,Compact CD,26.4478712,-81.9405686
1040,10/26/2022,C and D,26.4643946523,-81.9506203384
1041,12/06/2022,C and D,26.4206567,-81.903655
1042,11/13/2022,C and D,26.4583524708,-81.9417369435
1043,10/14/2022,C and D,26.4046240523,-81.8910986092
1044,10/17/2022,Dirty Sand Soil,26.4366314,-81.9209962
1045,11/01/2022,C and D,26.4165123241,-81.9014003687
1046,12/17/2022,C and D,26.4384561,-81.9235574
1047,11/02/2022,C and D,26.4487355,-81.9429738
1048,12/20/2022,C and D,26.461103837,-81.9498546578
1049,10/19/2022,C and D,26.4071737882,-81.8965041731
1050,10/20/2022,Dirty Sand Soil,26.451427,-81.9512722
1051,11/06/2022,C and D,26.4282896882,-81.9111680613
1052,01/09/2023,Clean Sand Soil,26.4365512,-81.9223895
1053,10/19/2022,Clean Sand Soil,26.4525317,-81.9546036
1054,01/22/2023,C and D,26.4322014,-81.9152182
1055,12/05/2022,Dirty Sand Soil,26.4370118,-81.9222829
1056,02/28/2023,C and D,26.4591177827,-81.942571291
1057,11/05/2022,C and D,26.4045742667,-81.8863509224
1058,11/03/2022,C and D,26.4445551066,-81.9345684909
1059,10/13/2022,C and D,26.4164043656,-81.9011524324
1060,12/19/2022,C and D,26.4359543938,-81.9203760848
1061,01/13/2023,HHW to DMS,26.4631183,-81.9509855
1062,12/02/2022,C and D,26.464627696,-81.9529299151
1063,10/24/2022,Dirty Sand Soil,26.4107188,-81.8991451
1064,11/28/2022,C and D,26.4273658,-81.9099953
1065,12/13/2022,C and D,26.458077378,-81.939649025
1066,11/21/2022,C and D,26.4044822,-81.8866355
1067,12/12/2022,C and D,26.4328646,-81.9160221
1068,10/17/2022,C and D,26.4665688155,-81.9542619943
1069,12/20/2022,C and D,26.461465093,-81.9511286732
1070,12/17/2022,C and D,26.459791932,-81.9465473147
1071,10/24/2022,C and D,26.4099071,-81.8985646
1072,11/26/2022,C and D,26.4336901065,-81.9172399957
1073,10/30/2022,C and D,26.4192463707,-81.9023168203
1074,02/25/2023,C and D,26.4600393735,-81.9415361156
1075,02/08/2023,C and D,26.4321008,-81.9150979
1076,10/24/2022,C and D,26.4338947393,-81.9176112297
1077,11/08/2022,C and D,26.4511506166,-81.9495428447
1078,10/28/2022,C and D,26.4616735094,-81.9514112548
1079,01/25/2023,C and D,26.4597059877,-81.9465721247
1080,02/10/2023,C and D,26.4097999642,-81.8986131438
1081,10/19/2022,Dirty Sand Soil,26.4514287,-81.9512906
1082,10/13/2022,C and D,26.4388399275,-81.9243855268
1083,11/08/2022,C and D,26.408407,-81.8973281
1084,10/09/2022,C and D,26.4654689,-81.9553682
1085,12/14/2022,C and D,26.458919216,-81.9409275894
1086,10/31/2022,C and D,26.4275132306,-81.9101041463
1087,11/02/2022,C and D,26.4487065,-81.9428922
1088,11/12/2022,C and D,26.4282451966,-81.9109498052
1089,11/17/2022,C and D,26.4043955307,-81.8905764528
1090,11/08/2022,C and D,26.4421740175,-81.9304075465
1091,01/09/2023,C and D,26.4303291,-81.9131653
1092,02/11/2023,C and D,26.4253998599,-81.9077226126
1093,12/15/2022,C and D,26.4643438,-81.9544533
1094,02/16/2023,C and D,26.430063,-81.9127957
1095,01/23/2023,C and D,26.4634797704,-81.9513961654
1096,10/17/2022,Dirty Sand Soil,26.4401113,-81.9263861
1097,11/02/2022,Dirty Sand Soil,26.414465,-81.9005691
1098,11/13/2022,C and D,26.438734,-81.9242989
1099,11/19/2022,C and D,26.4199274955,-81.9028491553
1100,11/02/2022,C and D,26.4066512896,-81.8957186464
1101,10/24/2022,Dirty Sand Soil,26.4106831,-81.8992065
1102,10/22/2022,C and D,26.4251196567,-81.9073073599
1103,01/10/2023,C and D,26.4302338,-81.9131017
1104,02/09/2023,C and D,26.4173185745,-81.9015214375
1105,12/08/2022,Dirty Sand Soil,26.4098492,-81.8984655
1106,10/20/2022,C and D,26.4365284026,-81.9209814521
1107,05/02/2023,C and D,26.4045609,-81.889697
1108,10/16/2022,C and D,26.4308443055,-81.9137212817
1109,11/12/2022,C and D,26.4254743217,-81.9077164214
1110,03/13/2023,C and D,26.4120617369,-81.8995981012
1111,10/13/2022,C and D,26.4249467338,-81.906169178
1112,11/16/2022,C and D,26.4317561,-81.9148825
1113,03/17/2023,C and D,26.4336352,-81.9168653
1114,12/09/2022,C and D,26.4593333785,-81.9463266602
1115,10/19/2022,C and D,26.4155752631,-81.9010065124
1116,12/05/2022,C and D,26.4276975,-81.9105982
1117,02/06/2023,C and D,26.4369105,-81.9219544
1118,01/25/2023,Concrete to FDS,26.4480046,-81.9405138
1119,10/06/2022,C and D,26.4658847,-81.9526674
1120,11/15/2022,C and D,26.4256814398,-81.9081048524
1121,12/01/2022,C and D,26.4050418,-81.8928477
1122,11/04/2022,C and D,26.4044259489,-81.8885785808
1123,11/08/2022,C and D,26.4339698,-81.9176087
1124,12/15/2022,C and D,26.4586511129,-81.9416559965
1125,11/30/2022,C and D,26.4615265427,-81.9485828006
1126,05/02/2023,C and D,26.4047852,-81.8857759
1127,10/15/2022,C and D,26.4366531052,-81.9209016428
1128,12/12/2022,C and D,26.4345125,-81.9185942
1129,12/04/2022,C and D,26.4601591406,-81.9473054354
1130,11/18/2022,C and D,26.4255558538,-81.9078979576
1131,10/12/2022,C and D,26.4500406095,-81.9467069376
1132,10/18/2022,C and D,26.464423,-81.9545077
1133,12/10/2022,Vegetation,26.4069108,-81.8961846
1134,02/18/2023,C and D,26.4629060422,-81.9534724272
1135,12/19/2022,C and D,26.4357268671,-81.9199853205
1136,11/06/2022,C and D,26.4060895378,-81.8951257203
1137,12/01/2022,C and D,26.4646598,-81.9505326
1138,11/01/2022,Dirty Sand Soil,26.4181417,-81.9018699
1139,02/07/2023,C and D,26.4632262569,-81.9486002997
1140,12/04/2022,C and D,26.4615456531,-81.9512347898
1141,11/07/2022,C and D,26.405650503,-81.8943595794
1142,12/09/2022,C and D,26.4043661,-81.8891186
1143,10/10/2022,C and D,26.4487143756,-81.9430323536
1144,10/05/2022,C and D,26.4614781043,-81.9537178511
1145,01/12/2023,C and D,26.4441999,-81.9334395
1146,12/10/2022,C and D,26.4589244127,-81.9403791615
1147,12/12/2022,C and D,26.4294443,-81.9122286
1148,11/02/2022,C and D,26.4486577,-81.9428125
1149,01/30/2023,Dirty Sand Soil,26.4147879,-81.9007071
1150,11/11/2022,C and D,26.4392176783,-81.9251738862
1151,03/25/2023,C and D,26.4602625071,-81.9472603045
1152,10/27/2022,C and D,26.4045443852,-81.8870691676
1153,11/03/2022,C and D,26.4485397,-81.9425302
1154,12/08/2022,Dirty Sand Soil,26.4049658,-81.8926827
1155,01/05/2023,Clean Sand Soil,26.4365441,-81.9221818
1156,10/23/2022,C and D,26.4326586765,-81.9157758869
1157,11/08/2022,C and D,26.433894,-81.9174445
1158,11/08/2022,C and D,26.4045992,-81.8916669
1159,12/14/2022,C and D,26.4599491577,-81.9414748764
1160,11/08/2022,C and D,26.450964748,-81.9491827582
1161,11/16/2022,Dirty Sand Soil,26.4190406,-81.9017983
1162,01/21/2023,Compact CD,26.44837,-81.9405633
1163,12/12/2022,C and D,26.4307128,-81.9134325
1164,11/30/2022,C and D,26.4355994,-81.9196698
1165,11/05/2022,C and D,26.4478933,-81.9409419
1166,12/13/2022,C and D,26.4600448409,-81.941653596
1167,11/14/2022,C and D,26.4456521944,-81.9365684909
1168,10/13/2022,C and D,26.4489908214,-81.9438114628
1169,11/07/2022,C and D,26.4596738494,-81.9464650207
1170,02/27/2023,Concrete to FDS,26.4480825,-81.9407615
1171,11/30/2022,C and D,26.4047772,-81.8863601
1172,10/30/2022,C and D,26.4505579,-81.9481241
1173,12/06/2022,Dirty Sand Soil,26.4337094,-81.9171473
1174,10/15/2022,Dirty Sand Soil,26.4491569391,-81.9439780992
1175,12/02/2022,C and D,26.4281365,-81.911225
1176,11/15/2022,C and D,26.4057377977,-81.8945740926
1177,10/18/2022,C and D,26.4053604399,-81.8938479175
1178,02/25/2023,C and D,26.4600685425,-81.9471018669
1179,02/11/2023,C and D,26.437119705,-81.9218954144
1180,10/18/2022,Dirty Sand Soil,26.4391295,-81.9246899
1181,01/09/2023,C and D,26.4327121736,-81.9158610075
1182,11/18/2022,C and D,26.4526311719,-81.9551539821
1183,12/03/2022,C and D,26.40465464,-81.8860507893
1184,01/10/2023,C and D,26.4301054857,-81.912849621
1185,12/02/2022,C and D,26.4256119,-81.9080565
1186,11/28/2022,C and D,26.4209875,-81.9035158
1187,10/28/2022,C and D,26.4255332994,-81.9078694471
1188,10/05/2022,C and D,26.4635926,-81.947789
1189,11/27/2022,C and D,26.4338055253,-81.917353822
1190,02/07/2023,C and D,26.4318047,-81.9147489
1191,12/01/2022,C and D,26.4648071,-81.9508872
1192,12/01/2022,C and D,26.4646747,-81.9508105
1193,01/08/2023,C and D,26.4299039829,-81.9126353307
1194,10/20/2022,Dirty Sand Soil,26.4514136,-81.9512291
1195,11/08/2022,C and D,26.4082419,-81.8972427
1196,11/08/2022,C and D,26.433958,-81.917611
1197,10/16/2022,Dirty Sand Soil,26.452465,-81.9540279
1198,12/06/2022,C and D,26.4202128,-81.9027158
1199,10/21/2022,C and D,26.4289529427,-81.9117526806
1200,12/19/2022,C and D,26.4357824391,-81.9201137313
1201,11/02/2022,C and D,26.4286708,-81.9114906
1202,10/20/2022,C and D,26.4304919497,-81.9133010725
1203,02/16/2023,C and D,26.4223881,-81.904391
1204,12/09/2022,C and D,26.4577382896,-81.9403315523
1205,02/16/2023,C and D,26.4602301037,-81.946837837
1206,02/27/2023,C and D,26.4600486774,-81.9414808788
1207,11/15/2022,C and D,26.4328115,-81.9161124
1208,03/17/2023,C and D,26.4633951129,-81.9528182591
1209,11/02/2022,C and D,26.4449928515,-81.9353995566
1210,01/13/2023,C and D,26.4590898857,-81.9484380765
1211,02/04/2023,C and D,26.4477676,-81.9400904
1212,12/01/2022,Vegetation,26.4378308505,-81.9226787613
1213,12/12/2022,C and D,26.4331606,-81.9162528
1214,02/08/2023,C and D,26.4661545167,-81.9556692616
1215,11/04/2022,C and D,26.4580627195,-81.9428531171
1216,10/30/2022,Dirty Sand Soil,26.435409,-81.9194169
1217,10/28/2022,C and D,26.4186712805,-81.9020912888
1218,10/28/2022,C and D,26.4255232411,-81.9079295453
1219,11/03/2022,C and D,26.4303507,-81.9131413
1220,10/15/2022,C and D,26.4507652587,-81.9486044069
1221,10/16/2022,Dirty Sand Soil,26.4455035,-81.9366373
1222,01/10/2023,C and D,26.4575699408,-81.9393326714
1223,11/13/2022,C and D,26.4525163458,-81.9546674073
1224,12/12/2022,C and D,26.4581324953,-81.9403093995
1225,11/09/2022,C and D,26.4255718611,-81.9080958571
1226,10/28/2022,Clean Sand Soil,26.4526859,-81.9552723
1227,10/18/2022,C and D,26.4364395716,-81.9208203884
1228,12/13/2022,C and D,26.4600252634,-81.9416301107
1229,01/07/2023,C and D,26.4327341078,-81.9160166319
1230,01/18/2023,Vegetation,26.405646,-81.8941597
1231,01/20/2023,C and D,26.465284963,-81.9550454049
1232,12/02/2022,C and D,26.4224807887,-81.9044355742
1233,01/22/2023,C and D,26.4642741874,-81.9538507584
1234,12/04/2022,C and D,26.4284713,-81.9114205
1235,11/12/2022,C and D,26.4331866,-81.9165676
1236,01/07/2023,Clean Sand Soil,26.436489,-81.9223116
1237,12/01/2022,C and D,26.4647134,-81.9505081
1238,10/18/2022,C and D,26.4644315,-81.9546272
1239,05/02/2023,C and D,26.4045264,-81.8896023
1240,02/21/2023,C and D,26.4059194,-81.894769
1241,02/18/2023,C and D,26.4632869451,-81.9535303102
1242,01/09/2023,C and D,26.4328388,-81.915987
1243,11/15/2022,C and D,26.461215,-81.9538255
1244,02/08/2023,Concrete to FDS,26.4482047,-81.9406801
1245,11/05/2022,C and D,26.4255644093,-81.9079541757
1246,02/11/2023,C and D,26.4048117,-81.8913334
1247,02/08/2023,Dirty Sand Soil,26.4320711,-81.9152228
1248,11/03/2022,C and D,26.4484908,-81.9426387
1249,11/19/2022,C and D,26.4225695976,-81.9045423646
1250,12/19/2022,C and D,26.4359437064,-81.920493846
1251,10/13/2022,Dirty Sand Soil,26.4489357,-81.9433741
1252,10/22/2022,Clean Sand Soil,26.4525619,-81.9545933
1253,12/12/2022,C and D,26.4196100139,-81.9026783217
1254,11/02/2022,C and D,26.4273747,-81.9101331
1255,11/14/2022,C and D,26.4105267639,-81.8990602093
1256,02/05/2023,C and D,26.443178,-81.9322448
1257,11/08/2022,C and D,26.4046568,-81.8918374
1258,12/01/2022,C and D,26.4435924,-81.9326333
1259,02/03/2023,HHW to DMS,26.4610083,-81.9485785
1260,11/06/2022,C and D,26.4286167,-81.9115917
1261,11/18/2022,C and D,26.4101703364,-81.8986914084
1262,11/08/2022,C and D,26.4085683,-81.8975077
1263,11/19/2022,C and D,26.4222805691,-81.9043823358
1264,11/05/2022,C and D,26.4178872435,-81.9018407632
1265,12/12/2022,C and D,26.4286331,-81.91129
1266,10/14/2022,C and D,26.4518112364,-81.9516166114
1267,12/07/2022,Dirty Sand Soil,26.430316,-81.9132645
1268,12/04/2022,C and D,26.4614389976,-81.951051913
1269,01/08/2023,C and D,26.430243,-81.9132135
1270,10/22/2022,Clean Sand Soil,26.4525682,-81.9545504
1271,11/14/2022,C and D,26.4594967,-81.9403836
1272,12/17/2022,C and D,26.459747044,-81.9465372359
1273,11/19/2022,C and D,26.4100823569,-81.8988280483
1274,11/06/2022,C and D,26.404730212,-81.8922437356
1275,03/16/2023,C and D,26.4602267885,-81.9473363596
1276,12/07/2022,C and D,26.4339009,-81.9173461
1277,01/10/2023,C and D,26.4604920346,-81.9463017767
1278,10/21/2022,Clean Sand Soil,26.4525501,-81.9545881
1279,11/17/2022,C and D,26.4045515098,-81.8909061914
1280,10/22/2022,Dirty Sand Soil,26.4239072,-81.9053167
1281,11/18/2022,C and D,26.4256135035,-81.9079960032
1282,11/17/2022,C and D,26.4044801387,-81.8871433268
1283,11/26/2022,Dirty Sand Soil,26.4474093,-81.9393661
1284,11/09/2022,C and D,26.4255608426,-81.9080200785
1285,10/28/2022,Clean Sand Soil,26.4526961,-81.9552884
1286,02/18/2023,C and D,26.4597573548,-81.9466879961
1287,01/23/2023,C and D,26.4631273223,-81.9509810215
1288,01/15/2023,C and D,26.4477259,-81.940166
1289,12/03/2022,C and D,26.4077121,-81.8969273
1290,12/04/2022,C and D,26.4611745173,-81.9503375176
1291,12/01/2022,Vegetation,26.4397325,-81.9256467
1292,10/31/2022,C and D,26.4232991,-81.9049882
1293,05/01/2023,C and D,26.4303837,-81.9133122
1294,11/09/2022,C and D,26.4105590095,-81.899070845
1295,11/01/2022,Vegetation,26.415258,-81.9008969
1296,10/28/2022,Clean Sand Soil,26.4526799,-81.9552604
1297,10/21/2022,Dirty Sand Soil,26.4515182,-81.9513444
1298,10/18/2022,Dirty Sand Soil,26.4492408,-81.9442432
1299,12/06/2022,C and D,26.4298305,-81.9127386
1300,10/25/2022,C and D,26.4426931506,-81.9312010613
1301,10/23/2022,Clean Sand Soil,26.4525551,-81.9545723
1302,12/01/2022,Vegetation,26.4376971592,-81.9226036594
1303,10/20/2022,C and D,26.436771382,-81.9211986686
1304,10/13/2022,C and D,26.4327479985,-81.9160870859
1305,12/01/2022,C and D,26.4051571,-81.8931676
1306,10/30/2022,C and D,26.4597189461,-81.9463308917
1307,12/10/2022,C and D,26.404382,-81.8892648
1308,10/29/2022,C and D,26.4117156129,-81.8995011545
1309,11/19/2022,C and D,26.4288984,-81.9118665
1310,11/30/2022,C and D,26.4359688,-81.9200919
1311,10/25/2022,C and D,26.4324480296,-81.9155164299
1312,12/14/2022,C and D,26.4594214596,-81.9407222328
1313,10/18/2022,Dirty Sand Soil,26.4519553,-81.9520914
1314,12/14/2022,C and D,26.405640451,-81.8942263704
1315,11/08/2022,C and D,26.4339133,-81.917475
1316,11/29/2022,C and D,26.4108688789,-81.8994207785
1317,12/12/2022,C and D,26.4470176,-81.9383103
1318,11/11/2022,C and D,26.4415451652,-81.9292579685
1319,11/21/2022,C and D,26.4044459,-81.8869549
1320,11/08/2022,C and D,26.4422714571,-81.9304433373
1321,11/21/2022,C and D,26.4281067,-81.9110507
1322,11/28/2022,C and D,26.4212468,-81.903674
1323,10/17/2022,Clean Sand Soil,26.4525129,-81.9544103
1324,10/24/2022,Dirty Sand Soil,26.4046076,-81.8869754
1325,10/15/2022,Dirty Sand Soil,26.4491345594,-81.943977764
1326,12/16/2022,C and D,26.4107760368,-81.899227202
1327,11/08/2022,C and D,26.4432961028,-81.9324112405
1328,01/31/2023,Concrete to FDS,26.4483929,-81.9405014
1329,12/15/2022,C and D,26.4638538763,-81.9486657144
1330,10/16/2022,Clean Sand Soil,26.452576,-81.9546252
1331,10/12/2022,C and D,26.4254646781,-81.9069338857
1332,12/10/2022,C and D,26.4355076,-81.9199057
1333,12/02/2022,C and D,26.46164699,-81.9488735196
1334,12/10/2022,C and D,26.4653949,-81.955208
1335,12/01/2022,C and D,26.4619956955,-81.9485790925
1336,02/07/2023,C and D,26.464036787,-81.9486582187
1337,01/08/2023,C and D,26.4337359,-81.9172718
1338,11/06/2022,C and D,26.4067351632,-81.8957333733
1339,11/09/2022,C and D,26.4255499188,-81.9080282986
1340,11/12/2022,C and D,26.4282608385,-81.9111295131
1341,01/31/2023,C and D,26.4378117,-81.9228331
1342,12/12/2022,C and D,26.4279211,-81.9112571
1343,10/22/2022,C and D,26.4213848,-81.9036611
1344,01/14/2023,C and D,26.450688,-81.9486808
1345,12/12/2022,C and D,26.4217668073,-81.9040264283
1346,11/06/2022,C and D,26.4175696951,-81.901710257
1347,01/03/2023,C and D,26.4660108,-81.9552114
1348,01/20/2023,C and D,26.4055617,-81.894085
1349,11/03/2022,C and D,26.4047226884,-81.8918284513
1350,10/31/2022,C and D,26.4173839521,-81.9016248454
1351,11/12/2022,C and D,26.4609114151,-81.9525445861
1352,12/19/2022,Vegetation,26.4051454515,-81.8934139331
1353,11/29/2022,C and D,26.4342658894,-81.9178634047
1354,11/05/2022,C and D,26.4176476766,-81.9014628401
1355,11/18/2022,C and D,26.4046620818,-81.8863567826
1356,01/18/2023,Dirty Sand Soil,26.4466105,-81.9382166
1357,02/21/2023,C and D,26.465757424,-81.9549105317
1358,11/07/2022,C and D,26.40768,-81.8967134
1359,01/20/2023,C and D,26.4656956953,-81.9554822432
1360,12/16/2022,C and D,26.4597086311,-81.9466044643
1361,12/09/2022,C and D,26.4594350692,-81.946104903
1362,10/31/2022,C and D,26.4275677694,-81.9103200858
1363,03/15/2023,C and D,26.4582507092,-81.941467119
1364,12/02/2022,C and D,26.4629682487,-81.9486043324
1365,12/02/2022,C and D,26.462974284,-81.9485693089
1366,10/29/2022,C and D,26.4518656,-81.9519995
1367,12/02/2022,C and D,26.4360008,-81.9201584
1368,01/17/2023,C and D,26.4289072,-81.9118102
1369,11/29/2022,C and D,26.4607489016,-81.9482066017
1370,12/08/2022,Dirty Sand Soil,26.40824,-81.8972647
1371,03/17/2023,C and D,26.4638314116,-81.9529582299
1372,10/31/2022,C and D,26.4233433,-81.9050095
1373,10/24/2022,C and D,26.4494728744,-81.9446911835
1374,02/08/2023,Compact CD,26.44826,-81.9406567
1375,02/09/2023,C and D,26.4065558743,-81.8955782243
1376,10/18/2022,C and D,26.4365553626,-81.9208890045
1377,03/15/2023,C and D,26.4597259208,-81.9417867456
1378,11/02/2022,C and D,26.4486772,-81.9428291
1379,01/12/2023,C and D,26.4507955,-81.9487988
1380,12/08/2022,C and D,26.4362263,-81.9205214
1381,01/15/2023,Vegetation,26.4409829,-81.9282701
1382,12/06/2022,C and D,26.4581096918,-81.9407905725
1383,12/09/2022,C and D,26.4577766616,-81.9403973538
1384,10/12/2022,Dirty Sand Soil,26.448963,-81.9433937
1385,12/16/2022,C and D,26.4597144879,-81.9464780294
1386,01/11/2023,C and D,26.4575657334,-81.9390861582
1387,12/02/2022,HHW to DMS,26.4587261,-81.9540063
1388,10/18/2022,C and D,26.4173926274,-81.9015608077
1389,11/15/2022,C and D,26.4347767364,-81.9188437053
1390,11/13/2022,C and D,26.4583561197,-81.9416605868
1391,12/15/2022,Dirty Sand Soil,26.4343296,-81.9180425
1392,11/20/2022,C and D,26.4044826588,-81.8866836612
1393,12/11/2022,C and D,26.4383928571,-81.924468549
1394,01/08/2023,C and D,26.4298468763,-81.9124931777
1395,11/03/2022,C and D,26.4381512068,-81.9233743754
1396,10/30/2022,C and D,26.4046159,-81.885973
1397,03/17/2023,C and D,26.4628548703,-81.9511650101
1398,01/05/2023,Clean Sand Soil,26.4366384,-81.9221772
1399,11/06/2022,C and D,26.4321663,-81.9152883
1400,11/30/2022,C and D,26.4255219,-81.9078265
1401,10/21/2022,Dirty Sand Soil,26.4514747,-81.9512457
1402,12/19/2022,C and D,26.4358865842,-81.9204316568
1403,11/07/2022,C and D,26.4338722,-81.917483
1404,01/11/2023,C and D,26.4506937,-81.9486158
1405,10/11/2022,C and D,26.4481537946,-81.9411272136
1406,01/31/2023,C and D,26.4070843,-81.8962982
1407,02/09/2023,C and D,26.4379882383,-81.9229560164
1408,10/31/2022,Dirty Sand Soil,26.4472211,-81.938535
1409,12/05/2022,C and D,26.4061589,-81.8947855
1410,12/05/2022,C and D,26.4066785015,-81.8955972512
1411,11/12/2022,C and D,26.4387762454,-81.9242590853
1412,10/29/2022,C and D,26.4117908094,-81.8995560438
1413,11/28/2022,C and D,26.4259440715,-81.9084935816
1414,01/07/2023,C and D,26.4327577814,-81.9160214927
1415,10/24/2022,Dirty Sand Soil,26.4087433,-81.8977115
1416,11/15/2022,C and D,26.438301087,-81.923460462
1417,11/07/2022,C and D,26.4257849526,-81.9086817645
1418,10/24/2022,Clean Sand Soil,26.4493414,-81.9447938
1419,11/17/2022,C and D,26.4613571,-81.953819
1420,10/20/2022,C and D,26.4180404,-81.9018909
1421,12/05/2022,C and D,26.4596240502,-81.9404095878
1422,12/16/2022,C and D,26.418134,-81.901991
1423,10/16/2022,C and D,26.4311319727,-81.914000854
1424,01/22/2023,C and D,26.4643688336,-81.9538056691
1425,12/11/2022,C and D,26.4251249749,-81.9065518957
1426,10/15/2022,C and D,26.4364181976,-81.9208043396
1427,10/18/2022,C and D,26.4366069172,-81.9208779851
1428,10/19/2022,Clean Sand Soil,26.4525503,-81.9546245
1429,10/23/2022,C and D,26.4156459,-81.9010662
1430,11/16/2022,C and D,26.4358410705,-81.9198476896
1431,11/13/2022,C and D,26.4349393454,-81.9189829287
1432,01/03/2023,C and D,26.463907,-81.9530922
1433,02/18/2023,C and D,26.4631819095,-81.9532525771
1434,10/31/2022,C and D,26.4221877884,-81.9042994269
1435,12/04/2022,C and D,26.4594683031,-81.9403427675
1436,11/22/2022,C and D,26.4066135,-81.8956514
1437,11/22/2022,C and D,26.4065771,-81.8954714
1438,10/14/2022,Dirty Sand Soil,26.4486375,-81.9426261
1439,02/03/2023,C and D,26.4417847235,-81.929588782
1440,02/06/2023,C and D,26.4475967,-81.940255
1441,10/11/2022,C and D,26.4654861,-81.9543806
1442,11/05/2022,C and D,26.4177024622,-81.9016259822
1443,10/28/2022,C and D,26.4208551278,-81.9033192924
1444,11/08/2022,C and D,26.407852,-81.8968422
1445,12/10/2022,C and D,26.4578183256,-81.9401955656
1446,01/30/2023,Dirty Sand Soil,26.4116721,-81.8995518
1447,01/21/2023,Compact CD,26.448281,-81.9407452
1448,12/11/2022,C and D,26.4614837412,-81.9477056945
1449,11/19/2022,C and D,26.4596045,-81.9403428
1450,12/09/2022,Vegetation,26.4068121,-81.8959591
1451,01/30/2023,C and D,26.4661120624,-81.9556072355
1452,11/21/2022,C and D,26.4283833,-81.9113495
1453,10/24/2022,C and D,26.4186244,-81.9021212
1454,10/13/2022,C and D,26.4322979481,-81.9155747585
1455,12/03/2022,C and D,26.4591606563,-81.9455461103
1456,12/20/2022,C and D,26.4629175,-81.9540376
1457,11/07/2022,C and D,26.4044651762,-81.8876753469
1458,02/17/2023,C and D,26.4363868,-81.9209189
1459,01/10/2023,C and D,26.430302,-81.9131437
1460,12/05/2022,C and D,26.436127061,-81.9206194953
1461,12/05/2022,C and D,26.4613569041,-81.951083722
1462,12/11/2022,C and D,26.4412508,-81.9286411
1463,12/07/2022,C and D,26.4104597876,-81.8990491704
1464,01/05/2023,Clean Sand Soil,26.4366209,-81.9221763
1465,11/21/2022,C and D,26.4601989,-81.9403241
1466,12/09/2022,C and D,26.45865034,-81.9447778165
1467,10/31/2022,C and D,26.4289125033,-81.9116489841
1468,11/22/2022,C and D,26.4290813,-81.9119669
1469,05/02/2023,C and D,26.4048458,-81.8857994
1470,12/12/2022,C and D,26.4358932,-81.9202649
1471,02/08/2023,C and D,26.4599850837,-81.9469745196
1472,12/11/2022,C and D,26.4412741,-81.9288747
1473,10/17/2022,Clean Sand Soil,26.4524627,-81.9545081
1474,10/17/2022,C and D,26.416247843,-81.9011214895
1475,10/23/2022,Dirty Sand Soil,26.4304101,-81.9131939
1476,11/30/2022,C and D,26.4045754,-81.886298
1477,10/15/2022,C and D,26.43742574,-81.9224481868
1478,11/18/2022,C and D,26.4256343343,-81.9080683956
1479,12/09/2022,Dirty Sand Soil,26.4204681,-81.902955
1480,02/11/2023,C and D,26.4602322,-81.9472002
1481,12/05/2022,C and D,26.4614394776,-81.951062612
1482,10/30/2022,Dirty Sand Soil,26.434119,-81.9176756
1483,11/01/2022,C and D,26.4596540873,-81.9463510576
1484,12/09/2022,C and D,26.4587335849,-81.945390901
1485,10/16/2022,Dirty Sand Soil,26.4450739,-81.9357448
1486,11/05/2022,C and D,26.4255319,-81.9078902
1487,12/16/2022,C and D,26.4104564,-81.8989067
1488,01/31/2023,C and D,26.4376885,-81.922856
1489,10/29/2022,HHW to DMS,26.4601802352,-81.9473093734
1490,12/08/2022,Dirty Sand Soil,26.4078259,-81.8968442
1491,12/12/2022,C and D,26.4058121832,-81.8947587747
1492,11/04/2022,Dirty Sand Soil,26.4507369,-81.9485751
1493,11/11/2022,C and D,26.4397647651,-81.9260079694
1494,11/04/2022,C and D,26.4046005858,-81.8919636962
1495,05/16/2023,C and D,26.4060018,-81.8947218
1496,11/12/2022,C and D,26.4307473,-81.9136726
1497,01/27/2023,Compact CD,26.448,-81.9405437
1498,02/25/2023,C and D,26.410549,-81.8988383
1499,02/07/2023,C and D,26.4319514,-81.9149316
1500,12/12/2022,C and D,26.4246728382,-81.906096286
1501,10/19/2022,C and D,26.4442917772,-81.9342994324
1502,10/23/2022,C and D,26.4306785306,-81.913436791
1503,12/02/2022,C and D,26.4635531726,-81.9486413597
1504,11/14/2022,C and D,26.4255839093,-81.9079701427
1505,11/12/2022,C and D,26.4588420186,-81.9424364996
1506,11/03/2022,C and D,26.4304473,-81.9132343
1507,10/30/2022,Dirty Sand Soil,26.4230997,-81.9046651
1508,12/15/2022,C and D,26.462626,-81.9534157
1509,12/01/2022,C and D,26.4599922672,-81.9413911925
1510,11/17/2022,C and D,26.4104299885,-81.8991060927
1511,01/23/2023,Compact CD,26.448212,-81.9406158
1512,11/19/2022,C and D,26.4583538,-81.9395147
1513,01/09/2023,C and D,26.4611247316,-81.9501946617
1514,10/18/2022,Dirty Sand Soil,26.4514625,-81.9506753
1515,11/13/2022,C and D,26.4526116491,-81.9547765144
1516,10/07/2022,C and D,26.4652596,-81.9551244
1517,12/04/2022,C and D,26.441322919,-81.9289056771
1518,10/28/2022,Clean Sand Soil,26.4526956,-81.9552712
1519,05/03/2023,C and D,26.4598150738,-81.9465489966
1520,02/10/2023,C and D,26.4254088,-81.9074309
1521,12/03/2022,C and D,26.4079464,-81.8969217
1522,12/19/2022,C and D,26.435606922,-81.9198928681
1523,10/13/2022,Dirty Sand Soil,26.4489958,-81.9434236
1524,11/14/2022,C and D,26.4501560513,-81.9470097647
1525,11/05/2022,C and D,26.404567603,-81.8914243207
1526,11/15/2022,C and D,26.4256397914,-81.9081592095
1527,11/11/2022,C and D,26.441721688,-81.9295867906
1528,11/12/2022,C and D,26.4391951729,-81.9252107666
1529,11/29/2022,C and D,26.4171074,-81.9015835
1530,10/13/2022,Dirty Sand Soil,26.4489697,-81.9434088
1531,11/28/2022,C and D,26.431209568,-81.9142416292
1532,10/14/2022,C and D,26.4511426538,-81.9497723413
1533,10/13/2022,C and D,26.4326850739,-81.9159861224
1534,12/03/2022,C and D,26.4583063399,-81.9441886948
1535,10/18/2022,C and D,26.4305335429,-81.9132713276
1536,03/27/2023,Vegetation,26.4144598,-81.9006543
1537,11/03/2022,C and D,26.4061852609,-81.8951201733
1538,11/06/2022,C and D,26.4059555253,-81.8946156014
1539,11/08/2022,C and D,26.4524720656,-81.9546691329
1540,11/18/2022,C and D,26.4255613795,-81.9081507466
1541,10/16/2022,C and D,26.4307064306,-81.9136593389
1542,11/12/2022,C and D,26.4405896701,-81.9275599626
1543,12/11/2022,C and D,26.4578666522,-81.939438085
1544,11/14/2022,C and D,26.4417631984,-81.9295407501
1545,10/20/2022,C and D,26.4366856158,-81.9211691938
1546,11/30/2022,C and D,26.4363972,-81.9202861
1547,01/20/2023,Compact CD,26.4479091,-81.9406134
1548,11/11/2022,C and D,26.4582105815,-81.9424692275
1549,12/12/2022,C and D,26.4285545,-81.9112517
1550,10/07/2022,C and D,26.4652556,-81.9551328
1551,10/19/2022,Dirty Sand Soil,26.4459932,-81.9375569
1552,11/03/2022,C and D,26.4057953423,-81.8946291414
1553,05/01/2023,C and D,26.43725,-81.9212309
1554,01/29/2023,C and D,26.4662007429,-81.955468515
1555,11/02/2022,C and D,26.4450215595,-81.9354842138
1556,12/03/2022,C and D,26.461386332,-81.9510694954
1557,11/18/2022,C and D,26.4107336663,-81.8989659381
1558,11/14/2022,C and D,26.434659087,-81.9188131234
1559,12/11/2022,C and D,26.4578000082,-81.9394217311
1560,12/03/2022,C and D,26.4047489897,-81.8858949578
1561,02/09/2023,C and D,26.4167548,-81.9012843
1562,11/02/2022,C and D,26.4075463219,-81.8966371101
1563,12/20/2022,C and D,26.4613912401,-81.9508362998
1564,11/29/2022,C and D,26.4106897,-81.8992221
1565,12/11/2022,C and D,26.4401454,-81.9269092
1566,12/01/2022,C and D,26.4589672466,-81.9482806349
1567,11/12/2022,C and D,26.4330794,-81.9164547
1568,11/08/2022,C and D,26.4524428128,-81.9546838012
1569,12/03/2022,C and D,26.4362123888,-81.9207394403
1570,01/20/2023,C and D,26.4114867,-81.899395
1571,12/02/2022,C and D,26.4284032,-81.9113727
1572,12/10/2022,C and D,26.4656707,-81.9554267
1573,11/22/2022,C and D,26.4288157,-81.9116358
1574,12/16/2022,C and D,26.4597231749,-81.9464230588
1575,11/18/2022,C and D,26.4037499903,-81.8753699587
1576,02/20/2023,C and D,26.4311791,-81.9140649
1577,10/07/2022,C and D,26.4604362629,-81.9537424635
1578,10/28/2022,Clean Sand Soil,26.4526912,-81.9552856
1579,10/29/2022,C and D,26.4099056,-81.8984834
1580,10/29/2022,C and D,26.4625761455,-81.9486173452
1581,12/02/2022,C and D,26.4630480121,-81.9533036285
1582,11/06/2022,C and D,26.4045592211,-81.8911729474
1583,05/02/2023,C and D,26.4320962,-81.9151952
1584,11/08/2022,C and D,26.4339058,-81.9176121
1585,12/05/2022,C and D,26.4291701,-81.912193
1586,02/09/2023,Concrete to FDS,26.4481062,-81.9403067
1587,12/03/2022,C and D,26.460620088,-81.9538071147
1588,11/22/2022,Vegetation,26.4255340867,-81.9080136379
1589,10/10/2022,C and D,26.4442156862,-81.9341408257
1590,10/25/2022,C and D,26.4427011134,-81.9311077707
1591,11/09/2022,C and D,26.4145659,-81.9005787
1592,11/04/2022,C and D,26.4213347622,-81.9036758133
1593,10/14/2022,C and D,26.4501002385,-81.9466529322
1594,12/07/2022,C and D,26.4069467644,-81.8961383031
1595,10/31/2022,C and D,26.4500507,-81.9465963
1596,10/17/2022,Clean Sand Soil,26.4525254,-81.9545745
1597,12/02/2022,HHW to DMS,26.458726,-81.954006
1598,11/03/2022,C and D,26.4046153799,-81.8916224689
1599,01/09/2023,C and D,26.4614034244,-81.9510502014
1600,02/15/2023,C and D,26.4631202,-81.953248
1601,10/06/2022,C and D,26.4650613,-81.9551393
1602,11/04/2022,C and D,26.4180080902,-81.9018308873
1603,11/08/2022,Dirty Sand Soil,26.4145816,-81.900641
1604,12/04/2022,C and D,26.4654475,-81.9543845
1605,12/05/2022,C and D,26.4630571413,-81.9510200289
1606,01/07/2023,C and D,26.4310819,-81.9139655
1607,12/20/2022,C and D,26.4611788,-81.9538073
1608,11/13/2022,C and D,26.4111908,-81.8993244
1609,12/04/2022,C and D,26.4045498,-81.8881025
1610,12/01/2022,C and D,26.4624561779,-81.9486721009
1611,12/10/2022,C and D,26.4389402792,-81.9246129692
1612,12/13/2022,C and D,26.4428233,-81.9312026
1613,10/14/2022,Dirty Sand Soil,26.4514952196,-81.951220724
1614,11/20/2022,C and D,26.4387865686,-81.9240205656
1615,11/05/2022,C and D,26.434575,-81.9185788
1616,12/10/2022,C and D,26.4593650941,-81.9462089338
1617,11/05/2022,C and D,26.447823,-81.9409483
1618,11/29/2022,C and D,26.4242448751,-81.9057401084
1619,12/15/2022,Dirty Sand Soil,26.4509362,-81.9498415
1620,10/26/2022,C and D,26.4614093721,-81.9510404863
1621,11/03/2022,C and D,26.4060134813,-81.894875737
1622,11/18/2022,C and D,26.4414491577,-81.9290294586
1623,10/09/2022,C and D,26.4664818,-81.9558252
1624,01/30/2023,C and D,26.4662104659,-81.9556902163
1625,10/23/2022,Clean Sand Soil,26.4525762,-81.9546046
1626,11/29/2022,C and D,26.4249349,-81.9061788
1627,12/14/2022,Dirty Sand Soil,26.4515347,-81.9509686
1628,10/23/2022,C and D,26.4183697,-81.9020629
1629,11/04/2022,C and D,26.4043627074,-81.8894203753
1630,01/07/2023,Clean Sand Soil,26.4365389,-81.9222846
1631,03/10/2023,C and D,26.4067854,-81.8959883
1632,03/10/2023,C and D,26.4111969,-81.8994119
1633,01/10/2023,C and D,26.4576428261,-81.9389942638
1634,10/23/2022,Dirty Sand Soil,26.4304222,-81.913193
1635,11/20/2022,C and D,26.4098912,-81.8986504
1636,12/05/2022,C and D,26.4361903975,-81.9206735648
1637,10/30/2022,C and D,26.4191110958,-81.9022558194
1638,11/22/2022,C and D,26.4269155171,-81.9097738993
1639,11/04/2022,C and D,26.4217789376,-81.9039304784
1640,11/15/2022,C and D,26.4611088,-81.9538028
1641,02/28/2023,Concrete to FDS,26.4481602,-81.9407645
1642,11/01/2022,C and D,26.4102477255,-81.8988682051
1643,11/07/2022,C and D,26.4262159924,-81.9090432282
1644,11/27/2022,Dirty Sand Soil,26.4348474,-81.9187331
1645,03/05/2023,C and D,26.4601136,-81.9468021
1646,01/03/2023,C and D,26.4598217316,-81.9467226112
1647,11/08/2022,C and D,26.4614044714,-81.9511087135
1648,10/31/2022,C and D,26.4499583,-81.9465648
1649,01/17/2023,Vegetation,26.4588859681,-81.946230071
1650,10/21/2022,Dirty Sand Soil,26.431149,-81.9140766
1651,11/11/2022,C and D,26.4419107,-81.9297972602
1652,11/06/2022,C and D,26.451676,-81.9519749
1653,01/15/2023,C and D,26.4595245532,-81.9418094615
1654,10/17/2022,C and D,26.4306481372,-81.9134051086
1655,11/12/2022,C and D,26.4075401,-81.8967274
1656,12/09/2022,C and D,26.4594252568,-81.9461301027
1657,12/02/2022,C and D,26.4220102,-81.9041167
1658,11/05/2022,C and D,26.4180231979,-81.9018842653
1659,11/04/2022,C and D,26.4201068552,-81.9028407243
1660,11/05/2022,C and D,26.4175223806,-81.9016381673
1661,03/15/2023,C and D,26.4580747942,-81.9394861513
1662,11/02/2022,Dirty Sand Soil,26.4131355,-81.9000148
1663,10/23/2022,Clean Sand Soil,26.4525904,-81.9546317
1664,03/19/2023,C and D,26.4647828866,-81.9550462956
1665,10/16/2022,Dirty Sand Soil,26.4526135574,-81.9545395424
1666,10/22/2022,C and D,26.4253945106,-81.9069959223
1667,10/27/2022,C and D,26.4047995722,-81.8846457918
1668,02/09/2023,C and D,26.4065294713,-81.8954124302
1669,02/09/2023,C and D,26.4058556187,-81.8943690538
1670,10/25/2022,C and D,26.4420856466,-81.9303887289
1671,12/20/2022,C and D,26.4616789356,-81.9486581808
1672,12/09/2022,Vegetation,26.4068783,-81.8961117
1673,11/06/2022,C and D,26.4347368,-81.9186928
1674,12/12/2022,C and D,26.4047615768,-81.8885440271
1675,12/10/2022,C and D,26.4357407,-81.9200272
1676,11/01/2022,C and D,26.4274372482,-81.9102402751
1677,01/13/2023,C and D,26.4427505524,-81.9314994869
1678,11/18/2022,C and D,26.4256031461,-81.907767686
1679,12/12/2022,C and D,26.428664,-81.9112229
1680,10/17/2022,Dirty Sand Soil,26.4377976,-81.9230202
1681,12/01/2022,C and D,26.4429967,-81.9316164
1682,02/09/2023,C and D,26.4607614498,-81.9538120427
1683,02/15/2023,C and D,26.4633705,-81.9531455
1684,12/14/2022,C and D,26.4592919688,-81.9417418817
1685,02/09/2023,C and D,26.4106895,-81.8989047
1686,11/30/2022,C and D,26.4255171223,-81.907801889
1687,02/09/2023,C and D,26.4102472,-81.8987879
1688,12/03/2022,C and D,26.4283619,-81.9113652
1689,12/06/2022,C and D,26.4201695,-81.9033949
1690,12/06/2022,C and D,26.4207084,-81.9038567
1691,11/12/2022,Dirty Sand Soil,26.4419819,-81.9297452
1692,11/10/2022,C and D,26.4608545974,-81.9526061789
1693,11/11/2022,Dirty Sand Soil,26.4289575,-81.9117223
1694,11/14/2022,C and D,26.4446464799,-81.9345066032
1695,12/11/2022,C and D,26.4387143,-81.9244124
1696,11/26/2022,C and D,26.4337930939,-81.9172645395
1697,10/23/2022,C and D,26.4325092701,-81.9157643698
1698,10/18/2022,Dirty Sand Soil,26.4496256,-81.9453074
1699,01/06/2023,C and D,26.4477430541,-81.9400868302
1700,10/18/2022,Dirty Sand Soil,26.4519258,-81.9521539
1701,11/05/2022,C and D,26.4067289187,-81.8957973272
1702,12/08/2022,C and D,26.457885237,-81.9404095686
1703,12/11/2022,C and D,26.4413544,-81.9287114
1704,01/30/2023,C and D,26.4290274,-81.9119631
1705,12/06/2022,C and D,26.4611276379,-81.9523224515
1706,11/05/2022,Dirty Sand Soil,26.4349113,-81.9190372
1707,10/30/2022,C and D,26.4275626667,-81.9103465024
1708,12/09/2022,C and D,26.4351390023,-81.9191053045
1709,12/19/2022,C and D,26.4356489656,-81.9197635441
1710,11/08/2022,C and D,26.4509528834,-81.949474156
1711,12/13/2022,HHW to DMS,26.4607050907,-81.9478874012
1712,11/02/2022,C and D,26.4274296,-81.9101692
1713,10/24/2022,C and D,26.4339841445,-81.9174872422
1714,10/20/2022,Dirty Sand Soil,26.451388,-81.9512787
1715,01/07/2023,Clean Sand Soil,26.4364972,-81.922358
1716,12/20/2022,C and D,26.4614918766,-81.9515759299
1717,11/15/2022,C and D,26.4612229,-81.9538479
1718,02/09/2023,C and D,26.4170782,-81.901352
1719,12/02/2022,C and D,26.4283464,-81.911316
1720,11/07/2022,C and D,26.4077751,-81.8967547
1721,10/22/2022,C and D,26.4254341525,-81.9070838164
1722,11/20/2022,C and D,26.4282746,-81.9112034
1723,11/03/2022,Dirty Sand Soil,26.4379789,-81.9232835
1724,11/04/2022,C and D,26.4254874246,-81.9077916957
1725,11/14/2022,C and D,26.4591913,-81.9409511
1726,12/14/2022,C and D,26.459939182,-81.9414528214
1727,10/28/2022,Clean Sand Soil,26.4526808,-81.9552752
1728,11/05/2022,C and D,26.4206518047,-81.9031448197
1729,01/30/2023,C and D,26.4289797,-81.9119266
1730,11/11/2022,C and D,26.4256301316,-81.9082888117
1731,12/12/2022,C and D,26.4617048158,-81.9486311451
1732,12/01/2022,C and D,26.4640157,-81.953047789
1733,11/21/2022,C and D,26.4585582,-81.9417279
1734,11/03/2022,C and D,26.4369262336,-81.9215901197
1735,12/16/2022,C and D,26.4579571125,-81.9438712319
1736,01/06/2023,C and D,26.4304362,-81.9131574
1737,02/13/2023,C and D,26.4254101245,-81.9074728661
1738,01/07/2023,Clean Sand Soil,26.4365254,-81.9221769
1739,11/29/2022,C and D,26.4340625257,-81.9177188035
1740,11/30/2022,C and D,26.4357041,-81.9198524
1741,01/21/2023,C and D,26.4195444136,-81.9025540878
1742,12/15/2022,Dirty Sand Soil,26.4489131,-81.9435202
1743,11/15/2022,Vegetation,26.4404754861,-81.9271752035
1744,11/21/2022,C and D,26.4045569,-81.8880121
1745,11/18/2022,C and D,26.4414827277,-81.9291498107
1746,12/16/2022,C and D,26.4044173155,-81.8892285135
1747,01/11/2023,C and D,26.4507324,-81.9486496
1748,11/01/2022,C and D,26.4598041354,-81.9466762339
1749,01/31/2023,C and D,26.4378424,-81.9228437
1750,02/10/2023,C and D,26.4641761,-81.9477493
1751,12/08/2022,C and D,26.4585590568,-81.940916545
1752,10/08/2022,C and D,26.4623909,-81.9534737
1753,10/08/2022,C and D,26.4622747,-81.9535096
1754,12/05/2022,C and D,26.4628155322,-81.9512260959
1755,12/09/2022,Dirty Sand Soil,26.4209831,-81.9034883
1756,10/25/2022,C and D,26.4438499833,-81.9332539933
1757,10/07/2022,C and D,26.4587763211,-81.9537825833
1758,12/05/2022,C and D,26.406515,-81.8954267
1759,11/11/2022,C and D,26.4256867954,-81.908388354
1760,02/14/2023,C and D,26.4058431314,-81.8946607586
1761,10/31/2022,C and D,26.4182425614,-81.9019913947
1762,02/02/2023,C and D,26.4318701817,-81.9150116678
1763,10/23/2022,C and D,26.4524841,-81.9547377
1764,11/04/2022,Dirty Sand Soil,26.4515583,-81.9510017
1765,11/05/2022,C and D,26.4345724,-81.9185003
1766,12/03/2022,C and D,26.4643831,-81.9543953
1767,12/01/2022,C and D,26.4647115,-81.9507499
1768,10/15/2022,C and D,26.4338430717,-81.9174317126
1769,12/15/2022,C and D,26.4643343,-81.9543499
1770,03/25/2023,C and D,26.4595109556,-81.9462043847
1771,03/25/2023,C and D,26.4595141595,-81.9462164213
1772,12/12/2022,C and D,26.4310788,-81.9137828
1773,11/05/2022,C and D,26.4255244672,-81.9079493335
1774,11/30/2022,C and D,26.4626933,-81.9510401
1775,10/17/2022,C and D,26.4097595876,-81.8985835486
1776,01/10/2023,C and D,26.430245,-81.9129983
1777,11/21/2022,C and D,26.4264103,-81.9092549
1778,11/02/2022,C and D,26.4288859349,-81.9115871564
1779,01/13/2023,C and D,26.448883,-81.9435182
1780,10/15/2022,C and D,26.4497105936,-81.9458820343
1781,10/19/2022,C and D,26.4365976325,-81.9209125843
1782,12/03/2022,C and D,26.4614606485,-81.9538822965
1783,11/17/2022,C and D,26.4525879035,-81.95483258
1784,12/15/2022,Dirty Sand Soil,26.4508067,-81.948617
1785,11/12/2022,C and D,26.4384159,-81.9237307
1786,11/03/2022,C and D,26.4485275,-81.9426671
1787,10/20/2022,C and D,26.4364276466,-81.9207919612
1788,11/15/2022,C and D,26.425618412,-81.9080666887
1789,01/16/2023,C and D,26.4225422,-81.9044194
1790,11/03/2022,C and D,26.4254760281,-81.9070256285
1791,12/07/2022,C and D,26.4072129405,-81.8962500515
1792,01/23/2023,C and D,26.4104205,-81.89903
1793,11/30/2022,C and D,26.4630779074,-81.9541036771
1794,11/21/2022,C and D,26.4282209,-81.911181
1795,11/12/2022,C and D,26.4283150826,-81.9110377031
1796,02/13/2023,C and D,26.4254056,-81.907539
1797,10/14/2022,C and D,26.4045944928,-81.8911503247
1798,11/04/2022,C and D,26.4193892466,-81.9024485208
1799,10/14/2022,C and D,26.4088699,-81.8978179
1800,10/19/2022,C and D,26.4442985826,-81.9343127902
1801,01/03/2023,C and D,26.4507464,-81.9491247
1802,12/01/2022,C and D,26.4424279,-81.9307693
1803,10/31/2022,C and D,26.4284938326,-81.9112580483
1804,03/28/2023,C and D,26.4103488531,-81.8989091926
1805,11/14/2022,C and D,26.4502005643,-81.9470140047
1806,12/06/2022,C and D,26.4613178779,-81.9503148166
1807,10/17/2022,Dirty Sand Soil,26.4354861,-81.9195281
1808,11/03/2022,C and D,26.4046097221,-81.891563125
1809,10/06/2022,C and D,26.4648967,-81.9551221
1810,11/12/2022,C and D,26.4309834,-81.9138563
1811,10/17/2022,C and D,26.4305661658,-81.9134148583
1812,12/12/2022,C and D,26.4582092684,-81.9403364702
1813,12/12/2022,C and D,26.4577659534,-81.9402873421
1814,10/12/2022,C and D,26.424354634,-81.9057532011
1815,12/03/2022,C and D,26.4045220302,-81.8860363202
1816,01/17/2023,C and D,26.4345995,-81.9184332
1817,10/14/2022,Dirty Sand Soil,26.4516412,-81.9514849
1818,02/02/2023,C and D,26.4584175172,-81.9409033657
1819,11/08/2022,C and D,26.4524847642,-81.9546415564
1820,02/07/2023,C and D,26.4663976,-81.9557518
1821,12/07/2022,C and D,26.4582486,-81.9408314
1822,10/28/2022,C and D,26.4183642292,-81.9019993228
1823,11/08/2022,C and D,26.4339187,-81.9174984
1824,11/12/2022,C and D,26.425498184,-81.9078689964
1825,12/04/2022,C and D,26.4044997,-81.8880642
1826,12/07/2022,C and D,26.4343007562,-81.9171537349
1827,10/14/2022,C and D,26.4175314,-81.9016623
1828,10/12/2022,C and D,26.4158335584,-81.901347198
1829,11/06/2022,C and D,26.4064650983,-81.8954515737
1830,12/04/2022,C and D,26.4048426552,-81.8926405349
1831,11/08/2022,C and D,26.4497593,-81.9460581
1832,11/07/2022,C and D,26.4609789874,-81.9489715906
1833,10/21/2022,C and D,26.4289355465,-81.9116575445
1834,11/20/2022,C and D,26.4148004,-81.9007402
1835,12/12/2022,C and D,26.4451155,-81.9354661
1836,12/07/2022,C and D,26.4582453,-81.9408379
1837,12/03/2022,C and D,26.4643125,-81.9543784
1838,10/23/2022,Dirty Sand Soil,26.4232145,-81.9048211
1839,10/19/2022,Clean Sand Soil,26.4525571,-81.9546396
1840,12/15/2022,C and D,26.4334434,-81.9168701
1841,10/17/2022,C and D,26.4523673808,-81.9536284119
1842,02/12/2023,C and D,26.4254352124,-81.9075409033
1843,11/13/2022,C and D,26.4459188771,-81.9374657385
1844,12/02/2022,C and D,26.40462,-81.8863876
1845,10/15/2022,C and D,26.4161543,-81.9011749
1846,12/04/2022,C and D,26.4597461745,-81.9402587973
1847,10/06/2022,C and D,26.4635290649,-81.9530970915
1848,10/24/2022,C and D,26.4338230897,-81.9174485004
1849,10/28/2022,C and D,26.4633750357,-81.948684957
1850,10/13/2022,Dirty Sand Soil,26.4489696,-81.9433868
1851,11/02/2022,C and D,26.4082045527,-81.8972888031
1852,10/18/2022,C and D,26.4365760605,-81.9209342743
1853,11/09/2022,C and D,26.4415108413,-81.9291608223
1854,12/12/2022,C and D,26.4444524,-81.9342331
1855,11/26/2022,Dirty Sand Soil,26.441393,-81.9291481
1856,01/10/2023,C and D,26.4301200284,-81.9128676586
1857,02/07/2023,C and D,26.4640239256,-81.9486492622
1858,05/16/2023,C and D,26.4046177,-81.8920516
1859,11/13/2022,Dirty Sand Soil,26.4395888,-81.9256081
1860,11/28/2022,C and D,26.4211812,-81.9035117
1861,10/31/2022,Dirty Sand Soil,26.4185619,-81.9020018
1862,10/18/2022,C and D,26.4305189871,-81.9132885295
1863,10/31/2022,C and D,26.4213089878,-81.9036337362
1864,10/16/2022,C and D,26.4448863,-81.9353872
1865,10/14/2022,Dirty Sand Soil,26.4517938,-81.9517064
1866,11/28/2022,C and D,26.4497707513,-81.9461849831
1867,10/24/2022,C and D,26.4319962467,-81.915153558
1868,11/07/2022,C and D,26.4099799,-81.89858
1869,10/22/2022,Dirty Sand Soil,26.4292229,-81.9120411
1870,03/13/2023,C and D,26.4288601186,-81.9115987235
1871,01/05/2023,C and D,26.4302746,-81.9130961
1872,11/12/2022,C and D,26.4254113112,-81.907371477
1873,11/20/2022,C and D,26.4668795385,-81.9548533165
1874,02/21/2023,C and D,26.4057904,-81.8946558
1875,12/06/2022,C and D,26.4656465,-81.955355
1876,11/12/2022,C and D,26.4099318115,-81.8987268024
1877,10/24/2022,Dirty Sand Soil,26.4310855,-81.9140002
1878,10/22/2022,C and D,26.428702883,-81.911586649
1879,12/06/2022,Dirty Sand Soil,26.4323791,-81.9155756
1880,03/19/2023,C and D,26.4043255,-81.8884443
1881,10/23/2022,Dirty Sand Soil,26.4512129,-81.9499763
1882,10/23/2022,C and D,26.4255332994,-81.9078740571
1883,11/04/2022,Vegetation,26.4047863589,-81.8844149573
1884,02/15/2023,C and D,26.4593431726,-81.9492106699
1885,10/12/2022,C and D,26.404569276,-81.8882624708
1886,12/03/2022,C and D,26.4584292937,-81.9403172192
1887,03/09/2023,C and D,26.4109029,-81.8989557
1888,11/16/2022,C and D,26.4256558009,-81.9081338961
1889,01/30/2023,C and D,26.4663860249,-81.955696419
1890,11/20/2022,C and D,26.4384721932,-81.9237915429
1891,03/16/2023,C and D,26.4604319493,-81.9477669484
1892,03/19/2023,C and D,26.4042418,-81.8883947
1893,11/29/2022,Vegetation,26.4242946636,-81.9057137892
1894,11/14/2022,C and D,26.4417844896,-81.9296543816
1895,10/15/2022,Dirty Sand Soil,26.4491368225,-81.9440001436
1896,10/14/2022,Dirty Sand Soil,26.4439067,-81.9333203
1897,11/01/2022,Dirty Sand Soil,26.4124257,-81.8997522
1898,11/07/2022,C and D,26.4057438774,-81.8944340107
1899,02/11/2023,C and D,26.4602262,-81.9472662
1900,10/27/2022,C and D,26.459813087,-81.9466161192
1901,01/11/2023,Clean Sand Soil,26.4366817,-81.9221243
1902,01/04/2023,C and D,26.4601638908,-81.947596562
1903,11/16/2022,C and D,26.4044379832,-81.8906101012
1904,11/02/2022,C and D,26.4288527517,-81.9116721143
1905,12/02/2022,C and D,26.4360328485,-81.9202109613
1906,11/13/2022,C and D,26.4172562,-81.9015469
1907,12/05/2022,Vegetation,26.4508708287,-81.9494166133
1908,11/13/2022,C and D,26.4105156,-81.8990478
1909,10/22/2022,Dirty Sand Soil,26.4291966,-81.9120308
1910,11/18/2022,C and D,26.4296447,-81.9124925
1911,03/25/2023,C and D,26.4604444671,-81.9475987599
1912,11/02/2022,C and D,26.4597707052,-81.9465848294
1913,10/11/2022,C and D,26.4290764,-81.9118239
1914,11/03/2022,Dirty Sand Soil,26.435396,-81.9193863
1915,10/22/2022,C and D,26.4183378,-81.9020675
1916,10/12/2022,Dirty Sand Soil,26.4489109,-81.943398
1917,03/15/2023,C and D,26.4591131888,-81.9425337397
1918,12/09/2022,C and D,26.4588288941,-81.9450666117
1919,02/11/2023,C and D,26.4361015,-81.9203497
1920,11/06/2022,C and D,26.422023,-81.9040634
1921,10/16/2022,Dirty Sand Soil,26.438142,-81.9232209
1922,11/30/2022,C and D,26.4428662662,-81.9317618741
1923,11/14/2022,C and D,26.4460602498,-81.9377053881
1924,10/17/2022,Clean Sand Soil,26.4525605,-81.9546044
1925,10/14/2022,C and D,26.436573299,-81.9209892977
1926,11/05/2022,C and D,26.4487523,-81.9435438
1927,12/05/2022,C and D,26.4486172,-81.9428662
1928,12/09/2022,C and D,26.4587222888,-81.9448643062
1929,11/06/2022,C and D,26.4647748135,-81.9508088474
1930,10/31/2022,Dirty Sand Soil,26.4115227,-81.899495
1931,02/17/2023,C and D,26.4282495,-81.9111249
1932,12/06/2022,C and D,26.4609406273,-81.9523658521
1933,10/08/2022,C and D,26.4664725,-81.9558078
1934,11/21/2022,C and D,26.4604141949,-81.9538357498
1935,10/14/2022,C and D,26.4478008349,-81.9400783679
1936,10/25/2022,C and D,26.4254092891,-81.9072826301
1937,12/04/2022,C and D,26.4049352847,-81.8932123445
1938,11/06/2022,C and D,26.4606428286,-81.9477113151
1939,12/02/2022,C and D,26.4222663,-81.9042572
1940,01/07/2023,C and D,26.4310423094,-81.9139870194
1941,11/16/2022,C and D,26.4255593874,-81.9080659218
1942,12/07/2022,C and D,26.4663759,-81.9557257
1943,11/16/2022,C and D,26.4108626831,-81.8992496103
1944,12/06/2022,C and D,26.4437972,-81.9330609
1945,10/20/2022,Clean Sand Soil,26.4525723,-81.9545959
1946,10/21/2022,C and D,26.4306395129,-81.9134403952
1947,11/02/2022,C and D,26.4601257909,-81.9469437004
1948,11/05/2022,C and D,26.406655116,-81.8956787233
1949,12/12/2022,C and D,26.4615708,-81.9521678
1950,10/30/2022,C and D,26.4234593,-81.9050604
1951,12/11/2022,C and D,26.4613514,-81.9522147
1952,01/22/2023,C and D,26.4593295085,-81.9458083913
1953,12/11/2022,C and D,26.4656386,-81.9554671
1954,11/29/2022,C and D,26.4246683,-81.9062967
1955,12/18/2022,Dirty Sand Soil,26.4383734,-81.9237904
1956,10/12/2022,C and D,26.4050697,-81.8929054
1957,11/01/2022,C and D,26.4107858017,-81.8991842029
1958,11/30/2022,Vegetation,26.4256728,-81.9081192
1959,11/01/2022,C and D,26.4598521018,-81.9466729711
1960,11/21/2022,C and D,26.4045902,-81.8878308
1961,10/22/2022,Clean Sand Soil,26.4525511,-81.9545984
1962,05/16/2023,C and D,26.4058487,-81.8948958
1963,12/12/2022,C and D,26.4305683,-81.9131954
1964,11/11/2022,C and D,26.4099252797,-81.8986357986
1965,12/15/2022,Dirty Sand Soil,26.4514954,-81.9508057
1966,10/28/2022,Clean Sand Soil,26.4526697,-81.955272
1967,10/29/2022,C and D,26.4114622632,-81.8994662539
1968,11/17/2022,C and D,26.4342324576,-81.9178846479
1969,12/14/2022,C and D,26.4056131759,-81.8942151002
1970,10/30/2022,C and D,26.4212035434,-81.9037212432
1971,10/19/2022,C and D,26.4304840599,-81.9133278259
1972,10/14/2022,C and D,26.4505987662,-81.948101248
1973,10/05/2022,C and D,26.4648811899,-81.9508588768
1974,12/03/2022,C and D,26.404734,-81.8862203
1975,10/24/2022,C and D,26.4250138309,-81.9063819107
1976,12/04/2022,C and D,26.404688,-81.8861653
1977,10/23/2022,Clean Sand Soil,26.4525736,-81.9545957
1978,12/01/2022,C and D,26.4617986444,-81.9486669986
1979,11/29/2022,C and D,26.4225796687,-81.9045775989
1980,12/09/2022,C and D,26.4586759409,-81.9409292448
1981,10/24/2022,C and D,26.4098992,-81.8985929
1982,02/16/2023,C and D,26.4172197,-81.9017775
1983,11/06/2022,C and D,26.4286492,-81.9117214
1984,02/11/2023,C and D,26.4602514,-81.9473338
1985,12/14/2022,C and D,26.4597636089,-81.942523839
1986,11/07/2022,C and D,26.4437709796,-81.9331693836
1987,11/14/2022,C and D,26.4060026268,-81.8947064225
1988,11/07/2022,C and D,26.4078203,-81.896751
1989,10/30/2022,C and D,26.4648659667,-81.9550244418
1990,11/07/2022,C and D,26.4437578027,-81.9330882285
1991,10/17/2022,C and D,26.4522806779,-81.9535401368
1992,02/27/2023,C and D,26.4314909,-81.9147497
1993,12/08/2022,C and D,26.4606449241,-81.9523270615
1994,10/15/2022,Dirty Sand Soil,26.4491627645,-81.9442379382
1995,11/08/2022,C and D,26.4628972225,-81.9477680244
1996,02/07/2023,C and D,26.4475954,-81.9398585
1997,11/30/2022,C and D,26.4356306,-81.9197476
1998,12/03/2022,C and D,26.4361251786,-81.9202340912
1999,05/01/2023,C and D,26.4374591,-81.9221293
2000,10/23/2022,C and D,26.4184123,-81.9020639
2001,01/19/2023,C and D,26.4287449006,-81.9117933237
2002,01/31/2023,C and D,26.4071653,-81.8963499
2003,01/19/2023,C and D,26.4293021858,-81.9122631863
2004,11/18/2022,C and D,26.4254125079,-81.907604142
2005,11/14/2022,C and D,26.4101891913,-81.8989626704
2006,11/14/2022,C and D,26.4330046,-81.9163862
2007,10/17/2022,Dirty Sand Soil,26.4354688,-81.9195052
2008,12/12/2022,C and D,26.4615353,-81.9521679
2009,10/19/2022,C and D,26.4045451395,-81.8863105216
2010,12/03/2022,C and D,26.4047242,-81.8860794
2011,10/31/2022,Dirty Sand Soil,26.4181564,-81.9018658
2012,11/09/2022,C and D,26.4106772561,-81.8991056644
2013,12/04/2022,C and D,26.4342532447,-81.9181556349
2014,10/24/2022,C and D,26.4183693,-81.9020232
2015,10/16/2022,Dirty Sand Soil,26.4454903,-81.9365926
2016,12/04/2022,Dirty Sand Soil,26.450022,-81.9467141
2017,03/10/2023,C and D,26.4099331,-81.8986845
2018,11/28/2022,C and D,26.4256761,-81.9084122
2019,02/09/2023,C and D,26.4120419976,-81.8995598798
2020,11/11/2022,C and D,26.4098030938,-81.8986129723
2021,01/14/2023,C and D,26.4225179,-81.9044581
2022,01/03/2023,C and D,26.4507778,-81.9491507
2023,03/17/2023,C and D,26.4642006421,-81.9530742965
2024,03/17/2023,C and D,26.4641394035,-81.9530018839
2025,11/15/2022,C and D,26.4328622,-81.9162233
2026,11/12/2022,C and D,26.4617752657,-81.951249065
2027,10/21/2022,Dirty Sand Soil,26.4514445,-81.9513154
2028,11/04/2022,Dirty Sand Soil,26.4361703,-81.9204672
2029,02/09/2023,C and D,26.4603748555,-81.9476244102
2030,11/14/2022,C and D,26.4499627925,-81.9468912161
2031,11/05/2022,C and D,26.4478738,-81.9407116
2032,12/10/2022,C and D,26.4413306,-81.9290791
2033,12/09/2022,C and D,26.4585906317,-81.9409526227
2034,12/10/2022,C and D,26.4414398,-81.9290749
2035,11/05/2022,C and D,26.40609378,-81.8949303032
2036,12/09/2022,Dirty Sand Soil,26.4205334,-81.90313
2037,12/14/2022,C and D,26.4056275018,-81.8942899228
2038,02/21/2023,C and D,26.4058632555,-81.8947580622
2039,12/05/2022,C and D,26.4623420811,-81.9511299557
2040,11/19/2022,Sand CD,26.4525459,-81.954657
2041,03/15/2023,C and D,26.4590120904,-81.9425093355
2042,01/30/2023,C and D,26.4289744,-81.9119279
2043,05/16/2023,C and D,26.4045027,-81.8875482
2044,03/08/2023,C and D,26.4401993,-81.9268652
2045,10/14/2022,C and D,26.428945153,-81.9117423055
2046,10/10/2022,C and D,26.44887,-81.9436802
2047,11/02/2022,C and D,26.4629379252,-81.9477419119
2048,11/07/2022,C and D,26.4437644691,-81.9331977662
2049,11/15/2022,C and D,26.4383573137,-81.9234460273
2050,01/09/2023,C and D,26.4302685,-81.9129411
2051,02/01/2023,Dirty Sand Soil,26.426258,-81.9091059
2052,10/23/2022,C and D,26.4479018524,-81.9407304136
2053,05/03/2023,C and D,26.4597797022,-81.9465896488
2054,11/19/2022,C and D,26.4386837524,-81.9241331196
2055,10/14/2022,Vegetation,26.4061203599,-81.8951351677
2056,11/22/2022,C and D,26.4065665,-81.895497
2057,05/02/2023,C and D,26.407305,-81.8963972
2058,01/09/2023,C and D,26.4326073,-81.9160175
2059,03/19/2023,C and D,26.4659692428,-81.9555925118
2060,10/30/2022,C and D,26.4273892262,-81.9101062052
2061,10/07/2022,C and D,26.4606428888,-81.9537156067
2062,12/09/2022,C and D,26.4658841,-81.9554565
2063,11/30/2022,C and D,26.436978,-81.9217114
2064,10/23/2022,C and D,26.4273471851,-81.9102403522
2065,11/26/2022,Dirty Sand Soil,26.4447546,-81.9347148
2066,11/11/2022,C and D,26.4414107194,-81.9289918431
2067,10/16/2022,C and D,26.4311482106,-81.9140142203
2068,02/20/2023,C and D,26.4312882,-81.9141953
2069,10/24/2022,C and D,26.433827163,-81.9172208651
2070,10/31/2022,C and D,26.4647459957,-81.9551227824
2071,12/01/2022,Vegetation,26.4357835,-81.9199188
2072,12/18/2022,C and D,26.4592992792,-81.9425410941
2073,11/05/2022,C and D,26.461830427,-81.9477193483
2074,10/30/2022,C and D,26.4233312,-81.9050216
2075,10/30/2022,C and D,26.4190817749,-81.9022398898
2076,11/07/2022,C and D,26.4327695,-81.9159215
2077,11/21/2022,C and D,26.4281795,-81.9111139
2078,01/11/2023,C and D,26.4588567033,-81.9461417641
2079,02/09/2023,C and D,26.410339,-81.8989585
2080,12/02/2022,C and D,26.4361176733,-81.9201912639
2081,01/12/2023,C and D,26.4587766816,-81.946198173
2082,11/17/2022,C and D,26.4415388368,-81.9292534423
2083,11/02/2022,C and D,26.4287721343,-81.9115697783
2084,12/04/2022,C and D,26.4577087774,-81.9403463554
2085,02/01/2023,C and D,26.4418028,-81.9295783
2086,03/09/2023,C and D,26.4218151,-81.9040508
2087,11/29/2022,C and D,26.4323365,-81.9156924
2088,12/07/2022,C and D,26.4339586208,-81.9176157565
2089,10/15/2022,C and D,26.4507532725,-81.9486140461
2090,12/12/2022,C and D,26.4343310287,-81.9183153939
2091,11/14/2022,C and D,26.4054888161,-81.8942421489
2092,12/02/2022,C and D,26.4219678,-81.904146
2093,12/16/2022,C and D,26.463926062,-81.9477192779
2094,11/07/2022,C and D,26.4327401,-81.9159333
2095,12/14/2022,C and D,26.4599580446,-81.9414004696
2096,12/11/2022,C and D,26.4414318,-81.9289277
2097,10/19/2022,C and D,26.4365692454,-81.9209311203
2098,01/22/2023,C and D,26.4643697879,-81.9536690175
2099,10/31/2022,Dirty Sand Soil,26.4211513,-81.9034913
2100,11/14/2022,C and D,26.4417381794,-81.929572107
2101,12/03/2022,C and D,26.4482803177,-81.9415208605
2102,10/28/2022,C and D,26.4214359317,-81.903782934
2103,01/19/2023,C and D,26.420985,-81.903885
2104,11/05/2022,C and D,26.4643775532,-81.9528269582
2105,11/15/2022,C and D,26.4407277364,-81.9276637408
2106,01/13/2023,C and D,26.4627765992,-81.9486612156
2107,11/21/2022,Sand CD,26.452527,-81.954634
2108,12/16/2022,C and D,26.4582434624,-81.9439578314
2109,10/21/2022,C and D,26.4288724744,-81.9117324979
2110,11/02/2022,Dirty Sand Soil,26.4144171,-81.9005585
2111,12/02/2022,C and D,26.4662766,-81.9556526
2112,12/02/2022,HHW to DMS,26.4587267,-81.9540067
2113,10/15/2022,C and D,26.4176917,-81.9018134
2114,11/05/2022,C and D,26.4045517612,-81.8863729668
2115,11/17/2022,C and D,26.4255813696,-81.9079591335
2116,12/02/2022,C and D,26.4599067695,-81.9414525048
2117,02/17/2023,C and D,26.4278452,-81.9108375
2118,11/11/2022,C and D,26.4609987242,-81.9491572772
2119,05/16/2023,C and D,26.425497,-81.9076802
2120,10/17/2022,C and D,26.4668315824,-81.9549406959
2121,11/11/2022,C and D,26.4412344899,-81.9284579159
2122,05/16/2023,C and D,26.4044642,-81.8894546
2123,05/16/2023,C and D,26.404828,-81.8860142
2124,01/23/2023,Compact CD,26.4479466,-81.9406103
2125,12/03/2022,C and D,26.4590240736,-81.9403291215
2126,11/11/2022,Vegetation,26.4255289,-81.9081796
2127,01/24/2023,Compact CD,26.4480007,-81.940582
2128,05/16/2023,C and D,26.4061353,-81.8945189
2129,11/01/2022,C and D,26.4110352037,-81.8993730955
2130,01/11/2023,C and D,26.4588062448,-81.9461765423
2131,12/12/2022,C and D,26.446195,-81.9376552
2132,11/14/2022,C and D,26.4103983063,-81.8990011421
2133,10/31/2022,Dirty Sand Soil,26.4252791,-81.9068428
2134,01/22/2023,C and D,26.4644047735,-81.9536353185
2135,11/05/2022,C and D,26.4049347989,-81.8923785575
2136,11/09/2022,C and D,26.4599835,-81.949233
2137,11/01/2022,Dirty Sand Soil,26.4470474,-81.9381487
2138,12/07/2022,Dirty Sand Soil,26.4279627,-81.9109273
2139,01/25/2023,C and D,26.4333092,-81.9166487
2140,11/08/2022,C and D,26.4608519182,-81.9487848119
2141,01/20/2023,C and D,26.4054860887,-81.893833804
2142,12/03/2022,Vegetation,26.4285011217,-81.911582714
2143,11/19/2022,C and D,26.4385583623,-81.9239784494
2144,12/08/2022,C and D,26.4578655976,-81.9404001787
2145,12/02/2022,C and D,26.4618101109,-81.953867133
2146,10/12/2022,C and D,26.4492888863,-81.9444884376
2147,11/05/2022,C and D,26.4049047232,-81.8922304922
2148,12/12/2022,C and D,26.4439421,-81.9332877
2149,01/16/2023,C and D,26.4597412562,-81.9402605004
2150,12/14/2022,Dirty Sand Soil,26.4513785,-81.9506623
2151,11/06/2022,C and D,26.4525518,-81.9546408
2152,11/08/2022,C and D,26.4452579,-81.9362068
2153,11/30/2022,C and D,26.4425274404,-81.9309517835
2154,10/31/2022,Dirty Sand Soil,26.4211914,-81.9034258
2155,02/28/2023,C and D,26.459528748,-81.9406021201
2156,11/30/2022,C and D,26.4582135276,-81.9417193197
2157,10/28/2022,Clean Sand Soil,26.4526859,-81.9552865
2158,10/23/2022,Dirty Sand Soil,26.4232732,-81.9048269
2159,11/06/2022,C and D,26.432686,-81.9159131
2160,01/10/2023,C and D,26.45762786,-81.9393598324
2161,11/01/2022,Dirty Sand Soil,26.4118952,-81.8997166
2162,01/08/2023,C and D,26.4326319,-81.9158549
2163,10/12/2022,C and D,26.4493095099,-81.944332179
2164,10/28/2022,C and D,26.4220599073,-81.9042778164
2165,01/10/2023,C and D,26.4301817665,-81.9129317009
2166,11/19/2022,C and D,26.4581783,-81.9409375
2167,12/06/2022,C and D,26.4632013847,-81.9511855359
2168,10/25/2022,Dirty Sand Soil,26.4492537,-81.9433707
2169,12/06/2022,C and D,26.4624273948,-81.9515242343
2170,12/03/2022,C and D,26.410794,-81.8999847
2171,10/15/2022,C and D,26.4310096094,-81.9139696858
2172,10/29/2022,HHW to DMS,26.4601316583,-81.9469479752
2173,12/02/2022,C and D,26.4256217,-81.9078488
2174,10/29/2022,HHW to DMS,26.4610805735,-81.9476898944
2175,10/06/2022,C and D,26.4612631055,-81.9538795689
2176,12/10/2022,C and D,26.410722,-81.8991679
2177,01/09/2023,C and D,26.4325892,-81.9163366
2178,10/22/2022,C and D,26.4287302137,-81.9116167573
2179,11/13/2022,C and D,26.4076373,-81.8965809
2180,03/19/2023,C and D,26.4045974,-81.8919423
2181,11/04/2022,C and D,26.4046710149,-81.8918701967
2182,01/18/2023,Dirty Sand Soil,26.446676,-81.9381621
2183,02/16/2023,C and D,26.4664665164,-81.9556990314
2184,01/16/2023,C and D,26.4346372,-81.9185093
2185,11/09/2022,C and D,26.4106630628,-81.8991835566
2186,11/07/2022,C and D,26.4609719072,-81.948953203
2187,12/03/2022,C and D,26.4201747919,-81.9029159466
2188,10/24/2022,C and D,26.4044008842,-81.8890009271
2189,11/30/2022,C and D,26.4361386,-81.9209124
2190,02/15/2023,C and D,26.4058057228,-81.8947399894
2191,12/08/2022,C and D,26.461674091,-81.9462188411
2192,02/25/2023,C and D,26.4102540538,-81.898976164
2193,01/16/2023,C and D,26.4597400409,-81.9402356655
2194,10/13/2022,C and D,26.4161404869,-81.9011386043
2195,10/13/2022,Dirty Sand Soil,26.4489302,-81.9433528
2196,10/30/2022,C and D,26.4274554702,-81.9102710622
2197,11/18/2022,C and D,26.4045363953,-81.8867021938
2198,12/14/2022,C and D,26.4600236146,-81.9415090069
2199,10/06/2022,C and D,26.4636546663,-81.9531089594
2200,12/04/2022,C and D,26.4653208,-81.95411
2201,11/17/2022,C and D,26.4497795899,-81.9458673323
2202,01/15/2023,C and D,26.4400639,-81.9267435
2203,12/07/2022,C and D,26.4581805,-81.9409046
2204,11/26/2022,C and D,26.4336885559,-81.9171427657
2205,10/25/2022,C and D,26.425427855,-81.9073051774
2206,11/13/2022,C and D,26.4104505,-81.8990486
2207,02/08/2023,C and D,26.4045371445,-81.8876669667
2208,02/08/2023,C and D,26.4324347408,-81.9155270301
2209,12/01/2022,C and D,26.4616802686,-81.9485149039
2210,11/05/2022,C and D,26.4181215596,-81.9019070641
2211,11/01/2022,C and D,26.4601872173,-81.9472333492
2212,01/25/2023,Compact CD,26.448034,-81.9406021
2213,02/13/2023,C and D,26.4254237,-81.9077165
2214,11/11/2022,C and D,26.4213804,-81.903784
2215,12/07/2022,C and D,26.40684505,-81.8959094771
2216,10/31/2022,C and D,26.4274393811,-81.9102562666
2217,02/23/2023,C and D,26.4299806667,-81.9128273333
2218,02/11/2023,Concrete to FDS,26.4478659,-81.9406039
2219,02/18/2023,C and D,26.4285131,-81.9112434
2220,02/09/2023,C and D,26.4104692,-81.8986764
2221,10/14/2022,Dirty Sand Soil,26.4434772777,-81.9325066265
2222,12/11/2022,C and D,26.4650313,-81.9522697
2223,11/22/2022,C and D,26.4276015,-81.9103223
2224,12/02/2022,C and D,26.4643131,-81.9541834
2225,10/25/2022,C and D,26.4427962899,-81.9313113672
2226,12/09/2022,Vegetation,26.4175549,-81.9017175
2227,12/05/2022,C and D,26.450161,-81.948039
2228,10/13/2022,Dirty Sand Soil,26.4489559,-81.9433293
2229,05/16/2023,C and D,26.4272746,-81.9100076
2230,11/30/2022,C and D,26.4358661,-81.9199799
2231,02/08/2023,Compact CD,26.4483517,-81.9405133
2232,12/02/2022,Vegetation,26.4283305,-81.9114159
2233,12/02/2022,C and D,26.4048187832,-81.885429139
2234,01/03/2023,C and D,26.4659139,-81.9550008
2235,11/22/2022,Vegetation,26.4255069,-81.9079584
2236,11/19/2022,Clean Sand Soil,26.4525244,-81.9552228
2237,01/11/2023,C and D,26.4505162,-81.9484963
2238,10/24/2022,Dirty Sand Soil,26.4504249,-81.9475584
2239,11/16/2022,C and D,26.431199,-81.9141781
2240,01/14/2023,C and D,26.4507963,-81.9486881
2241,12/21/2022,C and D,26.4624914071,-81.9511744738
2242,12/21/2022,C and D,26.4626779426,-81.9511594169
2243,11/08/2022,C and D,26.4338558,-81.9174629
2244,11/06/2022,C and D,26.4329078,-81.9161836
2245,11/03/2022,C and D,26.4060162893,-81.8949521799
2246,11/16/2022,C and D,26.4067582379,-81.8957477251
2247,10/18/2022,Dirty Sand Soil,26.4354582,-81.9194872
2248,12/15/2022,C and D,26.4666707,-81.9542709
2249,11/04/2022,C and D,26.4172320301,-81.9016141166
2250,11/02/2022,C and D,26.4288314944,-81.9116423094
2251,10/12/2022,C and D,26.4493676526,-81.9447643785
2252,11/14/2022,C and D,26.4330408,-81.916398
2253,11/20/2022,C and D,26.4049266,-81.8928155
2254,01/15/2023,C and D,26.4595854237,-81.9417344054
2255,12/03/2022,C and D,26.4582522803,-81.944084765
2256,10/13/2022,C and D,26.4501138326,-81.9467839312
2257,03/15/2023,C and D,26.4594544725,-81.9459375212
2258,03/16/2023,HHW to DMS,26.4622329,-81.9512578
2259,01/14/2023,C and D,26.450739,-81.9487367
2260,01/23/2023,C and D,26.4106038,-81.8990762
2261,10/31/2022,C and D,26.4286601212,-81.9114756431
2262,12/08/2022,C and D,26.4652983898,-81.9551742272
2263,02/27/2023,Concrete to FDS,26.4481008,-81.9407116
2264,12/19/2022,C and D,26.4637315198,-81.9476532296
2265,10/20/2022,Dirty Sand Soil,26.4514676,-81.9512197
2266,10/10/2022,C and D,26.4488866,-81.9435634
2267,10/16/2022,Clean Sand Soil,26.4525582,-81.9546192
2268,12/04/2022,C and D,26.4415090811,-81.9291846269
2269,10/23/2022,Clean Sand Soil,26.4525548,-81.954596
2270,11/04/2022,Dirty Sand Soil,26.4507445,-81.9485553
2271,11/29/2022,C and D,26.4504108,-81.9478158
2272,12/02/2022,C and D,26.4359215,-81.9201388
2273,03/01/2023,C and D,26.4585809,-81.9408838
2274,11/01/2022,C and D,26.4083132148,-81.8972719676
2275,11/08/2022,Dirty Sand Soil,26.4145565,-81.9006616
2276,10/29/2022,C and D,26.4518381,-81.9520906
2277,02/14/2023,C and D,26.4253966,-81.907453
2278,10/15/2022,Clean Sand Soil,26.4525531,-81.954555
2279,11/22/2022,C and D,26.4046526,-81.891115
2280,11/22/2022,C and D,26.4256451,-81.9081037
2281,10/15/2022,Dirty Sand Soil,26.4492151598,-81.9441951907
2282,02/15/2023,C and D,26.4632734,-81.9532654
2283,10/06/2022,C and D,26.4650413338,-81.9509453034
2284,10/23/2022,Dirty Sand Soil,26.4436689,-81.9327786
2285,10/17/2022,Dirty Sand Soil,26.4400639,-81.9265242
2286,11/06/2022,C and D,26.4279977884,-81.9108586852
2287,12/16/2022,C and D,26.4056606,-81.8943278
2288,11/01/2022,HHW to DMS,26.4580205433,-81.9430024285
2289,10/21/2022,Dirty Sand Soil,26.4515043,-81.951344
2290,01/25/2023,C and D,26.4333107,-81.9166333
2291,11/01/2022,C and D,26.4164631581,-81.9013149665
2292,12/04/2022,C and D,26.4044334507,-81.8913992588
2293,11/11/2022,C and D,26.4406711422,-81.9278931432
2294,11/16/2022,Dirty Sand Soil,26.4200525,-81.9027515
2295,05/16/2023,C and D,26.4255089,-81.9077783
2296,11/03/2022,C and D,26.4049938603,-81.8929243311
2297,11/03/2022,C and D,26.428652,-81.9115024
2298,02/11/2023,Concrete to FDS,26.4483017,-81.9408917
2299,12/07/2022,C and D,26.4340025,-81.9174933
2300,12/10/2022,C and D,26.4427819,-81.9314962
2301,10/23/2022,Dirty Sand Soil,26.4305326,-81.9133619
2302,11/02/2022,C and D,26.4063746728,-81.8953047014
2303,10/15/2022,C and D,26.4048570207,-81.884677127
2304,11/02/2022,C and D,26.4087013481,-81.8976403401
2305,10/24/2022,C and D,26.4185076,-81.9020776
2306,11/09/2022,C and D,26.4418716822,-81.9297327195
2307,02/27/2023,Concrete to FDS,26.4481759,-81.9406933
2308,12/06/2022,C and D,26.4632006139,-81.9509490594
2309,11/20/2022,C and D,26.4285959,-81.9115197
2310,12/05/2022,C and D,26.4328398882,-81.9160088618
2311,11/30/2022,Vegetation,26.4256828,-81.9078993
2312,11/16/2022,C and D,26.4664611,-81.9557693
2313,11/01/2022,C and D,26.4148959,-81.9007884
2314,11/29/2022,Sand CD,26.4525113,-81.9545831
2315,12/06/2022,C and D,26.4339257,-81.9174659
2316,12/04/2022,C and D,26.4611854674,-81.9502316727
2317,11/02/2022,C and D,26.428731,-81.9116027
2318,11/03/2022,C and D,26.4057313465,-81.8944573124
2319,11/02/2022,C and D,26.4449455356,-81.9354148955
2320,10/13/2022,Dirty Sand Soil,26.448929,-81.9434061
2321,02/02/2023,C and D,26.4319101335,-81.9152423904
2322,11/02/2022,C and D,26.4288770082,-81.9116657787
2323,11/19/2022,Sand CD,26.4525211,-81.9546737
2324,01/05/2023,Clean Sand Soil,26.4365012,-81.9220729
2325,12/10/2022,C and D,26.4656613,-81.9554249
2326,10/24/2022,C and D,26.4339232415,-81.9174201285
2327,10/19/2022,Clean Sand Soil,26.4525823,-81.9545832
2328,01/21/2023,C and D,26.4667878768,-81.954218143
2329,12/07/2022,C and D,26.4613429139,-81.9505680889
2330,11/08/2022,C and D,26.4423334832,-81.9305974805
2331,01/05/2023,C and D,26.4302438,-81.913031
2332,10/14/2022,C and D,26.4497927483,-81.9458351937
2333,11/20/2022,C and D,26.4667443836,-81.9547447263
2334,10/15/2022,C and D,26.4497438528,-81.9457682969
2335,12/07/2022,C and D,26.4098172728,-81.898626471
2336,10/14/2022,C and D,26.416139,-81.9011252
2337,11/19/2022,C and D,26.4247438424,-81.9061781097
2338,01/29/2023,C and D,26.4663645253,-81.9556935691
2339,11/14/2022,C and D,26.4499347055,-81.9466395885
2340,11/15/2022,C and D,26.4248691664,-81.9063039181
2341,11/05/2022,C and D,26.4175185208,-81.9017128624
2342,10/21/2022,Dirty Sand Soil,26.4508653,-81.9488081
2343,10/24/2022,Dirty Sand Soil,26.4525975,-81.9544633
2344,02/24/2023,C and D,26.42197493,-81.9042431005
2345,11/05/2022,C and D,26.4345005,-81.9183399
2346,11/30/2022,C and D,26.4595525001,-81.9461533675
2347,12/10/2022,C and D,26.4104978833,-81.8990706281
2348,12/04/2022,C and D,26.4413224999,-81.9288919308
2349,10/31/2022,C and D,26.4173356316,-81.9016793031
2350,11/03/2022,C and D,26.4064995514,-81.8955424579
2351,02/02/2023,Dirty Sand Soil,26.4320877,-81.9149965
2352,12/04/2022,C and D,26.4047118,-81.8863582
2353,01/21/2023,C and D,26.4602964629,-81.9473153243
2354,01/17/2023,C and D,26.4295516,-81.912394
2355,11/09/2022,C and D,26.4586203,-81.9426131
2356,10/17/2022,Clean Sand Soil,26.4525599,-81.9545282
2357,03/19/2023,C and D,26.4047116,-81.8921206
2358,02/12/2023,Concrete,26.4577451103,-81.9403414389
2359,11/14/2022,C and D,26.4288717276,-81.9116734062
2360,12/12/2022,C and D,26.4615691,-81.9521747
2361,11/13/2022,C and D,26.421443229,-81.9037164551
2362,11/08/2022,C and D,26.4524163679,-81.9546625112
2363,11/02/2022,C and D,26.4288325422,-81.911594784
2364,10/14/2022,Vegetation,26.4059291647,-81.8948081038
2365,12/09/2022,C and D,26.4584249084,-81.9395248004
2366,11/20/2022,C and D,26.4384884075,-81.9238582433
2367,01/16/2023,C and D,26.4578176486,-81.9403459976
2368,11/12/2022,C and D,26.4332729,-81.9166021
2369,11/01/2022,Dirty Sand Soil,26.404789,-81.8860076
2370,12/09/2022,C and D,26.4353929,-81.9189947
2371,01/22/2023,C and D,26.4596407249,-81.9462725473
2372,01/07/2023,C and D,26.4327639,-81.9159615
2373,11/12/2022,Dirty Sand Soil,26.442763,-81.9311757
2374,11/02/2022,Dirty Sand Soil,26.4079938,-81.8968487
2375,11/02/2022,C and D,26.4288919279,-81.9116665331
2376,11/12/2022,C and D,26.4254565959,-81.9077736601
2377,10/24/2022,Clean Sand Soil,26.4073903,-81.8965417
2378,10/18/2022,C and D,26.4365663938,-81.9209438935
2379,11/21/2022,C and D,26.4605314169,-81.9537021237
2380,11/06/2022,C and D,26.4059786143,-81.8945285393
2381,11/06/2022,C and D,26.4347168,-81.9185463
2382,11/01/2022,Dirty Sand Soil,26.4183471,-81.9018583
2383,10/14/2022,C and D,26.4289946577,-81.9117246295
2384,10/29/2022,HHW to DMS,26.4616817236,-81.9485759922
2385,11/20/2022,C and D,26.4285501,-81.9115259
2386,11/19/2022,C and D,26.4392238566,-81.9247817154
2387,11/07/2022,C and D,26.458085971,-81.9417252113
2388,11/16/2022,C and D,26.4345602738,-81.9184696209
2389,12/07/2022,C and D,26.4600518,-81.9403527
2390,10/28/2022,Clean Sand Soil,26.4526981,-81.9552828
2391,10/16/2022,Clean Sand Soil,26.4525675,-81.9546028
2392,11/12/2022,Dirty Sand Soil,26.442298,-81.930456
2393,10/16/2022,C and D,26.4364849749,-81.9209501568
2394,02/10/2023,Concrete to FDS,26.4483558,-81.9404444
2395,10/24/2022,Dirty Sand Soil,26.431067,-81.9139277
2396,12/19/2022,C and D,26.4614049469,-81.950813454
2397,11/15/2022,C and D,26.4330353,-81.916353
2398,01/22/2023,C and D,26.4643636969,-81.9536873054
2399,10/29/2022,C and D,26.4525631,-81.9546628
2400,11/06/2022,C and D,26.4581130989,-81.9431610567
2401,02/03/2023,C and D,26.4600065584,-81.9492506516
2402,11/16/2022,C and D,26.4056296321,-81.8943971303
2403,10/24/2022,C and D,26.4274038887,-81.9101749734
2404,11/04/2022,C and D,26.4200507384,-81.9028103818
2405,10/07/2022,C and D,26.461094,-81.9486348
2406,03/19/2023,C and D,26.419268,-81.9024504
2407,03/28/2023,C and D,26.4103722274,-81.8990072344
2408,12/09/2022,C and D,26.4349979,-81.9187672
2409,10/22/2022,Dirty Sand Soil,26.4239133,-81.9053328
2410,01/03/2023,Dirty Sand Soil,26.4297106,-81.9125658
2411,11/06/2022,C and D,26.4648230095,-81.9508559537
2412,12/12/2022,C and D,26.4447253,-81.9346107
2413,10/20/2022,C and D,26.4366183227,-81.9211609159
2414,11/11/2022,C and D,26.4254973476,-81.9078577481
2415,11/06/2022,C and D,26.4059434924,-81.8946269621
2416,10/07/2022,C and D,26.4601109426,-81.9536754424
2417,03/19/2023,C and D,26.4043387,-81.8903877
2418,01/03/2023,Dirty Sand Soil,26.4299179,-81.9126885
2419,12/14/2022,C and D,26.4056701778,-81.8943083375
2420,10/23/2022,Clean Sand Soil,26.4525684,-81.9546016
2421,11/04/2022,C and D,26.4525246,-81.9546528
2422,03/16/2023,HHW to DMS,26.4616948,-81.9520623
2423,11/04/2022,C and D,26.4254838461,-81.9076727238
2424,12/20/2022,C and D,26.4589583568,-81.9482861048
2425,10/14/2022,C and D,26.4488589161,-81.9428903996
2426,01/04/2023,C and D,26.4304082,-81.9132073
2427,12/09/2022,C and D,26.4639643673,-81.9517750294
2428,10/20/2022,Dirty Sand Soil,26.451392,-81.951264
2429,02/17/2023,C and D,26.4601807834,-81.9468331076
2430,11/02/2022,C and D,26.4076443482,-81.8967048359
2431,11/02/2022,C and D,26.407667147,-81.89671129
2432,11/13/2022,C and D,26.445068155,-81.9354639032
2433,01/07/2023,C and D,26.4311485,-81.9141121
2434,10/13/2022,Dirty Sand Soil,26.4489273,-81.9433873
2435,11/11/2022,Clean Sand Soil,26.4524433,-81.9551733
2436,12/15/2022,C and D,26.4578421414,-81.9396910072
2437,10/14/2022,Dirty Sand Soil,26.4439944,-81.933454
2438,12/18/2022,Dirty Sand Soil,26.444768,-81.9350152
2439,10/14/2022,Dirty Sand Soil,26.451473278,-81.9512557705
2440,11/05/2022,C and D,26.4161084779,-81.9010925107
2441,11/14/2022,C and D,26.434853389,-81.9188554399
2442,11/17/2022,C and D,26.4256381989,-81.9081219938
2443,11/11/2022,C and D,26.442002505,-81.9300266442
2444,12/18/2022,C and D,26.4612712745,-81.9538338007
2445,10/05/2022,C and D,26.4647833717,-81.9507517473
2446,01/08/2023,C and D,26.4302378,-81.9129358
2447,10/23/2022,Clean Sand Soil,26.452592,-81.9545794
2448,12/01/2022,C and D,26.4618372032,-81.9486353652
2449,01/12/2023,C and D,26.4437567,-81.93331
2450,12/11/2022,C and D,26.4585031138,-81.9395338143
2451,10/13/2022,Dirty Sand Soil,26.449633115,-81.9452734385
2452,11/30/2022,C and D,26.4364584,-81.9202813
2453,11/16/2022,C and D,26.4410845484,-81.9281851105
2454,01/23/2023,C and D,26.4281459,-81.9110905
2455,01/14/2023,C and D,26.4508128,-81.9489927
2456,03/10/2023,C and D,26.4051056,-81.893249
2457,10/20/2022,Dirty Sand Soil,26.4514053,-81.9512343
2458,12/18/2022,Dirty Sand Soil,26.4387125,-81.9240442
2459,01/11/2023,C and D,26.4586072696,-81.9461478926
2460,11/10/2022,C and D,26.4630447887,-81.9486264513
2461,01/19/2023,Vegetation,26.4173293,-81.9015776
2462,12/12/2022,C and D,26.4615454,-81.9521658
2463,10/14/2022,Dirty Sand Soil,26.4491654193,-81.943966615
2464,12/07/2022,Dirty Sand Soil,26.4286246,-81.9114124
2465,10/12/2022,C and D,26.4045602171,-81.8859177303
2466,10/26/2022,C and D,26.4607571997,-81.9482171629
2467,11/04/2022,C and D,26.4513082,-81.9502248
2468,01/09/2023,Clean Sand Soil,26.4365092,-81.9223697
2469,10/07/2022,C and D,26.4652612,-81.9552335
2470,10/12/2022,C and D,26.4493240477,-81.9444781622
2471,10/18/2022,C and D,26.4365069532,-81.920846218
2472,10/26/2022,C and D,26.4619341446,-81.9512266853
2473,12/12/2022,C and D,26.4464112,-81.9380222
2474,10/23/2022,Dirty Sand Soil,26.4236202,-81.9050854
2475,10/23/2022,C and D,26.4252149128,-81.906622639
2476,02/15/2023,C and D,26.4632885,-81.9532451
2477,12/03/2022,C and D,26.4575431176,-81.9402330705
2478,01/09/2023,C and D,26.4324676584,-81.9155727334
2479,12/01/2022,Vegetation,26.4241492,-81.9056047
2480,12/08/2022,C and D,26.4339002,-81.9174973
2481,10/17/2022,Dirty Sand Soil,26.4387172,-81.9240325
2482,11/28/2022,C and D,26.4244895,-81.906195
2483,12/03/2022,C and D,26.4359961357,-81.9204305672
2484,10/09/2022,C and D,26.469148,-81.951001
2485,10/16/2022,Dirty Sand Soil,26.4526484388,-81.9545646255
2486,10/21/2022,C and D,26.4308050023,-81.9136540121
2487,01/21/2023,C and D,26.4213451684,-81.9034395844
2488,11/05/2022,C and D,26.4479042,-81.9409252
2489,12/07/2022,C and D,26.4600593,-81.9403679
2490,11/28/2022,C and D,26.4594046,-81.9417206
2491,11/21/2022,C and D,26.4287459,-81.9115347
2492,12/16/2022,C and D,26.4597066446,-81.9466079676
2493,12/03/2022,C and D,26.4105259627,-81.8991284632
2494,10/28/2022,Clean Sand Soil,26.452695,-81.9552776
2495,10/19/2022,C and D,26.4305028697,-81.9132870173
2496,10/14/2022,Dirty Sand Soil,26.4307152,-81.9135946
2497,12/12/2022,C and D,26.4440887,-81.9335894
2498,10/19/2022,C and D,26.4365977421,-81.9209613332
2499,11/06/2022,C and D,26.4286467,-81.9115024
2500,12/05/2022,C and D,26.4657995,-81.9548987
2501,11/04/2022,C and D,26.4173953515,-81.9016672578
2502,02/11/2023,C and D,26.4602776,-81.9474005
2503,12/02/2022,C and D,26.4049175769,-81.8852107478
2504,02/19/2023,HHW to DMS,26.4591934,-81.9455159
2505,01/04/2023,C and D,26.4303307,-81.9131161
2506,03/09/2023,C and D,26.4211747,-81.9035862
2507,12/15/2022,C and D,26.4666788,-81.9542604
2508,11/30/2022,C and D,26.4649357,-81.9509797
2509,10/29/2022,C and D,26.4099774,-81.8985792
2510,10/17/2022,C and D,26.4057442126,-81.8946253192
2511,10/24/2022,C and D,26.4250230929,-81.906411415
2512,10/22/2022,Dirty Sand Soil,26.4292253,-81.9120346
2513,10/20/2022,C and D,26.4173946,-81.9016214
2514,10/24/2022,C and D,26.4338509137,-81.9175434463
2515,10/14/2022,Dirty Sand Soil,26.4518017,-81.9517295
2516,05/04/2023,C and D,26.4613607368,-81.9504087117
2517,03/19/2023,C and D,26.4043318,-81.8897256
2518,12/01/2022,C and D,26.4638749291,-81.9529873388
2519,02/26/2023,C and D,26.4102738,-81.898961
2520,12/12/2022,C and D,26.458075974,-81.9401689933
2521,12/12/2022,C and D,26.4359197347,-81.9203441498
2522,12/12/2022,C and D,26.4278450702,-81.9108223916
2523,01/23/2023,C and D,26.4374359,-81.9223804
2524,11/12/2022,C and D,26.4054449,-81.8940126
2525,11/13/2022,Dirty Sand Soil,26.441079,-81.9283034
2526,11/03/2022,C and D,26.4485564,-81.9425614
2527,02/08/2023,C and D,26.416741,-81.9014517
2528,10/19/2022,Clean Sand Soil,26.4525649,-81.9546067
2529,12/02/2022,C and D,26.4047724133,-81.8856767828
2530,11/17/2022,C and D,26.4498093445,-81.9460345154
2531,11/22/2022,C and D,26.4276122,-81.9103164
2532,10/15/2022,C and D,26.4510607385,-81.9497300154
2533,12/02/2022,C and D,26.4283741,-81.9113526
2534,12/01/2022,C and D,26.4629718862,-81.9532597481
2535,10/12/2022,C and D,26.4502144873,-81.9467308441
2536,02/23/2023,C and D,26.4319774213,-81.9151392306
2537,03/19/2023,C and D,26.4171444,-81.9017632
2538,12/01/2022,C and D,26.4617493229,-81.949130054
2539,12/21/2022,C and D,26.4631750443,-81.9510347547
2540,12/04/2022,C and D,26.4182362,-81.9019627
2541,01/07/2023,Clean Sand Soil,26.4365161,-81.9222368
2542,11/13/2022,C and D,26.4525345188,-81.954702534
2543,10/13/2022,Dirty Sand Soil,26.4489116,-81.9433424
2544,10/22/2022,Dirty Sand Soil,26.4491903,-81.9442531
2545,11/30/2022,C and D,26.4594647342,-81.9461511226
2546,11/04/2022,Clean Sand Soil,26.4359652,-81.9203466
2547,03/16/2023,C and D,26.4597160461,-81.9464940343
2548,03/25/2023,C and D,26.4603426437,-81.9476782564
2549,10/21/2022,Dirty Sand Soil,26.4375293,-81.9223241
2550,12/02/2022,C and D,26.4359660866,-81.9201729913
2551,10/21/2022,C and D,26.4339290919,-81.9173708193
2552,12/01/2022,C and D,26.4430643,-81.9317305
2553,12/05/2022,C and D,26.4052672,-81.8932813
2554,11/17/2022,C and D,26.4335954,-81.917076
2555,11/20/2022,C and D,26.428414,-81.9113851
2556,12/11/2022,C and D,26.461787924,-81.9477567614
2557,10/14/2022,C and D,26.4089523,-81.897853
2558,10/22/2022,C and D,26.4287220945,-81.9114641086
2559,01/13/2023,C and D,26.4590272458,-81.9483140736
2560,12/01/2022,C and D,26.4639830643,-81.953054872
2561,11/19/2022,C and D,26.4581557,-81.9395807
2562,10/19/2022,Dirty Sand Soil,26.4514577,-81.9514536
2563,11/18/2022,C and D,26.4621538,-81.9512252
2564,10/22/2022,Dirty Sand Soil,26.4490283,-81.9440477
2565,10/16/2022,C and D,26.4306100577,-81.913432693
2566,10/28/2022,Clean Sand Soil,26.4526993,-81.9552638
2567,11/08/2022,C and D,26.4339091,-81.9176162
2568,10/21/2022,Dirty Sand Soil,26.431998,-81.915025
2569,12/12/2022,C and D,26.4613977,-81.9520706
2570,11/01/2022,C and D,26.4154956051,-81.9010651496
2571,10/14/2022,Dirty Sand Soil,26.4515897226,-81.9512092464
2572,10/12/2022,C and D,26.4492939101,-81.9443170486
2573,01/06/2023,C and D,26.4477535591,-81.9401124543
2574,11/04/2022,C and D,26.4175650281,-81.9016915439
2575,11/10/2022,C and D,26.4596123575,-81.9492116758
2576,01/23/2023,C and D,26.4655980841,-81.9554516674
2577,11/28/2022,C and D,26.4607166,-81.9481743
2578,02/23/2023,C and D,26.428910955,-81.9118377642
2579,12/09/2022,C and D,26.4443481,-81.9346356
2580,12/14/2022,Dirty Sand Soil,26.4515006,-81.9510202
2581,05/01/2023,Vegetation,26.4213167,-81.9039626
2582,01/16/2023,C and D,26.4578692057,-81.9403865983
2583,11/19/2022,C and D,26.4108838225,-81.8991827008
2584,11/13/2022,Dirty Sand Soil,26.4411592,-81.9282816
2585,12/12/2022,C and D,26.4357220475,-81.919904016
2586,10/28/2022,Clean Sand Soil,26.4526705,-81.9552706
2587,11/21/2022,C and D,26.404727,-81.8923917
2588,12/10/2022,C and D,26.442071,-81.930129
2589,12/01/2022,C and D,26.4280434,-81.9111525
2590,11/16/2022,C and D,26.4043665145,-81.8877498109
2591,10/22/2022,C and D,26.4254336433,-81.906913215
2592,11/02/2022,Dirty Sand Soil,26.4131998,-81.9000197
2593,12/07/2022,C and D,26.4600643,-81.9404089
2594,11/08/2022,C and D,26.4629422739,-81.9477470217
2595,10/21/2022,Dirty Sand Soil,26.4514828,-81.9513114
2596,10/22/2022,C and D,26.4254984018,-81.9078134846
2597,10/23/2022,C and D,26.4174667,-81.9016577
2598,01/18/2023,Dirty Sand Soil,26.4466362,-81.9380409
2599,10/29/2022,HHW to DMS,26.4591060035,-81.9455030772
2600,11/01/2022,Dirty Sand Soil,26.4117157,-81.8996008
2601,10/21/2022,Clean Sand Soil,26.45256,-81.9545452
2602,10/28/2022,C and D,26.4205551714,-81.9031132221
2603,11/13/2022,C and D,26.4363132231,-81.9209516701
2604,11/06/2022,C and D,26.4323077,-81.9155222
2605,12/12/2022,C and D,26.4588794438,-81.9409136754
2606,10/12/2022,C and D,26.4499236431,-81.9462551293
2607,12/04/2022,C and D,26.4611486445,-81.95021928
2608,10/17/2022,C and D,26.4098633034,-81.8985985952
2609,11/07/2022,C and D,26.4602731375,-81.9473738363
2610,12/12/2022,Vegetation,26.4036411584,-81.8754003122
2611,01/29/2023,Compact CD,26.4479662,-81.9405939
2612,11/16/2022,C and D,26.4345053573,-81.9186184936
2613,03/19/2023,C and D,26.4048652,-81.892624
2614,01/11/2023,C and D,26.4507769,-81.9487204
2615,11/28/2022,C and D,26.4270101,-81.9098173
2616,02/11/2023,C and D,26.4370984221,-81.9218550947
2617,12/01/2022,C and D,26.4050526,-81.8929323
2618,12/11/2022,C and D,26.4585898053,-81.9395605341
2619,12/09/2022,C and D,26.4585899806,-81.9408539825
2620,02/24/2023,C and D,26.4223602,-81.9044245
2621,10/23/2022,C and D,26.4525057,-81.9547516
2622,11/01/2022,C and D,26.4602987231,-81.9473579902
2623,02/10/2023,C and D,26.4074228,-81.8964956
2624,11/09/2022,C and D,26.4254638612,-81.9080230035
2625,12/05/2022,C and D,26.4362304,-81.9207032
2626,11/07/2022,C and D,26.4221935,-81.9041567
2627,11/18/2022,C and D,26.4037243417,-81.8752986287
2628,12/11/2022,C and D,26.4595768899,-81.9404454878
2629,02/06/2023,Concrete,26.4590909193,-81.9425680117
2630,02/15/2023,C and D,26.4057652,-81.8946193
2631,12/17/2022,C and D,26.4624183739,-81.9486589915
2632,10/18/2022,C and D,26.4636999223,-81.9540383322
2633,10/23/2022,Clean Sand Soil,26.4525767,-81.95461
2634,11/05/2022,Dirty Sand Soil,26.4355756,-81.9197287
2635,11/14/2022,C and D,26.4582056,-81.9409878
2636,05/01/2023,C and D,26.4358186,-81.9197905
2637,02/07/2023,C and D,26.44768,-81.9398945
2638,01/10/2023,C and D,26.4300620562,-81.9128229231
2639,11/04/2022,C and D,26.4205072254,-81.9032172495
2640,10/20/2022,C and D,26.4364530061,-81.9208467224
2641,05/02/2023,C and D,26.4059329,-81.8948987
2642,11/11/2022,C and D,26.4417247474,-81.9294730482
2643,10/30/2022,C and D,26.4274601302,-81.9101841981
2644,11/06/2022,C and D,26.4062870145,-81.8953136793
2645,11/04/2022,C and D,26.404481479,-81.8906969392
2646,05/01/2023,Vegetation,26.4209724,-81.9031691
2647,11/02/2022,C and D,26.4097172215,-81.8986181173
2648,03/09/2023,C and D,26.4215013,-81.9038034
2649,12/08/2022,C and D,26.4359101,-81.9205232
2650,12/04/2022,C and D,26.4644455,-81.9535189
2651,11/05/2022,C and D,26.4208709495,-81.9032816124
2652,10/27/2022,C and D,26.4046484046,-81.8861527742
2653,10/18/2022,Dirty Sand Soil,26.4528028,-81.9551662
2654,01/05/2023,Clean Sand Soil,26.4371014,-81.9220193
2655,11/19/2022,C and D,26.4611017173,-81.9537756019
2656,02/26/2023,C and D,26.4058582,-81.8948062
2657,12/03/2022,C and D,26.4644015,-81.9545094
2658,11/17/2022,C and D,26.4256104967,-81.9080981054
2659,12/12/2022,C and D,26.4615717,-81.9521728
2660,12/09/2022,C and D,26.4357948097,-81.9197555291
2661,12/10/2022,C and D,26.4628359117,-81.9523113035
2662,10/06/2022,C and D,26.4649125463,-81.9509793598
2663,12/10/2022,C and D,26.4654457,-81.9554717
2664,10/22/2022,C and D,26.4288914863,-81.911686705
2665,10/22/2022,Clean Sand Soil,26.4525291,-81.9545849
2666,11/01/2022,C and D,26.408869,-81.8978347
2667,10/07/2022,C and D,26.4588693048,-81.9540336406
2668,11/05/2022,C and D,26.4478387,-81.9407698
2669,11/12/2022,C and D,26.4077267,-81.8968283
2670,10/16/2022,C and D,26.4319705074,-81.9149750684
2671,11/05/2022,C and D,26.4048445695,-81.8920243499
2672,10/24/2022,Dirty Sand Soil,26.4107071,-81.8992081
2673,03/08/2023,C and D,26.4225326,-81.9044766
2674,11/21/2022,C and D,26.404795,-81.8922914
2675,12/19/2022,Dirty Sand Soil,26.4291156,-81.9120834
2676,12/06/2022,C and D,26.4338409,-81.9171632
2677,11/19/2022,C and D,26.4618260009,-81.9541929242
2678,10/21/2022,Dirty Sand Soil,26.4511827,-81.9498683
2679,10/31/2022,C and D,26.4210242545,-81.9034381863
2680,01/16/2023,C and D,26.4347495,-81.9186985
2681,10/29/2022,C and D,26.4129378525,-81.8998687054
2682,02/02/2023,C and D,26.4477102,-81.9402335
2683,12/12/2022,C and D,26.4590803162,-81.9408954029
2684,11/08/2022,C and D,26.4430182847,-81.9317617268
2685,12/17/2022,C and D,26.4626453251,-81.9485466097
2686,10/14/2022,C and D,26.4051014713,-81.8931250496
2687,12/01/2022,Vegetation,26.4357574,-81.919891
2688,10/31/2022,C and D,26.418287647,-81.9019875304
2689,11/11/2022,C and D,26.4256191314,-81.9082125081
2690,02/08/2023,Dirty Sand Soil,26.4319036,-81.9150305
2691,12/02/2022,C and D,26.4637431896,-81.9486397196
2692,10/31/2022,C and D,26.4182615793,-81.9019738679
2693,11/19/2022,C and D,26.4602359,-81.9402581
2694,12/05/2022,C and D,26.4363325434,-81.9209323079
2695,12/12/2022,C and D,26.4472031,-81.9385653
2696,12/09/2022,C and D,26.458816831,-81.940938905
2697,10/17/2022,C and D,26.4088483954,-81.897839398
2698,02/24/2023,Vegetation,26.4199813782,-81.9028673787
2699,01/18/2023,Vegetation,26.4114972,-81.8994281
2700,10/27/2022,C and D,26.4045115154,-81.8917725847
2701,12/08/2022,Dirty Sand Soil,26.4288663,-81.9116503
2702,02/03/2023,C and D,26.4600172872,-81.949244449
2703,01/15/2023,C and D,26.4221941,-81.9045536
2704,11/09/2022,C and D,26.4148233,-81.9007715
2705,11/22/2022,C and D,26.4660276,-81.9553534
2706,11/16/2022,C and D,26.4106031225,-81.8991162338
2707,11/01/2022,C and D,26.4105619,-81.8990519
2708,11/02/2022,C and D,26.4067072515,-81.8960418274
2709,11/03/2022,C and D,26.4399765758,-81.9263685589
2710,11/08/2022,C and D,26.4502352336,-81.9469988812
2711,12/05/2022,C and D,26.4051694656,-81.8930908945
2712,10/18/2022,Dirty Sand Soil,26.4527302,-81.9543073
2713,11/08/2022,C and D,26.4525296493,-81.9546839689
2714,10/27/2022,C and D,26.4065956883,-81.8956162781
2715,03/29/2023,C and D,26.4522811,-81.9533727
2716,11/12/2022,C and D,26.425424749,-81.9077307419
2717,01/14/2023,C and D,26.451009,-81.9487295
2718,12/06/2022,Vegetation,26.4487387,-81.9431127
2719,12/06/2022,C and D,26.4617771131,-81.9514210995
2720,01/07/2023,C and D,26.4326845,-81.915864
2721,11/08/2022,C and D,26.4525580639,-81.954674665
2722,01/12/2023,C and D,26.4595437508,-81.9461273207
2723,11/12/2022,C and D,26.4387224755,-81.9242127334
2724,10/30/2022,C and D,26.4500803,-81.9468795
2725,11/14/2022,C and D,26.4587646,-81.9408739
2726,11/06/2022,C and D,26.4611734031,-81.9476968982
2727,10/16/2022,Dirty Sand Soil,26.4519387,-81.9525278
2728,12/01/2022,C and D,26.4239506703,-81.9055430499
2729,01/12/2023,C and D,26.4439869579,-81.9333645725
2730,12/09/2022,C and D,26.4365777,-81.9206047
2731,12/03/2022,C and D,26.4490616,-81.9448591
2732,12/06/2022,Vegetation,26.4044966,-81.8858976
2733,11/13/2022,C and D,26.4381308099,-81.9234409889
2734,10/19/2022,Clean Sand Soil,26.4525514,-81.9546093
2735,12/13/2022,Dirty Sand Soil,26.4527345,-81.9548717
2736,02/02/2023,C and D,26.4597535925,-81.9462805242
2737,01/14/2023,C and D,26.4330424,-81.9163192
2738,10/14/2022,C and D,26.4241872,-81.9055536
2739,01/05/2023,C and D,26.4302831,-81.9129844
2740,10/29/2022,C and D,26.419528,-81.9023383
2741,11/08/2022,C and D,26.4524931461,-81.9546621759
2742,10/11/2022,C and D,26.4355817,-81.919805
2743,10/20/2022,C and D,26.436758987,-81.9212126389
2744,12/01/2022,C and D,26.4242581604,-81.9058356621
2745,11/12/2022,C and D,26.4331975,-81.916452
2746,01/11/2023,C and D,26.4508405617,-81.9487902765
2747,11/30/2022,C and D,26.4361654,-81.9209053
2748,03/19/2023,C and D,26.4115635,-81.8995348
2749,12/15/2022,C and D,26.4666052,-81.9541549
2750,01/12/2023,C and D,26.4508134,-81.948984
2751,01/16/2023,C and D,26.4598373897,-81.9403334201
2752,10/27/2022,C and D,26.4044986531,-81.8915259809
2753,01/24/2023,Compact CD,26.448435,-81.9405667
2754,01/08/2023,C and D,26.4302216,-81.9130504
2755,10/28/2022,C and D,26.4205334003,-81.9031438889
2756,12/11/2022,C and D,26.4401429,-81.9267645
2757,11/13/2022,C and D,26.4348808816,-81.9189159573
2758,12/13/2022,C and D,26.4600028046,-81.9415882523
2759,10/28/2022,Clean Sand Soil,26.4526903,-81.9552828
2760,02/08/2023,C and D,26.4169638,-81.9015725
2761,11/22/2022,Sand CD,26.452496,-81.9546757
2762,11/02/2022,C and D,26.4271481,-81.9099162
2763,11/01/2022,HHW to DMS,26.4580441935,-81.9430108844
2764,11/14/2022,C and D,26.4417968536,-81.9296410975
2765,12/11/2022,C and D,26.4586312103,-81.939516192
2766,03/16/2023,HHW to DMS,26.4601474,-81.9477172
2767,10/13/2022,C and D,26.4239999,-81.9054634
2768,05/02/2023,C and D,26.4337556,-81.9172011
2769,10/24/2022,C and D,26.4494992666,-81.9447778586
2770,12/04/2022,C and D,26.4596229985,-81.9403713651
2771,10/17/2022,C and D,26.4659263,-81.9551148
2772,11/05/2022,C and D,26.4643466658,-81.9528864268
2773,01/13/2023,C and D,26.4354983,-81.9192053
2774,11/18/2022,C and D,26.4307977,-81.9137779
2775,12/07/2022,C and D,26.4070704222,-81.8961270068
2776,10/31/2022,C and D,26.4184935903,-81.9021068048
2777,12/18/2022,C and D,26.4592762029,-81.9426226289
2778,10/31/2022,C and D,26.4500616,-81.946875
2779,10/28/2022,Clean Sand Soil,26.4526969,-81.9552942
2780,11/02/2022,C and D,26.4289084603,-81.9116869656
2781,01/14/2023,C and D,26.4590212603,-81.9483406457
2782,11/06/2022,C and D,26.421955023,-81.9041591977
2783,12/03/2022,C and D,26.4346058268,-81.9186002352
2784,01/03/2023,C and D,26.4507618,-81.9488057
2785,11/16/2022,C and D,26.4612689,-81.9537542
2786,12/21/2022,C and D,26.4616853777,-81.9512526254
2787,02/02/2023,C and D,26.4417197,-81.9295097
2788,11/13/2022,C and D,26.4583062474,-81.9417770115
2789,11/05/2022,Dirty Sand Soil,26.4364043,-81.9208692
2790,02/05/2023,C and D,26.4477402,-81.9396622
2791,10/31/2022,C and D,26.4183352562,-81.9019918051
2792,10/15/2022,Dirty Sand Soil,26.4490727,-81.9438116
2793,02/09/2023,C and D,26.4378714,-81.9230643
2794,01/19/2023,Vegetation,26.4166811,-81.9013222
2795,10/15/2022,C and D,26.4513074975,-81.9503075966
2796,12/18/2022,Dirty Sand Soil,26.4450252,-81.9355388
2797,10/21/2022,Dirty Sand Soil,26.4515067,-81.9513428
2798,01/08/2023,C and D,26.4301069646,-81.9127863638
2799,11/11/2022,Vegetation,26.4256019,-81.9082053
2800,10/30/2022,C and D,26.4212100394,-81.9035343268
2801,12/05/2022,C and D,26.448692,-81.9427905
2802,11/03/2022,C and D,26.4044319419,-81.8903609925
2803,12/08/2022,C and D,26.4340918,-81.917595
2804,12/06/2022,Dirty Sand Soil,26.4336456,-81.9172256
2805,11/20/2022,C and D,26.4667502854,-81.9546086982
2806,11/05/2022,C and D,26.4048732328,-81.8845046204
2807,01/19/2023,C and D,26.4296092,-81.9124307
2808,10/15/2022,Dirty Sand Soil,26.4515056609,-81.9511224827
2809,10/14/2022,C and D,26.4212523265,-81.9036926503
2810,10/19/2022,Dirty Sand Soil,26.4514098,-81.9512305
2811,10/29/2022,C and D,26.4189699758,-81.9021617901
2812,12/04/2022,C and D,26.4065769,-81.8956548
2813,10/19/2022,Clean Sand Soil,26.4525341,-81.9545669
2814,01/08/2023,C and D,26.4642144826,-81.9471303759
2815,12/09/2022,C and D,26.4578044139,-81.9402366635
2816,02/23/2023,C and D,26.4326742618,-81.9159051777
2817,11/04/2022,C and D,26.4359177,-81.9199924
2818,11/16/2022,C and D,26.4664915,-81.9555812
2819,11/05/2022,C and D,26.4417601,-81.9294544
2820,11/27/2022,Dirty Sand Soil,26.4289376,-81.9119956
2821,10/30/2022,C and D,26.4045033977,-81.8864279521
2822,11/26/2022,C and D,26.433782978,-81.9172424265
2823,12/01/2022,C and D,26.4435942,-81.9325366
2824,12/10/2022,C and D,26.4606195269,-81.9523167518
2825,11/21/2022,C and D,26.4044357,-81.8867794
2826,10/19/2022,Clean Sand Soil,26.4525409,-81.9545966
2827,02/14/2023,C and D,26.4059429555,-81.8948684567
2828,10/17/2022,Dirty Sand Soil,26.4402397,-81.9269153
2829,01/04/2023,C and D,26.4597334686,-81.9467054283
2830,12/12/2022,C and D,26.461397,-81.9520635
2831,12/14/2022,C and D,26.4589192781,-81.9409116808
2832,11/29/2022,C and D,26.460760301,-81.9480812923
2833,11/23/2022,Sand CD,26.4524713,-81.9546659
2834,10/20/2022,Dirty Sand Soil,26.4514282,-81.9512167
2835,10/22/2022,Dirty Sand Soil,26.4351172,-81.9190449
2836,11/03/2022,C and D,26.4369642036,-81.9217111544
2837,12/14/2022,Dirty Sand Soil,26.4519304,-81.9524225
2838,10/14/2022,Dirty Sand Soil,26.4515398303,-81.951241186
2839,02/15/2023,C and D,26.4053324,-81.8934443
2840,11/06/2022,C and D,26.451775,-81.9521254
2841,12/02/2022,Vegetation,26.4284,-81.91148
2842,10/15/2022,C and D,26.4510980764,-81.9498169458
2843,11/16/2022,C and D,26.4409572155,-81.9280725769
2844,11/01/2022,C and D,26.4102253458,-81.898804335
2845,10/05/2022,C and D,26.4647895281,-81.9507584897
2846,12/01/2022,C and D,26.4238223,-81.9056574
2847,10/14/2022,Dirty Sand Soil,26.4514902095,-81.951192068
2848,11/05/2022,Dirty Sand Soil,26.4353412,-81.9193617
2849,10/19/2022,Dirty Sand Soil,26.4514218,-81.9513037
2850,10/31/2022,C and D,26.4111797281,-81.8993519777
2851,10/21/2022,C and D,26.4310682445,-81.9139612522
2852,11/29/2022,C and D,26.4339166643,-81.9179189104
2853,10/22/2022,C and D,26.4255261818,-81.9070896253
2854,10/30/2022,C and D,26.4233562,-81.9049822
2855,01/05/2023,C and D,26.4303086,-81.9131203
2856,01/13/2023,C and D,26.4489299,-81.9434664
2857,10/31/2022,C and D,26.4500104,-81.9466721
2858,10/30/2022,C and D,26.4275434893,-81.910259463
2859,10/19/2022,C and D,26.430504918,-81.9132940546
2860,12/05/2022,C and D,26.4612241362,-81.9521267212
2861,11/05/2022,C and D,26.4620328415,-81.9478186034
2862,10/22/2022,Clean Sand Soil,26.452562,-81.9546246
2863,01/20/2023,Dirty Sand Soil,26.4282494,-81.9112888
2864,10/28/2022,C and D,26.4207951259,-81.9033340929
2865,10/23/2022,Clean Sand Soil,26.4525783,-81.954618
2866,11/03/2022,Dirty Sand Soil,26.4285503,-81.9113844
2867,10/31/2022,C and D,26.4189409325,-81.902260026
2868,12/19/2022,C and D,26.4644006621,-81.9477329794
2869,11/09/2022,C and D,26.452520974,-81.954669552
2870,02/16/2023,C and D,26.4221885,-81.9048764
2871,10/23/2022,Dirty Sand Soil,26.4310989,-81.9139368
2872,10/28/2022,Clean Sand Soil,26.4526934,-81.955278
2873,11/28/2022,C and D,26.4312705844,-81.9141862312
2874,11/13/2022,C and D,26.4379562395,-81.9232884505
2875,10/23/2022,Dirty Sand Soil,26.4438255,-81.9330148
2876,10/13/2022,Dirty Sand Soil,26.4494973701,-81.9449058083
2877,11/03/2022,C and D,26.4049494406,-81.8927172293
2878,10/29/2022,C and D,26.4189918945,-81.9022719283
2879,11/07/2022,C and D,26.4436604642,-81.9330458344
2880,11/07/2022,C and D,26.4602894642,-81.9472406625
2881,11/15/2022,Dirty Sand Soil,26.4224516,-81.9042609
2882,10/12/2022,Dirty Sand Soil,26.4489718,-81.9433837
2883,11/11/2022,C and D,26.4113936,-81.8993139
2884,11/06/2022,C and D,26.4282081323,-81.911100587
2885,11/29/2022,C and D,26.4623736078,-81.9468516671
2886,12/09/2022,C and D,26.4045357,-81.888993
2887,11/13/2022,Dirty Sand Soil,26.438749,-81.9241687
2888,12/01/2022,C and D,26.4599268884,-81.9414568228
2889,01/18/2023,Vegetation,26.404415,-81.8892723
2890,01/07/2023,C and D,26.4326417,-81.915425
2891,12/08/2022,C and D,26.4054212161,-81.8938714173
2892,12/01/2022,C and D,26.4625149477,-81.9486727854
2893,10/19/2022,Dirty Sand Soil,26.451454,-81.9512416
2894,02/01/2023,C and D,26.4416569,-81.9294196
2895,10/21/2022,C and D,26.4178821,-81.9017784
2896,11/19/2022,C and D,26.4044357476,-81.8878626113
2897,11/05/2022,C and D,26.4049709878,-81.8844481683
2898,11/03/2022,C and D,26.4645573661,-81.9505062072
2899,02/21/2023,C and D,26.4058292135,-81.8948005812
2900,01/21/2023,Compact CD,26.4483905,-81.9404334
2901,11/19/2022,C and D,26.4385239746,-81.9239342719
2902,11/20/2022,C and D,26.4669972657,-81.9548380973
2903,03/18/2023,C and D,26.4170416,-81.9015437
2904,11/30/2022,C and D,26.4371842,-81.9217661
2905,10/18/2022,C and D,26.4364107218,-81.9208016816
2906,11/17/2022,C and D,26.4312801,-81.9143261
2907,12/04/2022,C and D,26.4281804,-81.9111533
2908,12/03/2022,C and D,26.4285987,-81.9114393
2909,10/19/2022,Clean Sand Soil,26.4525524,-81.9546061
2910,01/18/2023,Vegetation,26.4057402,-81.8944968
2911,02/06/2023,C and D,26.4432216,-81.9322069
2912,10/24/2022,C and D,26.4495105467,-81.9448060374
2913,12/17/2022,C and D,26.4610856865,-81.9537991752
2914,11/17/2022,C and D,26.4313628,-81.9143814
2915,11/18/2022,C and D,26.4298538,-81.9126485
2916,11/19/2022,C and D,26.4662224565,-81.9555477637
2917,10/13/2022,C and D,26.4159584189,-81.9008750823
2918,12/19/2022,C and D,26.4642467193,-81.9477528197
2919,11/17/2022,C and D,26.4256300265,-81.9081276097
2920,10/18/2022,Dirty Sand Soil,26.4491336,-81.9438503
2921,10/15/2022,Dirty Sand Soil,26.4492323064,-81.9441503614
2922,10/12/2022,C and D,26.4493471681,-81.9444873709
2923,02/08/2023,Dirty Sand Soil,26.432068,-81.9150995
2924,11/07/2022,C and D,26.4221025,-81.9041
2925,12/12/2022,C and D,26.4615344,-81.952164
2926,12/19/2022,C and D,26.4389486,-81.9241363
2927,11/03/2022,Dirty Sand Soil,26.4285579,-81.9113773
2928,02/10/2023,C and D,26.4097026,-81.8986385
2929,12/08/2022,C and D,26.4578540424,-81.9403873958
2930,12/16/2022,C and D,26.4107130049,-81.8990815245
2931,01/04/2023,C and D,26.4598935006,-81.9467484897
2932,10/29/2022,C and D,26.4505986,-81.9483094
2933,10/06/2022,C and D,26.4602055,-81.9476812
2934,10/10/2022,C and D,26.448915,-81.9436933
2935,10/23/2022,Dirty Sand Soil,26.4311145,-81.9139676
2936,01/22/2023,C and D,26.464376124,-81.9536478098
2937,10/21/2022,C and D,26.428857274,-81.9116704115
2938,10/19/2022,Clean Sand Soil,26.4525487,-81.9546087
2939,10/27/2022,C and D,26.4046164139,-81.891726235
2940,11/17/2022,C and D,26.4344192902,-81.917681303
2941,11/18/2022,C and D,26.4331998,-81.9165899
2942,11/28/2022,C and D,26.4481811,-81.9411697
2943,12/02/2022,C and D,26.4254903,-81.908031
2944,12/01/2022,C and D,26.4418203,-81.9292071
2945,01/04/2023,HHW to DMS,26.461419129,-81.950919438
2946,11/07/2022,C and D,26.460032944,-81.9470094222
2947,10/25/2022,C and D,26.4250067063,-81.9064008538
2948,01/21/2023,Compact CD,26.4479363,-81.9405989
2949,11/02/2022,C and D,26.4287757967,-81.911693439
2950,10/20/2022,Dirty Sand Soil,26.4514568,-81.9513977
2951,12/04/2022,C and D,26.4342534961,-81.9180968777
2952,10/24/2022,C and D,26.4339600781,-81.9176853117
2953,03/15/2023,C and D,26.4591650593,-81.9425066857
2954,12/08/2022,C and D,26.4612405002,-81.9463082683
2955,02/01/2023,C and D,26.4432439,-81.9322295
2956,11/17/2022,C and D,26.4328331,-81.9161351
2957,11/17/2022,C and D,26.4044493981,-81.8906838463
2958,12/17/2022,C and D,26.4599673838,-81.9468396174
2959,11/22/2022,C and D,26.4329067,-81.9175523
2960,01/15/2023,C and D,26.4477606,-81.9403411
2961,12/03/2022,C and D,26.4344235,-81.9184856
2962,10/23/2022,C and D,26.4326810986,-81.9157802274
2963,01/20/2023,Dirty Sand Soil,26.4320732,-81.9150846
2964,12/11/2022,C and D,26.4613503,-81.9522113
2965,12/11/2022,C and D,26.4613762,-81.9521875
2966,10/31/2022,C and D,26.4183290955,-81.9020703436
2967,11/02/2022,C and D,26.4486246,-81.94273
2968,11/14/2022,C and D,26.4347970626,-81.9189998601
2969,01/11/2023,C and D,26.4589282558,-81.9461826057
2970,01/11/2023,C and D,26.4585603649,-81.9461619932
2971,01/11/2023,C and D,26.4588865564,-81.9461921805
2972,11/11/2022,C and D,26.4256756614,-81.9083332045
2973,11/27/2022,Dirty Sand Soil,26.4289172,-81.9118428
2974,12/09/2022,Vegetation,26.4440766,-81.9338879
2975,12/09/2022,C and D,26.4605832752,-81.9523041789
2976,12/12/2022,Vegetation,26.4045442175,-81.8903347571
2977,12/06/2022,C and D,26.4298116,-81.9126107
2978,11/03/2022,C and D,26.4067839261,-81.8959740678
2979,10/13/2022,C and D,26.4243544983,-81.9058818576
2980,10/07/2022,C and D,26.4664647,-81.9557688
2981,10/29/2022,C and D,26.4193901,-81.9023859
2982,12/07/2022,C and D,26.4339719,-81.9175151
2983,12/06/2022,C and D,26.4297951,-81.9125583
2984,10/19/2022,Dirty Sand Soil,26.4514328,-81.9512924
2985,12/18/2022,Dirty Sand Soil,26.4483568,-81.9421681
2986,11/13/2022,C and D,26.4513933752,-81.9503419566
2987,11/22/2022,C and D,26.4586858,-81.9416481
2988,12/14/2022,C and D,26.4602749888,-81.9402904809
2989,11/05/2022,C and D,26.4621882365,-81.9476300489
2990,10/20/2022,C and D,26.4306648627,-81.9134039432
2991,10/15/2022,C and D,26.4290442,-81.911861
2992,12/20/2022,C and D,26.4589692547,-81.9482072183
2993,12/02/2022,C and D,26.4662202,-81.9556428
2994,12/02/2022,C and D,26.4284474,-81.9114029
2995,02/06/2023,C and D,26.4422013,-81.930378
2996,10/20/2022,Dirty Sand Soil,26.4513942,-81.9512397
2997,10/21/2022,Dirty Sand Soil,26.4514899,-81.9512595
2998,11/15/2022,C and D,26.4426996558,-81.9312378582
2999,01/21/2023,C and D,26.4198838749,-81.9029449523
3000,12/11/2022,C and D,26.4656369,-81.9554688
3001,10/09/2022,C and D,26.415969574,-81.9008694115
3002,02/23/2023,C and D,26.4289293835,-81.9119297721
3003,11/16/2022,C and D,26.4347516746,-81.9188431186
3004,11/17/2022,C and D,26.4256439405,-81.9081084152
3005,10/31/2022,C and D,26.4647872187,-81.9551754837
3006,11/02/2022,C and D,26.4486429,-81.9428417
3007,11/01/2022,C and D,26.4102588,-81.8988368
3008,10/17/2022,Clean Sand Soil,26.4526286,-81.9545931
3009,10/19/2022,Dirty Sand Soil,26.4466586,-81.9382023
3010,12/01/2022,C and D,26.4631308138,-81.9485834506
3011,12/02/2022,C and D,26.4283208,-81.9113508
3012,10/11/2022,C and D,26.444643,-81.9350885
3013,11/12/2022,C and D,26.4077353,-81.8967861
3014,03/27/2023,C and D,26.4046113,-81.8899308
3015,11/21/2022,C and D,26.4585464,-81.9417874
3016,11/07/2022,C and D,26.4047726663,-81.8857978006
3017,10/14/2022,Vegetation,26.4068412678,-81.8959109949
3018,11/12/2022,C and D,26.4254113112,-81.907371477
3019,10/20/2022,C and D,26.4364148194,-81.9208040288
3020,01/20/2023,C and D,26.4656355451,-81.9553534209
3021,12/12/2022,C and D,26.4614857,-81.952227
3022,02/10/2023,Concrete to FDS,26.44836,-81.9406633
3023,10/17/2022,Dirty Sand Soil,26.4380204,-81.923253
3024,11/03/2022,C and D,26.4060596396,-81.8950459195
3025,10/21/2022,Dirty Sand Soil,26.4514923,-81.9512182
3026,12/19/2022,C and D,26.4389182348,-81.9243289065
3027,12/06/2022,C and D,26.4612660044,-81.9520540447
3028,10/22/2022,Dirty Sand Soil,26.4315272,-81.91449
3029,11/03/2022,C and D,26.4066274261,-81.8958170294
3030,10/31/2022,Dirty Sand Soil,26.4115752,-81.8995137
3031,11/19/2022,C and D,26.4608731,-81.9539233
3032,11/15/2022,C and D,26.438462131,-81.9236057639
3033,01/05/2023,Clean Sand Soil,26.4365344,-81.9221925
3034,12/08/2022,C and D,26.4339486,-81.9175565
3035,10/28/2022,Clean Sand Soil,26.4526582,-81.9552809
3036,02/08/2023,Compact CD,26.4482852,-81.9405414
3037,11/30/2022,C and D,26.4610515439,-81.9485953818
3038,12/04/2022,C and D,26.4066415793,-81.8957562559
3039,12/04/2022,C and D,26.4061769285,-81.8952459656
3040,10/20/2022,C and D,26.436429365,-81.9208046005
3041,12/13/2022,C and D,26.4600764215,-81.9415776898
3042,12/02/2022,C and D,26.4047399927,-81.8860332765
3043,11/16/2022,Dirty Sand Soil,26.4146805,-81.9008829
3044,11/03/2022,Dirty Sand Soil,26.4277304,-81.910522
3045,03/10/2023,C and D,26.4102694,-81.8990047
3046,10/24/2022,C and D,26.428356031,-81.9112315961
3047,11/05/2022,C and D,26.4255543808,-81.9080578712
3048,12/16/2022,C and D,26.405493971,-81.8940114789
3049,10/07/2022,C and D,26.4664934,-81.9557985
3050,12/05/2022,C and D,26.4361797,-81.9203868
3051,11/04/2022,C and D,26.4190227437,-81.9022170766
3052,01/22/2023,C and D,26.431724,-81.9148177
3053,12/13/2022,C and D,26.4480834,-81.9413224
3054,10/20/2022,C and D,26.4365319489,-81.9209000376
3055,03/05/2023,C and D,26.46011,-81.9471719
3056,10/16/2022,Dirty Sand Soil,26.4368471,-81.9216196
3057,11/30/2022,Vegetation,26.425568,-81.9082826
3058,10/18/2022,Dirty Sand Soil,26.4514873,-81.9506576
3059,11/03/2022,C and D,26.406727599,-81.8957767597
3060,10/14/2022,C and D,26.4048357811,-81.8921671284
3061,12/02/2022,C and D,26.4641614028,-81.9486283141
3062,03/10/2023,C and D,26.4051537,-81.8933963
3063,12/09/2022,Dirty Sand Soil,26.4097181,-81.8983649
3064,11/16/2022,C and D,26.4329321,-81.9161336
3065,11/19/2022,C and D,26.4045264946,-81.8908785285
3066,12/04/2022,C and D,26.4282117,-81.9111654
3067,11/04/2022,C and D,26.4579973268,-81.9428166256
3068,01/03/2023,C and D,26.465903,-81.9550576
3069,11/01/2022,HHW to DMS,26.4610052182,-81.9494048588
3070,10/28/2022,C and D,26.4628438326,-81.9486603142
3071,02/07/2023,C and D,26.4316751389,-81.9145182242
3072,10/05/2022,C and D,26.4623371325,-81.9511091093
3073,11/19/2022,C and D,26.4108761,-81.8990678
3074,03/23/2023,C and D,26.4185979,-81.9020069
3075,12/08/2022,Dirty Sand Soil,26.4288487,-81.9117142
3076,12/03/2022,C and D,26.45881176,-81.9403084182
3077,01/03/2023,C and D,26.4578408654,-81.9390179752
3078,01/21/2023,C and D,26.4597089462,-81.9464811781
3079,11/12/2022,Dirty Sand Soil,26.4342509,-81.9178284
3080,11/12/2022,C and D,26.40482961,-81.8908246466
3081,11/17/2022,C and D,26.4415337239,-81.9292849582
3082,10/22/2022,Clean Sand Soil,26.452555,-81.9546328
3083,10/24/2022,C and D,26.4155664,-81.9010085
3084,12/15/2022,C and D,26.4666684,-81.9542716
3085,10/21/2022,C and D,26.4341214132,-81.9178626266
3086,12/07/2022,Dirty Sand Soil,26.4114465,-81.8995347
3087,12/12/2022,C and D,26.4613986,-81.9520721
3088,02/10/2023,C and D,26.4049122576,-81.8927075068
3089,12/04/2022,C and D,26.418117,-81.9021662
3090,11/14/2022,C and D,26.4355520676,-81.9197857095
3091,12/04/2022,C and D,26.4603904284,-81.9476450515
3092,02/08/2023,Compact CD,26.4484213,-81.9406471
3093,01/10/2023,C and D,26.4609228343,-81.9485714189
3094,12/01/2022,C and D,26.4642305957,-81.9477690167
3095,12/12/2022,C and D,26.4104344154,-81.8989329863
3096,12/03/2022,C and D,26.4481920144,-81.9412461017
3097,10/23/2022,C and D,26.4332544152,-81.9165455551
3098,11/28/2022,C and D,26.4211453,-81.9035912
3099,12/14/2022,C and D,26.4588496274,-81.9425910825
3100,12/10/2022,C and D,26.465607,-81.9554384
3101,12/10/2022,C and D,26.4656437,-81.9554945
3102,11/09/2022,C and D,26.4423839003,-81.9305947144
3103,11/01/2022,HHW to DMS,26.4580186301,-81.9430140227
3104,11/22/2022,C and D,26.4255386726,-81.9079717999
3105,10/29/2022,C and D,26.4119524776,-81.8996047302
3106,12/05/2022,C and D,26.4277759,-81.9107437
3107,11/07/2022,C and D,26.4077328,-81.8966628
3108,10/13/2022,Dirty Sand Soil,26.4495926385,-81.9452434169
3109,12/01/2022,C and D,26.4238123343,-81.9054454569
3110,12/16/2022,C and D,26.4199269,-81.902806
3111,11/11/2022,Vegetation,26.4255028,-81.9080869
3112,11/11/2022,Vegetation,26.4255256,-81.908134
3113,01/31/2023,C and D,26.4363974,-81.9210181
3114,12/05/2022,C and D,26.4277645,-81.9105095
3115,12/15/2022,C and D,26.4645317,-81.9528279
3116,11/16/2022,Dirty Sand Soil,26.414819,-81.9008727
3117,10/31/2022,C and D,26.4181337103,-81.9019649105
3118,10/21/2022,Dirty Sand Soil,26.4514738,-81.9513221
3119,12/01/2022,C and D,26.4417992,-81.9294281
3120,12/10/2022,C and D,26.4417678,-81.9298103
3121,11/19/2022,C and D,26.4605563,-81.9538498
3122,10/15/2022,Dirty Sand Soil,26.4492915403,-81.9443527061
3123,10/19/2022,C and D,26.430906898,-81.9137857484
3124,12/12/2022,Vegetation,26.4048840944,-81.8905235242
3125,11/08/2022,C and D,26.4419801909,-81.929931959
3126,01/19/2023,C and D,26.4656706523,-81.9554574704
3127,01/21/2023,C and D,26.422037831,-81.9040493278
3128,10/15/2022,C and D,26.4160649,-81.901153
3129,11/11/2022,C and D,26.4388874732,-81.9244890009
3130,01/19/2023,C and D,26.465661016,-81.9554611485
3131,10/10/2022,C and D,26.4479895076,-81.9409871847
3132,12/17/2022,C and D,26.4493968,-81.9446301
3133,01/20/2023,C and D,26.4438876,-81.9337046
3134,12/18/2022,C and D,26.4640618687,-81.9468640732
3135,11/16/2022,C and D,26.4327714,-81.9161068
3136,11/01/2022,C and D,26.4285767181,-81.9113851474
3137,12/14/2022,Dirty Sand Soil,26.4515021,-81.9508249
3138,12/09/2022,Vegetation,26.4174972,-81.9016975
3139,10/10/2022,C and D,26.4657782,-81.954819
3140,12/05/2022,C and D,26.4047194,-81.8883135
3141,11/11/2022,Vegetation,26.425658,-81.9083204
3142,10/22/2022,C and D,26.428861599,-81.9116205382
3143,01/06/2023,C and D,26.4477384143,-81.9400464321
3144,01/31/2023,Dirty Sand Soil,26.429109,-81.9120856
3145,10/07/2022,C and D,26.4651755,-81.9552028
3146,10/05/2022,C and D,26.4643664,-81.9544644
3147,02/01/2023,C and D,26.4433059,-81.9323585
3148,01/21/2023,Compact CD,26.4479373,-81.9405461
3149,11/06/2022,C and D,26.4346069,-81.9184906
3150,01/16/2023,C and D,26.460163085,-81.9402807113
3151,01/16/2023,C and D,26.4595703719,-81.9403983177
3152,01/13/2023,C and D,26.4507916,-81.9488745
3153,01/09/2023,C and D,26.4303139,-81.91312
3154,02/19/2023,C and D,26.4311684869,-81.9140584195
3155,12/08/2022,C and D,26.4663236,-81.9556835
3156,12/01/2022,C and D,26.4432845,-81.9318456
3157,10/20/2022,Vegetation,26.4367485253,-81.9211716409
3158,11/28/2022,C and D,26.4594736,-81.9417117
3159,10/27/2022,C and D,26.4060517925,-81.8947377459
3160,12/17/2022,C and D,26.462614509,-81.948557168
3161,10/14/2022,Dirty Sand Soil,26.4518959,-81.9524361
3162,11/05/2022,C and D,26.4179521613,-81.9018115942
3163,10/27/2022,C and D,26.4061347335,-81.89494025
3164,10/24/2022,C and D,26.4269050252,-81.9097687882
3165,10/17/2022,C and D,26.4305715731,-81.9133239679
3166,02/08/2023,Dirty Sand Soil,26.4322557,-81.91527
3167,12/11/2022,C and D,26.4106424073,-81.8989984997
3168,03/19/2023,C and D,26.4647930897,-81.9550566987
3169,11/01/2022,C and D,26.4593815404,-81.9458518123
3170,10/13/2022,Dirty Sand Soil,26.4490061,-81.9434056
3171,12/12/2022,C and D,26.4643985,-81.954586
3172,12/12/2022,C and D,26.4576752319,-81.9402636527
3173,12/02/2022,C and D,26.4221649058,-81.9042622951
3174,12/17/2022,C and D,26.4494964481,-81.9447948319
3175,11/16/2022,C and D,26.4499069411,-81.946099833
3176,10/06/2022,C and D,26.4645242,-81.9533817
3177,11/04/2022,C and D,26.4218559143,-81.9040103517
3178,11/14/2022,C and D,26.4330298,-81.9163754
3179,11/18/2022,C and D,26.4310394,-81.9140623
3180,10/28/2022,Clean Sand Soil,26.4526947,-81.9552787
3181,02/07/2023,C and D,26.4318687,-81.9148162
3182,01/14/2023,C and D,26.4221382,-81.9041941
3183,10/25/2022,C and D,26.4598198082,-81.9535559024
3184,11/16/2022,Dirty Sand Soil,26.4147828,-81.9009086
3185,10/31/2022,Dirty Sand Soil,26.4146837,-81.9006735
3186,01/20/2023,C and D,26.4440533,-81.933736
3187,10/24/2022,Dirty Sand Soil,26.410776,-81.899065
3188,11/16/2022,C and D,26.4406373703,-81.9274977498
3189,12/04/2022,C and D,26.4414879168,-81.929175323
3190,11/30/2022,C and D,26.4647704,-81.9507256
3191,10/14/2022,C and D,26.4090367,-81.8978309
3192,11/18/2022,C and D,26.4336427,-81.9173101
3193,11/04/2022,C and D,26.4580929008,-81.9426408428
3194,02/18/2023,C and D,26.4598970316,-81.9465391452
3195,10/24/2022,Dirty Sand Soil,26.431091,-81.9139583
3196,12/14/2022,C and D,26.4589430529,-81.9417250162
3197,11/30/2022,C and D,26.4641606,-81.9508228
3198,12/01/2022,C and D,26.4424224,-81.9308298
3199,11/11/2022,C and D,26.4392756071,-81.9252191019
3200,01/17/2023,Vegetation,26.4590484371,-81.9461145137
3201,10/28/2022,Clean Sand Soil,26.4526952,-81.9552696
3202,10/28/2022,Clean Sand Soil,26.4526906,-81.9552883
3203,11/08/2022,C and D,26.4428928836,-81.931711908
3204,01/20/2023,Vegetation,26.4446593,-81.9349414
3205,11/02/2022,C and D,26.406415456,-81.8954211301
3206,11/09/2022,Vegetation,26.4256715741,-81.9082981348
3207,10/20/2022,C and D,26.4366011116,-81.9211197113
3208,11/16/2022,Dirty Sand Soil,26.4145511,-81.900899
3209,12/21/2022,HHW to DMS,26.4638782131,-81.9485899641
3210,12/13/2022,C and D,26.4463632,-81.9379659
3211,11/05/2022,C and D,26.4174499002,-81.901623977
3212,11/17/2022,C and D,26.4390269062,-81.9250711241
3213,11/28/2022,C and D,26.4593032,-81.9416771
3214,10/22/2022,C and D,26.4286092874,-81.9114399764
3215,10/13/2022,Dirty Sand Soil,26.4488957,-81.9433401
3216,12/05/2022,C and D,26.4053475,-81.8930383
3217,10/05/2022,C and D,26.4628211344,-81.9541414734
3218,03/02/2023,C and D,26.4590103,-81.9402845
3219,10/07/2022,C and D,26.4644554,-81.9534386
3220,10/17/2022,Dirty Sand Soil,26.4354626,-81.9195009
3221,11/10/2022,C and D,26.4620968374,-81.9486244396
3222,11/11/2022,C and D,26.4615306398,-81.9512415212
3223,11/05/2022,C and D,26.4254857,-81.9077011
3224,12/12/2022,C and D,26.4639203,-81.9541003
3225,01/12/2023,C and D,26.4582163934,-81.9395501912
3226,12/09/2022,Dirty Sand Soil,26.4221336,-81.9041584
3227,11/26/2022,C and D,26.4337948273,-81.9172557561
3228,10/31/2022,C and D,26.465440794,-81.954393134
3229,11/30/2022,C and D,26.4046292,-81.8861175
3230,10/07/2022,C and D,26.4652521,-81.9551858
3231,10/24/2022,Dirty Sand Soil,26.4239578,-81.9053098
3232,10/31/2022,C and D,26.4499202,-81.946526
3233,11/04/2022,C and D,26.4255829041,-81.9080216826
3234,01/12/2023,C and D,26.4439061933,-81.9333641093
3235,12/09/2022,C and D,26.4586528465,-81.9447602269
3236,02/26/2023,C and D,26.4319703,-81.9149387
3237,11/05/2022,C and D,26.4255264,-81.9078862
3238,11/01/2022,Dirty Sand Soil,26.4049578,-81.8853187
3239,11/16/2022,C and D,26.4105581554,-81.8990704836
3240,11/13/2022,C and D,26.4045248553,-81.8878972997
3241,10/22/2022,Clean Sand Soil,26.4525676,-81.9545852
3242,10/26/2022,C and D,26.46140642,-81.9509748929
3243,12/04/2022,C and D,26.4282303,-81.9111188
3244,12/05/2022,C and D,26.4297708,-81.9125947
3245,01/18/2023,Vegetation,26.4294877,-81.912339
3246,10/20/2022,C and D,26.4156109,-81.9010261
3247,03/10/2023,C and D,26.4050858,-81.8931653
3248,10/30/2022,C and D,26.4275740432,-81.9103145588
3249,11/11/2022,Dirty Sand Soil,26.4286834,-81.9115941
3250,12/12/2022,C and D,26.4615021,-81.9522316
3251,11/28/2022,C and D,26.4477284,-81.9402836
3252,11/13/2022,C and D,26.4449608221,-81.9353983131
3253,10/23/2022,Clean Sand Soil,26.4526193,-81.9545994
3254,11/11/2022,Vegetation,26.4256395,-81.9082448
3255,10/20/2022,C and D,26.4367039393,-81.9212800312
3256,11/26/2022,C and D,26.4337116941,-81.91724156
3257,11/06/2022,C and D,26.4218664,-81.9038333
3258,11/20/2022,C and D,26.4671003,-81.9548299
3259,11/05/2022,C and D,26.4254795,-81.9077145
3260,10/14/2022,C and D,26.4174024487,-81.9016786133
3261,10/24/2022,C and D,26.4340069882,-81.9174523193
3262,12/15/2022,C and D,26.4339345,-81.9176044
3263,12/11/2022,C and D,26.4613016,-81.9520475
3264,12/11/2022,C and D,26.4613258,-81.9520418
3265,01/18/2023,Dirty Sand Soil,26.4465838,-81.9380137
3266,12/15/2022,C and D,26.4645248,-81.9528457
3267,11/11/2022,C and D,26.4307805,-81.9136209
3268,10/21/2022,Dirty Sand Soil,26.437528,-81.9223245
3269,11/21/2022,C and D,26.4434925678,-81.9326833002
3270,10/19/2022,Dirty Sand Soil,26.4514261,-81.951186
3271,12/10/2022,Vegetation,26.4069423,-81.8961012
3272,12/02/2022,C and D,26.4639540747,-81.9485488402
3273,11/02/2022,Dirty Sand Soil,26.4362701,-81.920441
3274,12/09/2022,Vegetation,26.406811,-81.8958988
3275,11/04/2022,C and D,26.4354108,-81.9193028
3276,10/31/2022,C and D,26.4183473,-81.9020147
3277,11/03/2022,C and D,26.4064099815,-81.8954963147
3278,10/17/2022,C and D,26.4088391257,-81.8978165799
3279,12/10/2022,C and D,26.4594153203,-81.9406687085
3280,10/31/2022,C and D,26.4174701,-81.9017127
3281,02/28/2023,Concrete to FDS,26.4481567,-81.940605
3282,11/30/2022,C and D,26.4372637,-81.9222278
3283,11/15/2022,C and D,26.460442,-81.9476517
3284,10/18/2022,C and D,26.4043498047,-81.886132493
3285,10/31/2022,C and D,26.4213239495,-81.9036618993
3286,01/11/2023,C and D,26.4507433,-81.9486175
3287,12/18/2022,C and D,26.4587809971,-81.9426429793
3288,01/04/2023,C and D,26.4302447,-81.9131781
3289,10/26/2022,C and D,26.4641017886,-81.950770123
3290,11/17/2022,C and D,26.4255512366,-81.9079555292
3291,01/14/2023,C and D,26.4375475,-81.9225873
3292,11/30/2022,C and D,26.4594219344,-81.9460956225
3293,10/17/2022,Clean Sand Soil,26.4525678,-81.95452
3294,02/01/2023,C and D,26.4417336,-81.9294888
3295,11/29/2022,C and D,26.451822,-81.9523261
3296,11/28/2022,C and D,26.4595596,-81.9417508
3297,11/08/2022,C and D,26.4525170764,-81.9546243735
3298,11/11/2022,C and D,26.4586020028,-81.942580836
3299,10/17/2022,C and D,26.465688,-81.9547024
3300,01/06/2023,C and D,26.4303608,-81.9131935
3301,11/15/2022,C and D,26.4597093,-81.9403193
3302,10/24/2022,C and D,26.424951721,-81.9063432702
3303,12/05/2022,C and D,26.4048215042,-81.8921422727
3304,10/17/2022,Dirty Sand Soil,26.4354887,-81.9195378
3305,12/12/2022,C and D,26.457976911,-81.9403115745
3306,11/13/2022,C and D,26.4460205668,-81.9377402087
3307,11/02/2022,Dirty Sand Soil,26.4131681,-81.9000422
3308,01/09/2023,C and D,26.4304338,-81.9132221
3309,05/06/2023,C and D,26.437343,-81.9220567
3310,05/06/2023,C and D,26.4435427,-81.9326484
3311,11/02/2022,C and D,26.4083245397,-81.8973049802
3312,10/29/2022,C and D,26.4114088705,-81.8994822633
3313,11/03/2022,C and D,26.4053791183,-81.8939437059
3314,03/09/2023,C and D,26.4616342394,-81.9525670644
3315,10/21/2022,Dirty Sand Soil,26.4514625,-81.9513213
3316,12/03/2022,C and D,26.4046600527,-81.8859598346
3317,11/06/2022,C and D,26.4133351,-81.9001021
3318,11/12/2022,C and D,26.4044891,-81.8911865
3319,01/30/2023,C and D,26.4663394634,-81.9557469618
3320,02/22/2023,C and D,26.4664175416,-81.9557047293
3321,12/13/2022,C and D,26.444612,-81.9349146
3322,12/02/2022,C and D,26.4583841153,-81.9403152914
3323,10/20/2022,C and D,26.4367000212,-81.9212468892
3324,01/31/2023,Dirty Sand Soil,26.4276688,-81.9106569
3325,11/06/2022,C and D,26.4220891,-81.9038989
3326,10/31/2022,C and D,26.4184986835,-81.9020435036
3327,01/05/2023,Clean Sand Soil,26.4365384,-81.9221875
3328,10/22/2022,Clean Sand Soil,26.4525499,-81.954614
3329,11/06/2022,C and D,26.4445241632,-81.9346693586
3330,12/13/2022,C and D,26.4482576,-81.9418024
3331,01/13/2023,C and D,26.4428596,-81.9315246
3332,01/24/2023,C and D,26.4055142,-81.8939342
3333,12/17/2022,C and D,26.4494451,-81.9447668
3334,11/08/2022,C and D,26.4614576334,-81.9523487707
3335,01/03/2023,C and D,26.4602195867,-81.9476330032
3336,11/09/2022,C and D,26.4147383,-81.9007179
3337,10/17/2022,Dirty Sand Soil,26.4366294,-81.9210986
3338,12/04/2022,C and D,26.4613705734,-81.9506869765
3339,11/12/2022,C and D,26.4077613,-81.8968839
3340,10/27/2022,C and D,26.4045664426,-81.8917917874
3341,11/28/2022,C and D,26.42574884,-81.9084724412
3342,11/09/2022,C and D,26.4585295,-81.9426025
3343,10/12/2022,Dirty Sand Soil,26.4489465,-81.9433886
3344,11/14/2022,C and D,26.4057398541,-81.8943067734
3345,02/02/2023,Dirty Sand Soil,26.4319592,-81.9149878
3346,02/04/2023,C and D,26.4476704,-81.9400513
3347,10/30/2022,C and D,26.4234216,-81.9050739
3348,02/08/2023,C and D,26.4052740718,-81.8933990971
3349,12/05/2022,C and D,26.4277236,-81.9106536
3350,02/08/2023,C and D,26.4053073509,-81.8933038417
3351,11/28/2022,C and D,26.4270041557,-81.9097277989
3352,10/29/2022,C and D,26.4184521642,-81.9020128681
3353,11/06/2022,C and D,26.45810104,-81.9417271069
3354,11/19/2022,C and D,26.4100059495,-81.8985674624
3355,12/02/2022,C and D,26.435959,-81.9201646
3356,11/01/2022,C and D,26.4287401541,-81.911510272
3357,11/12/2022,C and D,26.4052472497,-81.8938199525
3358,10/31/2022,C and D,26.4232504,-81.9049338
3359,11/06/2022,C and D,26.4222439,-81.9041242
3360,10/21/2022,Dirty Sand Soil,26.4515183,-81.9513195
3361,11/08/2022,C and D,26.4255728526,-81.9079313623
3362,11/09/2022,C and D,26.4146194,-81.9006186
3363,01/16/2023,Vegetation,26.4410393,-81.9283026
3364,10/21/2022,Dirty Sand Soil,26.4508878,-81.9488362
3365,10/18/2022,C and D,26.4660644,-81.9552679
3366,02/02/2023,Concrete,26.4599229,-81.9414283
3367,12/11/2022,C and D,26.4047256757,-81.8867676386
3368,12/10/2022,C and D,26.4356871369,-81.9200178423
3369,11/09/2022,C and D,26.4606975625,-81.9484479167
3370,11/04/2022,C and D,26.4307469,-81.9135693
3371,11/11/2022,C and D,26.4306243,-81.9135225
3372,12/12/2022,C and D,26.464376,-81.9545585
3373,11/13/2022,C and D,26.4459565535,-81.9375264017
3374,11/16/2022,Dirty Sand Soil,26.4111452,-81.899289
3375,10/17/2022,Dirty Sand Soil,26.4359233,-81.9200475
3376,12/08/2022,C and D,26.4067051141,-81.8958440144
3377,11/06/2022,C and D,26.4059598644,-81.8945879223
3378,05/06/2023,C and D,26.4048638,-81.8912934
3379,05/06/2023,C and D,26.4173293,-81.9014892
3380,11/13/2022,C and D,26.4330903,-81.916396
3381,10/27/2022,C and D,26.4061926954,-81.8950052904
3382,03/17/2023,C and D,26.4335801,-81.916891
3383,10/15/2022,Dirty Sand Soil,26.4491597995,-81.9440304819
3384,11/16/2022,C and D,26.4312665,-81.914264
3385,12/07/2022,C and D,26.4104102969,-81.8990293726
3386,10/17/2022,Dirty Sand Soil,26.4365627,-81.9210415
3387,12/01/2022,Sand CD,26.4526191,-81.9545048
3388,11/16/2022,C and D,26.4327923,-81.9161026
3389,12/07/2022,C and D,26.4614558966,-81.9508994837
3390,10/18/2022,C and D,26.465832,-81.9549623
3391,11/07/2022,C and D,26.4602111831,-81.9473906926
3392,12/12/2022,Vegetation,26.404636167,-81.8910524995
3393,11/07/2022,C and D,26.4438694669,-81.9333624189
3394,10/30/2022,C and D,26.4655035979,-81.954344597
3395,02/05/2023,C and D,26.4448568,-81.9352996
3396,12/06/2022,C and D,26.4607582055,-81.9523617626
3397,10/20/2022,Clean Sand Soil,26.4525887,-81.9545956
3398,11/30/2022,C and D,26.4646717,-81.9504933
3399,10/15/2022,Dirty Sand Soil,26.449156059,-81.9439694659
3400,10/23/2022,C and D,26.4326318236,-81.915713206
3401,11/08/2022,C and D,26.4173416,-81.901662
3402,12/11/2022,C and D,26.4400667,-81.9265841
3403,02/13/2023,C and D,26.4256141,-81.9073482
3404,11/12/2022,C and D,26.4055638,-81.8937693
3405,12/10/2022,C and D,26.4655987,-81.9554335
3406,11/12/2022,C and D,26.4596711668,-81.9466772845
3407,01/17/2023,Dirty Sand Soil,26.4300338,-81.9128336
3408,10/24/2022,Dirty Sand Soil,26.4251839,-81.9064369
3409,12/03/2022,C and D,26.4108042626,-81.8992260199
3410,12/11/2022,C and D,26.4401859,-81.9266963
3411,11/05/2022,C and D,26.4344415,-81.9183069
3412,02/05/2023,C and D,26.4477588,-81.9399945
3413,11/30/2022,C and D,26.4597933782,-81.9415630406
3414,11/01/2022,C and D,26.4603077201,-81.9471213129
3415,11/15/2022,C and D,26.4427577237,-81.9312562088
3416,02/07/2023,C and D,26.4318022,-81.9147849
3417,10/21/2022,Clean Sand Soil,26.4525453,-81.9545955
3418,12/14/2022,C and D,26.4587273488,-81.9415633618
3419,10/23/2022,C and D,26.4327165893,-81.9157866629
3420,12/02/2022,Vegetation,26.4617424936,-81.9514057134
3421,11/13/2022,C and D,26.4525280283,-81.9547146546
3422,11/13/2022,C and D,26.4330195,-81.9164116
3423,11/16/2022,C and D,26.4105629839,-81.899085588
3424,10/25/2022,Dirty Sand Soil,26.4279153,-81.9106682
3425,10/17/2022,Clean Sand Soil,26.452562,-81.9545445
3426,12/09/2022,HHW to DMS,26.4612987545,-81.9507043251
3427,02/14/2023,C and D,26.405798,-81.894662
3428,11/22/2022,C and D,26.4288634,-81.9116754
3429,11/19/2022,C and D,26.4100357471,-81.8986105454
3430,11/08/2022,C and D,26.441943557,-81.9298467134
3431,01/18/2023,Vegetation,26.4044056,-81.8886479
3432,11/11/2022,C and D,26.4413494058,-81.928878855
3433,11/03/2022,C and D,26.405019042,-81.8928117967
3434,11/14/2022,C and D,26.4059305005,-81.8946254534
3435,11/05/2022,C and D,26.4255620716,-81.9080376359
3436,10/22/2022,Clean Sand Soil,26.4525795,-81.9545556
3437,11/20/2022,C and D,26.4284582,-81.9114175
3438,10/28/2022,Clean Sand Soil,26.4526837,-81.955267
3439,11/07/2022,C and D,26.4256895169,-81.9087531337
3440,01/30/2023,C and D,26.428996,-81.9119138
3441,12/18/2022,Dirty Sand Soil,26.4373814,-81.9222202
3442,10/16/2022,Dirty Sand Soil,26.4515307271,-81.9512006566
3443,12/12/2022,C and D,26.4643837,-81.9545561
3444,10/19/2022,C and D,26.4365996682,-81.9209377893
3445,11/01/2022,C and D,26.4088953,-81.8977449
3446,12/06/2022,C and D,26.4580295608,-81.9405934867
3447,01/14/2023,C and D,26.4375213,-81.9224335
3448,01/25/2023,C and D,26.4072654,-81.8964292
3449,12/09/2022,C and D,26.4586498442,-81.9448589049
3450,10/15/2022,Dirty Sand Soil,26.4510256006,-81.9492986799
3451,10/16/2022,C and D,26.4320336633,-81.9149783604
3452,10/17/2022,Dirty Sand Soil,26.4354578,-81.9194737
3453,03/18/2023,C and D,26.4647135088,-81.9530660533
3454,12/17/2022,C and D,26.4478267,-81.9404003
3455,10/13/2022,Dirty Sand Soil,26.4489218,-81.9433511
3456,12/03/2022,C and D,26.43451,-81.9184501
3457,02/15/2023,C and D,26.4317878,-81.9147525
3458,12/01/2022,C and D,26.4618432271,-81.9486375303
3459,12/02/2022,C and D,26.4045271508,-81.885887019
3460,10/15/2022,Dirty Sand Soil,26.4492794,-81.944404
3461,02/15/2023,C and D,26.4097453,-81.8983592
3462,01/10/2023,C and D,26.4639678351,-81.9469020735
3463,10/21/2022,C and D,26.4526472477,-81.9546912604
3464,10/28/2022,C and D,26.461895085,-81.9513316267
3465,11/13/2022,C and D,26.4525475476,-81.9547505801
3466,10/25/2022,C and D,26.4428672847,-81.9314260316
3467,11/12/2022,C and D,26.4580699196,-81.9428413455
3468,11/20/2022,C and D,26.4667106357,-81.9544234388
3469,02/18/2023,C and D,26.4597924665,-81.9464981701
3470,11/11/2022,C and D,26.4106827,-81.8991272
3471,10/28/2022,Clean Sand Soil,26.4526955,-81.955302
3472,10/29/2022,C and D,26.4255637605,-81.9079707261
3473,01/21/2023,C and D,26.4212932126,-81.9036933868
3474,12/19/2022,C and D,26.4335956006,-81.9169716072
3475,11/04/2022,C and D,26.4174647824,-81.9017424883
3476,11/05/2022,C and D,26.4067700738,-81.8957632129
3477,12/19/2022,C and D,26.4305526344,-81.913363617
3478,12/18/2022,Dirty Sand Soil,26.4475404,-81.9396646
3479,10/17/2022,Dirty Sand Soil,26.4359444,-81.9201869
3480,10/14/2022,C and D,26.4513777977,-81.9508502237
3481,02/01/2023,C and D,26.4607642824,-81.9491903019
3482,12/07/2022,C and D,26.4339291,-81.9173531
3483,10/06/2022,C and D,26.4609574,-81.9493346
3484,01/13/2023,C and D,26.4355016274,-81.9196856692
3485,01/11/2023,C and D,26.4508188,-81.9487683
3486,01/10/2023,C and D,26.4605041176,-81.9461513116
3487,01/23/2023,C and D,26.4106336,-81.8991057
3488,12/01/2022,C and D,26.4065861,-81.89557
3489,01/21/2023,C and D,26.459370396,-81.9457962531
3490,12/06/2022,C and D,26.4633635826,-81.9508660588
3491,11/20/2022,C and D,26.4384740553,-81.9237113105
3492,02/07/2023,C and D,26.4317447619,-81.9146801691
3493,11/26/2022,Dirty Sand Soil,26.4464983,-81.9382259
3494,11/07/2022,C and D,26.4046254382,-81.8914545794
3495,12/09/2022,C and D,26.4351156168,-81.9191441965
3496,01/20/2023,C and D,26.4053988,-81.8936434
3497,10/17/2022,C and D,26.4654161,-81.9543798
3498,10/18/2022,C and D,26.4365495432,-81.9208940516
3499,12/06/2022,C and D,26.4282963,-81.9112319
3500,11/05/2022,C and D,26.425560371,-81.9076855588
3501,12/15/2022,C and D,26.4644871,-81.9528222
3502,10/23/2022,Dirty Sand Soil,26.4436843,-81.9327769
3503,12/01/2022,Vegetation,26.4357072,-81.9199593
3504,02/08/2023,Compact CD,26.448013,-81.9405935
3505,11/30/2022,C and D,26.4613262015,-81.9485746276
3506,11/05/2022,C and D,26.4400341,-81.9263794
3507,10/29/2022,C and D,26.4619539532,-81.9513685571
3508,12/05/2022,C and D,26.4051666158,-81.8931905554
3509,12/19/2022,C and D,26.434221747,-81.9175680582
3510,01/15/2023,C and D,26.4401353,-81.9268106
3511,11/03/2022,C and D,26.4045572081,-81.8910161884
3512,01/25/2023,C and D,26.4071876208,-81.8963508212
3513,11/07/2022,C and D,26.4063814888,-81.8954071496
3514,10/15/2022,C and D,26.4513853083,-81.9507202234
3515,11/21/2022,C and D,26.4257287,-81.9085347
3516,11/14/2022,C and D,26.441859141,-81.9295929471
3517,11/14/2022,C and D,26.4331405,-81.9164222
3518,11/09/2022,C and D,26.4148611,-81.9007528
3519,12/10/2022,C and D,26.4414617,-81.9289602
3520,11/09/2022,C and D,26.4612800989,-81.9524718577
3521,12/06/2022,C and D,26.4613214678,-81.950799287
3522,12/08/2022,C and D,26.404777,-81.8910816
3523,10/20/2022,Dirty Sand Soil,26.4512915,-81.9500404
3524,11/06/2022,C and D,26.4582290999,-81.9419697825
3525,12/13/2022,C and D,26.4450439,-81.9357788
3526,12/01/2022,C and D,26.46256783,-81.9487166943
3527,12/06/2022,C and D,26.4603872995,-81.9476923505
3528,02/08/2023,Dirty Sand Soil,26.4317908,-81.9151097
3529,10/19/2022,Clean Sand Soil,26.452449,-81.9546238
3530,11/21/2022,C and D,26.4044809,-81.8865663
3531,10/31/2022,C and D,26.4204177281,-81.9031109756
3532,10/18/2022,C and D,26.430514305,-81.9132800722
3533,12/15/2022,C and D,26.4105847,-81.8990525
3534,11/03/2022,C and D,26.4047484811,-81.8920052257
3535,10/17/2022,C and D,26.4664487215,-81.9539367542
3536,12/13/2022,Dirty Sand Soil,26.4526842,-81.9544523
3537,02/09/2023,C and D,26.4180969,-81.9020081
3538,12/07/2022,C and D,26.4096829947,-81.8985703961
3539,10/19/2022,Clean Sand Soil,26.4525681,-81.954587
3540,10/21/2022,Dirty Sand Soil,26.4375309,-81.9223419
3541,10/10/2022,C and D,26.4508824,-81.9491178
3542,02/09/2023,C and D,26.4145666,-81.9007023
3543,05/06/2023,C and D,26.4045368,-81.889652
3544,12/13/2022,C and D,26.4428041,-81.9311753
3545,10/23/2022,Clean Sand Soil,26.452583,-81.9546032
3546,10/17/2022,C and D,26.4656965,-81.9546491
3547,11/11/2022,C and D,26.4415170439,-81.9289205969
3548,11/17/2022,C and D,26.4044270488,-81.8904679539
3549,10/18/2022,C and D,26.4305525564,-81.9133757749
3550,10/22/2022,C and D,26.4216627,-81.9038229
3551,11/30/2022,C and D,26.4611230264,-81.9486665732
3552,01/21/2023,C and D,26.4639087155,-81.9476740906
3553,12/06/2022,C and D,26.4360206528,-81.9203877357
3554,10/07/2022,C and D,26.4645691,-81.9532473
3555,01/24/2023,Compact CD,26.4483846,-81.9405096
3556,02/25/2023,C and D,26.4598850208,-81.9466313907
3557,12/18/2022,C and D,26.4640635231,-81.9469099577
3558,01/17/2023,C and D,26.4292443,-81.912185
3559,01/03/2023,C and D,26.4577039661,-81.9390892843
3560,10/13/2022,Dirty Sand Soil,26.4494539518,-81.94488368
3561,10/20/2022,Dirty Sand Soil,26.4514636,-81.9506281
3562,01/03/2023,Dirty Sand Soil,26.4289238,-81.9116837
3563,10/15/2022,C and D,26.4507921646,-81.9485522714
3564,11/01/2022,Dirty Sand Soil,26.4126695,-81.8998152
3565,11/05/2022,C and D,26.4417935,-81.9294169
3566,11/10/2022,C and D,26.4619541854,-81.9484916053
3567,11/08/2022,C and D,26.4525311161,-81.9547273871
3568,01/13/2023,C and D,26.44302,-81.9313033
3569,11/11/2022,Vegetation,26.4256224,-81.9082599
3570,11/03/2022,C and D,26.4485008,-81.9424416
3571,12/01/2022,C and D,26.4049921,-81.8926718
3572,11/12/2022,C and D,26.4386898557,-81.9241545768
3573,10/23/2022,Dirty Sand Soil,26.4206686,-81.9031083
3574,11/01/2022,Dirty Sand Soil,26.4117105,-81.8996403
3575,03/28/2023,C and D,26.4105447423,-81.8990196635
3576,11/05/2022,C and D,26.4416937,-81.9292606
3577,10/23/2022,Clean Sand Soil,26.4525755,-81.9545967
3578,11/18/2022,C and D,26.4416952506,-81.9293473036
3579,01/09/2023,C and D,26.43255,-81.915735
3580,12/10/2022,C and D,26.439126,-81.9248172
3581,02/04/2023,C and D,26.447797,-81.9400574
3582,11/05/2022,C and D,26.4255467644,-81.9080441969
3583,11/04/2022,C and D,26.4255400887,-81.9079262764
3584,10/14/2022,C and D,26.4522825741,-81.9534165125
3585,10/21/2022,Dirty Sand Soil,26.4515216,-81.9513419
3586,01/22/2023,C and D,26.4318086,-81.9148086
3587,01/10/2023,C and D,26.4302483,-81.91299
3588,12/19/2022,C and D,26.4053647827,-81.8937779103
3589,11/29/2022,C and D,26.451948,-81.9519176
3590,11/03/2022,C and D,26.4286703,-81.9114896
3591,11/08/2022,C and D,26.4256308948,-81.9082519955
3592,10/20/2022,C and D,26.4364172102,-81.9208134724
3593,11/03/2022,C and D,26.4629034698,-81.9478159212
3594,01/30/2023,C and D,26.4290861,-81.9119375
3595,02/10/2023,C and D,26.4071008237,-81.896189265
3596,02/14/2023,C and D,26.4599289838,-81.9468832669
3597,12/05/2022,C and D,26.4599199314,-81.940436829
3598,11/16/2022,Dirty Sand Soil,26.4146983,-81.9008865
3599,02/15/2023,C and D,26.4603122756,-81.947644654
3600,10/13/2022,Dirty Sand Soil,26.4489214,-81.943371
3601,11/08/2022,C and D,26.4422499156,-81.9305212051
3602,12/01/2022,Sand CD,26.4524506,-81.9545378
3603,11/18/2022,C and D,26.4310103,-81.914038
3604,01/05/2023,Clean Sand Soil,26.4365342,-81.9221796
3605,11/13/2022,C and D,26.432762117,-81.9160131769
3606,10/18/2022,C and D,26.4659305,-81.9550887
3607,10/14/2022,C and D,26.4497286268,-81.9456881751
3608,11/12/2022,C and D,26.405523601,-81.8944029138
3609,11/06/2022,C and D,26.444625906,-81.9347108055
3610,11/19/2022,C and D,26.4216124944,-81.903847878
3611,11/18/2022,C and D,26.4256095816,-81.9080077967
3612,12/18/2022,C and D,26.4382837247,-81.9236507268
3613,10/22/2022,Clean Sand Soil,26.452566,-81.954559
3614,01/11/2023,Clean Sand Soil,26.436777,-81.9221661
3615,10/28/2022,Clean Sand Soil,26.4526844,-81.9552917
3616,10/13/2022,Dirty Sand Soil,26.4489413,-81.9433794
3617,10/14/2022,C and D,26.4339782501,-81.9174999545
3618,02/10/2023,C and D,26.4186298206,-81.9020235017
3619,02/10/2023,C and D,26.4102884196,-81.8990237732
3620,11/11/2022,C and D,26.4417650644,-81.9295950887
3621,11/17/2022,C and D,26.4313541,-81.9143569
3622,11/30/2022,C and D,26.4047326,-81.8860329
3623,02/08/2023,Compact CD,26.4483383,-81.9403283
3624,12/03/2022,C and D,26.4591392216,-81.9402817376
3625,11/11/2022,C and D,26.4255453072,-81.9079072825
3626,12/03/2022,C and D,26.404738951,-81.8861924053
3627,03/09/2023,C and D,26.4200023,-81.9028357
3628,12/05/2022,C and D,26.42776,-81.9107454
3629,12/05/2022,C and D,26.4047511,-81.8884097
3630,10/31/2022,C and D,26.4287556104,-81.9115191078
3631,11/05/2022,C and D,26.4060400101,-81.8948332407
3632,10/24/2022,C and D,26.4326219784,-81.9159886664
3633,11/04/2022,C and D,26.4597242744,-81.9464658657
3634,11/11/2022,C and D,26.4224694,-81.9043959
3635,12/09/2022,Dirty Sand Soil,26.4100218,-81.898672
3636,12/09/2022,C and D,26.4437128,-81.9329425
3637,10/06/2022,C and D,26.4644203,-81.954544
3638,11/20/2022,C and D,26.435244753,-81.9194608406
3639,10/30/2022,C and D,26.4232764719,-81.9049402234
3640,01/30/2023,Dirty Sand Soil,26.4170241,-81.9014949
3641,10/23/2022,Clean Sand Soil,26.4525867,-81.9546025
3642,02/18/2023,C and D,26.4283430287,-81.9112689138
3643,11/22/2022,C and D,26.4064503,-81.8953423
3644,11/10/2022,C and D,26.4631264284,-81.948581189
3645,11/14/2022,C and D,26.4065183732,-81.8955372064
3646,11/02/2022,Dirty Sand Soil,26.411733,-81.8996288
3647,01/30/2023,C and D,26.4290904,-81.9120121
3648,10/16/2022,Dirty Sand Soil,26.4458031,-81.937156
3649,10/20/2022,C and D,26.4173251,-81.9015639
3650,03/28/2023,C and D,26.4213333708,-81.9036986677
3651,12/07/2022,C and D,26.4069318865,-81.8961797097
3652,11/16/2022,C and D,26.449807496,-81.9459589782
3653,12/11/2022,C and D,26.4623569697,-81.9478431624
3654,10/16/2022,C and D,26.4364750181,-81.9208562769
3655,12/05/2022,C and D,26.4054047,-81.8932305
3656,02/09/2023,C and D,26.4163517,-81.9012223
3657,10/28/2022,C and D,26.4206559118,-81.903220676
3658,12/01/2022,C and D,26.4051227,-81.8933237
3659,02/23/2023,C and D,26.4345819637,-81.9185361103
3660,12/15/2022,C and D,26.4580047503,-81.9413024281
3661,11/15/2022,C and D,26.4599397,-81.9404094
3662,11/14/2022,C and D,26.4498747515,-81.9458771024
3663,10/30/2022,C and D,26.4233056829,-81.9049371221
3664,03/18/2023,C and D,26.4171927,-81.9016608
3665,11/05/2022,C and D,26.4048408849,-81.8845858958
3666,10/30/2022,Dirty Sand Soil,26.4235328,-81.9051504
3667,12/05/2022,C and D,26.4068905,-81.8952724
3668,11/12/2022,C and D,26.4384042,-81.9237202
3669,11/01/2022,C and D,26.4169302,-81.901415
3670,12/12/2022,C and D,26.4600301115,-81.9416961261
3671,10/18/2022,C and D,26.4364256905,-81.9208233768
3672,10/31/2022,Dirty Sand Soil,26.4145576,-81.9005566
3673,11/02/2022,C and D,26.4074007489,-81.8965915048
3674,10/20/2022,Dirty Sand Soil,26.4483211,-81.9421706
3675,01/22/2023,Compact CD,26.4480795,-81.9405426
3676,11/11/2022,C and D,26.4255258633,-81.9079030787
3677,10/30/2022,C and D,26.4043959387,-81.8871872954
3678,12/03/2022,C and D,26.4047605,-81.8860599
3679,12/03/2022,C and D,26.4606988565,-81.95378845
3680,10/20/2022,C and D,26.4366700992,-81.9211211532
3681,11/08/2022,C and D,26.4339524,-81.9175687
3682,11/01/2022,C and D,26.4098425024,-81.8985797
3683,10/15/2022,C and D,26.4420535,-81.930116
3684,01/14/2023,C and D,26.4590406105,-81.9483156759
3685,12/07/2022,C and D,26.4663152,-81.9556818
3686,11/08/2022,C and D,26.4338396,-81.9174836
3687,11/06/2022,C and D,26.4046730893,-81.8919658755
3688,11/12/2022,C and D,26.4391393913,-81.9250911568
3689,12/11/2022,C and D,26.4656308,-81.955464
3690,11/07/2022,C and D,26.4044705825,-81.8900641055
3691,12/18/2022,Vegetation,26.4050862333,-81.8934251648
3692,10/17/2022,C and D,26.4656915,-81.9547345
3693,11/08/2022,C and D,26.4254661,-81.9079427
3694,11/30/2022,C and D,26.4611460068,-81.9485413515
3695,10/13/2022,Dirty Sand Soil,26.4491378,-81.9440198
3696,10/30/2022,C and D,26.4274593561,-81.9101293406
3697,11/04/2022,C and D,26.4194888134,-81.9023869465
3698,11/08/2022,C and D,26.4049838,-81.8929083
3699,12/01/2022,C and D,26.4418959478,-81.9295750559
3700,12/10/2022,Vegetation,26.406731,-81.8959678
3701,12/04/2022,C and D,26.4412760642,-81.9287804515
3702,10/19/2022,C and D,26.4435231051,-81.9329310097
3703,10/20/2022,C and D,26.4365778413,-81.9210382727
3704,10/07/2022,C and D,26.4664939,-81.955782
3705,10/21/2022,Dirty Sand Soil,26.4514905,-81.9511832
3706,10/31/2022,C and D,26.4219793724,-81.9041226526
3707,10/15/2022,C and D,26.4249416217,-81.9061261209
3708,01/07/2023,C and D,26.432667519,-81.9158369832
3709,12/09/2022,C and D,26.4585179324,-81.9409124181
3710,10/23/2022,Dirty Sand Soil,26.4372977,-81.9220007
3711,10/27/2022,C and D,26.4048526297,-81.8844472245
3712,10/18/2022,Dirty Sand Soil,26.4491029,-81.9438768
3713,10/21/2022,Dirty Sand Soil,26.4512083,-81.9498732
3714,01/24/2023,C and D,26.4613875186,-81.9477577005
3715,11/17/2022,C and D,26.4613574,-81.9538251
3716,11/17/2022,C and D,26.4255522425,-81.9081745484
3717,12/10/2022,C and D,26.465419,-81.955339
3718,12/05/2022,C and D,26.4329021,-81.9163087
3719,12/01/2022,C and D,26.4625965863,-81.948630102
3720,01/12/2023,C and D,26.4437629,-81.933462
3721,10/12/2022,C and D,26.4044938581,-81.8866874712
3722,11/11/2022,C and D,26.4306989,-81.9135012
3723,05/06/2023,C and D,26.4408903,-81.9280016
3724,11/19/2022,C and D,26.425563835,-81.9079635843
3725,10/06/2022,C and D,26.4645301,-81.9533444
3726,02/15/2023,C and D,26.4600383258,-81.9476575033
3727,11/17/2022,C and D,26.4525182003,-81.9546990676
3728,10/25/2022,Dirty Sand Soil,26.4511589,-81.9500585
3729,12/08/2022,C and D,26.4054536959,-81.8941584137
3730,12/11/2022,C and D,26.4577182908,-81.9393562993
3731,10/28/2022,Clean Sand Soil,26.4526846,-81.9552779
3732,02/17/2023,C and D,26.4664172894,-81.9557415136
3733,11/07/2022,C and D,26.4596742319,-81.9464806217
3734,02/11/2023,C and D,26.4044056918,-81.8902284443
3735,10/06/2022,C and D,26.4634485,-81.9541902
3736,10/10/2022,C and D,26.4424322,-81.930722
3737,12/06/2022,C and D,26.4212591574,-81.9036820997
3738,01/16/2023,C and D,26.4347253,-81.9184966
3739,12/06/2022,Dirty Sand Soil,26.4347747,-81.9186323
3740,10/31/2022,C and D,26.4183307,-81.9019906
3741,12/07/2022,C and D,26.4340627,-81.9175686
3742,01/24/2023,C and D,26.4046441,-81.886585
3743,11/19/2022,C and D,26.4662764,-81.9557944
3744,10/14/2022,Dirty Sand Soil,26.4437072,-81.9328862
3745,02/01/2023,C and D,26.4417635,-81.9296457
3746,11/26/2022,Dirty Sand Soil,26.4473902,-81.9393823
3747,11/08/2022,C and D,26.4430360623,-81.9318676368
3748,10/29/2022,HHW to DMS,26.460160785,-81.9472338072
3749,12/18/2022,C and D,26.4597377423,-81.94648949
3750,10/07/2022,C and D,26.4643649,-81.9542858
3751,11/05/2022,C and D,26.4045349136,-81.8909261004
3752,11/07/2022,C and D,26.4597914613,-81.9465718123
3753,11/22/2022,C and D,26.4065989,-81.8955775
3754,10/17/2022,C and D,26.4654793,-81.9545737
3755,01/30/2023,C and D,26.4290053,-81.9119366
3756,12/07/2022,C and D,26.4339794498,-81.9176407345
3757,11/08/2022,C and D,26.4459903,-81.9375842
3758,10/20/2022,Dirty Sand Soil,26.4514,-81.9512366
3759,10/31/2022,Dirty Sand Soil,26.4237552,-81.9051422
3760,12/21/2022,C and D,26.4602599171,-81.9462889233
3761,11/13/2022,C and D,26.4461587799,-81.9376016708
3762,10/16/2022,C and D,26.4308304233,-81.9137405665
3763,12/12/2022,C and D,26.4468119,-81.9381934
3764,12/13/2022,C and D,26.448343,-81.9412549
3765,11/03/2022,C and D,26.4255388036,-81.9071553121
3766,12/04/2022,C and D,26.4285612,-81.9115209
3767,11/01/2022,C and D,26.4109629984,-81.8994010861
3768,12/08/2022,C and D,26.4663258,-81.9557022
3769,01/19/2023,C and D,26.4262174833,-81.9090643386
3770,01/18/2023,C and D,26.4378948,-81.9229945
3771,12/13/2022,C and D,26.4479304,-81.9412301
3772,10/30/2022,Dirty Sand Soil,26.423265,-81.9046338
3773,11/13/2022,C and D,26.4460333453,-81.9375325893
3774,11/01/2022,C and D,26.4524968,-81.9547628
3775,10/27/2022,C and D,26.4046435499,-81.8919426217
3776,11/16/2022,C and D,26.4344119141,-81.9184349199
3777,12/11/2022,C and D,26.4222555561,-81.9041967486
3778,11/15/2022,C and D,26.4253908433,-81.9068061161
3779,11/30/2022,Vegetation,26.4255961,-81.9080984
3780,12/11/2022,C and D,26.4222172508,-81.9043508918
3781,10/31/2022,C and D,26.4214592753,-81.903754687
3782,11/08/2022,C and D,26.4338699,-81.9174727
3783,10/15/2022,C and D,26.4174927026,-81.9016267976
3784,11/08/2022,C and D,26.4525175793,-81.9546827954
3785,11/09/2022,C and D,26.4339997,-81.9175893
3786,02/18/2023,C and D,26.4285436,-81.9113631
3787,12/03/2022,C and D,26.4284574,-81.9114155
3788,10/22/2022,C and D,26.4254997044,-81.9071721332
3789,11/03/2022,C and D,26.4254602254,-81.9071765258
3790,02/08/2023,Compact CD,26.4483952,-81.9406396
3791,10/20/2022,C and D,26.4155629,-81.9010369
3792,11/04/2022,C and D,26.451249,-81.9501605
3793,01/26/2023,Compact CD,26.4484736,-81.9404628
3794,11/19/2022,C and D,26.4232248603,-81.9050682259
3795,11/20/2022,C and D,26.4596479,-81.9425384
3796,11/18/2022,C and D,26.4389876418,-81.9247916847
3797,02/26/2023,C and D,26.4059085,-81.8948131
3798,02/05/2023,C and D,26.4370473,-81.9218433
3799,01/21/2023,C and D,26.4054415,-81.8943067
3800,10/31/2022,HHW to DMS,26.4632822,-81.9509572
3801,10/20/2022,Dirty Sand Soil,26.45147,-81.9506378
3802,10/13/2022,C and D,26.416299781,-81.901067953
3803,11/28/2022,C and D,26.4212884,-81.903548
3804,01/14/2023,C and D,26.4507282,-81.9491232
3805,10/05/2022,C and D,26.4632475718,-81.9541001685
3806,12/09/2022,C and D,26.4654433,-81.955325
3807,11/16/2022,C and D,26.4498383115,-81.9458897399
3808,11/03/2022,C and D,26.4629253885,-81.9477741794
3809,11/30/2022,C and D,26.4632782,-81.950677
3810,10/18/2022,C and D,26.4365517225,-81.9209192357
3811,10/25/2022,C and D,26.4283901034,-81.9112537243
3812,11/28/2022,C and D,26.4256661106,-81.9085875247
3813,11/28/2022,C and D,26.4215152,-81.9037742
3814,02/19/2023,C and D,26.4184388,-81.9023385
3815,10/23/2022,C and D,26.4524857,-81.954778
3816,11/05/2022,C and D,26.4255517,-81.9078061
3817,11/14/2022,C and D,26.4330211,-81.9162713
3818,11/04/2022,C and D,26.4166256413,-81.9012868871
3819,12/01/2022,Vegetation,26.4358633245,-81.9201590773
3820,10/16/2022,Dirty Sand Soil,26.448783,-81.9429014
3821,10/27/2022,C and D,26.4045018889,-81.8871691638
3822,11/04/2022,C and D,26.4596561002,-81.9464315582
3823,11/01/2022,C and D,26.4097278,-81.8986248
3824,12/07/2022,C and D,26.4612054383,-81.9501877804
3825,05/06/2023,C and D,26.4399069,-81.9265156
3826,10/14/2022,C and D,26.4213091291,-81.9035732549
3827,11/17/2022,C and D,26.4044769009,-81.8903769251
3828,12/09/2022,C and D,26.4579921867,-81.9402760134
3829,11/15/2022,C and D,26.4610683,-81.9538686
3830,12/10/2022,C and D,26.4587246019,-81.9394838025
3831,12/04/2022,C and D,26.4597540409,-81.9466218003
3832,10/19/2022,Clean Sand Soil,26.4525704,-81.9545803
3833,10/15/2022,C and D,26.4513891687,-81.9503078811
3834,12/15/2022,C and D,26.4339775639,-81.9176633657
3835,12/17/2022,C and D,26.4495531094,-81.9449700049
3836,12/17/2022,C and D,26.4494059654,-81.9446684328
3837,12/03/2022,Vegetation,26.4281969425,-81.9111296722
3838,12/01/2022,C and D,26.4052039,-81.8933224
3839,11/29/2022,C and D,26.4331465536,-81.9163715639
3840,01/11/2023,C and D,26.4508967621,-81.9488090747
3841,11/04/2022,C and D,26.4045883483,-81.8864800875
3842,12/12/2022,C and D,26.4614902,-81.952232
3843,12/01/2022,Sand CD,26.452533,-81.954577
3844,10/22/2022,Clean Sand Soil,26.4525712,-81.9546204
3845,12/14/2022,C and D,26.4057888044,-81.8944066857
3846,11/05/2022,C and D,26.4048463013,-81.8920176756
3847,05/06/2023,C and D,26.4044785,-81.8897244
3848,12/17/2022,C and D,26.4613848785,-81.9537897874
3849,11/17/2022,C and D,26.4611236,-81.9539064
3850,10/30/2022,C and D,26.4232405136,-81.9049661235
3851,01/20/2023,Vegetation,26.4465698,-81.9381766
3852,01/09/2023,Clean Sand Soil,26.4364519,-81.9222301
3853,10/07/2022,C and D,26.4645877,-81.9533529
3854,10/28/2022,C and D,26.463781097,-81.9486741443
3855,11/21/2022,C and D,26.4623228262,-81.9535527729
3856,01/27/2023,Compact CD,26.4484497,-81.9406153
3857,02/07/2023,C and D,26.4371506,-81.9219185
3858,12/02/2022,C and D,26.463845037,-81.9486698427
3859,10/05/2022,C and D,26.4643487,-81.9543025
3860,10/06/2022,C and D,26.4634882,-81.954214
3861,10/21/2022,Dirty Sand Soil,26.4515971,-81.9514592
3862,10/29/2022,C and D,26.4134116509,-81.9000380646
3863,11/08/2022,C and D,26.4420138393,-81.9299513195
3864,01/13/2023,Sand CD,26.436988,-81.92242
3865,12/10/2022,C and D,26.4366593679,-81.9207613204
3866,12/12/2022,C and D,26.4441721,-81.9337149
3867,10/30/2022,Dirty Sand Soil,26.4322322,-81.9152926
3868,12/06/2022,C and D,26.4617919628,-81.9513122532
3869,01/11/2023,C and D,26.4576598508,-81.9390391074
3870,02/25/2023,C and D,26.4172633365,-81.9016807527
3871,11/04/2022,C and D,26.4596631469,-81.9463550881
3872,10/21/2022,Dirty Sand Soil,26.4326246,-81.9158594
3873,12/04/2022,C and D,26.4281876,-81.9111665
3874,10/11/2022,C and D,26.4447881,-81.9351167
3875,12/12/2022,C and D,26.4438975,-81.933306
3876,01/19/2023,C and D,26.4259327752,-81.908746879
3877,12/01/2022,C and D,26.4419552079,-81.9296856132
3878,11/07/2022,C and D,26.4227619,-81.9046302
3879,02/23/2023,C and D,26.4396477611,-81.9255923333
3880,11/19/2022,C and D,26.4344447,-81.9183788
3881,12/01/2022,C and D,26.4611249557,-81.9523133152
3882,12/04/2022,C and D,26.4283287,-81.9112552
3883,10/18/2022,C and D,26.4667840863,-81.9547277519
3884,01/21/2023,C and D,26.4211662237,-81.9038998431
3885,10/30/2022,C and D,26.4274377757,-81.9101493508
3886,10/24/2022,C and D,26.4099098,-81.898575
3887,11/01/2022,C and D,26.4601943549,-81.9472156931
3888,12/04/2022,C and D,26.4059765025,-81.8948225925
3889,12/04/2022,C and D,26.405793163,-81.8945874833
3890,11/07/2022,C and D,26.4092403,-81.8979031
3891,02/02/2023,Dirty Sand Soil,26.4320726,-81.9150088
3892,11/11/2022,C and D,26.4256911778,-81.9082330484
3893,10/24/2022,C and D,26.4339655865,-81.9175336413
3894,10/30/2022,C and D,26.4232228277,-81.9049557299
3895,05/16/2023,C and D,26.4428278,-81.9318091
3896,10/16/2022,C and D,26.4306663525,-81.9134113527
3897,12/05/2022,C and D,26.4361914,-81.9206498
3898,12/14/2022,C and D,26.4057268239,-81.8942685874
3899,01/11/2023,C and D,26.4590700185,-81.9461769912
3900,01/05/2023,Clean Sand Soil,26.436606,-81.9221573
3901,11/21/2022,C and D,26.4264698,-81.9093371
3902,11/03/2022,C and D,26.4044080954,-81.8904137146
3903,11/22/2022,C and D,26.4622937,-81.9510063
3904,01/18/2023,Vegetation,26.4047205,-81.8860728
3905,10/05/2022,C and D,26.4643514,-81.9543441
3906,10/27/2022,C and D,26.4045337279,-81.8915685031
3907,10/28/2022,Clean Sand Soil,26.4526878,-81.9552888
3908,11/19/2022,C and D,26.4225187781,-81.9044416349
3909,01/11/2023,C and D,26.4639390701,-81.9469466313
3910,10/07/2022,C and D,26.466384,-81.9557218
3911,12/10/2022,C and D,26.4414177,-81.9289829
3912,11/21/2022,C and D,26.4432856,-81.9325207
3913,10/25/2022,C and D,26.4340102919,-81.9176462595
3914,10/20/2022,C and D,26.4172486,-81.901674
3915,12/05/2022,C and D,26.4363004369,-81.9204301187
3916,11/28/2022,C and D,26.421126,-81.9035927
3917,12/13/2022,C and D,26.4601271739,-81.9403230027
3918,11/21/2022,Vegetation,26.4274804,-81.9102089
3919,10/13/2022,Dirty Sand Soil,26.4491181,-81.9441361
3920,10/23/2022,Dirty Sand Soil,26.4525852,-81.9545843
3921,11/01/2022,C and D,26.4086822195,-81.8976252533
3922,10/22/2022,Dirty Sand Soil,26.431482,-81.9144316
3923,10/25/2022,C and D,26.4433627538,-81.932607881
3924,11/15/2022,C and D,26.4405958723,-81.9275260743
3925,11/08/2022,C and D,26.4423954673,-81.9306260628
3926,10/21/2022,Clean Sand Soil,26.4525439,-81.9546054
3927,11/29/2022,Vegetation,26.4241815,-81.905491
3928,10/20/2022,C and D,26.4435620063,-81.9324710659
3929,10/05/2022,C and D,26.4626775176,-81.9540596729
3930,10/16/2022,C and D,26.4442123,-81.9340344
3931,10/20/2022,C and D,26.4147195,-81.9007624
3932,02/09/2023,C and D,26.4131521,-81.9001438
3933,10/15/2022,C and D,26.4496665358,-81.9457995355
3934,11/30/2022,C and D,26.442447769,-81.930734533
3935,11/30/2022,C and D,26.4425346907,-81.9309895859
3936,11/11/2022,C and D,26.4255206725,-81.9078778951
3937,11/01/2022,C and D,26.4288604265,-81.9116363021
3938,10/30/2022,C and D,26.4233623445,-81.9050035906
3939,12/02/2022,C and D,26.4284674,-81.9113354
3940,12/17/2022,Vegetation,26.415520194,-81.90123274
3941,12/18/2022,C and D,26.4638063745,-81.9468773257
3942,12/05/2022,C and D,26.4323757,-81.9166836
3943,02/19/2023,C and D,26.4199641,-81.9028068
3944,10/25/2022,C and D,26.4324964149,-81.9155918843
3945,10/12/2022,C and D,26.4045421783,-81.8866564848
3946,12/02/2022,C and D,26.4661672,-81.9556647
3947,10/31/2022,C and D,26.4172772924,-81.9015251846
3948,12/06/2022,Dirty Sand Soil,26.4337235,-81.9173501
3949,02/10/2023,C and D,26.4253543934,-81.9076714694
3950,10/17/2022,C and D,26.4305590758,-81.9133092485
3951,12/02/2022,C and D,26.4255685872,-81.9078949281
3952,03/29/2023,C and D,26.4505275888,-81.9472443437
3953,02/05/2023,C and D,26.4433716,-81.9323162
3954,10/21/2022,Dirty Sand Soil,26.4515237,-81.9512152
3955,12/08/2022,C and D,26.404466643,-81.8912550901
3956,02/21/2023,C and D,26.4058500124,-81.8947709365
3957,11/14/2022,C and D,26.40655738,-81.8954663102
3958,01/07/2023,Clean Sand Soil,26.4364002,-81.9223395
3959,01/10/2023,C and D,26.4612255253,-81.9502709184
3960,01/06/2023,C and D,26.4477816,-81.9403366
3961,12/09/2022,C and D,26.4443301,-81.9346477
3962,11/15/2022,C and D,26.4601347,-81.9472595
3963,11/27/2022,C and D,26.4337250171,-81.9171339647
3964,10/28/2022,C and D,26.4209466741,-81.9033737291
3965,05/16/2023,C and D,26.4349362,-81.9189398
3966,10/13/2022,Dirty Sand Soil,26.4491819,-81.9441203
3967,03/27/2023,C and D,26.4356282,-81.9198468
3968,03/27/2023,C and D,26.4445295,-81.9344535
3969,11/13/2022,C and D,26.4379761,-81.9232669
3970,03/19/2023,C and D,26.4506262,-81.9487285
3971,03/28/2023,C and D,26.410437,-81.8989942
3972,11/29/2022,C and D,26.4330303,-81.9160916
3973,12/03/2022,C and D,26.461565443,-81.9538970638
3974,02/07/2023,C and D,26.4320172,-81.91521
3975,10/14/2022,C and D,26.4044235851,-81.8905022762
3976,12/07/2022,C and D,26.4598560774,-81.9478540659
3977,03/27/2023,C and D,26.4422907,-81.9302952
3978,11/03/2022,C and D,26.4047709464,-81.8924890287
3979,11/30/2022,C and D,26.4598420012,-81.9461179355
3980,12/15/2022,C and D,26.4340873,-81.9177849
3981,11/01/2022,C and D,26.41111013,-81.8994081705
3982,01/09/2023,C and D,26.4581239932,-81.9436282166
3983,12/06/2022,C and D,26.4210566506,-81.9036075846
3984,11/12/2022,C and D,26.4581967378,-81.9431777113
3985,11/09/2022,C and D,26.4614324747,-81.9523145567
3986,11/30/2022,Sand CD,26.4524976,-81.954671
3987,03/26/2023,C and D,26.4045008,-81.8872043
3988,12/09/2022,C and D,26.4447282,-81.9350758
3989,10/27/2022,C and D,26.4587238358,-81.9448634575
3990,11/15/2022,C and D,26.4354713867,-81.9197229669
3991,01/11/2023,Clean Sand Soil,26.4367761,-81.922032
3992,12/12/2022,C and D,26.4646033,-81.9528536
3993,11/06/2022,C and D,26.4066810161,-81.8959269115
3994,01/27/2023,Dirty Sand Soil,26.4214073,-81.9036939
3995,10/12/2022,Dirty Sand Soil,26.4489316,-81.9434455
3996,11/12/2022,C and D,26.4384362,-81.9238497
3997,12/07/2022,Dirty Sand Soil,26.4269984,-81.909941
3998,11/07/2022,C and D,26.4434918976,-81.9327844916
3999,11/12/2022,C and D,26.4608048927,-81.9525650238
4000,11/02/2022,C and D,26.4607879613,-81.9485710469
4001,11/11/2022,C and D,26.4176653,-81.9017112
4002,12/01/2022,C and D,26.4430066,-81.9318052
4003,01/15/2023,C and D,26.4477591,-81.9401142
4004,10/14/2022,C and D,26.4514540623,-81.950882091
4005,01/14/2023,C and D,26.4352824,-81.9195654
4006,02/28/2023,C and D,26.4592597354,-81.9425242494
4007,12/06/2022,Dirty Sand Soil,26.4338019,-81.9173734
4008,11/02/2022,C and D,26.4287470652,-81.9115918479
4009,02/06/2023,C and D,26.4477331,-81.9397922
4010,10/27/2022,C and D,26.4595349534,-81.9492342103
4011,12/03/2022,C and D,26.4585703302,-81.9403292053
4012,10/22/2022,C and D,26.4220902,-81.904121
4013,11/03/2022,C and D,26.4613241355,-81.950483734
4014,10/09/2022,C and D,26.4631168983,-81.9542618875
4015,11/12/2022,C and D,26.4309391,-81.9138849
4016,10/19/2022,C and D,26.436575149,-81.9209184033
4017,11/15/2022,C and D,26.4328068,-81.9161853
4018,11/13/2022,C and D,26.4080626,-81.8968686
4019,01/08/2023,C and D,26.4304283,-81.9132919
4020,11/19/2022,C and D,26.4220282338,-81.9040063427
4021,03/26/2023,C and D,26.4361977,-81.9206824
4022,12/07/2022,C and D,26.4097206295,-81.8985766825
4023,01/03/2023,C and D,26.450821,-81.9490962
4024,10/31/2022,C and D,26.4174523065,-81.901705144
4025,11/02/2022,C and D,26.4072206582,-81.8963291478
4026,10/19/2022,C and D,26.4364661372,-81.9209252222
4027,10/14/2022,C and D,26.4521336026,-81.9529468883
4028,11/17/2022,C and D,26.4312951,-81.9142838
4029,11/19/2022,C and D,26.4114630176,-81.8992867135
4030,10/30/2022,C and D,26.4276463368,-81.9103299275
4031,11/01/2022,C and D,26.452491,-81.954725
4032,10/14/2022,Dirty Sand Soil,26.4443039699,-81.9340033098
4033,11/01/2022,Dirty Sand Soil,26.4047811,-81.8858302
4034,10/30/2022,Dirty Sand Soil,26.4344154,-81.9180656
4035,10/21/2022,Dirty Sand Soil,26.4375243,-81.9223535
4036,11/29/2022,C and D,26.46201042,-81.9513633941
4037,11/03/2022,C and D,26.4061818591,-81.8950824731
4038,11/08/2022,C and D,26.4615006309,-81.951394492
4039,02/11/2023,C and D,26.41032619,-81.8989678667
4040,05/02/2023,C and D,26.4058336,-81.8949767
4041,12/10/2022,C and D,26.4593303902,-81.9405113441
4042,10/22/2022,C and D,26.4289117644,-81.911637952
4043,11/04/2022,C and D,26.4043657668,-81.8891846762
4044,11/06/2022,C and D,26.4062690456,-81.8953491469
4045,12/15/2022,C and D,26.4105975023,-81.8991251104
4046,12/17/2022,C and D,26.4601238605,-81.9472761289
4047,02/03/2023,Dirty Sand Soil,26.4319995,-81.9150915
4048,10/16/2022,C and D,26.4307486403,-81.913605599
4049,12/06/2022,C and D,26.4602807452,-81.9475265738
4050,12/04/2022,C and D,26.4596978426,-81.9466324887
4051,10/18/2022,C and D,26.461866397,-81.9531665239
4052,02/10/2023,C and D,26.4097079,-81.8986214
4053,11/09/2022,C and D,26.4614911326,-81.9524017966
4054,01/09/2023,C and D,26.4615246332,-81.9477210252
4055,01/13/2023,Sand CD,26.436984,-81.9222915
4056,10/23/2022,C and D,26.4306099247,-81.9133916964
4057,10/18/2022,Dirty Sand Soil,26.4517511,-81.951956
4058,11/19/2022,C and D,26.4662135,-81.9558286
4059,11/18/2022,C and D,26.410335023,-81.8988133036
4060,10/19/2022,C and D,26.4071221976,-81.8963198551
4061,10/28/2022,C and D,26.4205443556,-81.9031262952
4062,10/30/2022,C and D,26.4500743,-81.9471128
4063,10/21/2022,Dirty Sand Soil,26.4328218,-81.9160534
4064,01/30/2023,Dirty Sand Soil,26.415424,-81.9009059
4065,12/04/2022,C and D,26.4590911449,-81.9402932107
4066,11/03/2022,C and D,26.4056130359,-81.8943927717
4067,11/02/2022,C and D,26.4275357,-81.9102655
4068,02/07/2023,C and D,26.4372527,-81.9221683
4069,01/19/2023,Vegetation,26.4165556,-81.9012657
4070,11/03/2022,C and D,26.4303753,-81.9130996
4071,11/19/2022,C and D,26.4102409361,-81.898929393
4072,10/31/2022,Dirty Sand Soil,26.425255565,-81.9068139979
4073,12/02/2022,C and D,26.4358313,-81.919946
4074,11/06/2022,C and D,26.458121636,-81.9431756996
4075,11/29/2022,C and D,26.4102951838,-81.8994670344
4076,12/03/2022,C and D,26.4099988668,-81.898736693
4077,10/10/2022,C and D,26.4507803,-81.9489577
4078,10/30/2022,C and D,26.4275859692,-81.9103708416
4079,11/07/2022,C and D,26.4436857775,-81.9331197628
4080,11/28/2022,C and D,26.431350452,-81.9142509016
4081,01/17/2023,Dirty Sand Soil,26.4465288,-81.9381265
4082,11/03/2022,Dirty Sand Soil,26.4312021,-81.914161
4083,02/14/2023,C and D,26.4597595437,-81.9466320612
4084,01/20/2023,Vegetation,26.4463234,-81.9378593
4085,01/24/2023,C and D,26.4044739,-81.8889759
4086,02/12/2023,C and D,26.4480718455,-81.941173217
4087,11/29/2022,C and D,26.4501239,-81.9465188
4088,12/18/2022,Dirty Sand Soil,26.4475952,-81.9397334
4089,12/01/2022,C and D,26.4431066,-81.9317096
4090,02/09/2023,C and D,26.4188307,-81.9022525
4091,02/10/2023,C and D,26.4170701734,-81.9016425203
4092,01/21/2023,C and D,26.4592662507,-81.9457784258
4093,11/18/2022,C and D,26.43897465,-81.9246689587
4094,12/01/2022,C and D,26.4631605637,-81.9540529188
4095,10/16/2022,C and D,26.4307664431,-81.9135670225
4096,01/29/2023,C and D,26.4596400177,-81.9465239347
4097,11/01/2022,Dirty Sand Soil,26.4117656,-81.8996523
4098,12/21/2022,HHW to DMS,26.4641399497,-81.9477070985
4099,01/20/2023,Dirty Sand Soil,26.4222784,-81.904218
4100,12/17/2022,C and D,26.4610452438,-81.9537444413
4101,11/08/2022,C and D,26.4428408398,-81.9313826972
4102,11/07/2022,C and D,26.4339055,-81.9175364
4103,10/10/2022,C and D,26.4653294,-81.954045
4104,10/22/2022,C and D,26.4172202,-81.9015769
4105,11/07/2022,C and D,26.4593708347,-81.9458632616
4106,12/02/2022,C and D,26.4586883502,-81.9403023726
4107,01/31/2023,C and D,26.4363638,-81.9208666
4108,11/28/2022,C and D,26.4211548,-81.9036512
4109,11/02/2022,C and D,26.4629376315,-81.9477524961
4110,10/15/2022,C and D,26.4311296229,-81.9140546768
4111,11/28/2022,C and D,26.4270746475,-81.9097766653
4112,11/30/2022,C and D,26.4652015,-81.951255
4113,01/19/2023,C and D,26.4219687,-81.9041228
4114,10/29/2022,C and D,26.4518797,-81.9520069
4115,10/28/2022,C and D,26.4637151733,-81.9486413711
4116,12/06/2022,C and D,26.4649913,-81.955065
4117,03/27/2023,C and D,26.4044048,-81.8903326
4118,12/20/2022,C and D,26.4590523287,-81.9482782029
4119,11/11/2022,C and D,26.4222636,-81.904343
4120,10/19/2022,Dirty Sand Soil,26.4514277,-81.9512464
4121,11/12/2022,C and D,26.425507675,-81.9079810886
4122,10/17/2022,C and D,26.4162678281,-81.9009671061
4123,12/16/2022,C and D,26.4640736254,-81.9477732573
4124,01/09/2023,C and D,26.4582083161,-81.9440212951
4125,01/23/2023,C and D,26.418194,-81.9019542
4126,11/28/2022,C and D,26.4313204549,-81.9142260304
4127,01/03/2023,C and D,26.4600937672,-81.9476276215
4128,11/02/2022,C and D,26.407781099,-81.8967720588
4129,12/06/2022,C and D,26.4282654,-81.9112278
4130,11/12/2022,C and D,26.4254899553,-81.9080279197
4131,12/12/2022,C and D,26.44718,-81.938532
4132,11/05/2022,C and D,26.4345653,-81.9185279
4133,01/19/2023,C and D,26.4643755607,-81.9536052789
4134,11/29/2022,HHW to DMS,26.4585047,-81.9531357
4135,11/29/2022,C and D,26.451363,-81.9503394
4136,11/12/2022,C and D,26.4047611964,-81.8905071839
4137,11/17/2022,C and D,26.4524876391,-81.954757031
4138,12/09/2022,C and D,26.4583236398,-81.9410291781
4139,12/17/2022,C and D,26.4493842,-81.9446195
4140,10/30/2022,C and D,26.4654829167,-81.9540790469
4141,12/09/2022,C and D,26.4044225,-81.8891147
4142,10/24/2022,Dirty Sand Soil,26.4046535,-81.8859479
4143,11/12/2022,C and D,26.4103595512,-81.898893579
4144,12/10/2022,C and D,26.4655899,-81.9554349
4145,10/08/2022,C and D,26.4658931,-81.9555271
4146,11/06/2022,C and D,26.4330562,-81.9163484
4147,11/01/2022,C and D,26.452502,-81.9546912
4148,10/14/2022,Dirty Sand Soil,26.443158,-81.9318551
4149,11/08/2022,C and D,26.4614034863,-81.9510375057
4150,11/04/2022,C and D,26.4525003,-81.9546469
4151,11/29/2022,HHW to DMS,26.4637827,-81.9530811
4152,11/07/2022,C and D,26.4257243388,-81.9086096559
4153,11/12/2022,C and D,26.4307852,-81.9136925
4154,10/07/2022,C and D,26.4603112505,-81.9538285186
4155,02/07/2023,C and D,26.4320872352,-81.9151101542
4156,11/05/2022,C and D,26.425466,-81.9077859
4157,10/14/2022,C and D,26.4088607,-81.8978185
4158,11/06/2022,C and D,26.458235717,-81.9419805683
4159,11/11/2022,Vegetation,26.4255732592,-81.908049849
4160,10/21/2022,Dirty Sand Soil,26.4514895,-81.9512796
4161,12/18/2022,C and D,26.4611630515,-81.9538289309
4162,10/24/2022,Dirty Sand Soil,26.425504,-81.9072514
4163,12/05/2022,C and D,26.4598042507,-81.9404617272
4164,12/09/2022,C and D,26.4586225567,-81.9447552998
4165,11/18/2022,C and D,26.4390412303,-81.9248086838
4166,11/04/2022,C and D,26.4596994216,-81.9463993866
4167,02/25/2023,C and D,26.4600725745,-81.9416113605
4168,01/13/2023,C and D,26.4416245,-81.9291896
4169,10/05/2022,C and D,26.464191,-81.9541358
4170,11/01/2022,C and D,26.4084457839,-81.8974317984
4171,10/14/2022,Vegetation,26.4513313925,-81.9498010711
4172,02/07/2023,C and D,26.4320370005,-81.9154771063
4173,10/15/2022,C and D,26.4496567883,-81.9457696645
4174,12/01/2022,C and D,26.4359234646,-81.9200528786
4175,01/11/2023,Clean Sand Soil,26.4367546,-81.9219901
4176,12/10/2022,C and D,26.4413245,-81.9290002
4177,11/20/2022,C and D,26.404362327,-81.8866245603
4178,10/31/2022,C and D,26.4184324863,-81.9022441842
4179,12/04/2022,C and D,26.4414525032,-81.929068789
4180,01/12/2023,C and D,26.4507683,-81.9487432
4181,11/05/2022,C and D,26.4045608137,-81.8864987791
4182,01/11/2023,C and D,26.4508565,-81.9487837
4183,03/26/2023,C and D,26.4067193,-81.8956375
4184,03/26/2023,C and D,26.4361977,-81.9206824
4185,11/28/2022,C and D,26.4642732,-81.9468416
4186,10/30/2022,C and D,26.4232312,-81.9048734
4187,10/21/2022,Dirty Sand Soil,26.4514853,-81.9512086
4188,10/28/2022,Clean Sand Soil,26.452682,-81.9552782
4189,11/05/2022,C and D,26.4200353157,-81.9027392194
4190,10/11/2022,C and D,26.4161365,-81.9010274
4191,11/03/2022,Dirty Sand Soil,26.4140982,-81.9004099
4192,12/09/2022,Vegetation,26.4173705,-81.9015444
4193,11/16/2022,C and D,26.461029,-81.9538443
4194,10/12/2022,C and D,26.4045033871,-81.8906183608
4195,10/31/2022,Dirty Sand Soil,26.4146786,-81.9006852
4196,11/19/2022,C and D,26.4665616,-81.9541959
4197,11/09/2022,C and D,26.4105484532,-81.899106043
4198,11/07/2022,C and D,26.4078146,-81.896727
4199,10/31/2022,C and D,26.4183135061,-81.9019974163
4200,10/18/2022,Dirty Sand Soil,26.4521151,-81.9526726
4201,02/22/2023,Concrete,26.4661317926,-81.9556822975
4202,12/15/2022,Dirty Sand Soil,26.4351504,-81.9192619
4203,11/30/2022,C and D,26.4653449,-81.9513635
4204,01/18/2023,Dirty Sand Soil,26.4466265,-81.9379176
4205,10/07/2022,C and D,26.4645621,-81.9532943
4206,10/13/2022,C and D,26.425434351,-81.9071527944
4207,11/01/2022,C and D,26.4088693,-81.8976899
4208,11/17/2022,C and D,26.4525441081,-81.9547159877
4209,12/13/2022,C and D,26.4458937,-81.9374018
4210,10/21/2022,C and D,26.4207905,-81.903321
4211,12/19/2022,C and D,26.4476110528,-81.9400962652
4212,11/05/2022,C and D,26.425569052,-81.9079701803
4213,10/29/2022,C and D,26.4518106,-81.952054
4214,11/14/2022,C and D,26.4331511,-81.9164704
4215,11/21/2022,C and D,26.4257312,-81.9085229
4216,01/04/2023,C and D,26.4600384279,-81.9462900659
4217,11/05/2022,C and D,26.448755,-81.9434173
4218,01/20/2023,C and D,26.4440733,-81.9334567
4219,10/25/2022,C and D,26.4617059795,-81.9537777382
4220,11/21/2022,C and D,26.4435048,-81.9321698
4221,11/07/2022,C and D,26.4325692,-81.9157284
4222,11/28/2022,C and D,26.4269715,-81.9097868
4223,11/30/2022,C and D,26.44323643,-81.9317127876
4224,12/21/2022,C and D,26.4608411852,-81.9462622596
4225,12/02/2022,C and D,26.4581366148,-81.9402847611
4226,02/09/2023,C and D,26.4053790741,-81.8935821192
4227,01/24/2023,C and D,26.4043957,-81.8876792
4228,10/15/2022,Dirty Sand Soil,26.451610391,-81.9515702483
4229,11/12/2022,C and D,26.440576383,-81.9275441223
4230,02/18/2023,C and D,26.4285379255,-81.9110800388
4231,11/21/2022,C and D,26.4602954,-81.9537854
4232,11/11/2022,C and D,26.4255023761,-81.9078188144
4233,12/11/2022,C and D,26.4584038643,-81.9395479108
4234,12/07/2022,C and D,26.4340003,-81.9175484
4235,11/02/2022,C and D,26.4273929,-81.9100994
4236,12/04/2022,C and D,26.4593621576,-81.9403175545
4237,12/18/2022,Dirty Sand Soil,26.4480887,-81.9413727
4238,11/09/2022,Dirty Sand Soil,26.4465543,-81.9380796
4239,10/17/2022,C and D,26.4655783,-81.9545109
4240,11/13/2022,C and D,26.435388,-81.9197239
4241,12/04/2022,C and D,26.4047138966,-81.8861672225
4242,11/08/2022,C and D,26.4508936275,-81.9492384978
4243,11/03/2022,C and D,26.4485999,-81.9426131
4244,10/13/2022,C and D,26.4177366151,-81.9018047338
4245,11/13/2022,C and D,26.4382412325,-81.9234892903
4246,10/12/2022,Dirty Sand Soil,26.4489556,-81.943419
4247,05/16/2023,C and D,26.4316506,-81.9146073
4248,12/09/2022,C and D,26.4360073,-81.9203736
4249,12/07/2022,C and D,26.4337671,-81.9174451
4250,10/13/2022,Dirty Sand Soil,26.4494772954,-81.9449105021
4251,11/07/2022,C and D,26.4270676634,-81.9099600568
4252,11/14/2022,C and D,26.4331001,-81.9164654
4253,12/03/2022,C and D,26.4050590226,-81.8860372927
4254,12/01/2022,C and D,26.4630813991,-81.9532099816
4255,02/16/2023,C and D,26.4340486,-81.9177745
4256,12/08/2022,C and D,26.460753344,-81.952286996
4257,12/01/2022,C and D,26.4423836,-81.9305834
4258,11/09/2022,C and D,26.4419771685,-81.9298220706
4259,01/18/2023,C and D,26.4376623,-81.9224519
4260,12/17/2022,C and D,26.405767682,-81.8945141417
4261,12/18/2022,C and D,26.4586507273,-81.9425697686
4262,11/01/2022,C and D,26.4145908084,-81.9007171241
4263,02/08/2023,Concrete to FDS,26.4484002,-81.940525
4264,11/16/2022,Dirty Sand Soil,26.4147368,-81.9008432
4265,12/08/2022,C and D,26.4341066,-81.9175682
4266,03/03/2023,Residual Compact CD,26.448303,-81.9404177
4267,10/25/2022,C and D,26.4430578891,-81.9316089247
4268,12/10/2022,C and D,26.4363643995,-81.9208634348
4269,03/17/2023,C and D,26.4597614693,-81.9466626321
4270,11/19/2022,C and D,26.4318401,-81.9149872
4271,01/23/2023,C and D,26.4643876115,-81.9543522131
4272,12/12/2022,C and D,26.4584800587,-81.9394734759
4273,10/07/2022,C and D,26.4606317534,-81.9538257452
4274,12/19/2022,C and D,26.4342829166,-81.9176858292
4275,12/11/2022,C and D,26.4587210279,-81.9394245263
4276,12/10/2022,C and D,26.4356102329,-81.9199303352
4277,12/11/2022,C and D,26.4578568046,-81.9393789727
4278,11/08/2022,C and D,26.4086348,-81.8975443
4279,10/08/2022,C and D,26.4662137,-81.9556403
4280,11/18/2022,C and D,26.4336132,-81.9172351
4281,12/07/2022,Dirty Sand Soil,26.4304593,-81.9132866
4282,11/01/2022,C and D,26.416969,-81.9015185
4283,10/29/2022,C and D,26.4623018438,-81.9485392262
4284,12/21/2022,HHW to DMS,26.4636444664,-81.9477053073
4285,03/05/2023,Dock Section,26.4620970118,-81.9540494026
4286,11/04/2022,C and D,26.4524965,-81.9547062
4287,11/20/2022,C and D,26.4285475,-81.9114899
4288,12/03/2022,C and D,26.4284334,-81.9114408
4289,01/04/2023,Clean Sand Soil,26.4366103,-81.9220485
4290,12/06/2022,Vegetation,26.448975,-81.9435317
4291,12/08/2022,C and D,26.4576866227,-81.940400575
4292,11/21/2022,C and D,26.4623487069,-81.9535013563
4293,01/24/2023,C and D,26.4045724,-81.8887168
4294,11/30/2022,C and D,26.4612459681,-81.9521488481
4295,11/21/2022,C and D,26.4047436,-81.892349
4296,12/15/2022,Dirty Sand Soil,26.4509066,-81.9497904
4297,12/09/2022,Vegetation,26.444092,-81.9339533
4298,11/07/2022,C and D,26.4593563616,-81.945859679
4299,10/29/2022,C and D,26.4122391495,-81.8996416171
4300,11/01/2022,C and D,26.4084989737,-81.8974919174
4301,11/02/2022,C and D,26.406032634,-81.8949768227
4302,11/07/2022,C and D,26.4092847,-81.8980497
4303,12/18/2022,C and D,26.4597220553,-81.9466053147
4304,10/24/2022,Dirty Sand Soil,26.410704,-81.8992133
4305,11/28/2022,C and D,26.4498267,-81.9462726
4306,11/18/2022,C and D,26.4044486188,-81.8869253534
4307,12/01/2022,C and D,26.4617790172,-81.948639093
4308,10/31/2022,C and D,26.4647026825,-81.95474549
4309,11/03/2022,C and D,26.425525519,-81.9071158802
4310,12/13/2022,C and D,26.4481262,-81.941324
4311,10/25/2022,Dirty Sand Soil,26.4511618,-81.9501143
4312,03/28/2023,C and D,26.4104324419,-81.898905999
4313,11/11/2022,C and D,26.4401114825,-81.9265837223
4314,10/07/2022,C and D,26.464555,-81.9532906
4315,01/25/2023,Compact CD,26.4479795,-81.9405759
4316,12/13/2022,C and D,26.4437627,-81.9332071
4317,10/23/2022,Clean Sand Soil,26.4526027,-81.9546338
4318,11/11/2022,C and D,26.4615420392,-81.9511572831
4319,10/16/2022,Dirty Sand Soil,26.4514846,-81.951083
4320,11/07/2022,C and D,26.409713,-81.8984781
4321,01/20/2023,C and D,26.405583,-81.8941674
4322,12/18/2022,C and D,26.4613610019,-81.9538691091
4323,10/24/2022,Dirty Sand Soil,26.4525038,-81.9536038
4324,10/21/2022,C and D,26.4305252249,-81.9133018271
4325,01/05/2023,Clean Sand Soil,26.4364917,-81.9221425
4326,01/19/2023,C and D,26.4292861471,-81.9121694314
4327,01/21/2023,Compact CD,26.448308,-81.9404398
4328,11/08/2022,C and D,26.4084813,-81.8974205
4329,11/13/2022,C and D,26.4213026175,-81.9037686848
4330,11/02/2022,C and D,26.4067513403,-81.8958797213
4331,11/01/2022,Dirty Sand Soil,26.4471125,-81.938119
4332,12/11/2022,C and D,26.4652011,-81.9521159
4333,11/04/2022,C and D,26.4043597318,-81.8905320671
4334,12/19/2022,C and D,26.4575408141,-81.9401988867
4335,12/13/2022,C and D,26.4482034,-81.9417146
4336,12/01/2022,C and D,26.4662627,-81.9556268
4337,11/12/2022,C and D,26.4309483,-81.9138337
4338,01/16/2023,C and D,26.4223232,-81.9043508
4339,11/07/2022,C and D,26.4045590954,-81.8908782397
4340,12/19/2022,C and D,26.4326486131,-81.9158029185
4341,12/17/2022,Vegetation,26.4155072021,-81.9009593223
4342,10/24/2022,C and D,26.4250427904,-81.9063710981
4343,10/13/2022,C and D,26.4501185232,-81.9469931989
4344,11/22/2022,C and D,26.4659548,-81.9555077
4345,10/26/2022,C and D,26.4597227471,-81.9465753996
4346,02/14/2023,C and D,26.4596993616,-81.9465494157
4347,02/03/2023,Dirty Sand Soil,26.40446,-81.8889061
4348,12/14/2022,C and D,26.4599858994,-81.9415149926
4349,12/16/2022,C and D,26.4602764272,-81.947401854
4350,12/13/2022,C and D,26.4479257,-81.9411238
4351,10/29/2022,C and D,26.4135224479,-81.9000823353
4352,01/20/2023,Vegetation,26.4460598,-81.9376428
4353,12/02/2022,C and D,26.4045986868,-81.8860862901
4354,12/08/2022,C and D,26.4662165,-81.9556247
4355,12/08/2022,C and D,26.4338643,-81.9173919
4356,11/27/2022,C and D,26.4339151187,-81.9176796266
4357,01/04/2023,C and D,26.4601681933,-81.9463224752
4358,11/14/2022,C and D,26.4499002861,-81.9469905173
4359,12/03/2022,C and D,26.404737,-81.8862906
4360,11/08/2022,C and D,26.460977976,-81.9490726419
4361,11/26/2022,Dirty Sand Soil,26.4464754,-81.9381905
4362,12/13/2022,C and D,26.4381559,-81.9234896
4363,12/13/2022,C and D,26.4427733,-81.9314585
4364,12/13/2022,C and D,26.4375852,-81.9226117
4365,12/12/2022,C and D,26.4461728,-81.9376648
4366,11/19/2022,C and D,26.4044620943,-81.8886575916
4367,12/07/2022,C and D,26.4601356,-81.9402745
4368,01/23/2023,C and D,26.4648773645,-81.9550818291
4369,10/14/2022,C and D,26.4513899927,-81.950771845
4370,11/04/2022,C and D,26.4043645095,-81.8880933524
4371,11/18/2022,C and D,26.4525292671,-81.9547150519
4372,10/16/2022,Dirty Sand Soil,26.4514744,-81.951082
4373,10/18/2022,C and D,26.4656488,-81.9546264
4374,11/29/2022,C and D,26.4223798,-81.9044107
4375,11/04/2022,C and D,26.4602740256,-81.9474456723
4376,12/04/2022,C and D,26.4379600995,-81.9230820984
4377,12/12/2022,C and D,26.4483601,-81.941308
4378,01/21/2023,Concrete to FDS,26.4482027,-81.9404979
4379,10/25/2022,Dirty Sand Soil,26.4524799,-81.9540942
4380,10/21/2022,C and D,26.4288809469,-81.9117385199
4381,01/21/2023,Compact CD,26.4484017,-81.9405517
4382,01/07/2023,Clean Sand Soil,26.4365154,-81.9223168
4383,10/23/2022,C and D,26.43276301,-81.915831986
4384,11/02/2022,Dirty Sand Soil,26.4238424,-81.9052348
4385,10/27/2022,C and D,26.4602986279,-81.9473154587
4386,03/26/2023,C and D,26.4044433,-81.8898351
4387,12/19/2022,C and D,26.447686721,-81.9400983087
4388,12/19/2022,C and D,26.4338869555,-81.9173843321
4389,11/05/2022,C and D,26.4479474,-81.9409333
4390,10/21/2022,Dirty Sand Soil,26.4515061,-81.9512911
4391,11/02/2022,Dirty Sand Soil,26.4460233,-81.9376389
4392,11/05/2022,C and D,26.4199489821,-81.9026930352
4393,12/07/2022,C and D,26.461407406,-81.95083063
4394,03/09/2023,C and D,26.4196162,-81.9027227
4395,03/09/2023,C and D,26.4613986587,-81.9527462917
4396,12/10/2022,C and D,26.4594781632,-81.9406504837
4397,02/01/2023,C and D,26.4432418,-81.9322283
4398,01/09/2023,C and D,26.4581618303,-81.9436405328
4399,12/17/2022,C and D,26.4105335903,-81.8991613203
4400,11/17/2022,C and D,26.4498281763,-81.9460207948
4401,02/11/2023,C and D,26.4370289,-81.9218027
4402,12/03/2022,C and D,26.4362927,-81.920854
4403,03/09/2023,C and D,26.4612455713,-81.9524104615
4404,10/13/2022,C and D,26.4502498967,-81.9470570052
4405,01/03/2023,C and D,26.4659142,-81.9550012
4406,11/05/2022,C and D,26.4254978,-81.9077534
4407,12/16/2022,C and D,26.4641233205,-81.9477733285
4408,10/24/2022,C and D,26.4293040661,-81.9121312258
4409,10/16/2022,C and D,26.4442596,-81.9344308
4410,10/18/2022,Dirty Sand Soil,26.4457961,-81.9369717
4411,11/19/2022,C and D,26.4224375868,-81.9044869048
4412,11/03/2022,C and D,26.4066342032,-81.8957864308
4413,10/07/2022,C and D,26.464692,-81.9531597
4414,02/14/2023,C and D,26.4620303276,-81.9476929202
4415,02/05/2023,C and D,26.4459713,-81.9375617
4416,12/12/2022,C and D,26.4631336,-81.9532745
4417,11/19/2022,C and D,26.4583684,-81.9417124
4418,12/07/2022,C and D,26.4340239,-81.9175615
4419,12/01/2022,C and D,26.4423852,-81.9307511
4420,11/16/2022,C and D,26.4255402982,-81.9079354965
4421,02/27/2023,C and D,26.4323042047,-81.9149369124
4422,11/25/2022,Sand CD,26.4525246,-81.954643
4423,01/30/2023,C and D,26.4658564361,-81.9548047856
4424,11/15/2022,C and D,26.4329307,-81.9161411
4425,12/17/2022,C and D,26.4384206,-81.9235493
4426,10/14/2022,C and D,26.4479181442,-81.9402205856
4427,12/08/2022,C and D,26.4616629252,-81.9462136134
4428,01/11/2023,C and D,26.459047836,-81.9462314441
4429,11/06/2022,C and D,26.4347265,-81.9185891
4430,01/07/2023,Clean Sand Soil,26.4365473,-81.9222745
4431,12/04/2022,C and D,26.4612948758,-81.9503717395
4432,10/18/2022,C and D,26.4653374,-81.955362
4433,11/13/2022,C and D,26.4354117191,-81.9198226193
4434,10/13/2022,C and D,26.4174975,-81.9017103
4435,10/19/2022,Clean Sand Soil,26.4525761,-81.9545041
4436,10/16/2022,C and D,26.4311501394,-81.9139475001
4437,05/04/2023,C and D,26.4611468744,-81.9496648014
4438,10/13/2022,C and D,26.4248836952,-81.9061761266
4439,11/26/2022,Dirty Sand Soil,26.4465227,-81.9381771
4440,02/08/2023,Concrete to FDS,26.448235,-81.9405183
4441,01/07/2023,C and D,26.4326093,-81.9157381
4442,12/07/2022,Dirty Sand Soil,26.4280327,-81.9109888
4443,11/29/2022,C and D,26.4619906079,-81.9512696644
4444,10/13/2022,C and D,26.4254316917,-81.9070433338
4445,10/13/2022,Dirty Sand Soil,26.449115,-81.9440689
4446,10/13/2022,C and D,26.4046642501,-81.8861438247
4447,10/31/2022,C and D,26.4214944793,-81.9037969318
4448,11/17/2022,C and D,26.4342463314,-81.9180009231
4449,10/24/2022,C and D,26.4267943143,-81.9097948379
4450,11/12/2022,C and D,26.4254859457,-81.9077681871
4451,03/29/2023,C and D,26.4103860479,-81.8989803905
4452,01/16/2023,C and D,26.439537,-81.9257041
4453,02/19/2023,C and D,26.4189958,-81.9033528
4454,11/15/2022,C and D,26.4504512349,-81.9480075557
4455,02/19/2023,C and D,26.4215416,-81.9038664
4456,01/10/2023,C and D,26.4302998,-81.9132177
4457,01/11/2023,C and D,26.4636838804,-81.946879877
4458,11/29/2022,Sand CD,26.4525386,-81.9545765
4459,11/17/2022,C and D,26.4108408651,-81.8992750089
4460,11/18/2022,C and D,26.4100229244,-81.8987464543
4461,11/04/2022,C and D,26.459666758,-81.946434114
4462,10/17/2022,C and D,26.4668333336,-81.9548301858
4463,10/25/2022,C and D,26.4282370499,-81.9111468551
4464,11/02/2022,C and D,26.448688,-81.9430022
4465,01/03/2023,C and D,26.4658873,-81.9550665
4466,02/06/2023,C and D,26.442229,-81.9298914
4467,05/06/2023,C and D,26.4080274,-81.8972078
4468,10/13/2022,C and D,26.4156211,-81.9009886
4469,10/23/2022,C and D,26.4181143,-81.9019308
4470,10/28/2022,Clean Sand Soil,26.4526955,-81.9552714
4471,12/04/2022,C and D,26.4281619,-81.9111518
4472,02/12/2023,C and D,26.4361626,-81.9203713
4473,10/18/2022,C and D,26.4618914558,-81.953280962
4474,11/08/2022,C and D,26.4255296972,-81.9076671187
4475,11/13/2022,C and D,26.4043919518,-81.8876003707
4476,10/19/2022,C and D,26.4364268638,-81.9208423287
4477,10/30/2022,C and D,26.4047078323,-81.8855392189
4478,10/13/2022,Dirty Sand Soil,26.4489421,-81.9433632
4479,11/05/2022,C and D,26.4169437073,-81.9013406303
4480,01/05/2023,Clean Sand Soil,26.4365767,-81.9222111
4481,01/20/2023,C and D,26.4116593,-81.8996011
4482,12/09/2022,C and D,26.4587591131,-81.9409565121
4483,11/29/2022,C and D,26.4250767,-81.9062617
4484,02/01/2023,C and D,26.4378635,-81.9228238
4485,10/05/2022,C and D,26.462442575,-81.9511561477
4486,11/19/2022,C and D,26.4058112592,-81.8946366453
4487,10/30/2022,C and D,26.4233177109,-81.9049216156
4488,12/11/2022,C and D,26.4214106648,-81.9037793043
4489,10/20/2022,Dirty Sand Soil,26.4514306,-81.951263
4490,11/16/2022,Dirty Sand Soil,26.4200627,-81.9024684
4491,10/15/2022,C and D,26.4175844272,-81.9016767395
4492,10/12/2022,C and D,26.4050495,-81.8930211
4493,12/01/2022,C and D,26.4051596,-81.8932493
4494,12/12/2022,C and D,26.4646213,-81.9528578
4495,01/03/2023,Vegetation,26.4509065,-81.9491651
4496,11/13/2022,C and D,26.4378464421,-81.922838203
4497,10/20/2022,Dirty Sand Soil,26.4514047,-81.9512244
4498,11/21/2022,C and D,26.4368324,-81.9213189
4499,10/29/2022,C and D,26.4181376835,-81.9018089407
4500,11/09/2022,C and D,26.4418110409,-81.9297214745
4501,11/13/2022,C and D,26.4388332842,-81.9244636037
4502,10/13/2022,Dirty Sand Soil,26.4491312,-81.9440223
4503,10/24/2022,C and D,26.444963926,-81.935229221
4504,12/15/2022,C and D,26.4577538638,-81.9395128586
4505,11/29/2022,C and D,26.4502154,-81.947097
4506,11/09/2022,C and D,26.4418526316,-81.9297826973
4507,10/16/2022,Dirty Sand Soil,26.4389575,-81.9244556
4508,10/15/2022,C and D,26.4420492,-81.9302041
4509,11/02/2022,C and D,26.4064875313,-81.8955285704
4510,10/22/2022,C and D,26.4255627,-81.9079488
4511,12/02/2022,C and D,26.4600198236,-81.9416919224
4512,11/19/2022,C and D,26.404461076,-81.8886478999
4513,12/19/2022,C and D,26.4578124009,-81.9403052792
4514,11/30/2022,C and D,26.4598590788,-81.9414957986
4515,10/28/2022,C and D,26.4213749115,-81.9036849496
4516,01/08/2023,C and D,26.4303701,-81.9132795
4517,11/07/2022,C and D,26.4598690441,-81.946870061
4518,10/18/2022,C and D,26.4658053,-81.9549205
4519,01/13/2023,C and D,26.4360802,-81.9199659
4520,02/06/2023,C and D,26.4432423,-81.9319244
4521,12/11/2022,C and D,26.4585156479,-81.9395889929
4522,12/20/2022,C and D,26.4434463484,-81.9325170201
4523,11/28/2022,C and D,26.4213859,-81.9037317
4524,12/12/2022,C and D,26.4579786027,-81.9402395854
4525,10/14/2022,Dirty Sand Soil,26.4519595,-81.9526055
4526,11/05/2022,C and D,26.4484788,-81.9425677
4527,10/30/2022,C and D,26.4046141,-81.8859962
4528,10/20/2022,Dirty Sand Soil,26.4513673,-81.9512477
4529,11/09/2022,C and D,26.4599474659,-81.9467301295
4530,10/23/2022,Dirty Sand Soil,26.4206322,-81.9030955
4531,11/09/2022,Dirty Sand Soil,26.4150765,-81.900775
4532,02/05/2023,C and D,26.4371285,-81.9216641
4533,10/25/2022,C and D,26.4324419031,-81.9155367132
4534,12/14/2022,C and D,26.4591243282,-81.94261479
4535,12/14/2022,C and D,26.4592066293,-81.9416429768
4536,12/10/2022,C and D,26.4393707,-81.9245743
4537,12/17/2022,C and D,26.4617679155,-81.9542042202
4538,10/12/2022,Dirty Sand Soil,26.4489305,-81.943408
4539,12/04/2022,C and D,26.4055586,-81.894311
4540,10/06/2022,C and D,26.4669007,-81.9546928
4541,11/02/2022,C and D,26.444967161,-81.9355412108
4542,12/01/2022,C and D,26.4648633,-81.9509217
4543,11/11/2022,C and D,26.4255355483,-81.9080105957
4544,10/13/2022,Dirty Sand Soil,26.4496369981,-81.9452406907
4545,12/12/2022,C and D,26.4616175,-81.9522365
4546,01/13/2023,C and D,26.4355375734,-81.9196687011
4547,11/19/2022,C and D,26.4666141,-81.9543368
4548,11/28/2022,C and D,26.4476090461,-81.9400849073
4549,11/06/2022,C and D,26.4066256703,-81.8956751119
4550,02/02/2023,Concrete,26.4589211,-81.9417436
4551,11/17/2022,C and D,26.4383863192,-81.9235400856
4552,12/15/2022,Dirty Sand Soil,26.4345643,-81.9183041
4553,11/05/2022,C and D,26.4046055312,-81.8862820231
4554,10/13/2022,C and D,26.4161608971,-81.901101875
4555,11/12/2022,C and D,26.4392622281,-81.925233733
4556,11/30/2022,C and D,26.4651106,-81.9510864
4557,12/11/2022,C and D,26.4390051,-81.9245976
4558,10/15/2022,Dirty Sand Soil,26.4491276944,-81.944024302
4559,02/26/2023,C and D,26.4633457829,-81.9510931616
4560,02/04/2023,C and D,26.4477835,-81.9405351
4561,10/11/2022,C and D,26.4158841414,-81.9010720004
4562,12/05/2022,C and D,26.4044943,-81.8888892
4563,10/20/2022,C and D,26.4367329111,-81.9211830621
4564,11/04/2022,C and D,26.4370299,-81.9216115
4565,10/22/2022,C and D,26.4255922936,-81.9078282133
4566,02/08/2023,C and D,26.4171818,-81.9016343
4567,11/17/2022,C and D,26.4312727,-81.9143559
4568,11/30/2022,C and D,26.4255655697,-81.9080228359
4569,12/04/2022,Vegetation,26.4365294417,-81.9208107444
4570,11/19/2022,C and D,26.4583705,-81.9408237
4571,10/18/2022,Dirty Sand Soil,26.451723,-81.9518855
4572,11/06/2022,C and D,26.4175323956,-81.9017115143
4573,03/17/2023,C and D,26.4336477,-81.9169906
4574,11/09/2022,C and D,26.4416969195,-81.9295183942
4575,11/17/2022,C and D,26.4665173,-81.9556694
4576,02/08/2023,C and D,26.4323501678,-81.9156947217
4577,11/18/2022,C and D,26.4611445,-81.9538433
4578,11/13/2022,Dirty Sand Soil,26.4416639,-81.9292685
4579,10/07/2022,C and D,26.4651663,-81.9551511
4580,02/10/2023,C and D,26.4200308733,-81.9029536285
4581,01/16/2023,C and D,26.4223747,-81.9043798
4582,11/06/2022,C and D,26.4438939493,-81.933304631
4583,12/05/2022,C and D,26.4514184258,-81.951187821
4584,10/16/2022,Dirty Sand Soil,26.4358754,-81.9202655
4585,01/05/2023,Clean Sand Soil,26.4366195,-81.9221526
4586,11/22/2022,C and D,26.4629215,-81.9510504
4587,11/19/2022,C and D,26.4043529467,-81.8882172876
4588,10/25/2022,C and D,26.4602064718,-81.9537310828
4589,12/03/2022,C and D,26.4107149016,-81.8992808166
4590,10/14/2022,Dirty Sand Soil,26.4306957208,-81.9135755833
4591,03/16/2023,C and D,26.4598259183,-81.9467415301
4592,11/19/2022,C and D,26.4099590946,-81.8984443323
4593,10/24/2022,Dirty Sand Soil,26.4107278,-81.8991598
4594,12/13/2022,C and D,26.4600911419,-81.9415719606
4595,11/29/2022,C and D,26.4224462,-81.904447
4596,11/11/2022,C and D,26.4097960666,-81.8986129762
4597,10/27/2022,C and D,26.4614201342,-81.9485542127
4598,12/10/2022,C and D,26.4594277502,-81.9405649939
4599,11/10/2022,C and D,26.4630706469,-81.9485341665
4600,10/10/2022,C and D,26.4479863644,-81.9409661461
4601,02/04/2023,C and D,26.4477247,-81.9400746
4602,01/03/2023,C and D,26.4508261,-81.9489302
4603,11/05/2022,C and D,26.4047960495,-81.884603157
4604,03/02/2023,C and D,26.4589668,-81.9403148
4605,01/10/2023,C and D,26.4300239028,-81.9128831045
4606,10/29/2022,C and D,26.4197495,-81.902517
4607,10/21/2022,Dirty Sand Soil,26.4515071,-81.9513029
4608,12/04/2022,C and D,26.4593735151,-81.940343706
4609,11/12/2022,Dirty Sand Soil,26.4420135,-81.9297615
4610,11/26/2022,C and D,26.4338148885,-81.917234754
4611,10/13/2022,Dirty Sand Soil,26.4489642,-81.9433397
4612,10/22/2022,Clean Sand Soil,26.4525777,-81.9545744
4613,11/02/2022,C and D,26.4446017938,-81.9347686508
4614,11/07/2022,C and D,26.4303805,-81.9131819
4615,10/15/2022,Dirty Sand Soil,26.4491548017,-81.9439720643
4616,11/13/2022,C and D,26.4045548,-81.8865425
4617,10/24/2022,C and D,26.4067974826,-81.8957633805
4618,11/03/2022,C and D,26.4255451578,-81.9076414466
4619,11/09/2022,C and D,26.4107256205,-81.899115714
4620,12/13/2022,C and D,26.4603523715,-81.9402615089
4621,10/27/2022,C and D,26.4046647074,-81.8862429634
4622,11/04/2022,C and D,26.4370971,-81.9217687
4623,01/07/2023,Clean Sand Soil,26.436501,-81.9224069
4624,10/31/2022,C and D,26.4499388,-81.9465132
4625,10/15/2022,Dirty Sand Soil,26.4491489763,-81.9440153987
4626,02/03/2023,Dirty Sand Soil,26.4185101,-81.9019694
4627,11/14/2022,C and D,26.4479822957,-81.9406425147
4628,10/15/2022,Dirty Sand Soil,26.4516189836,-81.951528541
4629,12/03/2022,C and D,26.4047191,-81.8860266
4630,11/26/2022,Dirty Sand Soil,26.4447412,-81.9348161
4631,10/16/2022,Dirty Sand Soil,26.4521232,-81.9531261
4632,10/17/2022,C and D,26.4088799314,-81.8979419629
4633,12/15/2022,C and D,26.4599554147,-81.9403600895
4634,12/11/2022,C and D,26.4624192473,-81.9476530609
4635,10/28/2022,C and D,26.4205974899,-81.9032589813
4636,01/13/2023,C and D,26.4416487,-81.9293084
4637,03/26/2023,C and D,26.4067121,-81.8956361
4638,02/18/2023,C and D,26.428447298,-81.9111261803
4639,12/05/2022,C and D,26.4277923,-81.9106796
4640,12/14/2022,C and D,26.4058393054,-81.8943437376
4641,11/09/2022,C and D,26.4149481,-81.9008639
4642,10/28/2022,Clean Sand Soil,26.4526968,-81.955301
4643,10/22/2022,Dirty Sand Soil,26.4315272,-81.9144919
4644,03/17/2023,C and D,26.4613274048,-81.9507015943
4645,10/16/2022,Dirty Sand Soil,26.4377481,-81.922761
4646,12/08/2022,Dirty Sand Soil,26.4115033,-81.8992992
4647,11/06/2022,C and D,26.4580444806,-81.9427051396
4648,12/18/2022,C and D,26.4612100739,-81.9537991752
4649,11/06/2022,C and D,26.4326854,-81.9158572
4650,01/23/2023,C and D,26.4654187687,-81.9550235894
4651,11/05/2022,C and D,26.4175137477,-81.9016313467
4652,01/07/2023,C and D,26.4326784,-81.9159277
4653,10/08/2022,C and D,26.4662895,-81.9557008
4654,11/12/2022,C and D,26.404616,-81.8917394
4655,12/07/2022,Dirty Sand Soil,26.4114324,-81.8994897
4656,03/09/2023,HHW to DMS,26.4604697,-81.9478687
4657,12/02/2022,C and D,26.464207058,-81.948652106
4658,10/28/2022,Clean Sand Soil,26.4526935,-81.9552806
4659,10/27/2022,C and D,26.4045580896,-81.8863482402
4660,10/17/2022,C and D,26.4045037322,-81.8903765334
4661,11/17/2022,C and D,26.4255254623,-81.9079094288
4662,11/03/2022,C and D,26.4053799936,-81.8938062039
4663,01/07/2023,Clean Sand Soil,26.4364497,-81.9222264
4664,12/01/2022,C and D,26.4052362,-81.8933168
4665,01/27/2023,Dirty Sand Soil,26.4310209,-81.9133352
4666,11/20/2022,C and D,26.4283417,-81.9113233
4667,10/31/2022,C and D,26.4172868,-81.9016039
4668,10/30/2022,Dirty Sand Soil,26.4513028,-81.9504317
4669,11/08/2022,C and D,26.4075751,-81.8966942
4670,01/11/2023,C and D,26.4508619725,-81.9487888245
4671,12/07/2022,C and D,26.4602785462,-81.9476697975
4672,01/29/2023,Concrete,26.4585256856,-81.9394967985
4673,10/20/2022,C and D,26.4288315951,-81.9117529386
4674,10/19/2022,Dirty Sand Soil,26.4514343,-81.9512523
4675,10/18/2022,Dirty Sand Soil,26.4519296,-81.9521733
4676,10/22/2022,C and D,26.4212928,-81.9036408
4677,11/21/2022,C and D,26.444005218,-81.9333248427
4678,01/10/2023,C and D,26.4604951346,-81.946227401
4679,11/14/2022,C and D,26.4595542,-81.9405048
4680,12/02/2022,C and D,26.4634209639,-81.9487569732
4681,02/07/2023,C and D,26.4318613,-81.9147059
4682,12/12/2022,C and D,26.4480628,-81.9408688
4683,12/10/2022,C and D,26.4105725,-81.8991146
4684,10/22/2022,C and D,26.4479569713,-81.9406611861
4685,01/24/2023,C and D,26.4054864,-81.8937857
4686,11/08/2022,Vegetation,26.4056259,-81.8943784
4687,11/29/2022,C and D,26.4247234,-81.9062734
4688,11/29/2022,C and D,26.4247394,-81.9061711
4689,10/21/2022,Dirty Sand Soil,26.4515067,-81.9513652
4690,12/12/2022,C and D,26.436175027,-81.9203924448
4691,02/09/2023,C and D,26.4379292113,-81.9229578117
4692,11/08/2022,C and D,26.4525293559,-81.9546671212
4693,12/11/2022,C and D,26.4413833,-81.9288721
4694,02/11/2023,C and D,26.434988119,-81.918808334
4695,10/17/2022,C and D,26.4305462126,-81.9132873267
4696,01/27/2023,HHW to DMS,26.4582565,-81.9428057
4697,11/08/2022,C and D,26.4255032,-81.908158
4698,02/28/2023,Concrete to FDS,26.4483645,-81.9405837
4699,02/02/2023,C and D,26.4599900041,-81.9403721207
4700,12/02/2022,C and D,26.4047061662,-81.8853280095
4701,11/07/2022,C and D,26.4257485782,-81.908653248
4702,11/20/2022,C and D,26.4283569,-81.911331
4703,12/18/2022,C and D,26.4656527341,-81.954808524
4704,11/12/2022,C and D,26.4254799098,-81.9078416675
4705,11/08/2022,C and D,26.4339212,-81.9174927
4706,11/17/2022,C and D,26.4335074,-81.917037
4707,11/13/2022,C and D,26.4460130654,-81.9376220542
4708,11/30/2022,C and D,26.4045875,-81.8860867
4709,10/13/2022,C and D,26.4427893189,-81.9313328177
4710,12/03/2022,C and D,26.4047472066,-81.8859167557
4711,11/22/2022,C and D,26.4400696176,-81.9266641424
4712,10/19/2022,Clean Sand Soil,26.4525489,-81.9546082
4713,11/08/2022,C and D,26.4613728505,-81.9510988612
4714,10/31/2022,Dirty Sand Soil,26.4471812407,-81.9386205544
4715,12/02/2022,C and D,26.4641544556,-81.9487894022
4716,11/13/2022,C and D,26.4045195367,-81.8880610625
4717,01/12/2023,C and D,26.4507797,-81.9488899
4718,02/09/2023,C and D,26.4110005,-81.8995156
4719,11/04/2022,C and D,26.4580334677,-81.9427510477
4720,02/08/2023,C and D,26.431901,-81.9148803
4721,02/07/2023,C and D,26.4321200768,-81.9153223448
4722,12/06/2022,C and D,26.4596635709,-81.9403720368
4723,01/07/2023,C and D,26.4327461,-81.9160236
4724,11/15/2022,C and D,26.4590439,-81.9416798
4725,02/09/2023,C and D,26.4092064,-81.8978919
4726,11/28/2022,C and D,26.4210032,-81.9035142
4727,11/20/2022,C and D,26.4352656748,-81.9196024209
4728,11/05/2022,C and D,26.4255686946,-81.9080882902
4729,10/07/2022,C and D,26.4611121,-81.9485987
4730,01/09/2023,C and D,26.4303284,-81.9132489
4731,11/04/2022,C and D,26.4043759927,-81.8869122584
4732,11/13/2022,C and D,26.4109554,-81.8993758
4733,12/01/2022,C and D,26.4239907777,-81.9055575506
4734,10/14/2022,Dirty Sand Soil,26.448952,-81.9434952
4735,01/04/2023,C and D,26.4600213356,-81.9476342567
4736,11/11/2022,C and D,26.4254864819,-81.9078628745
4737,12/20/2022,C and D,26.4613972819,-81.9509425782
4738,01/08/2023,C and D,26.4299801,-81.9121501
4739,01/16/2023,Dirty Sand Soil,26.4324553,-81.9155315
4740,11/13/2022,C and D,26.417535509,-81.9016588568
4741,11/21/2022,C and D,26.4604137,-81.9537848
4742,10/21/2022,Dirty Sand Soil,26.4515226,-81.9512635
4743,11/27/2022,Dirty Sand Soil,26.4280227,-81.9109734
4744,12/02/2022,C and D,26.4049348,-81.8855281
4745,10/06/2022,C and D,26.4596914389,-81.9463370168
4746,11/15/2022,C and D,26.4064783914,-81.895634072
4747,01/10/2023,C and D,26.4612457037,-81.9504482719
4748,03/16/2023,C and D,26.4605399501,-81.9475048277
4749,03/27/2023,Vegetation,26.4143486,-81.9005962
4750,10/31/2022,Dirty Sand Soil,26.447214439,-81.938539939
4751,02/01/2023,Dirty Sand Soil,26.4375474,-81.9225388
4752,02/28/2023,C and D,26.4595550252,-81.9404232503
4753,01/12/2023,C and D,26.4586800456,-81.9461639526
4754,11/05/2022,C and D,26.42554953,-81.9076109456
4755,12/14/2022,C and D,26.4056581144,-81.8943501236
4756,10/30/2022,C and D,26.4504855,-81.9480049
4757,11/06/2022,C and D,26.4174592216,-81.9016416092
4758,11/10/2022,C and D,26.4615829429,-81.9521256444
4759,11/08/2022,C and D,26.4338478,-81.9176622
4760,12/20/2022,C and D,26.4590642832,-81.9483835735
4761,10/15/2022,C and D,26.4496589639,-81.9458257016
4762,10/25/2022,Dirty Sand Soil,26.4279999,-81.9106849
4763,01/20/2023,Compact CD,26.4484008,-81.9405265
4764,12/02/2022,C and D,26.4281994,-81.9112028
4765,10/31/2022,C and D,26.4500163,-81.9469091
4766,12/11/2022,C and D,26.46133,-81.952051
4767,10/31/2022,C and D,26.4208620355,-81.903393848
4768,11/14/2022,C and D,26.4500250336,-81.9468167094
4769,12/10/2022,C and D,26.439075144,-81.9247722254
4770,10/31/2022,C and D,26.4499606,-81.9465731
4771,11/11/2022,C and D,26.4306423,-81.9134676
4772,10/25/2022,C and D,26.4605284771,-81.9538575165
4773,11/11/2022,Dirty Sand Soil,26.4447779,-81.9350605
4774,11/03/2022,C and D,26.4258081533,-81.9085052149
4775,02/09/2023,C and D,26.404474522,-81.8915016857
4776,11/06/2022,C and D,26.4220912,-81.904369
4777,10/13/2022,Dirty Sand Soil,26.449171,-81.9440725
4778,10/18/2022,C and D,26.4660787,-81.9552324
4779,03/13/2023,C and D,26.4174458387,-81.9017273415
4780,10/12/2022,C and D,26.4046649662,-81.8914219698
4781,02/07/2023,C and D,26.4319045057,-81.9150177564
4782,05/06/2023,C and D,26.4273198,-81.9100708
4783,11/30/2022,Vegetation,26.4255903,-81.9080538
4784,10/21/2022,C and D,26.4306759559,-81.9134456797
4785,05/06/2023,C and D,26.4081222,-81.8968474
4786,10/17/2022,Vegetation,26.4066821497,-81.8957660008
4787,11/21/2022,C and D,26.426407,-81.9092181
4788,10/13/2022,C and D,26.4241558,-81.9056844
4789,10/15/2022,Dirty Sand Soil,26.4492216721,-81.9441867182
4790,11/12/2022,Dirty Sand Soil,26.4322787,-81.9153591
4791,11/11/2022,C and D,26.4305901,-81.9134533
4792,10/14/2022,Dirty Sand Soil,26.4436531,-81.9328929
4793,11/03/2022,C and D,26.4378425852,-81.9230127801
4794,10/15/2022,Dirty Sand Soil,26.449183845,-81.9440148958
4795,10/25/2022,C and D,26.462316937,-81.9538319295
4796,10/12/2022,C and D,26.4254838048,-81.9071604019
4797,11/18/2022,C and D,26.4310723,-81.914064
4798,10/19/2022,Clean Sand Soil,26.4525942,-81.9546456
4799,11/05/2022,C and D,26.4596785731,-81.9462971246
4800,10/27/2022,C and D,26.4045773621,-81.8917918628
4801,03/23/2023,C and D,26.4171724,-81.9015794
4802,10/29/2022,C and D,26.4185169339,-81.9019744546
4803,10/29/2022,C and D,26.4098312,-81.8985165
4804,10/20/2022,C and D,26.4365931324,-81.9211556598
4805,12/13/2022,C and D,26.4429412,-81.9316413
4806,12/12/2022,C and D,26.4438671,-81.9332581
4807,10/19/2022,C and D,26.4365036084,-81.9209511091
4808,10/27/2022,C and D,26.4059869038,-81.894711587
4809,11/09/2022,C and D,26.4524800703,-81.9546550513
4810,11/30/2022,C and D,26.4631682145,-81.9541899697
4811,11/20/2022,C and D,26.4047278,-81.8922629
4812,11/09/2022,C and D,26.4418267971,-81.9297007845
4813,11/28/2022,C and D,26.4211949,-81.9036171
4814,01/14/2023,C and D,26.4610060973,-81.9463801931
4815,11/18/2022,Vegetation,26.461604,-81.9515378
4816,12/03/2022,C and D,26.4579317453,-81.9404409957
4817,12/07/2022,Dirty Sand Soil,26.4301337,-81.9130782
4818,12/16/2022,C and D,26.4056325238,-81.8944905885
4819,11/12/2022,C and D,26.4331033,-81.9164825
4820,12/03/2022,C and D,26.4609915642,-81.9537037631
4821,10/19/2022,Dirty Sand Soil,26.4514405,-81.9512864
4822,11/28/2022,C and D,26.4044718,-81.8869451
4823,02/07/2023,C and D,26.4317558059,-81.914526339
4824,01/06/2023,C and D,26.4303884,-81.9131526
4825,11/07/2022,C and D,26.404642202,-81.8862328213
4826,11/05/2022,C and D,26.4255029664,-81.9078174406
4827,12/09/2022,C and D,26.4446262,-81.9348742
4828,11/11/2022,C and D,26.4419170702,-81.9296913129
4829,10/20/2022,C and D,26.4287568825,-81.9115680951
4830,02/06/2023,C and D,26.447665,-81.9400233
4831,10/29/2022,C and D,26.4628832611,-81.9484719567
4832,01/31/2023,C and D,26.437691,-81.9226217
4833,10/07/2022,C and D,26.4608202203,-81.9537479744
4834,10/10/2022,C and D,26.4444934158,-81.9345074707
4835,02/19/2023,C and D,26.4450509,-81.9354006
4836,01/09/2023,C and D,26.4326601,-81.9158711
4837,10/23/2022,Clean Sand Soil,26.4525821,-81.9545991
4838,10/05/2022,C and D,26.4623864,-81.9539732
4839,10/18/2022,C and D,26.4046531002,-81.8863201394
4840,01/29/2023,C and D,26.4582158486,-81.9395538793
4841,11/12/2022,C and D,26.4392783214,-81.9253013749
4842,12/15/2022,C and D,26.4633942205,-81.9487352824
4843,12/12/2022,C and D,26.4352440482,-81.9193500381
4844,12/03/2022,C and D,26.4046145111,-81.8857272626
4845,01/24/2023,C and D,26.4052309,-81.8931909
4846,11/08/2022,C and D,26.4505395,-81.9481498
4847,11/13/2022,C and D,26.4586406853,-81.9417414722
4848,10/19/2022,Dirty Sand Soil,26.4458399,-81.9370314
4849,01/09/2023,C and D,26.4580626925,-81.9434258175
4850,02/25/2023,C and D,26.4310745,-81.9139975
4851,11/05/2022,C and D,26.4643840394,-81.9528614391
4852,12/10/2022,C and D,26.4590543323,-81.9403442089
4853,12/09/2022,C and D,26.4359116,-81.9200522
4854,02/08/2023,C and D,26.4317698,-81.9147978
4855,01/11/2023,C and D,26.4508320583,-81.9489124672
4856,01/10/2023,C and D,26.4580173794,-81.9465437582
4857,11/29/2022,Sand CD,26.4525589,-81.9546077
4858,10/28/2022,C and D,26.4216096817,-81.9040284982
4859,11/16/2022,C and D,26.4348767745,-81.9188713656
4860,11/06/2022,C and D,26.4446029483,-81.9347544321
4861,11/19/2022,C and D,26.419628024,-81.9032443323
4862,01/26/2023,Dirty Sand Soil,26.4425488,-81.9308048
4863,11/09/2022,C and D,26.4223311,-81.9044067
4864,12/14/2022,C and D,26.4591910158,-81.9417713531
4865,11/28/2022,C and D,26.4209946,-81.9035202
4866,01/19/2023,C and D,26.4293863,-81.912308
4867,10/29/2022,C and D,26.4114856068,-81.8993872125
4868,10/29/2022,C and D,26.4184956858,-81.9020120893
4869,10/11/2022,C and D,26.4654451,-81.9541516
4870,11/13/2022,C and D,26.4106229,-81.8991137
4871,11/09/2022,C and D,26.4147195,-81.9006822
4872,11/11/2022,C and D,26.4307192,-81.9135932
4873,10/17/2022,Dirty Sand Soil,26.4354679,-81.9195089
4874,10/25/2022,C and D,26.4616105263,-81.9538164442
4875,12/12/2022,C and D,26.4355984403,-81.9197027011
4876,02/06/2023,C and D,26.4417997,-81.9295129
4877,01/21/2023,C and D,26.4592574821,-81.9458139499
4878,12/03/2022,C and D,26.4615297325,-81.9538862611
4879,10/30/2022,C and D,26.4505431,-81.9480002
4880,11/06/2022,C and D,26.4280176535,-81.9108773769
4881,12/13/2022,C and D,26.4387515,-81.9243774
4882,11/08/2022,C and D,26.4624097338,-81.9511831832
4883,11/28/2022,C and D,26.421223,-81.9036183
4884,11/11/2022,C and D,26.4194469,-81.9024765
4885,01/05/2023,Clean Sand Soil,26.4365946,-81.9221797
4886,11/06/2022,C and D,26.4134605,-81.9001166
4887,11/28/2022,C and D,26.4482353,-81.9412047
4888,02/20/2023,C and D,26.4311976748,-81.914096882
4889,01/04/2023,C and D,26.4302611,-81.9131787
4890,12/17/2022,C and D,26.4476272417,-81.9400873874
4891,12/02/2022,C and D,26.428304,-81.9112257
4892,12/12/2022,C and D,26.4462253,-81.937644
4893,01/04/2023,C and D,26.4302734,-81.9130182
4894,12/01/2022,C and D,26.4616934926,-81.9488443071
4895,10/15/2022,C and D,26.4175527,-81.9016002
4896,11/16/2022,Dirty Sand Soil,26.4223472,-81.9042764
4897,12/12/2022,HHW to DMS,26.4612121311,-81.9539874852
4898,11/01/2022,Dirty Sand Soil,26.4127011,-81.8998268
4899,12/09/2022,C and D,26.4601695158,-81.9463050122
4900,12/13/2022,C and D,26.4578557698,-81.9404115078
4901,10/25/2022,C and D,26.4623878199,-81.9538014023
4902,12/15/2022,C and D,26.4615858693,-81.9485654541
4903,11/20/2022,C and D,26.4667764062,-81.9543998494
4904,02/11/2023,C and D,26.4253841,-81.9076354
4905,12/06/2022,C and D,26.4359587943,-81.9204241131
4906,10/30/2022,C and D,26.4046642645,-81.8858613867
4907,11/12/2022,C and D,26.425536987,-81.9078894669
4908,11/26/2022,C and D,26.433472048,-81.9167383214
4909,12/15/2022,Dirty Sand Soil,26.444901,-81.935247
4910,10/30/2022,C and D,26.4213079265,-81.9035747787
4911,11/09/2022,C and D,26.459659338,-81.9462764171
4912,03/27/2023,Vegetation,26.4143713,-81.9007274
4913,10/19/2022,C and D,26.4305228318,-81.9132870935
4914,11/20/2022,Sand CD,26.4524331,-81.954644
4915,10/23/2022,C and D,26.4255043399,-81.9072681294
4916,11/19/2022,C and D,26.4230106794,-81.9049745081
4917,12/03/2022,C and D,26.4591696741,-81.9402564399
4918,10/14/2022,Dirty Sand Soil,26.4517837,-81.9517377
4919,01/27/2023,Dirty Sand Soil,26.4301125,-81.9130193
4920,12/20/2022,C and D,26.4590805551,-81.9483089289
4921,11/14/2022,C and D,26.4105097824,-81.8990074228
4922,02/15/2023,C and D,26.4185141,-81.9018182
4923,10/20/2022,Dirty Sand Soil,26.4514244,-81.9512348
4924,11/13/2022,C and D,26.4347797,-81.918768
4925,11/13/2022,C and D,26.4045744,-81.8862339
4926,12/03/2022,C and D,26.4047345,-81.8860834
4927,12/09/2022,C and D,26.4625019767,-81.9521840663
4928,02/16/2023,C and D,26.430335,-81.9130444
4929,10/16/2022,Dirty Sand Soil,26.4475109,-81.9395128
4930,03/09/2023,C and D,26.4199967,-81.9029389
4931,10/19/2022,C and D,26.4304989902,-81.9133179356
4932,12/06/2022,C and D,26.4337777,-81.917594
4933,02/19/2023,C and D,26.4201105,-81.9029171
4934,02/19/2023,C and D,26.4312962,-81.9142541
4935,11/12/2022,C and D,26.4388429234,-81.9242757653
4936,12/09/2022,C and D,26.4577501145,-81.9403192242
4937,12/09/2022,Dirty Sand Soil,26.4103315,-81.8987355
4938,12/03/2022,C and D,26.4108281723,-81.8992570416
4939,12/09/2022,Dirty Sand Soil,26.41309,-81.9000923
4940,12/04/2022,C and D,26.4597913158,-81.9465963828
4941,10/16/2022,C and D,26.4442939,-81.9345031
4942,03/17/2023,C and D,26.4598200186,-81.9464991556
4943,01/18/2023,Vegetation,26.4051157,-81.8932162
4944,01/07/2023,C and D,26.4303418,-81.91313
4945,12/21/2022,HHW to DMS,26.463243541,-81.9485838809
4946,12/15/2022,C and D,26.4664893,-81.9557855
4947,11/13/2022,C and D,26.4382280746,-81.9235690775
4948,11/02/2022,C and D,26.4636575166,-81.947755006
4949,02/08/2023,Dirty Sand Soil,26.4319585,-81.9147002
4950,11/28/2022,C and D,26.4593901,-81.941718
4951,02/11/2023,C and D,26.4045147551,-81.8875072897
4952,11/13/2022,Dirty Sand Soil,26.4405277,-81.9274024
4953,02/15/2023,C and D,26.4047607567,-81.8856435238
4954,02/02/2023,C and D,26.4319844,-81.9151227
4955,10/28/2022,C and D,26.4255068545,-81.9080020488
4956,10/28/2022,C and D,26.4193213432,-81.9023896456
4957,10/28/2022,Clean Sand Soil,26.4526761,-81.9552678
4958,11/13/2022,C and D,26.407859,-81.89678
4959,11/11/2022,C and D,26.4224822,-81.9044326
4960,12/12/2022,C and D,26.4598097094,-81.9403080829
4961,12/12/2022,C and D,26.4599831216,-81.9416615333
4962,10/13/2022,C and D,26.4088702288,-81.8977308583
4963,10/29/2022,C and D,26.4585404814,-81.9446442117
4964,11/11/2022,C and D,26.4254628225,-81.9080174076
4965,12/19/2022,C and D,26.4357581,-81.920078
4966,02/24/2023,C and D,26.4233947646,-81.9049823911
4967,02/09/2023,C and D,26.4048593771,-81.8922635169
4968,10/29/2022,C and D,26.4118588121,-81.8994163202
4969,10/22/2022,C and D,26.4254866179,-81.9076794542
4970,10/24/2022,Dirty Sand Soil,26.450434,-81.94756
4971,12/06/2022,C and D,26.4198935,-81.9022567
4972,12/14/2022,C and D,26.4588902642,-81.9409673314
4973,11/13/2022,Dirty Sand Soil,26.4416685,-81.9293744
4974,10/24/2022,C and D,26.4267744911,-81.9095405109
4975,11/07/2022,C and D,26.4259456391,-81.9087823198
4976,11/05/2022,C and D,26.4048068976,-81.8922388828
4977,12/15/2022,C and D,26.4576959765,-81.9394771385
4978,12/04/2022,C and D,26.4045256342,-81.8908900591
4979,01/28/2023,Compact CD,26.4481121,-81.9405917
4980,12/04/2022,C and D,26.4360541385,-81.9205280487
4981,12/15/2022,C and D,26.405161,-81.8943349
4982,11/08/2022,C and D,26.4077209,-81.896805
4983,12/16/2022,C and D,26.4641063987,-81.9477079623
4984,03/19/2023,C and D,26.4506138,-81.9485911
4985,10/21/2022,C and D,26.4193306,-81.9025353
4986,12/12/2022,HHW to DMS,26.4621195886,-81.9540034998
4987,12/20/2022,C and D,26.425526049,-81.9077970275
4988,11/02/2022,C and D,26.4084099932,-81.8974165433
4989,12/12/2022,HHW to DMS,26.462578581,-81.9512498138
4990,10/25/2022,C and D,26.4600126853,-81.953705513
4991,10/22/2022,C and D,26.4256026618,-81.9079657275
4992,11/03/2022,Dirty Sand Soil,26.411778,-81.8996169
4993,11/09/2022,C and D,26.4418343002,-81.9296841736
4994,12/15/2022,Dirty Sand Soil,26.4372308,-81.9219977
4995,12/15/2022,C and D,26.433773255,-81.9177972247
4996,11/26/2022,Dirty Sand Soil,26.4474491,-81.939369
4997,12/14/2022,Dirty Sand Soil,26.433551,-81.9171539
4998,02/03/2023,Dirty Sand Soil,26.4185033,-81.9020694
4999,10/12/2022,Dirty Sand Soil,26.4489382,-81.9433791
5000,01/26/2023,Dirty Sand Soil,26.4433405,-81.9323036
5001,11/05/2022,C and D,26.4161445201,-81.9011414611
5002,10/18/2022,C and D,26.4663354,-81.9557133
5003,10/17/2022,C and D,26.4522666116,-81.9535182013
5004,12/14/2022,C and D,26.4592731141,-81.9417546124
5005,02/18/2023,C and D,26.4631838336,-81.9532259864
5006,10/23/2022,Dirty Sand Soil,26.4232543,-81.9048348
5007,10/19/2022,C and D,26.430562702,-81.9134146374
5008,11/30/2022,C and D,26.44247287,-81.9308765185
5009,02/27/2023,C and D,26.4617377566,-81.9484925923
5010,11/05/2022,C and D,26.4345393,-81.918448
5011,10/22/2022,Dirty Sand Soil,26.4350928,-81.9190185
5012,01/24/2023,Compact CD,26.4479556,-81.9406043
5013,12/12/2022,C and D,26.4111353931,-81.8991276424
5014,11/11/2022,C and D,26.4409267484,-81.9281406608
5015,10/09/2022,Vegetation,26.4354185,-81.9195877
5016,11/01/2022,C and D,26.410678,-81.8991146
5017,12/20/2022,C and D,26.4613519631,-81.9507842619
5018,10/11/2022,C and D,26.4160241581,-81.9011965658
5019,01/12/2023,C and D,26.4508358,-81.9489748
5020,12/20/2022,C and D,26.4602811664,-81.9475730043
5021,12/01/2022,C and D,26.4242704,-81.9057724
5022,01/12/2023,C and D,26.4438728403,-81.9333731725
5023,12/04/2022,C and D,26.4602754303,-81.9474882485
5024,11/16/2022,C and D,26.4109885858,-81.8991991928
5025,10/18/2022,Dirty Sand Soil,26.449178,-81.9440678
5026,10/31/2022,C and D,26.4603939258,-81.9475844319
5027,10/22/2022,C and D,26.419055,-81.9022943
5028,10/16/2022,C and D,26.4311195025,-81.9139941876
5029,12/04/2022,C and D,26.4047337523,-81.887051075
5030,11/30/2022,C and D,26.404683,-81.8861272
5031,12/07/2022,C and D,26.4584005,-81.9409343
5032,12/04/2022,C and D,26.4415919781,-81.9293078408
5033,11/03/2022,C and D,26.4048300012,-81.8920573155
5034,10/19/2022,C and D,26.4525267731,-81.9547693224
5035,10/19/2022,Clean Sand Soil,26.4525778,-81.954611
5036,12/04/2022,C and D,26.4415479731,-81.9293034823
5037,02/08/2023,C and D,26.431983288,-81.9153763508
5038,11/15/2022,Vegetation,26.4404379969,-81.9269603402
5039,02/27/2023,C and D,26.4600716019,-81.9414983132
5040,10/07/2022,C and D,26.4644898,-81.9535203
5041,10/15/2022,Dirty Sand Soil,26.4492246083,-81.9441820422
5042,01/06/2023,C and D,26.4477535,-81.9401799
5043,10/21/2022,C and D,26.4216227,-81.903955
5044,10/18/2022,C and D,26.4044042227,-81.8872502399
5045,01/21/2023,C and D,26.4596568123,-81.9464190185
5046,11/16/2022,C and D,26.4105780669,-81.8990791224
5047,12/07/2022,Dirty Sand Soil,26.4115675,-81.8994474
5048,01/06/2023,C and D,26.4303657,-81.9130917
5049,12/06/2022,C and D,26.418202403,-81.902052993
5050,02/26/2023,C and D,26.4632180846,-81.9509847835
5051,11/20/2022,C and D,26.4286418,-81.9116016
5052,12/07/2022,C and D,26.4341174,-81.9172819
5053,01/14/2023,C and D,26.4349794754,-81.9191564652
5054,11/11/2022,Vegetation,26.42555,-81.908135
5055,01/12/2023,C and D,26.4579012884,-81.9390800228
5056,01/12/2023,C and D,26.4595488494,-81.9461965552
5057,10/21/2022,Dirty Sand Soil,26.4374878,-81.9223595
5058,11/19/2022,C and D,26.4223589772,-81.9044154017
5059,10/20/2022,Dirty Sand Soil,26.4513896,-81.9512264
5060,10/24/2022,C and D,26.4250108553,-81.9064052963
5061,11/13/2022,C and D,26.4525090405,-81.9547508987
5062,11/30/2022,C and D,26.4580739332,-81.9416546811
5063,11/29/2022,C and D,26.4479924,-81.9407156
5064,11/11/2022,C and D,26.4255836251,-81.9080556976
5065,12/17/2022,C and D,26.4609973412,-81.953750141
5066,10/15/2022,Dirty Sand Soil,26.4492257669,-81.9441666669
5067,12/12/2022,HHW to DMS,26.4626905591,-81.9511397882
5068,12/04/2022,C and D,26.4180682,-81.9018097
5069,01/03/2023,C and D,26.4597496936,-81.9466104094
5070,02/16/2023,C and D,26.4332788,-81.9164869
5071,11/12/2022,C and D,26.4332759,-81.9165953
5072,11/29/2022,C and D,26.4335817058,-81.9171503721
5073,11/08/2022,Dirty Sand Soil,26.4145304,-81.9006807
5074,11/02/2022,C and D,26.4487105,-81.9429789
5075,12/19/2022,C and D,26.4106870788,-81.8991624529
5076,11/18/2022,C and D,26.4104940277,-81.8988931832
5077,11/05/2022,C and D,26.405061663,-81.8926835191
5078,02/04/2023,C and D,26.4477243,-81.9403968
5079,10/22/2022,Clean Sand Soil,26.4526245,-81.9546107
5080,10/14/2022,C and D,26.4508557413,-81.9486609847
5081,12/13/2022,Dirty Sand Soil,26.4525811,-81.9545457
5082,12/15/2022,C and D,26.4055719646,-81.8947874755
5083,11/09/2022,C and D,26.4254552037,-81.9078653217
5084,12/21/2022,HHW to DMS,26.464288922,-81.9477315311
5085,10/29/2022,C and D,26.4255667614,-81.907601552
5086,10/28/2022,Clean Sand Soil,26.4526885,-81.9552758
5087,11/12/2022,C and D,26.4044694,-81.8912864
5088,12/08/2022,Dirty Sand Soil,26.4288745,-81.9117347
5089,10/20/2022,C and D,26.4365462728,-81.9209980154
5090,01/03/2023,C and D,26.4508406,-81.9490524
5091,10/28/2022,Clean Sand Soil,26.4526753,-81.955278
5092,12/21/2022,HHW to DMS,26.4622116472,-81.9485866157
5093,01/25/2023,C and D,26.4073943439,-81.8963507408
5094,11/28/2022,C and D,26.4212791,-81.9036869
5095,12/06/2022,C and D,26.4580283035,-81.9408756216
5096,12/14/2022,C and D,26.4590003947,-81.9408984204
5097,02/11/2023,C and D,26.4254237238,-81.9076185261
5098,11/03/2022,C and D,26.405401812,-81.8941231259
5099,11/02/2022,C and D,26.4287915217,-81.9115505353
5100,01/22/2023,Compact CD,26.4483717,-81.9406017
5101,01/22/2023,C and D,26.4321266,-81.9151411
5102,02/07/2023,C and D,26.4369361,-81.9220095
5103,10/18/2022,C and D,26.4663837,-81.9556732
5104,12/03/2022,C and D,26.4046918,-81.8861529
5105,10/13/2022,C and D,26.4248769529,-81.905960482
5106,10/15/2022,Dirty Sand Soil,26.4492971,-81.9444154
5107,11/05/2022,C and D,26.4255488488,-81.9081584219
5108,12/02/2022,C and D,26.4590431005,-81.9403001201
5109,01/22/2023,C and D,26.4612578293,-81.9503817647
5110,12/18/2022,C and D,26.4382308349,-81.9235390798
5111,11/06/2022,C and D,26.4324289,-81.9155873
5112,11/17/2022,C and D,26.4185056495,-81.9019840587
5113,12/06/2022,C and D,26.4283343,-81.9111435
5114,12/06/2022,C and D,26.461215188,-81.9522487356
5115,10/29/2022,C and D,26.4506335,-81.9483362
5116,02/16/2023,C and D,26.4168919,-81.9011673
5117,11/03/2022,C and D,26.405250351,-81.8935638853
5118,01/30/2023,Dirty Sand Soil,26.4058797,-81.8945521
5119,01/25/2023,C and D,26.4116082878,-81.8993318544
5120,11/22/2022,C and D,26.4255552,-81.9079601
5121,12/08/2022,C and D,26.4340543,-81.9173926
5122,10/16/2022,C and D,26.4048471003,-81.8844186422
5123,11/21/2022,C and D,26.4045985,-81.8866416
5124,10/21/2022,C and D,26.4305677219,-81.913352972
5125,01/09/2023,Clean Sand Soil,26.4365321,-81.9222651
5126,11/06/2022,C and D,26.4284792,-81.9114483
5127,11/02/2022,C and D,26.4062614598,-81.8952053714
5128,10/24/2022,C and D,26.4340803836,-81.9176194817
5129,12/14/2022,Dirty Sand Soil,26.4514965,-81.9508277
5130,12/01/2022,C and D,26.4626079927,-81.9485551263
5131,10/16/2022,C and D,26.4048644572,-81.8845107586
5132,12/12/2022,HHW to DMS,26.4609860712,-81.953785105
5133,12/20/2022,C and D,26.4161452744,-81.9011486695
5134,12/20/2022,C and D,26.4045357518,-81.8871161063
5135,10/13/2022,Dirty Sand Soil,26.448954,-81.9433635
5136,02/01/2023,Dirty Sand Soil,26.4373207,-81.9222185
5137,11/19/2022,C and D,26.4045718464,-81.8887935601
5138,11/21/2022,C and D,26.43647723,-81.9209357798
5139,12/12/2022,C and D,26.4616202,-81.9522388
5140,11/04/2022,C and D,26.4512413,-81.9501638
5141,01/23/2023,Compact CD,26.4479736,-81.9405393
5142,12/14/2022,C and D,26.4589552167,-81.9418281862
5143,12/18/2022,Dirty Sand Soil,26.4451872,-81.9357344
5144,11/30/2022,C and D,26.4632648499,-81.9541529143
5145,01/31/2023,C and D,26.4070335,-81.8961895
5146,10/16/2022,C and D,26.4046056931,-81.886409671
5147,11/02/2022,C and D,26.4629794959,-81.9477508715
5148,11/02/2022,C and D,26.4285845,-81.9113629
5149,12/01/2022,C and D,26.4051443,-81.8928866
5150,10/10/2022,Vegetation,26.4643686,-81.9543374
5151,12/12/2022,C and D,26.4110093613,-81.8995951467
5152,11/22/2022,C and D,26.4596165,-81.9417063
5153,10/14/2022,C and D,26.416228219,-81.9010387961
5154,10/09/2022,Vegetation,26.4064856356,-81.8956567575
5155,11/05/2022,C and D,26.4487641,-81.9434754
5156,10/27/2022,C and D,26.4045675486,-81.8915429543
5157,02/02/2023,Concrete,26.4598985,-81.9414175
5158,10/20/2022,C and D,26.4157182,-81.9010451
5159,12/11/2022,C and D,26.4388547419,-81.9245202654
5160,10/19/2022,Clean Sand Soil,26.4525697,-81.9545985
5161,11/15/2022,Dirty Sand Soil,26.4224681,-81.9041278
5162,11/02/2022,C and D,26.4287714998,-81.9115886818
5163,11/15/2022,C and D,26.4602617,-81.9473792
5164,02/09/2023,C and D,26.406748,-81.8955588
5165,11/19/2022,C and D,26.4311895,-81.9143129
5166,11/14/2022,C and D,26.4103254257,-81.8990345859
5167,02/10/2023,C and D,26.4070934057,-81.8962376286
5168,12/12/2022,HHW to DMS,26.4623558232,-81.9512378326
5169,12/20/2022,C and D,26.4339131909,-81.9174660557
5170,12/20/2022,C and D,26.4248427982,-81.9062271808
5171,10/25/2022,Dirty Sand Soil,26.4084304028,-81.897449246
5172,01/14/2023,C and D,26.4600994823,-81.9476273054
5173,11/22/2022,C and D,26.428803,-81.9115628
5174,03/18/2023,C and D,26.4647404231,-81.9530436705
5175,12/10/2022,C and D,26.4593897341,-81.9406569377
5176,11/19/2022,C and D,26.4109047,-81.8988147
5177,02/22/2023,C and D,26.4664400881,-81.9556528331
5178,12/18/2022,Dirty Sand Soil,26.4465518,-81.9380321
5179,11/13/2022,C and D,26.4327304082,-81.9159755822
5180,11/04/2022,C and D,26.4046190221,-81.8863347242
5181,10/27/2022,C and D,26.4620948676,-81.9513964188
5182,11/15/2022,C and D,26.4348081471,-81.9184903527
5183,11/05/2022,Dirty Sand Soil,26.4365709,-81.9209752
5184,02/07/2023,C and D,26.4318283,-81.9148321
5185,11/02/2022,C and D,26.428811336,-81.9116058481
5186,02/13/2023,C and D,26.4363178,-81.9209488
5187,01/11/2023,C and D,26.4639836088,-81.9469248397
5188,01/22/2023,Compact CD,26.4479955,-81.940534
5189,12/08/2022,Dirty Sand Soil,26.4115342,-81.8994601
5190,12/02/2022,C and D,26.4282255,-81.9112312
5191,11/02/2022,C and D,26.4073140381,-81.8965050303
5192,12/08/2022,C and D,26.4617207818,-81.9462082503
5193,12/07/2022,C and D,26.4664985,-81.9557428
5194,10/31/2022,Dirty Sand Soil,26.423066,-81.904642
5195,03/17/2023,C and D,26.461281354,-81.9503485921
5196,01/23/2023,C and D,26.4629237121,-81.9510271122
5197,12/05/2022,C and D,26.4514205,-81.9502277
5198,10/13/2022,Dirty Sand Soil,26.4489601,-81.9434761
5199,12/11/2022,C and D,26.4594768221,-81.9403423649
5200,03/08/2023,HHW to DMS,26.4601921,-81.9472582
5201,01/23/2023,C and D,26.464125483,-81.9541088289
5202,02/08/2023,Compact CD,26.4483017,-81.9405267
5203,02/17/2023,C and D,26.4664099971,-81.9557856862
5204,05/01/2023,C and D,26.4172042,-81.9016548
5205,11/28/2022,C and D,26.4587944,-81.9416977
5206,01/19/2023,C and D,26.42546,-81.9080783
5207,11/05/2022,C and D,26.4255216,-81.9076876
5208,10/17/2022,C and D,26.4062892003,-81.895251529
5209,10/17/2022,C and D,26.4305690934,-81.9132725043
5210,10/23/2022,Dirty Sand Soil,26.4236238,-81.9050714
5211,01/31/2023,C and D,26.43784,-81.9227867
5212,10/13/2022,C and D,26.4162533687,-81.9013343458
5213,11/17/2022,C and D,26.4255401725,-81.908048736
5214,12/07/2022,Dirty Sand Soil,26.4271718,-81.90998
5215,02/03/2023,Dirty Sand Soil,26.4188696,-81.9022711
5216,12/13/2022,C and D,26.4602168603,-81.9403573685
5217,12/14/2022,C and D,26.4596382019,-81.9416212857
5218,02/08/2023,Compact CD,26.44835,-81.9405833
5219,12/20/2022,C and D,26.4044642542,-81.8872860913
5220,10/06/2022,C and D,26.4635356422,-81.9532175396
5221,11/17/2022,C and D,26.4298726,-81.9126132
5222,10/23/2022,C and D,26.4274460916,-81.9102615584
5223,01/07/2023,Clean Sand Soil,26.4364935,-81.9223178
5224,10/17/2022,C and D,26.4242435431,-81.9054452007
5225,01/14/2023,C and D,26.42238097,-81.9044155594
5226,11/26/2022,C and D,26.433726023,-81.9172402472
5227,12/07/2022,C and D,26.4341338,-81.9176426
5228,10/28/2022,C and D,26.4213377796,-81.903656954
5229,12/15/2022,Dirty Sand Soil,26.4359499,-81.9202046
5230,12/02/2022,C and D,26.4629809171,-81.9532961364
5231,12/04/2022,C and D,26.4379095,-81.9228698
5232,12/01/2022,C and D,26.4647419,-81.9509043
5233,11/12/2022,C and D,26.4407172846,-81.9277425204
5234,12/08/2022,Dirty Sand Soil,26.4288124,-81.911763
5235,03/18/2023,C and D,26.4646145198,-81.9536779474
5236,10/15/2022,C and D,26.4338261859,-81.9174906287
5237,02/10/2023,C and D,26.4603065,-81.9462945
5238,03/10/2023,C and D,26.4065747,-81.8956895
5239,10/22/2022,Clean Sand Soil,26.4526658,-81.9546934
5240,11/12/2022,C and D,26.4384689233,-81.9237472285
5241,11/30/2022,C and D,26.43717,-81.9217317
5242,10/21/2022,C and D,26.4289815401,-81.9117240436
5243,11/19/2022,C and D,26.4224592631,-81.9044871361
5244,11/03/2022,C and D,26.4486138,-81.942668
5245,02/16/2023,C and D,26.4602489211,-81.9467994478
5246,11/02/2022,C and D,26.4636883265,-81.9477101799
5247,12/01/2022,C and D,26.4048243,-81.8854479
5248,11/19/2022,C and D,26.4255514924,-81.9078971923
5249,10/06/2022,C and D,26.4639269,-81.9540942
5250,02/08/2023,C and D,26.4169314,-81.9014723
5251,10/27/2022,C and D,26.4046526828,-81.891450971
5252,03/17/2023,C and D,26.4619450631,-81.9538445331
5253,01/03/2023,C and D,26.4579840581,-81.9390139594
5254,12/05/2022,C and D,26.427666,-81.9106304
5255,01/19/2023,Dirty Sand Soil,26.4289059,-81.9117068
5256,01/15/2023,C and D,26.4583735861,-81.9417474335
5257,03/13/2023,HHW to DMS,26.4628599,-81.9532429
5258,03/13/2023,HHW to DMS,26.460134,-81.9467191
5259,02/02/2023,Dirty Sand Soil,26.4320734,-81.9150758
5260,11/12/2022,C and D,26.4407516923,-81.927760793
5261,02/17/2023,C and D,26.4664538764,-81.9557318744
5262,11/28/2022,C and D,26.4313692351,-81.9142814486
5263,11/12/2022,C and D,26.4255107797,-81.9077109091
5264,12/02/2022,C and D,26.4220751,-81.9042691
5265,01/11/2023,C and D,26.450698,-81.9486851
5266,10/31/2022,C and D,26.4283604942,-81.9111943085
5267,11/05/2022,C and D,26.4206830692,-81.9031446521
5268,12/10/2022,C and D,26.4584544807,-81.9395672663
5269,01/17/2023,Dirty Sand Soil,26.4464678,-81.9381315
5270,12/14/2022,Vegetation,26.4602821134,-81.9403271937
5271,12/02/2022,C and D,26.4586635566,-81.9403706587
5272,02/16/2023,C and D,26.4215328,-81.9036936
5273,10/28/2022,C and D,26.4637804264,-81.9486901537
5274,10/13/2022,C and D,26.4155128495,-81.9009492674
5275,11/18/2022,C and D,26.4037748845,-81.8753360119
5276,11/30/2022,C and D,26.4589181095,-81.9461250133
5277,11/29/2022,C and D,26.4332333,-81.9164233
5278,11/11/2022,C and D,26.4305603,-81.913467
5279,10/22/2022,Dirty Sand Soil,26.4350831,-81.9190289
5280,11/19/2022,C and D,26.4197102823,-81.902675557
5281,11/04/2022,C and D,26.4513039,-81.9502565
5282,11/30/2022,C and D,26.4649123,-81.9510501
5283,12/17/2022,C and D,26.4619376562,-81.9487432209
5284,10/25/2022,Dirty Sand Soil,26.4453887,-81.9363538
5285,01/21/2023,C and D,26.4593121492,-81.9457091167
5286,12/04/2022,C and D,26.4594334876,-81.9403680135
5287,10/07/2022,C and D,26.4647681,-81.9529464
5288,02/21/2023,C and D,26.4664237015,-81.9557707664
5289,12/02/2022,C and D,26.4594637044,-81.9417232835
5290,12/11/2022,Vegetation,26.4622756653,-81.9476372191
5291,11/14/2022,C and D,26.4417888207,-81.9297028545
5292,01/11/2023,C and D,26.464198134,-81.9470761713
5293,10/07/2022,C and D,26.4597576043,-81.9536351757
5294,11/18/2022,C and D,26.4256242831,-81.9081012212
5295,12/02/2022,C and D,26.4257156,-81.9082817
5296,11/13/2022,C and D,26.4190522,-81.9022629
5297,11/09/2022,Vegetation,26.4256615025,-81.9082394002
5298,10/15/2022,Dirty Sand Soil,26.4510630085,-81.9495096848
5299,12/05/2022,C and D,26.4612358503,-81.952268424
5300,05/03/2023,C and D,26.4595746251,-81.9463647681
5301,05/03/2023,C and D,26.4599488998,-81.946301511
5302,01/17/2023,C and D,26.4292739,-81.9121927
5303,11/17/2022,C and D,26.4044015689,-81.8905460331
5304,12/07/2022,C and D,26.4340132,-81.9175262
5305,11/01/2022,Dirty Sand Soil,26.411949,-81.8995862
5306,12/19/2022,C and D,26.4361232,-81.9207673
5307,12/19/2022,C and D,26.4358091,-81.9200772
5308,10/23/2022,C and D,26.4173289,-81.901597
5309,02/18/2023,C and D,26.4633177041,-81.9532472344
5310,01/21/2023,C and D,26.4055688,-81.8941457
5311,12/13/2022,C and D,26.4600221007,-81.9415645421
5312,10/09/2022,C and D,26.4509073,-81.9485709
5313,11/05/2022,C and D,26.4643882143,-81.9528319307
5314,12/15/2022,C and D,26.4104876993,-81.8989778404
5315,10/18/2022,C and D,26.4654147,-81.955319
5316,10/18/2022,C and D,26.4662177,-81.9556546
5317,10/16/2022,Dirty Sand Soil,26.4454154,-81.9363986
5318,11/30/2022,C and D,26.4256319963,-81.9081599639
5319,11/15/2022,C and D,26.4354704647,-81.9198496175
5320,02/09/2023,C and D,26.4376587,-81.9223402
5321,10/13/2022,C and D,26.4325431661,-81.9156941873
5322,10/05/2022,C and D,26.4623828,-81.9539731
5323,12/02/2022,C and D,26.4359953,-81.9200776
5324,01/10/2023,C and D,26.4604469533,-81.9462659548
5325,10/24/2022,C and D,26.4325429409,-81.9157377409
5326,11/18/2022,C and D,26.4250024,-81.906328
5327,03/29/2023,C and D,26.4502306,-81.9474068
5328,03/19/2023,C and D,26.4198903,-81.9025634
5329,11/12/2022,Dirty Sand Soil,26.4344039,-81.9180007
5330,10/09/2022,C and D,26.438433677,-81.9236549177
5331,11/22/2022,C and D,26.4400337894,-81.9266393608
5332,10/19/2022,C and D,26.4525789416,-81.9547542714
5333,11/13/2022,C and D,26.4354191,-81.9197152
5334,10/15/2022,C and D,26.4496306167,-81.9457127022
5335,03/04/2023,C and D,26.461635,-81.9463597
5336,12/17/2022,C and D,26.4047108917,-81.8922011555
5337,10/21/2022,Dirty Sand Soil,26.4326339,-81.9157597
5338,01/14/2023,C and D,26.4638768388,-81.9486698545
5339,01/25/2023,C and D,26.4328121,-81.9161205
5340,10/13/2022,C and D,26.4387842255,-81.9241636323
5341,03/24/2023,HHW to DMS,26.4615463,-81.9515725
5342,02/03/2023,C and D,26.4418668899,-81.9297457919
5343,11/07/2022,C and D,26.4096992,-81.8984789
5344,11/28/2022,C and D,26.4265566,-81.9099368
5345,12/11/2022,C and D,26.4584466372,-81.9395596479
5346,10/24/2022,Dirty Sand Soil,26.4045722,-81.8868045
5347,11/26/2022,Dirty Sand Soil,26.4474663,-81.9393724
5348,12/02/2022,C and D,26.4217144429,-81.9039585948
5349,02/10/2023,C and D,26.4602918,-81.9462962
5350,11/04/2022,C and D,26.4167182613,-81.9014130347
5351,01/17/2023,Dirty Sand Soil,26.4343218,-81.9183023
5352,10/13/2022,Dirty Sand Soil,26.4489448,-81.9433293
5353,11/12/2022,C and D,26.4264883543,-81.9091769197
5354,10/09/2022,C and D,26.4510767,-81.948472
5355,02/06/2023,C and D,26.4435075,-81.9317688
5356,11/04/2022,C and D,26.4580519503,-81.9427132412
5357,03/23/2023,C and D,26.4261442,-81.909061
5358,12/07/2022,C and D,26.4654516,-81.9553534
5359,12/04/2022,C and D,26.4088283759,-81.8978375663
5360,11/28/2022,C and D,26.4045173,-81.8866673
5361,02/09/2023,C and D,26.4057329463,-81.8939257152
5362,10/18/2022,C and D,26.4660692,-81.9552242
5363,11/21/2022,C and D,26.4274236,-81.9101588
5364,12/02/2022,C and D,26.4597783191,-81.9417448249
5365,11/15/2022,C and D,26.4354399126,-81.919734031
5366,10/14/2022,Dirty Sand Soil,26.4518109,-81.9517021
5367,01/11/2023,C and D,26.4506578,-81.9488264
5368,10/14/2022,Dirty Sand Soil,26.4531001,-81.9552993
5369,11/01/2022,C and D,26.4108321956,-81.8991956861
5370,10/16/2022,C and D,26.4365782396,-81.9209233834
5371,11/07/2022,C and D,26.4323489,-81.9151478
5372,11/11/2022,C and D,26.4256366656,-81.9083244302
5373,01/25/2023,C and D,26.4082994096,-81.8968871383
5374,02/14/2023,C and D,26.4317732,-81.9146679
5375,10/26/2022,C and D,26.462499965,-81.9511919842
5376,10/22/2022,Clean Sand Soil,26.4525674,-81.9546233
5377,10/24/2022,C and D,26.4184655,-81.9020884
5378,11/30/2022,C and D,26.4598092065,-81.9415463415
5379,11/06/2022,C and D,26.4046802316,-81.8919399106
5380,10/14/2022,Dirty Sand Soil,26.4492674795,-81.9442796215
5381,01/10/2023,C and D,26.4611691588,-81.9503413338
5382,01/17/2023,C and D,26.4342764,-81.9181499
5383,01/29/2023,C and D,26.4663246495,-81.9548221314
5384,11/12/2022,C and D,26.4264781248,-81.9091103171
5385,11/12/2022,C and D,26.4085728,-81.897554
5386,10/16/2022,Dirty Sand Soil,26.4455209,-81.9365825
5387,12/20/2022,C and D,26.4608401453,-81.9485336415
5388,11/21/2022,C and D,26.4287964,-81.9115859
5389,01/07/2023,HHW to DMS,26.4619414485,-81.9484006306
5390,02/08/2023,Dirty Sand Soil,26.4320087,-81.9150914
5391,12/06/2022,Vegetation,26.4047063655,-81.8859734853
5392,02/24/2023,C and D,26.4288321,-81.9118373
5393,11/05/2022,C and D,26.4255606,-81.9079105
5394,01/06/2023,C and D,26.4477560663,-81.9400671494
5395,03/13/2023,C and D,26.4168125317,-81.9012977659
5396,02/09/2023,C and D,26.4049095565,-81.8854216273
5397,01/20/2023,Compact CD,26.4483446,-81.940788
5398,12/07/2022,C and D,26.4663224,-81.9557389
5399,11/19/2022,C and D,26.4345182,-81.918422
5400,12/12/2022,C and D,26.435726905,-81.9197771799
5401,11/13/2022,C and D,26.4098801478,-81.8986387351
5402,11/27/2022,Dirty Sand Soil,26.4280712,-81.9110874
5403,11/13/2022,C and D,26.4524801696,-81.9547076091
5404,01/10/2023,C and D,26.4302563,-81.9130515
5405,12/14/2022,C and D,26.4585097181,-81.9426061493
5406,11/14/2022,C and D,26.4500642205,-81.9469550304
5407,10/08/2022,C and D,26.4601469,-81.9476471
5408,11/21/2022,C and D,26.4045858,-81.888065
5409,11/30/2022,C and D,26.4370215,-81.9218993
5410,11/09/2022,C and D,26.4418528229,-81.9297978469
5411,11/17/2022,C and D,26.4611913,-81.9538756
5412,10/23/2022,Dirty Sand Soil,26.4266748,-81.909349
5413,11/19/2022,C and D,26.4661768739,-81.9553345961
5414,11/07/2022,C and D,26.4305177,-81.9132618
5415,11/11/2022,C and D,26.4254765147,-81.9077126229
5416,12/03/2022,C and D,26.4047414499,-81.885898147
5417,10/27/2022,C and D,26.4048577007,-81.8844121043
5418,02/09/2023,C and D,26.4051490557,-81.8931431138
5419,12/03/2022,C and D,26.4582191021,-81.9403771332
5420,12/14/2022,C and D,26.4597621704,-81.9425950037
5421,11/01/2022,Dirty Sand Soil,26.4123995,-81.8998042
5422,12/19/2022,C and D,26.4050056053,-81.892706424
5423,12/19/2022,C and D,26.4045909252,-81.8895239609
5424,11/18/2022,C and D,26.4037998207,-81.8753356767
5425,12/04/2022,C and D,26.4611698682,-81.9505101999
5426,11/03/2022,Dirty Sand Soil,26.4389504,-81.924524
5427,02/02/2023,C and D,26.4590947,-81.9416741
5428,10/08/2022,C and D,26.4623201,-81.9534377
5429,10/28/2022,Clean Sand Soil,26.452693,-81.9552876
5430,10/28/2022,C and D,26.4185594872,-81.9020643204
5431,10/30/2022,C and D,26.4211745896,-81.903613869
5432,11/19/2022,C and D,26.4663257595,-81.9556410619
5433,12/04/2022,C and D,26.4614967337,-81.9509889463
5434,12/02/2022,C and D,26.4255363168,-81.9078469836
5435,02/03/2023,C and D,26.4599444065,-81.9492162858
5436,11/05/2022,C and D,26.4255406,-81.9076592
5437,12/09/2022,C and D,26.4594219012,-81.9462345144
5438,11/30/2022,C and D,26.4046689,-81.886236
5439,10/28/2022,Clean Sand Soil,26.4526966,-81.9552929
5440,01/14/2023,C and D,26.4589093573,-81.9481278106
5441,11/02/2022,Dirty Sand Soil,26.4131002,-81.8999844
5442,12/11/2022,C and D,26.4056502,-81.8941375
5443,10/25/2022,C and D,26.4608344445,-81.9537994759
5444,10/14/2022,Dirty Sand Soil,26.4530115,-81.9552675
5445,01/08/2023,C and D,26.4638163902,-81.9476196484
5446,10/20/2022,C and D,26.4389355552,-81.9244121696
5447,12/12/2022,C and D,26.4507493,-81.9484685
5448,10/27/2022,C and D,26.4045544435,-81.8865842745
5449,02/09/2023,C and D,26.406135438,-81.8949517608
5450,10/13/2022,C and D,26.4255363837,-81.9072273718
5451,11/08/2022,C and D,26.4082781,-81.897287
5452,11/30/2022,C and D,26.4256994287,-81.9081494865
5453,03/23/2023,C and D,26.4185617,-81.9019829
5454,11/05/2022,C and D,26.4180563065,-81.9018679206
5455,12/12/2022,C and D,26.4506778,-81.9492521
5456,11/30/2022,Vegetation,26.4257603,-81.9082176
5457,10/18/2022,Dirty Sand Soil,26.4528063,-81.955242
5458,12/14/2022,C and D,26.4056967292,-81.8943720684
5459,12/09/2022,C and D,26.4595333891,-81.9461770202
5460,02/26/2023,C and D,26.4642533753,-81.9506363478
5461,12/02/2022,C and D,26.4255313,-81.9080459
5462,12/01/2022,C and D,26.4618537299,-81.948636198
5463,10/24/2022,Dirty Sand Soil,26.4524245,-81.9535696
5464,10/29/2022,C and D,26.4179775477,-81.9018560491
5465,01/13/2023,Sand CD,26.4369889,-81.9223098
5466,01/18/2023,C and D,26.4628068525,-81.9534422506
5467,01/09/2023,C and D,26.4325789,-81.9157857
5468,12/04/2022,C and D,26.4282872,-81.9111939
5469,12/02/2022,C and D,26.4047421,-81.8860005
5470,12/19/2022,C and D,26.4377937,-81.9225125
5471,12/02/2022,C and D,26.464550449,-81.9529536759
5472,02/02/2023,C and D,26.4588382049,-81.9403465559
5473,11/19/2022,C and D,26.4385323909,-81.9239674997
5474,10/26/2022,C and D,26.4642210212,-81.9505497628
5475,12/12/2022,C and D,26.4520068,-81.9527
5476,12/02/2022,C and D,26.4047499,-81.8860094
5477,11/02/2022,Dirty Sand Soil,26.4525608,-81.9545219
5478,12/20/2022,C and D,26.4600101869,-81.9476831965
5479,11/02/2022,C and D,26.4075318212,-81.896710787
5480,11/08/2022,C and D,26.4508630957,-81.9491500564
5481,11/12/2022,C and D,26.4255489815,-81.9081108399
5482,10/28/2022,C and D,26.419535887,-81.9026065346
5483,02/08/2023,Dirty Sand Soil,26.4319847,-81.9150328
5484,01/16/2023,C and D,26.4223208,-81.9043598
5485,12/06/2022,C and D,26.4183007157,-81.9020951387
5486,02/27/2023,Concrete to FDS,26.4481445,-81.9407091
5487,11/01/2022,C and D,26.4525373,-81.9546836
5488,11/05/2022,C and D,26.4176594771,-81.9014634823
5489,10/19/2022,Dirty Sand Soil,26.4514439,-81.9512648
5490,01/09/2023,Clean Sand Soil,26.4365511,-81.9222858
5491,03/09/2023,C and D,26.4169297,-81.9016334
5492,01/23/2023,C and D,26.4601651873,-81.9466303409
5493,11/19/2022,C and D,26.4105957199,-81.8990643635
5494,12/09/2022,C and D,26.4583219787,-81.9396043138
5495,10/12/2022,C and D,26.4175691299,-81.9016474225
5496,10/16/2022,C and D,26.436592092,-81.9209235628
5497,12/04/2022,C and D,26.4042217657,-81.8895405718
5498,02/14/2023,C and D,26.4587626678,-81.9448576976
5499,01/05/2023,C and D,26.4303491,-81.9130849
5500,11/19/2022,C and D,26.4044904795,-81.8880887357
5501,12/16/2022,C and D,26.4603612805,-81.9467644953
5502,11/15/2022,C and D,26.4255728579,-81.9078951812
5503,01/10/2023,C and D,26.4304143,-81.9132721
5504,11/12/2022,C and D,26.4076615,-81.8968225
5505,11/09/2022,C and D,26.4256151276,-81.9081246947
5506,10/14/2022,Dirty Sand Soil,26.4518126,-81.9517234
5507,12/07/2022,C and D,26.4340213,-81.917521
5508,10/27/2022,C and D,26.4598345476,-81.9492237022
5509,03/26/2023,C and D,26.4361977,-81.9206824
5510,11/07/2022,C and D,26.4593279528,-81.9458374495
5511,12/06/2022,C and D,26.4612066049,-81.9521967329
5512,10/21/2022,Dirty Sand Soil,26.4514838,-81.9512114
5513,02/04/2023,C and D,26.4479232,-81.9400449
5514,12/21/2022,HHW to DMS,26.4605666001,-81.9478900513
5515,12/15/2022,C and D,26.4664322,-81.9557595
5516,10/28/2022,C and D,26.4255488059,-81.9079624862
5517,11/16/2022,C and D,26.4356870111,-81.9199380466
5518,10/15/2022,C and D,26.4496897109,-81.9458319653
5519,12/10/2022,C and D,26.4392512181,-81.9251634172
5520,11/19/2022,C and D,26.427501893,-81.9102220722
5521,12/14/2022,C and D,26.4590123807,-81.9425122795
5522,11/30/2022,Sand CD,26.4525533,-81.9546371
5523,12/06/2022,C and D,26.4579997835,-81.9410288943
5524,11/11/2022,C and D,26.4101971,-81.8987965
5525,11/15/2022,C and D,26.4327964,-81.916101
5526,11/09/2022,C and D,26.4584849605,-81.9426338829
5527,12/15/2022,C and D,26.4650409,-81.9521816
5528,01/30/2023,C and D,26.4662220748,-81.9556523301
5529,12/01/2022,C and D,26.4616601354,-81.9485897572
5530,11/11/2022,C and D,26.4223243,-81.9043242
5531,01/25/2023,C and D,26.4075728854,-81.8964877097
5532,01/25/2023,C and D,26.4078871676,-81.8967780959
5533,10/29/2022,C and D,26.4255448828,-81.9078774807
5534,12/07/2022,C and D,26.4337881,-81.9173622
5535,11/12/2022,Dirty Sand Soil,26.4342572,-81.9178697
5536,01/09/2023,C and D,26.4624588267,-81.9478363194
5537,01/16/2023,HHW to DMS,26.4580146333,-81.9396642928
5538,12/15/2022,C and D,26.4644954,-81.9529243
5539,10/19/2022,Clean Sand Soil,26.4514998,-81.9514097
5540,12/01/2022,C and D,26.4645787495,-81.9529368907
5541,12/11/2022,C and D,26.4584019516,-81.9394997311
5542,10/16/2022,Vegetation,26.4047016716,-81.884360388
5543,12/07/2022,C and D,26.4602380711,-81.9476671251
5544,12/01/2022,C and D,26.4064604,-81.8956202
5545,11/09/2022,C and D,26.458194,-81.9424986
5546,11/06/2022,C and D,26.4281293005,-81.911017187
5547,02/12/2023,C and D,26.4361056,-81.9203001
5548,10/13/2022,Dirty Sand Soil,26.4489272,-81.9433814
5549,11/29/2022,C and D,26.4247769,-81.9061103
5550,01/10/2023,C and D,26.4641881528,-81.9468818986
5551,11/05/2022,C and D,26.404576907,-81.886485871
5552,01/26/2023,Dirty Sand Soil,26.4456175,-81.9366688
5553,12/17/2022,C and D,26.4607633072,-81.9538186764
5554,12/06/2022,C and D,26.4297034,-81.9125191
5555,11/22/2022,C and D,26.4588189,-81.9418427
5556,12/11/2022,C and D,26.4386401652,-81.9240642899
5557,02/08/2023,C and D,26.4170704,-81.901273
5558,12/14/2022,C and D,26.4056627825,-81.8942193501
5559,12/12/2022,Vegetation,26.4275001129,-81.9101494086
5560,11/19/2022,C and D,26.4126600138,-81.9001887353
5561,01/05/2023,C and D,26.4301872,-81.9129335
5562,11/12/2022,C and D,26.4383733,-81.9237228
5563,02/01/2023,C and D,26.4417736,-81.9295834
5564,12/12/2022,C and D,26.4616177,-81.9522412
5565,12/19/2022,C and D,26.4459649,-81.9375987
5566,12/19/2022,C and D,26.4507598,-81.9486156
5567,12/07/2022,Dirty Sand Soil,26.4115175,-81.8994711
5568,02/08/2023,C and D,26.4168453,-81.9015386
5569,10/05/2022,C and D,26.4637824,-81.9530774
5570,11/02/2022,C and D,26.4450102439,-81.9355492574
5571,11/16/2022,C and D,26.438240723,-81.923602634
5572,11/14/2022,C and D,26.4287317498,-81.911522029
5573,03/09/2023,C and D,26.4202873,-81.9029903
5574,10/15/2022,Dirty Sand Soil,26.4491570291,-81.9440052888
5575,11/06/2022,C and D,26.4517357,-81.9521261
5576,11/13/2022,C and D,26.416894,-81.9013792
5577,03/17/2023,C and D,26.462691252,-81.9510633383
5578,01/13/2023,C and D,26.4349478,-81.9192102
5579,01/04/2023,C and D,26.4303246,-81.9130694
5580,01/08/2023,C and D,26.4301606,-81.9128646
5581,01/05/2023,Clean Sand Soil,26.4366072,-81.9221972
5582,11/29/2022,C and D,26.4244239126,-81.9058574551
5583,01/06/2023,C and D,26.4303758,-81.9132238
5584,02/17/2023,C and D,26.4664270124,-81.9556728658
5585,11/30/2022,C and D,26.4595082934,-81.9463083565
5586,10/15/2022,Dirty Sand Soil,26.4489765,-81.9434871
5587,11/02/2022,C and D,26.4075343358,-81.8966490124
5588,12/11/2022,C and D,26.4150368516,-81.9008516987
5589,11/14/2022,C and D,26.4348016726,-81.9189297874
5590,02/06/2023,C and D,26.4475552,-81.939704
5591,12/21/2022,HHW to DMS,26.4607425748,-81.9476896622
5592,11/20/2022,C and D,26.4287233,-81.9117041
5593,01/30/2023,Compact CD,26.4479604,-81.9405744
5594,11/04/2022,C and D,26.4255804476,-81.9079271146
5595,10/18/2022,Dirty Sand Soil,26.4514357,-81.9505436
5596,11/11/2022,Vegetation,26.4256677933,-81.908179106
5597,02/07/2023,C and D,26.4317462,-81.9147192
5598,12/19/2022,C and D,26.4057279937,-81.8945134711
5599,12/14/2022,C and D,26.4058653731,-81.8945283071
5600,01/04/2023,C and D,26.4304386,-81.9132107
5601,10/14/2022,C and D,26.4509048593,-81.9492099156
5602,10/29/2022,C and D,26.413676762,-81.9003123232
5603,11/17/2022,C and D,26.4329474,-81.9162675
5604,03/16/2023,C and D,26.4603036717,-81.9474063359
5605,11/07/2022,C and D,26.4594399961,-81.9461024036
5606,12/14/2022,Dirty Sand Soil,26.4521513,-81.952937
5607,12/04/2022,C and D,26.4058742,-81.8946328
5608,10/17/2022,C and D,26.4660949,-81.9552792
5609,12/02/2022,C and D,26.4586641547,-81.9403947518
5610,11/19/2022,C and D,26.4226495614,-81.9042771972
5611,01/20/2023,C and D,26.4054667,-81.894055
5612,10/21/2022,Dirty Sand Soil,26.4377781,-81.9228476
5613,12/21/2022,HHW to DMS,26.4638790038,-81.9485899666
5614,12/11/2022,C and D,26.4585412646,-81.9395742545
5615,11/27/2022,Dirty Sand Soil,26.4290534,-81.9120264
5616,01/09/2023,C and D,26.4579227809,-81.943285231
5617,11/18/2022,C and D,26.4102619747,-81.8987430633
5618,01/25/2023,C and D,26.407954972,-81.8965446557
5619,01/25/2023,C and D,26.4080722508,-81.8969657832
5620,01/29/2023,C and D,26.4597587893,-81.9465944265
5621,10/25/2022,C and D,26.4324523286,-81.9155082437
5622,10/18/2022,C and D,26.416102927,-81.9011908707
5623,10/19/2022,C and D,26.4310222424,-81.9141041504
5624,10/15/2022,C and D,26.4497051685,-81.9457436396
5625,01/09/2023,C and D,26.4615638701,-81.9477864051
5626,12/12/2022,C and D,26.4482903,-81.9413139
5627,12/03/2022,C and D,26.4283398,-81.9113715
5628,12/08/2022,C and D,26.4586668369,-81.9409409166
5629,12/18/2022,C and D,26.4629269328,-81.9469345274
5630,10/29/2022,C and D,26.4118159081,-81.8994535939
5631,02/12/2023,C and D,26.4254371,-81.9074808
5632,03/17/2023,C and D,26.4334279,-81.9169723
5633,01/20/2023,C and D,26.44397521,-81.9333894645
5634,01/11/2023,C and D,26.4509408,-81.9489851
5635,10/30/2022,C and D,26.4233369893,-81.9050002378
5636,01/11/2023,C and D,26.4639772611,-81.9468872993
5637,12/19/2022,C and D,26.4463124,-81.9379405
5638,01/14/2023,C and D,26.4508365,-81.948699
5639,11/06/2022,C and D,26.4190375,-81.9021524
5640,05/01/2023,C and D,26.4519614,-81.9524242
5641,10/05/2022,C and D,26.4614205271,-81.9539129093
5642,11/22/2022,C and D,26.4337839,-81.9170946
5643,01/12/2023,C and D,26.4588276498,-81.940900953
5644,11/16/2022,Dirty Sand Soil,26.4147749,-81.9010104
5645,11/21/2022,C and D,26.4046208,-81.8880518
5646,12/19/2022,C and D,26.4583520608,-81.9404270709
5647,12/09/2022,C and D,26.4446386,-81.9351262
5648,10/24/2022,C and D,26.4273908636,-81.9101600968
5649,12/20/2022,C and D,26.4589336324,-81.9482372298
5650,11/28/2022,C and D,26.4477256081,-81.9401144183
5651,11/19/2022,C and D,26.4387423794,-81.9239929125
5652,11/30/2022,Vegetation,26.4255763,-81.9079307
5653,11/13/2022,Dirty Sand Soil,26.4395592,-81.9255046
5654,12/17/2022,C and D,26.4477111,-81.9405631
5655,11/30/2022,C and D,26.4598943247,-81.941459505
5656,12/01/2022,C and D,26.4621164714,-81.9486201749
5657,02/17/2023,C and D,26.4277587317,-81.9106967427
5658,01/03/2023,C and D,26.4659057,-81.9550422
5659,10/10/2022,C and D,26.4653952,-81.9541514
5660,01/10/2023,C and D,26.4300714823,-81.912814938
5661,10/23/2022,Dirty Sand Soil,26.4302507,-81.9130805
5662,10/14/2022,Dirty Sand Soil,26.4442653651,-81.9339808522
5663,11/04/2022,C and D,26.4255917619,-81.9079785962
5664,12/10/2022,C and D,26.4606138377,-81.9522818885
5665,01/17/2023,C and D,26.4294453,-81.9122033
5666,12/14/2022,C and D,26.4057176421,-81.8944115472
5667,11/05/2022,C and D,26.4488714,-81.9434448
5668,12/05/2022,C and D,26.4044892,-81.8888937
5669,05/03/2023,C and D,26.4602132561,-81.9472188783
5670,12/05/2022,C and D,26.4649195,-81.9550195
5671,01/16/2023,Vegetation,26.4411522,-81.9284822
5672,10/19/2022,C and D,26.436443833,-81.9209517199
5673,12/10/2022,C and D,26.4595780582,-81.9457405411
5674,12/06/2022,C and D,26.4283085,-81.9111925
5675,05/03/2023,C and D,26.4595282451,-81.9462090266
5676,12/14/2022,Dirty Sand Soil,26.4514843,-81.9508151
5677,12/15/2022,C and D,26.4645075,-81.9529354
5678,12/11/2022,C and D,26.4586509167,-81.9395373576
5679,12/03/2022,C and D,26.4360609,-81.9205452
5680,10/27/2022,C and D,26.4601549913,-81.9472791248
5681,10/14/2022,Dirty Sand Soil,26.4439070023,-81.9332886456
5682,12/04/2022,C and D,26.4654257,-81.9540967
5683,10/14/2022,C and D,26.4176138,-81.901673
5684,10/29/2022,C and D,26.4255470125,-81.9080311789
5685,12/15/2022,C and D,26.4334812,-81.9169057
5686,12/15/2022,C and D,26.4664366,-81.9557556
5687,12/19/2022,C and D,26.4410776,-81.9281764
5688,02/01/2023,C and D,26.4433201,-81.932405
5689,10/19/2022,C and D,26.4311313532,-81.9140580916
5690,01/14/2023,C and D,26.4348283,-81.9191283
5691,10/23/2022,C and D,26.432474614,-81.9156087757
5692,11/06/2022,C and D,26.4280825714,-81.910975026
5693,11/06/2022,C and D,26.4047100954,-81.892075846
5694,12/14/2022,Dirty Sand Soil,26.4519675,-81.9524261
5695,10/20/2022,C and D,26.436434099,-81.9208339861
5696,12/01/2022,C and D,26.4437719,-81.932805
5697,10/28/2022,Clean Sand Soil,26.452682,-81.9552663
5698,10/29/2022,C and D,26.4255131419,-81.9076822625
5699,03/19/2023,C and D,26.4195569,-81.9024672
5700,10/05/2022,C and D,26.4614838512,-81.9537301023
5701,11/22/2022,C and D,26.4269497572,-81.9097456523
5702,11/09/2022,C and D,26.442274265,-81.9304238912
5703,11/06/2022,C and D,26.4615228686,-81.9477314759
5704,12/03/2022,C and D,26.4644741,-81.9544884
5705,10/30/2022,Dirty Sand Soil,26.4232353,-81.9046289
5706,10/12/2022,C and D,26.4173339392,-81.9015201189
5707,11/15/2022,C and D,26.4406627318,-81.9276124715
5708,10/15/2022,C and D,26.4508012589,-81.9487630763
5709,10/22/2022,Clean Sand Soil,26.4525666,-81.9545947
5710,12/11/2022,C and D,26.4586103717,-81.9395624324
5711,01/05/2023,C and D,26.4302209,-81.9130354
5712,02/07/2023,C and D,26.4320354,-81.9150416
5713,11/30/2022,C and D,26.4433596967,-81.9325022065
5714,02/17/2023,C and D,26.4601463266,-81.9468303771
5715,02/08/2023,Vegetation,26.4626132045,-81.9477621094
5716,01/20/2023,C and D,26.4579227334,-81.9413725846
5717,11/09/2022,C and D,26.4419066766,-81.9298275188
5718,11/01/2022,C and D,26.4149178,-81.9007554
5719,10/13/2022,C and D,26.4156189006,-81.9009013593
5720,11/11/2022,C and D,26.4402454673,-81.9268107042
5721,01/19/2023,C and D,26.4292952431,-81.9123924436
5722,12/03/2022,C and D,26.428486,-81.9114069
5723,11/30/2022,C and D,26.4047538,-81.8860405
5724,11/05/2022,C and D,26.4478943,-81.9409447
5725,01/04/2023,C and D,26.4303134,-81.9129034
5726,11/22/2022,C and D,26.4046616,-81.8910248
5727,11/07/2022,C and D,26.4581866835,-81.942236148
5728,01/10/2023,C and D,26.4301831,-81.9129197
5729,11/14/2022,C and D,26.4600433,-81.9468456
5730,11/21/2022,C and D,26.4045493,-81.891411
5731,05/01/2023,C and D,26.4275521,-81.9105667
5732,01/06/2023,C and D,26.4304568,-81.9132565
5733,02/02/2023,Dirty Sand Soil,26.42553,-81.9081637
5734,01/30/2023,C and D,26.4291125,-81.9119635
5735,10/17/2022,C and D,26.4656142,-81.9545581
5736,02/08/2023,C and D,26.4323021427,-81.9154164747
5737,12/10/2022,C and D,26.4361719,-81.9205851
5738,10/16/2022,C and D,26.4318463393,-81.9148842619
5739,11/29/2022,C and D,26.4247099869,-81.9061789849
5740,11/02/2022,C and D,26.4637316857,-81.9476384763
5741,12/17/2022,C and D,26.4624449387,-81.9485494152
5742,11/14/2022,C and D,26.4329438,-81.9162424
5743,12/03/2022,C and D,26.4284118,-81.9113007
5744,01/21/2023,C and D,26.40553,-81.8941261
5745,12/07/2022,C and D,26.4663305,-81.9557135
5746,11/21/2022,C and D,26.4585102,-81.941733
5747,12/04/2022,C and D,26.4247159381,-81.906224331
5748,01/14/2023,C and D,26.4589748913,-81.9482431459
5749,12/17/2022,C and D,26.4475852,-81.9405533
5750,02/07/2023,C and D,26.4320538953,-81.9151549983
5751,11/06/2022,C and D,26.4255641437,-81.9080924387
5752,01/06/2023,C and D,26.4477433,-81.9401717
5753,01/04/2023,C and D,26.4303704,-81.9131556
5754,12/06/2022,C and D,26.4591477969,-81.9402796038
5755,12/10/2022,C and D,26.4104831046,-81.898970323
5756,11/05/2022,C and D,26.4254353,-81.9077955
5757,11/13/2022,C and D,26.4355272331,-81.9199041042
5758,12/03/2022,C and D,26.4643548,-81.9544916
5759,10/18/2022,C and D,26.4365796215,-81.9209820026
5760,10/20/2022,Dirty Sand Soil,26.4514075,-81.9512246
5761,10/23/2022,C and D,26.4478377872,-81.9406455072
5762,12/06/2022,C and D,26.4660777,-81.95565
5763,02/11/2023,C and D,26.4263801,-81.9092116
5764,12/19/2022,C and D,26.4483153,-81.941083
5765,11/03/2022,C and D,26.4445236326,-81.9344816544
5766,10/31/2022,Dirty Sand Soil,26.4212191,-81.9034485
5767,11/30/2022,C and D,26.4371691,-81.9217302
5768,11/12/2022,C and D,26.4104193,-81.8991361
5769,12/07/2022,C and D,26.4106788,-81.8988467
5770,11/05/2022,C and D,26.4208682679,-81.9033373245
5771,10/19/2022,Dirty Sand Soil,26.451522,-81.9512831
5772,10/21/2022,C and D,26.4288517991,-81.9117598243
5773,12/03/2022,C and D,26.4200298,-81.9028985
5774,11/04/2022,C and D,26.404528711,-81.8865752221
5775,11/13/2022,C and D,26.4377869293,-81.9231659175
5776,10/31/2022,C and D,26.449864,-81.9464883
5777,11/22/2022,C and D,26.404588,-81.8909027
5778,11/22/2022,C and D,26.4255599957,-81.908127945
5779,12/03/2022,C and D,26.461600814,-81.9540833868
5780,11/22/2022,C and D,26.4254668385,-81.9078306188
5781,12/06/2022,C and D,26.4638732585,-81.950771936
5782,10/23/2022,C and D,26.4173933,-81.9016052
5783,10/16/2022,C and D,26.4442156,-81.9341641
5784,10/22/2022,C and D,26.4287866944,-81.9116993884
5785,12/12/2022,C and D,26.450395,-81.9480771
5786,11/03/2022,Dirty Sand Soil,26.4280428,-81.9108632
5787,10/15/2022,C and D,26.4249191199,-81.9061541277
5788,10/26/2022,C and D,26.4601695445,-81.9472527412
5789,11/30/2022,C and D,26.4594057313,-81.9459449506
5790,11/13/2022,Dirty Sand Soil,26.4402543,-81.9267579
5791,11/03/2022,C and D,26.4064852411,-81.8955445552
5792,01/12/2023,C and D,26.4596255576,-81.9464800931
5793,11/09/2022,C and D,26.4305716,-81.9134444
5794,11/21/2022,C and D,26.4625349,-81.9539331
5795,02/08/2023,C and D,26.4186722,-81.9022329
5796,10/13/2022,Dirty Sand Soil,26.4490214,-81.9433929
5797,10/25/2022,C and D,26.4431697876,-81.93202517
5798,01/22/2023,C and D,26.4645098459,-81.9533098156
5799,12/19/2022,C and D,26.4061796107,-81.8952818402
5800,11/20/2022,C and D,26.4384203431,-81.9238742695
5801,12/06/2022,C and D,26.4612691019,-81.9520399031
5802,12/19/2022,C and D,26.4342865628,-81.9176890143
5803,12/05/2022,C and D,26.4047045,-81.8912177
5804,12/17/2022,C and D,26.4606445171,-81.947443013
5805,11/07/2022,C and D,26.459317392,-81.945883308
5806,11/07/2022,C and D,26.4594971643,-81.9460945751
5807,11/05/2022,C and D,26.4487615,-81.9435134
5808,12/01/2022,C and D,26.458506072,-81.9394117222
5809,12/19/2022,C and D,26.4338772325,-81.9179029205
5810,01/21/2023,C and D,26.4347723,-81.9185997
5811,12/12/2022,HHW to DMS,26.4612996864,-81.9504277103
5812,11/06/2022,C and D,26.4061139804,-81.8948763237
5813,02/02/2023,Dirty Sand Soil,26.4320762,-81.9151154
5814,12/05/2022,C and D,26.4051521151,-81.8931794912
5815,02/02/2023,C and D,26.4588718582,-81.9402740524
5816,12/18/2022,C and D,26.4383260114,-81.9236203004
5817,01/12/2023,C and D,26.4428395512,-81.9315314617
5818,10/17/2022,Dirty Sand Soil,26.4377608,-81.922913
5819,10/23/2022,C and D,26.4324119598,-81.9155257906
5820,11/15/2022,C and D,26.4353634697,-81.9195767865
5821,01/13/2023,C and D,26.4351189738,-81.9190217062
5822,10/20/2022,C and D,26.4364043013,-81.9208735218
5823,12/01/2022,C and D,26.464095,-81.9507345
5824,10/24/2022,C and D,26.4338070444,-81.9172286993
5825,01/10/2023,C and D,26.4302287,-81.9131323
5826,01/17/2023,Sand CD,26.4370182,-81.9222146
5827,11/20/2022,C and D,26.4388910101,-81.92399369
5828,02/04/2023,Concrete,26.4366112,-81.9210346
5829,02/01/2023,Dirty Sand Soil,26.4254387,-81.9082998
5830,10/17/2022,C and D,26.4620562917,-81.9538554649
5831,10/28/2022,C and D,26.4184213079,-81.9020911745
5832,11/06/2022,C and D,26.4524358,-81.9548648
5833,11/11/2022,C and D,26.4585604705,-81.9426421077
5834,01/14/2023,C and D,26.4589479709,-81.9482299399
5835,10/21/2022,C and D,26.4208266,-81.9035273
5836,12/14/2022,C and D,26.4595712741,-81.9417802438
5837,10/23/2022,C and D,26.417184,-81.9015613
5838,12/06/2022,C and D,26.4663336,-81.9556644
5839,02/15/2023,C and D,26.4171926,-81.9012736
5840,02/15/2023,C and D,26.4048236,-81.8858236
5841,10/31/2022,C and D,26.4287278254,-81.9115377278
5842,11/15/2022,C and D,26.4588435,-81.9416799
5843,11/12/2022,C and D,26.4380173039,-81.9232519374
5844,10/19/2022,Dirty Sand Soil,26.4514302,-81.951196
5845,01/03/2023,C and D,26.4660539,-81.9552343
5846,12/05/2022,C and D,26.4498882182,-81.9459786081
5847,10/24/2022,C and D,26.4098971,-81.8981774
5848,10/16/2022,C and D,26.4048319304,-81.8847117962
5849,10/31/2022,C and D,26.4233239,-81.9049858
5850,10/23/2022,Clean Sand Soil,26.452574,-81.9546
5851,11/04/2022,C and D,26.4197000559,-81.9027086253
5852,03/28/2023,C and D,26.4103585064,-81.89890257
5853,12/08/2022,C and D,26.4578740097,-81.9405931004
5854,12/01/2022,C and D,26.4049608,-81.8927376
5855,11/05/2022,C and D,26.4172951411,-81.9015905685
5856,11/19/2022,C and D,26.4588384,-81.9395167
5857,10/14/2022,Dirty Sand Soil,26.4520317,-81.9524081
5858,03/17/2023,C and D,26.4609763659,-81.9486787523
5859,11/13/2022,C and D,26.4107515,-81.8991648
5860,10/16/2022,Dirty Sand Soil,26.4524746,-81.9539296
5861,05/03/2023,C and D,26.4595096067,-81.9461002329
5862,11/16/2022,C and D,26.4256347204,-81.9081056491
5863,10/23/2022,Dirty Sand Soil,26.4232208,-81.9048134
5864,10/24/2022,C and D,26.4266679967,-81.9095538323
5865,12/08/2022,Dirty Sand Soil,26.4287981,-81.9115705
5866,11/05/2022,Dirty Sand Soil,26.4427155,-81.9309847
5867,12/11/2022,HHW to DMS,26.4643936283,-81.9537139456
5868,12/11/2022,C and D,26.458352227,-81.9395361902
5869,11/06/2022,C and D,26.4444413642,-81.9346969855
5870,11/08/2022,C and D,26.4172415,-81.9016285
5871,11/13/2022,C and D,26.4073868,-81.8964277
5872,02/18/2023,C and D,26.4633502422,-81.9532111438
5873,12/11/2022,C and D,26.4214062607,-81.9037859763
5874,11/22/2022,C and D,26.404613,-81.8908068
5875,12/11/2022,C and D,26.4656312,-81.9554593
5876,11/09/2022,C and D,26.4423861215,-81.9305122365
5877,11/05/2022,C and D,26.4344829,-81.9183158
5878,12/02/2022,C and D,26.4283401,-81.9113662
5879,11/13/2022,C and D,26.4376752,-81.9228588
5880,01/08/2023,C and D,26.4302209,-81.9131404
5881,11/05/2022,C and D,26.4346029,-81.9184577
5882,01/13/2023,C and D,26.4410971,-81.9283541
5883,01/11/2023,C and D,26.4629520623,-81.9510267004
5884,10/21/2022,Dirty Sand Soil,26.4515132,-81.9512242
5885,01/25/2023,C and D,26.4198277,-81.9026513
5886,12/03/2022,C and D,26.404692,-81.886058
5887,02/02/2023,Dirty Sand Soil,26.4313483,-81.914295
5888,10/30/2022,C and D,26.4190471731,-81.9021608681
5889,10/26/2022,Vegetation,26.4589705132,-81.9452665654
5890,11/03/2022,C and D,26.4053932191,-81.8940994313
5891,12/11/2022,C and D,26.421731656,-81.9040074234
5892,12/14/2022,Dirty Sand Soil,26.4336435,-81.9172042
5893,10/07/2022,C and D,26.459155736,-81.9538463585
5894,12/09/2022,C and D,26.4586295866,-81.9409287568
5895,10/17/2022,Dirty Sand Soil,26.4380949,-81.9231824
5896,01/18/2023,Vegetation,26.4182984,-81.9020522
5897,03/17/2023,C and D,26.4643224994,-81.9477599356
5898,10/06/2022,C and D,26.4598045597,-81.9463820774
5899,12/15/2022,C and D,26.4106499,-81.8990909
5900,11/30/2022,C and D,26.4630644894,-81.9541055584
5901,10/12/2022,C and D,26.4047961386,-81.8845905638
5902,11/11/2022,C and D,26.4408149338,-81.9280259964
5903,11/02/2022,C and D,26.4449507324,-81.9353784342
5904,10/21/2022,C and D,26.4180022,-81.9018869
5905,10/21/2022,C and D,26.4144632,-81.9005573
5906,03/01/2023,C and D,26.4587077,-81.9409211
5907,11/08/2022,C and D,26.4465212,-81.9381709
5908,12/08/2022,C and D,26.4575269689,-81.9401783587
5909,11/27/2022,C and D,26.4340974594,-81.9176485389
5910,02/27/2023,C and D,26.4599855198,-81.9414055255
5911,11/13/2022,C and D,26.4384376165,-81.9238634595
5912,11/19/2022,C and D,26.4224197698,-81.9045345147
5913,10/09/2022,C and D,26.4355502,-81.9196094
5914,02/02/2023,C and D,26.4318269898,-81.9150303928
5915,10/16/2022,Dirty Sand Soil,26.4352098,-81.9193721
5916,11/29/2022,C and D,26.4618131936,-81.9513169497
5917,10/19/2022,Dirty Sand Soil,26.4514123,-81.9512456
5918,01/16/2023,HHW to DMS,26.4607594251,-81.9528995687
5919,11/03/2022,Dirty Sand Soil,26.4460036,-81.9373191
5920,02/09/2023,C and D,26.4145457,-81.9004023
5921,01/07/2023,Clean Sand Soil,26.4364838,-81.922347
5922,03/17/2023,C and D,26.463635784,-81.9477179996
5923,12/16/2022,C and D,26.4609654481,-81.9486047421
5924,10/16/2022,C and D,26.4305896695,-81.9133822911
5925,02/02/2023,C and D,26.4319126255,-81.9149790912
5926,12/18/2022,C and D,26.4180854336,-81.9019966666
5927,10/22/2022,C and D,26.4254304947,-81.9070109411
5928,02/20/2023,C and D,26.431187,-81.9141795
5929,11/06/2022,C and D,26.4281655522,-81.9111019281
5930,10/25/2022,C and D,26.428714525,-81.9116848894
5931,01/07/2023,Clean Sand Soil,26.4365605,-81.9223136
5932,12/07/2022,Dirty Sand Soil,26.4113737,-81.8994219
5933,11/19/2022,C and D,26.419799509,-81.9027587166
5934,11/03/2022,C and D,26.4056777442,-81.8943105453
5935,12/19/2022,C and D,26.4099975676,-81.898661675
5936,12/01/2022,C and D,26.4619057526,-81.9486877687
5937,11/30/2022,C and D,26.4611563878,-81.952282386
5938,11/28/2022,C and D,26.4045029,-81.8867367
5939,10/30/2022,C and D,26.4275524095,-81.9103080518
5940,01/13/2023,Sand CD,26.4370549,-81.922116
5941,11/05/2022,C and D,26.4045357937,-81.8910043035
5942,11/11/2022,C and D,26.410230166,-81.8986791912
5943,11/20/2022,C and D,26.4048364,-81.892439
5944,01/25/2023,C and D,26.4349171,-81.9189712
5945,12/12/2022,C and D,26.4505433,-81.9484914
5946,11/11/2022,C and D,26.4254838993,-81.9076720918
5947,12/02/2022,C and D,26.4046939,-81.8859499
5948,01/11/2023,C and D,26.4588326822,-81.9461906205
5949,11/17/2022,C and D,26.4044608604,-81.8865830416
5950,12/09/2022,C and D,26.4043605,-81.8892455
5951,03/16/2023,C and D,26.460541781,-81.9474197485
5952,11/19/2022,C and D,26.466249523,-81.9556402508
5953,11/01/2022,C and D,26.4524725,-81.9547322
5954,10/22/2022,Dirty Sand Soil,26.431525,-81.9145109
5955,01/07/2023,C and D,26.432668486,-81.9159286441
5956,12/16/2022,C and D,26.4613475914,-81.9504964737
5957,11/29/2022,C and D,26.4245068515,-81.9058960956
5958,10/28/2022,C and D,26.425518631,-81.9078337402
5959,12/07/2022,Dirty Sand Soil,26.4114946,-81.8994172
5960,12/05/2022,C and D,26.4055106,-81.8930342
5961,10/11/2022,C and D,26.416044101,-81.9011415165
5962,11/11/2022,C and D,26.4183448106,-81.9020975734
5963,12/05/2022,C and D,26.4596512495,-81.9403702766
5964,11/08/2022,C and D,26.4056579,-81.8943222
5965,02/08/2023,C and D,26.4201832,-81.9029993
5966,10/13/2022,C and D,26.4328311732,-81.916045021
5967,12/18/2022,C and D,26.4625316178,-81.9467406984
5968,12/01/2022,Vegetation,26.4418580223,-81.9296016485
5969,10/31/2022,Dirty Sand Soil,26.4230375,-81.9044479
5970,10/22/2022,C and D,26.4254027303,-81.9070560425
5971,11/01/2022,Dirty Sand Soil,26.4117434,-81.8996393
5972,10/13/2022,C and D,26.4428055032,-81.9312945037
5973,01/04/2023,C and D,26.4303474,-81.9131154
5974,12/18/2022,Dirty Sand Soil,26.4386109,-81.9240472
5975,10/12/2022,Dirty Sand Soil,26.448941,-81.9433865
5976,01/24/2023,C and D,26.4631377186,-81.9540072343
5977,10/17/2022,Dirty Sand Soil,26.4354521,-81.9194863
5978,10/07/2022,C and D,26.4591256927,-81.9538724236
5979,12/05/2022,C and D,26.4048149,-81.8911403
5980,11/03/2022,C and D,26.4381185593,-81.9233420213
5981,12/05/2022,C and D,26.4630141011,-81.9509917399
5982,02/09/2023,C and D,26.4642885984,-81.9538664418
5983,11/05/2022,C and D,26.4479018,-81.9409292
5984,12/06/2022,Vegetation,26.4046784537,-81.8868137711
5985,01/15/2023,C and D,26.4401773,-81.9267286
5986,11/12/2022,C and D,26.4079072,-81.8969596
5987,10/19/2022,Clean Sand Soil,26.4525473,-81.954603
5988,11/12/2022,C and D,26.458717715,-81.9425947499
5989,11/02/2022,C and D,26.4073538428,-81.8964766276
5990,10/06/2022,C and D,26.4637986,-81.9541757
5991,10/07/2022,C and D,26.4599321551,-81.9537805502
5992,11/20/2022,C and D,26.428801,-81.9117584
5993,02/08/2023,C and D,26.4168022,-81.9010542
5994,11/08/2022,Dirty Sand Soil,26.4145831,-81.9007319
5995,01/20/2023,C and D,26.4640954667,-81.9477824027
5996,11/17/2022,C and D,26.4663027,-81.9556649
5997,10/18/2022,C and D,26.4638668513,-81.9541709887
5998,12/12/2022,C and D,26.435152815,-81.9192170443
5999,10/30/2022,C and D,26.4189016214,-81.9020996802
6000,02/15/2023,C and D,26.4621342207,-81.9477146678
6001,10/19/2022,Dirty Sand Soil,26.4514102,-81.9512325
6002,11/29/2022,Sand CD,26.452573,-81.9546447
6003,12/13/2022,Dirty Sand Soil,26.4526216,-81.9545527
6004,11/20/2022,C and D,26.4147683,-81.9007036
6005,01/19/2023,C and D,26.4659143091,-81.9550655185
6006,12/10/2022,C and D,26.4043527749,-81.8892943115
6007,11/18/2022,C and D,26.4596173,-81.9402395
6008,02/07/2023,C and D,26.4370213,-81.9219317
6009,12/08/2022,Dirty Sand Soil,26.4111793,-81.8993315
6010,02/11/2023,C and D,26.4359300025,-81.9200629369
6011,11/03/2022,C and D,26.4485665,-81.9425265
6012,12/01/2022,C and D,26.4597140299,-81.9416320884
6013,02/10/2023,C and D,26.4102326,-81.8990394
6014,12/11/2022,C and D,26.4586417621,-81.9395604454
6015,01/30/2023,C and D,26.4070805,-81.8962322
6016,02/25/2023,C and D,26.4105030801,-81.8990217616
6017,10/23/2022,Dirty Sand Soil,26.4291818,-81.9121916
6018,11/29/2022,C and D,26.43411376,-81.9176387916
6019,11/12/2022,C and D,26.4390859567,-81.9250712917
6020,10/28/2022,C and D,26.4639785746,-81.9486646727
6021,12/13/2022,C and D,26.4598865825,-81.9416161093
6022,12/16/2022,C and D,26.4612389451,-81.950610659
6023,12/07/2022,Dirty Sand Soil,26.4279991,-81.9108486
6024,11/19/2022,C and D,26.4195991863,-81.9026454292
6025,10/14/2022,C and D,26.4160877491,-81.9011632633
6026,11/06/2022,C and D,26.4445892172,-81.9346706896
6027,11/30/2022,C and D,26.4646678,-81.9505521
6028,11/04/2022,C and D,26.4255182392,-81.9079036234
6029,01/25/2023,C and D,26.4200308,-81.9028533
6030,11/04/2022,C and D,26.4524706,-81.9546326
6031,10/28/2022,Clean Sand Soil,26.4526979,-81.9552664
6032,11/14/2022,C and D,26.4417394181,-81.9295637496
6033,10/16/2022,Dirty Sand Soil,26.4515716376,-81.9512386351
6034,12/12/2022,C and D,26.4509538,-81.9494191
6035,10/23/2022,Dirty Sand Soil,26.4313283,-81.9143593
6036,10/28/2022,Clean Sand Soil,26.4526905,-81.9553005
6037,11/11/2022,C and D,26.4109435,-81.8992487
6038,12/08/2022,C and D,26.465645174,-81.9554902215
6039,10/13/2022,Dirty Sand Soil,26.448989,-81.9433929
6040,11/05/2022,C and D,26.4254821,-81.9079555
6041,11/20/2022,C and D,26.4284913,-81.9114481
6042,10/14/2022,Dirty Sand Soil,26.4307355197,-81.913648377
6043,12/04/2022,C and D,26.4596474008,-81.940479228
6044,10/28/2022,C and D,26.4633895364,-81.948672887
6045,10/28/2022,C and D,26.4206326237,-81.9031811385
6046,11/08/2022,C and D,26.4339174,-81.9175826
6047,03/23/2023,C and D,26.4170331,-81.9015312
6048,11/10/2022,C and D,26.4596330188,-81.9492509031
6049,02/27/2023,C and D,26.4633651771,-81.9485441749
6050,12/10/2022,C and D,26.4350471,-81.9190591
6051,11/04/2022,C and D,26.4046021365,-81.8864893076
6052,11/04/2022,C and D,26.4603654,-81.9474403
6053,11/05/2022,C and D,26.4343665,-81.9181835
6054,11/14/2022,C and D,26.4348637445,-81.9188230345
6055,01/29/2023,C and D,26.4661738789,-81.9556155336
6056,01/30/2023,Dirty Sand Soil,26.406503,-81.8954894
6057,12/15/2022,C and D,26.4594148379,-81.9425060694
6058,12/11/2022,C and D,26.4639160456,-81.9476349559
6059,12/03/2022,C and D,26.4107980393,-81.899197111
6060,12/09/2022,Vegetation,26.40625,-81.8950517
6061,10/27/2022,C and D,26.4046574803,-81.8919437355
6062,10/25/2022,C and D,26.4429765009,-81.9316913188
6063,03/24/2023,HHW to DMS,26.4631426,-81.9510526
6064,11/18/2022,C and D,26.4525989736,-81.9545769167
6065,02/08/2023,C and D,26.4206215,-81.9032651
6066,12/19/2022,C and D,26.4439207,-81.9334027
6067,10/31/2022,C and D,26.4182252437,-81.9020788931
6068,12/12/2022,C and D,26.4116299642,-81.8991385897
6069,02/08/2023,C and D,26.4320268177,-81.9151094744
6070,01/27/2023,Compact CD,26.4483776,-81.9405843
6071,12/06/2022,Vegetation,26.4297824,-81.9123423
6072,10/07/2022,C and D,26.4598932096,-81.9537681914
6073,10/24/2022,C and D,26.4099058,-81.8985343
6074,11/10/2022,C and D,26.4631475508,-81.9486017247
6075,02/27/2023,C and D,26.4642837597,-81.9506747369
6076,11/06/2022,C and D,26.4046280785,-81.8918717467
6077,10/06/2022,C and D,26.4597728998,-81.9463284441
6078,11/13/2022,C and D,26.4072177,-81.8961882
6079,12/09/2022,Vegetation,26.4173867,-81.9015825
6080,10/20/2022,Dirty Sand Soil,26.4515571,-81.9512724
6081,10/06/2022,C and D,26.4670708,-81.9547791
6082,12/09/2022,C and D,26.4350965006,-81.9193105103
6083,10/22/2022,Clean Sand Soil,26.4525497,-81.9546443
6084,11/29/2022,Sand CD,26.4527327,-81.9549702
6085,01/03/2023,C and D,26.4507604,-81.9487383
6086,11/03/2022,C and D,26.430357,-81.9131631
6087,12/05/2022,C and D,26.4487347345,-81.9434176592
6088,12/07/2022,C and D,26.4583955,-81.9409342
6089,10/14/2022,C and D,26.4238331,-81.9053272
6090,01/09/2023,C and D,26.4326320659,-81.915777499
6091,10/13/2022,C and D,26.4495012214,-81.945382578
6092,01/22/2023,C and D,26.4613025187,-81.950392515
6093,10/29/2022,C and D,26.4506356,-81.9485398
6094,10/15/2022,C and D,26.4364782487,-81.9209945583
6095,11/11/2022,C and D,26.4616955957,-81.9478109759
6096,01/04/2023,C and D,26.4304228,-81.9132616
6097,11/07/2022,C and D,26.4077343,-81.8967703
6098,11/01/2022,C and D,26.4155885903,-81.9009874017
6099,11/02/2022,C and D,26.4445916936,-81.9346275833
6100,10/28/2022,C and D,26.4636124531,-81.9486387727
6101,10/29/2022,C and D,26.4585879632,-81.9448361547
6102,11/06/2022,C and D,26.4045627415,-81.8918813859
6103,01/28/2023,Compact CD,26.4483436,-81.940456
6104,11/07/2022,C and D,26.459306621,-81.9458565161
6105,01/26/2023,Dirty Sand Soil,26.4385559,-81.9238346
6106,12/01/2022,Vegetation,26.4376920462,-81.9225177449
6107,11/02/2022,C and D,26.4632469602,-81.947744256
6108,01/06/2023,C and D,26.4477468855,-81.9400242563
6109,10/19/2022,Clean Sand Soil,26.4525519,-81.9545736
6110,10/23/2022,C and D,26.4306421113,-81.9134016708
6111,10/30/2022,C and D,26.450092,-81.9471916
6112,02/02/2023,Dirty Sand Soil,26.42392,-81.9051107
6113,12/20/2022,C and D,26.4114521211,-81.8993645814
6114,12/10/2022,C and D,26.4593719645,-81.9407174551
6115,01/30/2023,C and D,26.4662568178,-81.9556252566
6116,11/04/2022,C and D,26.4047400831,-81.8920187554
6117,11/11/2022,Dirty Sand Soil,26.4426571,-81.9309288
6118,01/20/2023,C and D,26.405618,-81.8940568
6119,01/07/2023,Clean Sand Soil,26.4364896,-81.9223315
6120,10/24/2022,C and D,26.4183696,-81.9019206
6121,10/19/2022,C and D,26.4364628851,-81.92096601
6122,12/04/2022,C and D,26.4282397,-81.911163
6123,11/09/2022,C and D,26.4613609778,-81.9523965048
6124,11/01/2022,C and D,26.4275724689,-81.9103428893
6125,12/20/2022,C and D,26.424175473,-81.9055643399
6126,11/09/2022,C and D,26.451046998,-81.9493417007
6127,02/13/2023,C and D,26.4366225055,-81.9211298889
6128,11/07/2022,C and D,26.408027,-81.8969048
6129,10/19/2022,C and D,26.4310877305,-81.9139337578
6130,12/18/2022,C and D,26.4608394262,-81.9537757897
6131,12/19/2022,C and D,26.4626598991,-81.9469033536
6132,01/28/2023,Compact CD,26.4480334,-81.94053
6133,02/19/2023,C and D,26.4283641842,-81.9110835924
6134,02/07/2023,C and D,26.432118835,-81.9151460287
6135,11/30/2022,C and D,26.463577915,-81.9541620738
6136,02/08/2023,Dirty Sand Soil,26.4321339,-81.9153273
6137,12/17/2022,C and D,26.4477246,-81.9401722
6138,10/16/2022,C and D,26.4310597797,-81.9140695267
6139,10/28/2022,Clean Sand Soil,26.4526867,-81.9552492
6140,11/01/2022,Dirty Sand Soil,26.4150902,-81.9007234
6141,12/01/2022,C and D,26.424041614,-81.9055432175
6142,10/08/2022,C and D,26.4662898,-81.9556346
6143,11/21/2022,C and D,26.4045428,-81.8914126
6144,10/13/2022,Dirty Sand Soil,26.4496163347,-81.9452379235
6145,11/16/2022,C and D,26.440670458,-81.9275697889
6146,11/04/2022,C and D,26.4513297,-81.9502765
6147,11/08/2022,C and D,26.441974612,-81.9300008566
6148,11/21/2022,C and D,26.4256884,-81.9083978
6149,02/15/2023,C and D,26.4046903,-81.8908505
6150,12/08/2022,C and D,26.4055305,-81.8947897
6151,05/01/2023,Vegetation,26.4441501,-81.9336976
6152,12/03/2022,C and D,26.4480634,-81.9411161
6153,11/03/2022,C and D,26.4485984,-81.9426649
6154,10/18/2022,C and D,26.4363875638,-81.9209037678
6155,01/14/2023,C and D,26.450824,-81.9489899
6156,01/11/2023,Clean Sand Soil,26.4367499,-81.9221787
6157,01/11/2023,C and D,26.450773,-81.9487333
6158,01/17/2023,C and D,26.4345303,-81.9183502
6159,12/10/2022,C and D,26.4595909995,-81.9456581709
6160,11/03/2022,Dirty Sand Soil,26.4280493,-81.9108682
6161,12/07/2022,C and D,26.4584154,-81.9409329
6162,10/18/2022,Dirty Sand Soil,26.4381713,-81.923232
6163,11/04/2022,C and D,26.451282,-81.9502362
6164,12/15/2022,Dirty Sand Soil,26.4510458,-81.9498981
6165,01/11/2023,C and D,26.4601230037,-81.9403217047
6166,10/31/2022,C and D,26.4109857804,-81.8993241207
6167,11/04/2022,C and D,26.448153,-81.9410156
6168,10/25/2022,C and D,26.4305094676,-81.9133606833
6169,12/18/2022,C and D,26.4602629396,-81.947478704
6170,10/18/2022,C and D,26.4660213,-81.9551658
6171,11/03/2022,C and D,26.4254651052,-81.9072484229
6172,11/14/2022,C and D,26.4332085,-81.9164989
6173,12/05/2022,C and D,26.405278598,-81.8929694407
6174,10/23/2022,C and D,26.447877506,-81.9406198635
6175,10/23/2022,Dirty Sand Soil,26.4311029,-81.9139548
6176,01/04/2023,Clean Sand Soil,26.4362486,-81.9217989
6177,03/19/2023,C and D,26.4196134,-81.9025969
6178,11/01/2022,C and D,26.4180024946,-81.9019164518
6179,11/17/2022,C and D,26.4044164882,-81.8906684837
6180,12/03/2022,C and D,26.4361770591,-81.9207168092
6181,01/25/2023,C and D,26.4597511989,-81.946625482
6182,11/28/2022,C and D,26.4265928732,-81.9097874254
6183,01/23/2023,C and D,26.4626683574,-81.9510824327
6184,10/19/2022,Dirty Sand Soil,26.4514601,-81.9512009
6185,11/07/2022,C and D,26.459357402,-81.9458372983
6186,11/09/2022,C and D,26.4137875,-81.9003423
6187,11/04/2022,Dirty Sand Soil,26.4429945,-81.9315593
6188,01/17/2023,C and D,26.4345277,-81.9183747
6189,12/04/2022,C and D,26.4079138264,-81.8969733921
6190,02/08/2023,Dirty Sand Soil,26.4318792,-81.9150074
6191,12/19/2022,C and D,26.4106573072,-81.899167942
6192,01/24/2023,C and D,26.4629535197,-81.9539670014
6193,12/18/2022,Dirty Sand Soil,26.4374338,-81.9222514
6194,10/30/2022,C and D,26.4505601,-81.9481835
6195,10/19/2022,Clean Sand Soil,26.4525508,-81.9546055
6196,01/24/2023,C and D,26.459725115,-81.9466338428
6197,11/07/2022,C and D,26.4427937,-81.9310802
6198,10/23/2022,C and D,26.4479048759,-81.9407455404
6199,12/05/2022,C and D,26.4632243782,-81.9512265197
6200,01/25/2023,C and D,26.4355798,-81.9196818
6201,11/29/2022,C and D,26.421763026,-81.9039445047
6202,01/16/2023,C and D,26.4594086187,-81.9403488304
6203,12/11/2022,C and D,26.4614629,-81.9520819
6204,10/31/2022,C and D,26.4178658494,-81.9018650752
6205,02/02/2023,Dirty Sand Soil,26.4320714,-81.9150523
6206,12/04/2022,C and D,26.4654468,-81.9542606
6207,10/21/2022,Clean Sand Soil,26.4525767,-81.9545405
6208,11/14/2022,C and D,26.4602351,-81.9467695
6209,10/12/2022,C and D,26.4046628432,-81.8866308911
6210,10/24/2022,C and D,26.4067580877,-81.8957039528
6211,10/16/2022,Dirty Sand Soil,26.436412,-81.9210358
6212,01/16/2023,C and D,26.4223822,-81.9044319
6213,11/20/2022,C and D,26.4379641585,-81.9232611418
6214,11/04/2022,C and D,26.4255488478,-81.9079859556
6215,10/14/2022,Dirty Sand Soil,26.4531153347,-81.9552597218
6216,10/19/2022,C and D,26.4444180457,-81.9342447732
6217,12/07/2022,C and D,26.4103478473,-81.8989430555
6218,10/11/2022,C and D,26.4654616,-81.9544163
6219,10/30/2022,C and D,26.4275678861,-81.9102728495
6220,05/01/2023,Vegetation,26.4208913,-81.9035379
6221,03/28/2023,C and D,26.4212563913,-81.9036618155
6222,12/12/2022,C and D,26.4608421506,-81.9476590842
6223,02/02/2023,C and D,26.4660597174,-81.9555776474
6224,11/29/2022,C and D,26.424298184,-81.90579216
6225,12/01/2022,C and D,26.4618146588,-81.9485267905
6226,10/16/2022,C and D,26.4508529,-81.9485837
6227,01/19/2023,C and D,26.4220919631,-81.9040634408
6228,02/11/2023,C and D,26.4370943,-81.9218187
6229,11/16/2022,C and D,26.4428935164,-81.9311757928
6230,11/03/2022,C and D,26.4066548231,-81.895702108
6231,01/12/2023,C and D,26.4506684,-81.9485571
6232,11/18/2022,C and D,26.4250619,-81.9063984
6233,11/01/2022,C and D,26.4608596443,-81.9482300061
6234,10/31/2022,C and D,26.4286577795,-81.9114581589
6235,02/27/2023,Concrete to FDS,26.448571,-81.9404098
6236,12/08/2022,Dirty Sand Soil,26.4091943,-81.8979393
6237,11/11/2022,Vegetation,26.4256436,-81.9082134
6238,11/13/2022,C and D,26.4510071059,-81.9492140334
6239,10/06/2022,C and D,26.4622394942,-81.9539006317
6240,10/15/2022,Dirty Sand Soil,26.4491434608,-81.9439736309
6241,12/14/2022,Dirty Sand Soil,26.4515344,-81.9510471
6242,10/30/2022,C and D,26.4216140472,-81.9037828502
6243,10/19/2022,C and D,26.4308751114,-81.9138719576
6244,01/03/2023,C and D,26.4578937302,-81.9391476111
6245,01/09/2023,C and D,26.4302192884,-81.9131172461
6246,10/15/2022,Dirty Sand Soil,26.4492103,-81.9444208
6247,11/26/2022,C and D,26.4338126742,-81.9172550425
6248,02/27/2023,C and D,26.4635762852,-81.948510781
6249,11/13/2022,C and D,26.4172923589,-81.9015351355
6250,10/18/2022,C and D,26.463762345,-81.9542093512
6251,10/26/2022,C and D,26.4595821826,-81.9463060052
6252,01/12/2023,C and D,26.4438424358,-81.9334217054
6253,12/06/2022,C and D,26.4361417,-81.9207123
6254,11/06/2022,C and D,26.4443961592,-81.9344407145
6255,11/11/2022,C and D,26.4256688058,-81.908248089
6256,10/30/2022,C and D,26.4595708696,-81.9462308725
6257,11/07/2022,C and D,26.4590846104,-81.9455581731
6258,10/28/2022,C and D,26.4192608307,-81.9024045373
6259,10/14/2022,C and D,26.4242296,-81.9056141
6260,11/13/2022,C and D,26.4174441,-81.9015863
6261,11/17/2022,C and D,26.4525228966,-81.9547100098
6262,11/05/2022,C and D,26.4344536,-81.9183296
6263,10/19/2022,Clean Sand Soil,26.4525618,-81.9546196
6264,12/01/2022,C and D,26.4645051,-81.9505067
6265,10/27/2022,C and D,26.4059674335,-81.8946842831
6266,01/07/2023,Clean Sand Soil,26.4365283,-81.92224
6267,12/06/2022,C and D,26.4190411,-81.902199
6268,11/22/2022,C and D,26.4337717,-81.9172427
6269,11/17/2022,C and D,26.4525027744,-81.9547405229
6270,11/13/2022,Dirty Sand Soil,26.439559,-81.9254845
6271,10/08/2022,C and D,26.4655175,-81.9553819
6272,10/30/2022,C and D,26.4505034,-81.9480209
6273,02/20/2023,C and D,26.4314553,-81.9143301
6274,12/06/2022,C and D,26.4283255,-81.9112703
6275,11/06/2022,C and D,26.4222457,-81.9041498
6276,11/07/2022,C and D,26.4227645,-81.9045093
6277,02/08/2023,C and D,26.4316779019,-81.9146832112
6278,10/11/2022,C and D,26.4653438,-81.9541374
6279,11/06/2022,C and D,26.4325774,-81.9157646
6280,01/22/2023,C and D,26.4594080754,-81.9460591381
6281,02/11/2023,C and D,26.4356436767,-81.9195276686
6282,01/25/2023,C and D,26.4074016109,-81.8962990846
6283,11/30/2022,C and D,26.4646716,-81.9503615
6284,01/18/2023,C and D,26.4636524111,-81.9530405832
6285,12/06/2022,Vegetation,26.40477884,-81.8865733399
6286,11/02/2022,C and D,26.4620987552,-81.9476959596
6287,10/16/2022,C and D,26.4449797,-81.9356501
6288,12/01/2022,C and D,26.4431284,-81.9317611
6289,11/05/2022,C and D,26.4209847758,-81.9033702091
6290,10/24/2022,C and D,26.4494930239,-81.9447882278
6291,02/01/2023,C and D,26.437967,-81.9230256
6292,10/23/2022,Dirty Sand Soil,26.4355163,-81.9194884
6293,01/14/2023,C and D,26.4610687007,-81.9463747539
6294,11/18/2022,C and D,26.4415117855,-81.9289472706
6295,10/15/2022,C and D,26.426313,-81.9091208
6296,01/08/2023,C and D,26.4595388315,-81.9463649707
6297,10/15/2022,C and D,26.43105666,-81.9140353866
6298,10/05/2022,C and D,26.4639601,-81.9541217
6299,10/06/2022,C and D,26.4650056797,-81.9522405234
6300,11/12/2022,C and D,26.433149,-81.9165591
6301,10/20/2022,C and D,26.4172174,-81.9016854
6302,11/01/2022,C and D,26.4274914502,-81.9102479981
6303,12/09/2022,C and D,26.4592174022,-81.9408778847
6304,11/18/2022,C and D,26.4255514,-81.9078535
6305,01/30/2023,C and D,26.4290999,-81.9120898
6306,11/29/2022,C and D,26.4618901816,-81.9513320458
6307,03/24/2023,C and D,26.4047403,-81.8889582
6308,11/05/2022,C and D,26.4170341073,-81.901416
6309,03/10/2023,C and D,26.4046214,-81.8867313
6310,10/21/2022,C and D,26.42900388,-81.9117158938
6311,11/15/2022,C and D,26.4328199,-81.9160934
6312,12/04/2022,C and D,26.4045919,-81.8905656
6313,11/11/2022,C and D,26.4224359,-81.9044524
6314,10/16/2022,C and D,26.4508155,-81.9486285
6315,02/09/2023,C and D,26.4072833,-81.8962418
6316,12/03/2022,C and D,26.4616277782,-81.9514712282
6317,11/04/2022,C and D,26.4255657373,-81.9076359273
6318,10/25/2022,C and D,26.4251012542,-81.9065569249
6319,12/10/2022,C and D,26.4361743,-81.9204048
6320,11/20/2022,C and D,26.4351412714,-81.9193979816
6321,11/19/2022,C and D,26.4044752707,-81.8879873798
6322,11/18/2022,C and D,26.4526477554,-81.9551323012
6323,01/09/2023,C and D,26.4581357772,-81.9439632245
6324,12/09/2022,C and D,26.4443365,-81.934442
6325,10/30/2022,C and D,26.4046040643,-81.8862046582
6326,12/04/2022,C and D,26.4593683659,-81.9402092613
6327,01/07/2023,Clean Sand Soil,26.4364751,-81.9223021
6328,01/15/2023,C and D,26.458977201,-81.9416719139
6329,03/17/2023,C and D,26.4335706,-81.9169207
6330,10/19/2022,C and D,26.4365465018,-81.9209893204
6331,12/09/2022,C and D,26.4443662,-81.9346135
6332,11/13/2022,C and D,26.4379122388,-81.923245797
6333,10/31/2022,Dirty Sand Soil,26.4115586,-81.8994338
6334,12/04/2022,C and D,26.4586490253,-81.9402165212
6335,01/25/2023,Concrete to FDS,26.4483292,-81.9403707
6336,10/14/2022,C and D,26.4249225746,-81.9061548935
6337,12/17/2022,C and D,26.4046664257,-81.8921243773
6338,11/13/2022,C and D,26.4508297966,-81.94913916
6339,11/30/2022,C and D,26.465202087,-81.9520219816
6340,11/06/2022,C and D,26.4287497,-81.9117341
6341,01/17/2023,C and D,26.4344269,-81.918305
6342,12/19/2022,C and D,26.4575634304,-81.9402298208
6343,12/18/2022,Dirty Sand Soil,26.4384217,-81.9236976
6344,11/30/2022,C and D,26.4646452,-81.9506941
6345,11/07/2022,C and D,26.4590857362,-81.945481155
6346,10/10/2022,C and D,26.4654198,-81.9542528
6347,11/19/2022,C and D,26.4196675566,-81.9027403718
6348,02/14/2023,C and D,26.4587276895,-81.9449805748
6349,12/17/2022,Vegetation,26.4170790185,-81.9015202393
6350,10/28/2022,Clean Sand Soil,26.452709,-81.9552809
6351,10/17/2022,Clean Sand Soil,26.4525781,-81.9545149
6352,12/07/2022,C and D,26.4600638,-81.940249
6353,01/31/2023,C and D,26.4377924,-81.9227181
6354,12/11/2022,C and D,26.465055,-81.952235
6355,03/23/2023,C and D,26.4218758,-81.9038802
6356,01/07/2023,C and D,26.4302793,-81.9132849
6357,10/15/2022,Dirty Sand Soil,26.4492172888,-81.9442008902
6358,12/19/2022,C and D,26.4622414115,-81.9468148528
6359,11/03/2022,C and D,26.4598781895,-81.9468156249
6360,02/07/2023,C and D,26.4322624516,-81.9152566554
6361,11/05/2022,C and D,26.4478809,-81.9407042
6362,11/02/2022,C and D,26.4276039,-81.910291
6363,02/04/2023,C and D,26.4476714,-81.9400413
6364,11/18/2022,C and D,26.4255075782,-81.9077486309
6365,12/13/2022,C and D,26.4581056685,-81.9404394273
6366,11/14/2022,C and D,26.4328817,-81.9162135
6367,12/03/2022,Vegetation,26.4285536,-81.9113754
6368,10/22/2022,C and D,26.4184896,-81.9021402
6369,10/21/2022,Dirty Sand Soil,26.4514898,-81.9511717
6370,11/08/2022,C and D,26.443449785,-81.9325963129
6371,11/19/2022,C and D,26.4330576,-81.9164733
6372,03/29/2023,C and D,26.4044197463,-81.8900536281
6373,11/19/2022,C and D,26.4385880396,-81.9238777692
6374,10/19/2022,Clean Sand Soil,26.4525649,-81.9545986
6375,11/07/2022,C and D,26.4438166609,-81.9332153165
6376,12/19/2022,C and D,26.4064829617,-81.8952292401
6377,12/12/2022,C and D,26.4592856728,-81.9403987751
6378,10/27/2022,C and D,26.4046354193,-81.89147925
6379,01/27/2023,Dirty Sand Soil,26.4112376,-81.8994118
6380,10/24/2022,C and D,26.4098196,-81.898552
6381,12/09/2022,C and D,26.4042689,-81.8890057
6382,10/30/2022,C and D,26.4213175373,-81.9036828541
6383,10/28/2022,Clean Sand Soil,26.4527082,-81.9552921
6384,12/12/2022,C and D,26.4513236,-81.9505304
6385,12/06/2022,C and D,26.4661251,-81.9556255
6386,11/02/2022,Dirty Sand Soil,26.414491,-81.9005087
6387,12/07/2022,C and D,26.4102657885,-81.8989259564
6388,12/10/2022,C and D,26.44142,-81.9289924
6389,11/27/2022,C and D,26.4338262881,-81.9172702799
6390,11/28/2022,C and D,26.4475298,-81.9407929
6391,10/12/2022,C and D,26.4045511377,-81.888137833
6392,10/15/2022,C and D,26.4525038453,-81.9536761309
6393,11/20/2022,C and D,26.4146195,-81.9007122
6394,12/02/2022,C and D,26.4609841273,-81.9537985725
6395,03/23/2023,C and D,26.4184388,-81.9020636
6396,11/12/2022,C and D,26.4100023,-81.8987216
6397,05/01/2023,C and D,26.4449799,-81.9360438
6398,11/28/2022,C and D,26.4248174848,-81.906197928
6399,03/28/2023,C and D,26.410243,-81.8990881
6400,01/11/2023,C and D,26.4509519,-81.9487784
6401,12/10/2022,C and D,26.4440193,-81.9337244
6402,11/03/2022,C and D,26.428557,-81.9114996
6403,02/02/2023,C and D,26.4476919,-81.940136
6404,02/08/2023,C and D,26.418928,-81.9023081
6405,12/02/2022,C and D,26.4045888,-81.8861146
6406,03/17/2023,C and D,26.4603162666,-81.9473782453
6407,12/13/2022,C and D,26.4601815633,-81.9402854484
6408,12/06/2022,C and D,26.4339552261,-81.9176305924
6409,02/11/2023,C and D,26.4611673,-81.9464328
6410,11/15/2022,C and D,26.4256769652,-81.9081873727
6411,12/01/2022,C and D,26.4048887,-81.885159
6412,01/03/2023,C and D,26.4508023,-81.9490077
6413,01/11/2023,C and D,26.4608964121,-81.9490587186
6414,11/17/2022,C and D,26.4216367094,-81.9038819107
6415,02/07/2023,C and D,26.4371727,-81.9220306
6416,02/07/2023,C and D,26.4370963,-81.9219216
6417,01/09/2023,C and D,26.4304026,-81.9132669
6418,10/09/2022,Vegetation,26.4315642,-81.9143878
6419,01/20/2023,C and D,26.4053724,-81.8936063
6420,12/01/2022,C and D,26.4600109381,-81.9415631882
6421,11/30/2022,Vegetation,26.4255926013,-81.9078323153
6422,01/30/2023,C and D,26.4598450166,-81.9464582018
6423,11/29/2022,C and D,26.4508486,-81.9492371
6424,01/25/2023,Compact CD,26.4484042,-81.940478
6425,10/16/2022,Clean Sand Soil,26.4525741,-81.9545869
6426,02/02/2023,Dirty Sand Soil,26.4213018,-81.9035899
6427,12/06/2022,C and D,26.4297879,-81.9125647
6428,02/02/2023,Dirty Sand Soil,26.4235581,-81.9051514
6429,10/28/2022,Clean Sand Soil,26.4526713,-81.9552834
6430,11/11/2022,C and D,26.4397411701,-81.9260917046
6431,11/04/2022,C and D,26.4046949498,-81.8918584057
6432,11/21/2022,C and D,26.4598513102,-81.9534727987
6433,11/03/2022,Dirty Sand Soil,26.4348939,-81.9187308
6434,11/12/2022,Dirty Sand Soil,26.4341582,-81.9178453
6435,11/30/2022,C and D,26.4048864,-81.8854444
6436,12/13/2022,C and D,26.4600588872,-81.9415900035
6437,11/12/2022,C and D,26.4390523033,-81.924833078
6438,01/11/2023,Clean Sand Soil,26.4367064,-81.9221332
6439,02/01/2023,C and D,26.4379466,-81.9229403
6440,10/13/2022,Vegetation,26.432941555,-81.916276845
6441,10/14/2022,C and D,26.4515705756,-81.9510181998
6442,02/25/2023,C and D,26.4313089186,-81.9140475735
6443,10/12/2022,C and D,26.405378325,-81.8937061682
6444,01/20/2023,C and D,26.4114542,-81.8996016
6445,12/07/2022,C and D,26.4613465,-81.9522248
6446,12/07/2022,C and D,26.4613362,-81.9522376
6447,11/08/2022,C and D,26.4429940518,-81.9318412417
6448,12/15/2022,Dirty Sand Soil,26.4351985,-81.9191619
6449,12/11/2022,C and D,26.4389915,-81.9247039
6450,11/09/2022,Vegetation,26.4596846361,-81.9463007055
6451,02/01/2023,C and D,26.460783016,-81.9492491429
6452,12/03/2022,Vegetation,26.4361946,-81.9207618
6453,10/16/2022,Dirty Sand Soil,26.4524383703,-81.9540261571
6454,02/23/2023,C and D,26.4288830431,-81.911846744
6455,10/17/2022,C and D,26.4087472808,-81.8977375566
6456,11/21/2022,C and D,26.4044243,-81.8892387
6457,12/12/2022,C and D,26.4428091,-81.9310844
6458,11/20/2022,C and D,26.4667789456,-81.9546059174
6459,12/03/2022,C and D,26.4641377,-81.9539745
6460,10/22/2022,Clean Sand Soil,26.4525887,-81.9545968
6461,11/13/2022,C and D,26.411177,-81.8993216
6462,11/01/2022,Dirty Sand Soil,26.4124311,-81.8997427
6463,10/13/2022,Dirty Sand Soil,26.4489437,-81.9433426
6464,11/05/2022,C and D,26.4255779699,-81.9080778568
6465,05/06/2023,Vegetation,26.4411569,-81.9280777
6466,02/15/2023,C and D,26.4373118,-81.922033
6467,01/10/2023,C and D,26.4606080125,-81.9462059527
6468,11/20/2022,C and D,26.4099476,-81.8987676
6469,10/20/2022,Dirty Sand Soil,26.4516805,-81.9511396
6470,11/30/2022,C and D,26.4641071602,-81.9540329716
6471,12/11/2022,C and D,26.4220415,-81.904295
6472,12/04/2022,C and D,26.4045021679,-81.8878341507
6473,10/06/2022,C and D,26.4652709586,-81.9513637828
6474,11/05/2022,C and D,26.4061715221,-81.8949955982
6475,11/05/2022,C and D,26.4066768671,-81.8957062998
6476,12/04/2022,C and D,26.4614240252,-81.9512879393
6477,10/17/2022,Dirty Sand Soil,26.436606,-81.9209453
6478,12/04/2022,C and D,26.4181431,-81.9021159
6479,02/28/2023,C and D,26.4592707111,-81.9425369148
6480,01/11/2023,C and D,26.4508178,-81.9490543
6481,01/14/2023,C and D,26.4507513,-81.9486822
6482,01/21/2023,C and D,26.437854,-81.9228186
6483,12/12/2022,C and D,26.4360683,-81.9205606
6484,10/15/2022,C and D,26.4254982826,-81.9077452139
6485,11/11/2022,C and D,26.458296692,-81.9425110147
6486,11/15/2022,C and D,26.4355217619,-81.9199626055
6487,03/13/2023,C and D,26.4222763432,-81.9041689207
6488,12/04/2022,C and D,26.4578551172,-81.9403506483
6489,01/04/2023,C and D,26.4305332,-81.9133459
6490,12/07/2022,Dirty Sand Soil,26.411504,-81.8995343
6491,11/03/2022,C and D,26.4061175476,-81.895024077
6492,01/11/2023,C and D,26.4629766736,-81.9515420765
6493,11/06/2022,C and D,26.4518439,-81.9522997
6494,01/07/2023,C and D,26.4326766,-81.9158688
6495,11/03/2022,C and D,26.4061839159,-81.8951973874
6496,11/03/2022,C and D,26.4050125145,-81.892579347
6497,11/08/2022,C and D,26.4423971856,-81.9306652062
6498,11/21/2022,C and D,26.4590144,-81.9425426
6499,02/08/2023,Dirty Sand Soil,26.4320142,-81.9151473
6500,01/15/2023,C and D,26.4598196183,-81.9417211785
6501,12/18/2022,Dirty Sand Soil,26.4376403,-81.9227057
6502,10/17/2022,Dirty Sand Soil,26.4366352,-81.9210082
6503,01/10/2023,C and D,26.4300269993,-81.9128095872
6504,11/19/2022,C and D,26.4118122511,-81.8997524872
6505,10/22/2022,C and D,26.4256097004,-81.9077937585
6506,10/05/2022,C and D,26.4628924423,-81.9540214045
6507,12/06/2022,C and D,26.4298427,-81.9125896
6508,12/02/2022,C and D,26.4360725368,-81.9202082791
6509,11/14/2022,C and D,26.4598105,-81.9466421
6510,01/15/2023,C and D,26.4477902,-81.9401269
6511,10/05/2022,C and D,26.4635401,-81.9531913
6512,12/11/2022,Vegetation,26.4387099,-81.9242595
6513,10/18/2022,C and D,26.4660472,-81.9556466
6514,10/11/2022,C and D,26.4355933,-81.9199083
6515,11/22/2022,C and D,26.458653,-81.9419362
6516,01/04/2023,C and D,26.4600930466,-81.9462413129
6517,10/17/2022,C and D,26.4654892,-81.9544315
6518,12/15/2022,Dirty Sand Soil,26.4352651,-81.9193242
6519,12/01/2022,C and D,26.4241487766,-81.905724099
6520,03/18/2023,C and D,26.4645341611,-81.9536610256
6521,11/16/2022,C and D,26.4613305,-81.9537655
6522,10/19/2022,Dirty Sand Soil,26.4513912,-81.9512838
6523,10/21/2022,C and D,26.4288019636,-81.9116735167
6524,11/09/2022,C and D,26.4585569,-81.9425604
6525,11/13/2022,C and D,26.4323164,-81.9155727
6526,01/19/2023,C and D,26.4213322912,-81.9036112129
6527,11/21/2022,C and D,26.458532,-81.941812
6528,02/24/2023,C and D,26.4234092,-81.9049615
6529,02/07/2023,C and D,26.4316647391,-81.9150213253
6530,10/16/2022,Dirty Sand Soil,26.4352205,-81.9194016
6531,12/17/2022,C and D,26.4480135,-81.9403962
6532,10/12/2022,Dirty Sand Soil,26.4489713,-81.943431
6533,10/29/2022,C and D,26.4118832688,-81.899549113
6534,11/08/2022,C and D,26.4509321518,-81.9491326692
6535,10/05/2022,C and D,26.4625821,-81.9486346
6536,11/03/2022,Dirty Sand Soil,26.4379556,-81.9232771
6537,11/05/2022,C and D,26.4048873801,-81.8845150753
6538,10/17/2022,Clean Sand Soil,26.452538,-81.954572
6539,11/17/2022,C and D,26.4609986,-81.9538201
6540,01/14/2023,C and D,26.4592102639,-81.9486594468
6541,11/16/2022,Dirty Sand Soil,26.4148956,-81.9009161
6542,10/14/2022,C and D,26.451421097,-81.9502655928
6543,12/08/2022,C and D,26.4338192,-81.9173798
6544,11/01/2022,C and D,26.4111638,-81.8993331
6545,12/06/2022,C and D,26.4644132361,-81.9505782681
6546,11/18/2022,C and D,26.461198,-81.9538674
6547,03/23/2023,C and D,26.4218593,-81.9037743
6548,10/06/2022,C and D,26.4633772139,-81.9533015601
6549,10/17/2022,C and D,26.4087959233,-81.8977821229
6550,01/10/2023,C and D,26.4576595166,-81.9398196791
6551,12/18/2022,C and D,26.4381066151,-81.9234593679
6552,12/11/2022,C and D,26.4617418219,-81.9477535599
6553,11/20/2022,C and D,26.410692,-81.8991955
6554,11/18/2022,C and D,26.4415498909,-81.9291738517
6555,11/30/2022,C and D,26.4430156443,-81.9318596274
6556,12/04/2022,C and D,26.4361579,-81.9206347
6557,02/13/2023,C and D,26.436376197,-81.92104427
6558,11/19/2022,C and D,26.4246123527,-81.906022648
6559,12/02/2022,Vegetation,26.4282413246,-81.9113873319
6560,11/21/2022,C and D,26.4288824,-81.9116706
6561,10/16/2022,Dirty Sand Soil,26.435243,-81.9193869
6562,10/30/2022,C and D,26.4596323483,-81.9461734873
6563,01/25/2023,C and D,26.4332355,-81.9165549
6564,11/05/2022,C and D,26.4478354,-81.9406456
6565,10/23/2022,Dirty Sand Soil,26.4236134,-81.9051007
6566,10/15/2022,Dirty Sand Soil,26.4489888,-81.9434717
6567,11/21/2022,C and D,26.444003783,-81.9333462516
6568,11/08/2022,C and D,26.4254266,-81.9071203
6569,11/06/2022,C and D,26.4046696527,-81.8920595013
6570,10/25/2022,C and D,26.4283521334,-81.9111757726
6571,03/08/2023,HHW to DMS,26.4596274,-81.9464254
6572,11/08/2022,C and D,26.4338787,-81.9174571
6573,12/02/2022,C and D,26.4225766545,-81.9039972554
6574,02/07/2023,C and D,26.4639939951,-81.9485989894
6575,10/16/2022,Dirty Sand Soil,26.4454885,-81.9365955
6576,12/16/2022,C and D,26.4600221503,-81.9470628565
6577,01/09/2023,C and D,26.4580954245,-81.9438825229
6578,12/08/2022,Dirty Sand Soil,26.4287336,-81.9116085
6579,11/08/2022,C and D,26.4078201,-81.8969149
6580,11/06/2022,C and D,26.4281532308,-81.9110088889
6581,11/19/2022,C and D,26.4102705234,-81.8987890796
6582,10/18/2022,C and D,26.4659256,-81.9555976
6583,12/02/2022,C and D,26.425652029,-81.9079960977
6584,11/30/2022,C and D,26.4346737,-81.9187748
6585,11/30/2022,C and D,26.4345149,-81.9187201
6586,10/21/2022,C and D,26.4338338742,-81.9173771575
6587,10/21/2022,C and D,26.4184056,-81.9021241
6588,11/07/2022,C and D,26.4380392,-81.9233857
6589,12/18/2022,C and D,26.4382451261,-81.9233431947
6590,12/20/2022,C and D,26.4589926446,-81.948293017
6591,12/11/2022,C and D,26.4402647,-81.9268694
6592,03/18/2023,C and D,26.4643548904,-81.9537443562
6593,01/20/2023,C and D,26.4639161248,-81.9476537691
6594,11/28/2022,C and D,26.4213881,-81.9036749
6595,11/21/2022,C and D,26.4047391,-81.8863369
6596,11/21/2022,C and D,26.4047484,-81.8863359
6597,11/11/2022,C and D,26.4583456423,-81.942514116
6598,01/18/2023,C and D,26.462542882,-81.9533717874
6599,02/03/2023,C and D,26.4417708836,-81.9295527098
6600,11/11/2022,C and D,26.4414117672,-81.9289839641
6601,12/09/2022,Dirty Sand Soil,26.4199364,-81.9027797
6602,12/10/2022,C and D,26.4071226,-81.8962809
6603,11/06/2022,C and D,26.4063081891,-81.8954079878
6604,12/07/2022,C and D,26.4337437,-81.9177281
6605,11/16/2022,C and D,26.4358458901,-81.9198094682
6606,12/16/2022,Dirty Sand Soil,26.4328016,-81.9159341
6607,11/15/2022,C and D,26.4327703,-81.9160956
6608,11/08/2022,C and D,26.4524535835,-81.9546663669
6609,12/15/2022,C and D,26.4594092805,-81.9426092644
6610,11/05/2022,C and D,26.4058833997,-81.8946645207
6611,01/28/2023,Concrete to FDS,26.4478987,-81.940584
6612,03/24/2023,C and D,26.406066,-81.894697
6613,10/21/2022,Dirty Sand Soil,26.437529,-81.9223212
6614,12/11/2022,C and D,26.465332,-81.9553283
6615,12/04/2022,C and D,26.4594880799,-81.9404382491
6616,11/15/2022,C and D,26.4364883211,-81.9209939987
6617,03/17/2023,C and D,26.4646782833,-81.9529347074
6618,10/14/2022,C and D,26.4253327122,-81.9065020701
6619,10/24/2022,Dirty Sand Soil,26.4107233,-81.899172
6620,01/30/2023,C and D,26.4293834,-81.9123227
6621,12/08/2022,Dirty Sand Soil,26.4095459,-81.8982717
6622,01/21/2023,Compact CD,26.4483717,-81.9405033
6623,12/03/2022,Vegetation,26.428519,-81.9112581
6624,11/02/2022,C and D,26.4487789,-81.9431509
6625,12/01/2022,C and D,26.4619005356,-81.9486239405
6626,11/02/2022,C and D,26.46319889,-81.9477393945
6627,11/18/2022,C and D,26.4038119326,-81.8752106187
6628,01/24/2023,C and D,26.4053616,-81.8935772
6629,10/23/2022,Clean Sand Soil,26.4525817,-81.954624
6630,02/14/2023,C and D,26.4171340091,-81.901665957
6631,12/19/2022,C and D,26.4359781146,-81.9203306549
6632,10/21/2022,Dirty Sand Soil,26.4515912,-81.9512932
6633,10/18/2022,Dirty Sand Soil,26.4392033,-81.9248323
6634,01/12/2023,C and D,26.4591651009,-81.9486913355
6635,10/19/2022,Clean Sand Soil,26.4525415,-81.954575
6636,11/03/2022,C and D,26.4061815981,-81.8952816201
6637,03/17/2023,C and D,26.462704353,-81.9510767112
6638,11/17/2022,C and D,26.4393463824,-81.9256522414
6639,01/16/2023,C and D,26.4604862908,-81.9402959734
6640,11/29/2022,C and D,26.424685625,-81.9061247184
6641,10/19/2022,C and D,26.436576828,-81.9209935742
6642,11/14/2022,C and D,26.441829221,-81.9295874154
6643,10/27/2022,C and D,26.4061127103,-81.8949401365
6644,12/04/2022,C and D,26.4281783,-81.9111309
6645,11/08/2022,C and D,26.4497053,-81.9461436
6646,11/19/2022,Vegetation,26.4047036165,-81.8845017131
6647,11/21/2022,C and D,26.4044528,-81.8866976
6648,10/16/2022,C and D,26.4306437755,-81.9135140761
6649,02/08/2023,C and D,26.4168716,-81.9014543
6650,01/12/2023,C and D,26.4602994149,-81.9476665358
6651,12/01/2022,C and D,26.4424044,-81.9307888
6652,11/11/2022,Vegetation,26.4255587,-81.9081281
6653,12/03/2022,C and D,26.4594599744,-81.9403766469
6654,11/09/2022,C and D,26.4420232132,-81.9299520083
6655,12/19/2022,C and D,26.4585875738,-81.9395400658
6656,10/21/2022,C and D,26.4341545336,-81.917857474
6657,11/11/2022,C and D,26.4188260587,-81.9019479547
6658,01/07/2023,C and D,26.4309947,-81.9138594
6659,12/05/2022,C and D,26.4595075418,-81.9405180496
6660,11/11/2022,C and D,26.4215587,-81.9038413
6661,11/21/2022,Sand CD,26.4524171,-81.9546506
6662,11/18/2022,C and D,26.433585,-81.9171884
6663,12/10/2022,C and D,26.4358792,-81.9200882
6664,11/05/2022,C and D,26.4255421,-81.9076339
6665,12/07/2022,C and D,26.4588961794,-81.9480028231
6666,02/23/2023,C and D,26.4288524965,-81.9117580882
6667,11/15/2022,C and D,26.4429049056,-81.9315283768
6668,11/02/2022,C and D,26.4077412011,-81.8967827876
6669,01/15/2023,C and D,26.4595955646,-81.9403321253
6670,12/07/2022,C and D,26.4582914,-81.940909
6671,11/08/2022,C and D,26.4508492701,-81.9493638566
6672,01/03/2023,C and D,26.4580224708,-81.9392413714
6673,01/15/2023,C and D,26.4440545,-81.9336863
6674,01/10/2023,C and D,26.4578299833,-81.9390361943
6675,01/14/2023,C and D,26.4226098,-81.904543
6676,12/07/2022,C and D,26.4657216,-81.9554681
6677,12/04/2022,C and D,26.4277807,-81.9108907
6678,11/04/2022,C and D,26.4599573177,-81.9468567938
6679,11/16/2022,C and D,26.4319241,-81.9150424
6680,10/23/2022,Dirty Sand Soil,26.4310476,-81.9139676
6681,12/14/2022,C and D,26.4593923915,-81.9417092009
6682,10/25/2022,Dirty Sand Soil,26.4279295,-81.9106755
6683,12/19/2022,C and D,26.4575996361,-81.9403317423
6684,12/17/2022,C and D,26.4477468,-81.9404225
6685,01/24/2023,C and D,26.4055745,-81.8940872
6686,10/15/2022,C and D,26.4364527648,-81.9209131856
6687,10/17/2022,Clean Sand Soil,26.452606,-81.9545792
6688,03/16/2023,C and D,26.4598141407,-81.9466945166
6689,01/21/2023,C and D,26.4347375,-81.918513
6690,11/02/2022,C and D,26.4287587814,-81.9116129727
6691,12/17/2022,C and D,26.4478564,-81.9403489
6692,10/12/2022,C and D,26.4047048,-81.8916987
6693,10/18/2022,C and D,26.464604892,-81.9531783474
6694,11/02/2022,Dirty Sand Soil,26.4117426,-81.8996434
6695,01/11/2023,C and D,26.4641495315,-81.9469805552
6696,10/18/2022,Dirty Sand Soil,26.4398439,-81.9259593
6697,11/06/2022,C and D,26.4220232517,-81.9040552621
6698,02/07/2023,C and D,26.4317775451,-81.9148619007
6699,02/03/2023,C and D,26.4476676,-81.9402043
6700,11/04/2022,C and D,26.4181424537,-81.9020771168
6701,11/20/2022,C and D,26.4598435,-81.9426574
6702,12/07/2022,C and D,26.4106957772,-81.8991559145
6703,10/13/2022,C and D,26.4046225342,-81.8862531466
6704,01/13/2023,C and D,26.4590539747,-81.9483351941
6705,02/10/2023,C and D,26.4253915538,-81.9075522743
6706,11/15/2022,C and D,26.4346114354,-81.9188593936
6707,02/26/2023,C and D,26.4056415763,-81.8945212663
6708,11/04/2022,C and D,26.404436552,-81.8902216852
6709,12/10/2022,C and D,26.4360359,-81.9207209
6710,10/18/2022,C and D,26.4620863962,-81.9535261326
6711,11/05/2022,C and D,26.4622970909,-81.9476663816
6712,01/12/2023,C and D,26.4585721174,-81.9461693743
6713,10/22/2022,HHW to DMS,26.4612972122,-81.9505037825
6714,01/14/2023,C and D,26.4352717368,-81.9192807573
6715,12/19/2022,Vegetation,26.4049791545,-81.8932487258
6716,10/22/2022,C and D,26.4479076607,-81.9407247753
6717,02/08/2023,Dirty Sand Soil,26.4320546,-81.9151364
6718,12/09/2022,C and D,26.461710026,-81.9462260029
6719,12/06/2022,Dirty Sand Soil,26.4336819,-81.9171313
6720,10/24/2022,Dirty Sand Soil,26.4176914,-81.9017181
6721,11/07/2022,C and D,26.4258273231,-81.908731881
6722,10/07/2022,C and D,26.4616635,-81.9527462
6723,01/13/2023,Sand CD,26.4369662,-81.9222342
6724,10/31/2022,C and D,26.4655790508,-81.9544189252
6725,12/18/2022,C and D,26.4381637378,-81.9235345536
6726,11/22/2022,C and D,26.4289245,-81.9112763
6727,03/13/2023,HHW to DMS,26.4663383,-81.9537453
6728,11/09/2022,C and D,26.4105480979,-81.89909512
6729,12/10/2022,C and D,26.4594810018,-81.9461508516
6730,11/03/2022,C and D,26.4380750992,-81.9232248423
6731,10/13/2022,C and D,26.4240528,-81.9055169
6732,10/30/2022,C and D,26.4192102425,-81.9022469477
6733,11/12/2022,C and D,26.4105895096,-81.8987250008
6734,10/17/2022,Clean Sand Soil,26.4525487,-81.9545832
6735,10/18/2022,C and D,26.4044610433,-81.887014413
6736,01/11/2023,C and D,26.4508966453,-81.9487595483
6737,02/09/2023,C and D,26.438036,-81.9231108
6738,01/11/2023,C and D,26.4508614889,-81.9487627812
6739,11/20/2022,Sand CD,26.4524952,-81.954655
6740,12/05/2022,C and D,26.4648847,-81.955055
6741,11/21/2022,C and D,26.4599770339,-81.9534848278
6742,11/28/2022,C and D,26.4642177,-81.9469207
6743,10/24/2022,Dirty Sand Soil,26.4310719,-81.9139545
6744,11/22/2022,C and D,26.4048384,-81.8911725
6745,12/15/2022,C and D,26.4584611939,-81.9394791369
6746,10/17/2022,Dirty Sand Soil,26.4412986,-81.9285375
6747,10/15/2022,C and D,26.4246819971,-81.9061427613
6748,10/18/2022,Dirty Sand Soil,26.4513154,-81.9501197
6749,12/11/2022,Vegetation,26.426941,-81.9097307
6750,11/02/2022,Dirty Sand Soil,26.4130263,-81.8999363
6751,10/15/2022,Dirty Sand Soil,26.4491391957,-81.9439715964
6752,11/29/2022,Sand CD,26.4524642,-81.9546104
6753,12/01/2022,C and D,26.4630519971,-81.9540287924
6754,01/31/2023,Compact CD,26.4483657,-81.9404649
6755,12/07/2022,Dirty Sand Soil,26.4113449,-81.8994712
6756,11/11/2022,C and D,26.4202038964,-81.9029481725
6757,10/18/2022,C and D,26.4656936,-81.9546879
6758,11/13/2022,C and D,26.4390007127,-81.9249453117
6759,02/03/2023,C and D,26.4418012,-81.9293136
6760,12/03/2022,C and D,26.40985935,-81.8986805343
6761,11/30/2022,C and D,26.4047948,-81.8864749
6762,11/16/2022,C and D,26.4613918,-81.953803
6763,11/21/2022,C and D,26.4630621,-81.9533231
6764,11/02/2022,C and D,26.4288699301,-81.9116560538
6765,11/07/2022,C and D,26.4099934,-81.8985893
6766,11/28/2022,C and D,26.4311749753,-81.9141469679
6767,12/06/2022,C and D,26.4297123,-81.9126383
6768,01/06/2023,C and D,26.4302815,-81.9131258
6769,10/31/2022,Dirty Sand Soil,26.4114745,-81.8994398
6770,11/07/2022,C and D,26.4077866,-81.8967122
6771,01/13/2023,C and D,26.4590103635,-81.9483091468
6772,01/11/2023,C and D,26.4609068712,-81.948468108
6773,11/29/2022,C and D,26.4246783,-81.9059432
6774,10/14/2022,Dirty Sand Soil,26.4531163,-81.9553036
6775,10/28/2022,C and D,26.4619388385,-81.9513155334
6776,12/15/2022,C and D,26.4580154792,-81.9410856721
6777,10/15/2022,Dirty Sand Soil,26.449182001,-81.944163926
6778,12/05/2022,C and D,26.4620681743,-81.9515607158
6779,12/05/2022,C and D,26.4649809,-81.9551206
6780,01/23/2023,C and D,26.4645121772,-81.9544910742
6781,11/11/2022,C and D,26.441792087,-81.9293614989
6782,12/07/2022,Dirty Sand Soil,26.4115665,-81.8994565
6783,12/08/2022,C and D,26.4608584284,-81.9463866335
6784,12/01/2022,C and D,26.4611623844,-81.9522595849
6785,02/02/2023,C and D,26.4660698176,-81.9555956685
6786,11/28/2022,C and D,26.4214675,-81.9037779
6787,02/17/2023,C and D,26.4102912,-81.8989804
6788,02/28/2023,C and D,26.459182771,-81.9416927804
6789,11/05/2022,C and D,26.4175999847,-81.9016186849
6790,10/21/2022,Dirty Sand Soil,26.4509085,-81.9488337
6791,01/06/2023,C and D,26.44774,-81.940425
6792,12/04/2022,C and D,26.4281002,-81.9111113
6793,10/28/2022,Clean Sand Soil,26.4526858,-81.9552881
6794,11/04/2022,C and D,26.461405,-81.9514365
6795,10/27/2022,C and D,26.4045037867,-81.8915034789
6796,12/07/2022,C and D,26.4601947689,-81.9469547086
6797,01/24/2023,C and D,26.4055598,-81.8939979
6798,10/27/2022,C and D,26.4065285912,-81.8956516498
6799,11/30/2022,C and D,26.4637187872,-81.954104841
6800,11/02/2022,C and D,26.4256028,-81.9079222
6801,03/25/2023,C and D,26.4607497429,-81.9480802966
6802,11/16/2022,C and D,26.466464,-81.9557847
6803,10/18/2022,Dirty Sand Soil,26.4491596,-81.9439081
6804,10/22/2022,Dirty Sand Soil,26.4515165,-81.9512619
6805,12/16/2022,C and D,26.4601046734,-81.9473048238
6806,03/08/2023,C and D,26.4355146,-81.9197981
6807,10/31/2022,C and D,26.4286479584,-81.9115295415
6808,12/20/2022,C and D,26.4590315666,-81.9483665461
6809,11/01/2022,C and D,26.4110509213,-81.8993509189
6810,10/15/2022,C and D,26.4364811899,-81.920972066
6811,11/11/2022,C and D,26.4113414,-81.8994436
6812,11/28/2022,C and D,26.4597536,-81.9418305
6813,12/01/2022,C and D,26.4051201,-81.8931349
6814,11/14/2022,C and D,26.4418786843,-81.9296702567
6815,10/17/2022,C and D,26.4623237721,-81.9537080634
6816,12/05/2022,C and D,26.4065469476,-81.8954724447
6817,11/03/2022,C and D,26.4399973629,-81.9263807126
6818,12/03/2022,C and D,26.4282595,-81.9113098
6819,10/20/2022,Dirty Sand Soil,26.4512684,-81.9499948
6820,12/17/2022,C and D,26.4603293449,-81.9474752298
6821,11/11/2022,C and D,26.4255297985,-81.907924772
6822,12/06/2022,C and D,26.4659491,-81.9555226
6823,11/13/2022,C and D,26.4073812752,-81.8963927915
6824,12/11/2022,C and D,26.4054890562,-81.8942690406
6825,12/11/2022,C and D,26.4103358979,-81.8988552146
6826,03/27/2023,C and D,26.4422864,-81.9302281
6827,10/14/2022,C and D,26.4074864576,-81.8966512111
6828,05/03/2023,C and D,26.460005343,-81.9469873701
6829,10/17/2022,C and D,26.46216,-81.9512615
6830,11/12/2022,C and D,26.4405873651,-81.9275567774
6831,11/17/2022,C and D,26.4256468322,-81.9081099239
6832,11/16/2022,C and D,26.4406833886,-81.9275597943
6833,10/25/2022,C and D,26.4430444362,-81.9317950868
6834,11/02/2022,C and D,26.4623618731,-81.9477461
6835,12/08/2022,Dirty Sand Soil,26.4098353,-81.8984717
6836,11/11/2022,C and D,26.439071294,-81.9248056505
6837,11/13/2022,C and D,26.4597227052,-81.9424783253
6838,10/09/2022,Vegetation,26.4385636,-81.923911
6839,11/13/2022,C and D,26.4582415385,-81.9414956645
6840,01/11/2023,C and D,26.460990333,-81.9489455733
6841,11/19/2022,C and D,26.4661640402,-81.9555838534
6842,12/11/2022,C and D,26.4052341739,-81.8933703472
6843,01/12/2023,C and D,26.4508473,-81.9488668
6844,11/03/2022,C and D,26.4064030133,-81.8954355741
6845,11/07/2022,C and D,26.4044627,-81.8864645
6846,10/16/2022,C and D,26.4323131214,-81.9153697635
6847,01/26/2023,Dirty Sand Soil,26.444028,-81.9335416
6848,10/20/2022,C and D,26.4146661,-81.9006601
6849,11/07/2022,C and D,26.443546135,-81.9328983129
6850,11/08/2022,C and D,26.4511138201,-81.9496230596
6851,01/20/2023,Compact CD,26.4484048,-81.9404695
6852,10/29/2022,C and D,26.4197022,-81.9025687
6853,11/19/2022,C and D,26.4594664,-81.9403937
6854,12/04/2022,C and D,26.4361311,-81.9206509
6855,12/05/2022,C and D,26.4623911477,-81.951458511
6856,10/05/2022,C and D,26.4633333965,-81.9541283115
6857,01/23/2023,C and D,26.4637706395,-81.9539639096
6858,12/01/2022,C and D,26.4645099,-81.9505223
6859,10/16/2022,C and D,26.4365873529,-81.9209304018
6860,11/06/2022,C and D,26.4224105,-81.904244
6861,12/05/2022,C and D,26.4647171,-81.9549999
6862,02/12/2023,C and D,26.4254090489,-81.9075153736
6863,01/03/2023,C and D,26.4508114,-81.9489253
6864,12/17/2022,C and D,26.4055394,-81.8943297
6865,11/30/2022,C and D,26.4631207377,-81.9540887961
6866,11/21/2022,C and D,26.4599296215,-81.9536499824
6867,10/14/2022,C and D,26.4513972396,-81.9508406528
6868,01/13/2023,Sand CD,26.4370313,-81.9222327
6869,10/12/2022,C and D,26.4046752931,-81.8844343185
6870,12/05/2022,C and D,26.4578427036,-81.9403413285
6871,10/20/2022,Dirty Sand Soil,26.4514207,-81.9512288
6872,11/15/2022,C and D,26.4426544295,-81.931270281
6873,01/04/2023,C and D,26.4302583,-81.9130261
6874,10/10/2022,C and D,26.4476275668,-81.9392280539
6875,11/04/2022,C and D,26.4480637,-81.9410807
6876,11/09/2022,C and D,26.4631178337,-81.9509709802
6877,11/13/2022,C and D,26.4383696392,-81.923621893
6878,12/05/2022,C and D,26.4577022647,-81.9402840698
6879,11/18/2022,C and D,26.4037197735,-81.8754064199
6880,10/24/2022,C and D,26.4283350024,-81.9111196128
6881,12/20/2022,C and D,26.460448963,-81.9477398856
6882,10/14/2022,Vegetation,26.4070486023,-81.8961813066
6883,12/09/2022,Dirty Sand Soil,26.4201396,-81.9028793
6884,11/02/2022,C and D,26.4607607201,-81.9485199173
6885,10/18/2022,C and D,26.4365902477,-81.9208999621
6886,11/02/2022,C and D,26.4076624112,-81.8966853061
6887,10/30/2022,Dirty Sand Soil,26.4301843,-81.9130511
6888,12/03/2022,C and D,26.4580771281,-81.940344628
6889,03/17/2023,C and D,26.4628126158,-81.9533831645
6890,11/12/2022,C and D,26.4104648587,-81.8990021479
6891,11/18/2022,C and D,26.4103871584,-81.8988728151
6892,12/06/2022,Vegetation,26.448697988,-81.9429315348
6893,10/15/2022,C and D,26.4480178107,-81.941065008
6894,02/03/2023,Dirty Sand Soil,26.4319527,-81.9150292
6895,11/13/2022,C and D,26.4525022805,-81.9546918509
6896,11/11/2022,Dirty Sand Soil,26.4137808,-81.9003986
6897,10/18/2022,Dirty Sand Soil,26.4352474,-81.9192163
6898,10/06/2022,C and D,26.4636906459,-81.9531194325
6899,11/18/2022,C and D,26.4106306108,-81.8989280519
6900,02/07/2023,C and D,26.4318236648,-81.9147948224
6901,10/21/2022,C and D,26.4289508922,-81.9115963174
6902,12/21/2022,C and D,26.4636089492,-81.9509704811
6903,12/06/2022,C and D,26.4602738115,-81.9475911264
6904,11/21/2022,C and D,26.4599985,-81.940371
6905,11/30/2022,C and D,26.4426341271,-81.9310772055
6906,03/17/2023,C and D,26.4617788589,-81.9540181444
6907,10/13/2022,C and D,26.4175629,-81.9017227
6908,10/13/2022,Dirty Sand Soil,26.4491647,-81.9440327
6909,10/14/2022,C and D,26.4478819566,-81.9402215857
6910,11/01/2022,C and D,26.4287329198,-81.9115706735
6911,10/07/2022,C and D,26.4598288521,-81.953787475
6912,10/23/2022,Dirty Sand Soil,26.4311133,-81.9139527
6913,11/11/2022,C and D,26.419962703,-81.9026422067
6914,01/10/2023,C and D,26.4604956136,-81.9462263015
6915,11/18/2022,C and D,26.4037824555,-81.875334202
6916,10/25/2022,C and D,26.4287234936,-81.9116356038
6917,11/29/2022,C and D,26.4249639586,-81.906238664
6918,10/21/2022,Clean Sand Soil,26.4526107,-81.9546938
6919,12/16/2022,C and D,26.4056476951,-81.8944075239
6920,10/16/2022,Dirty Sand Soil,26.4352211,-81.9193927
6921,12/02/2022,C and D,26.4047367,-81.8860115
6922,12/09/2022,Dirty Sand Soil,26.4143482,-81.9005411
6923,11/16/2022,C and D,26.4106136916,-81.8991480062
6924,01/07/2023,Clean Sand Soil,26.4364797,-81.9222943
6925,02/10/2023,C and D,26.4254487525,-81.9075264958
6926,12/12/2022,C and D,26.404822354,-81.8886246622
6927,12/03/2022,C and D,26.4581694114,-81.9439991447
6928,12/04/2022,C and D,26.4282613,-81.9111085
6929,12/07/2022,C and D,26.4594541144,-81.9477079786
6930,01/21/2023,C and D,26.4602223262,-81.9476449366
6931,01/30/2023,C and D,26.4289901,-81.9119743
6932,12/03/2022,C and D,26.4582656989,-81.9441757328
6933,02/03/2023,Dirty Sand Soil,26.4319137,-81.9149725
6934,11/13/2022,C and D,26.4213416,-81.9036276
6935,11/14/2022,C and D,26.4416866082,-81.9295033318
6936,02/13/2023,C and D,26.43638,-81.9209284
6937,02/09/2023,C and D,26.412918,-81.8999511
6938,12/05/2022,C and D,26.4376520645,-81.9232713618
6939,10/11/2022,C and D,26.4162776,-81.9011363
6940,03/18/2023,C and D,26.4639129384,-81.9544237778
6941,10/19/2022,Dirty Sand Soil,26.4514478,-81.9513366
6942,12/06/2022,Dirty Sand Soil,26.4338102,-81.9172627
6943,11/12/2022,Dirty Sand Soil,26.4340826,-81.9177857
6944,10/06/2022,C and D,26.4594213116,-81.946024867
6945,10/15/2022,C and D,26.4496100632,-81.9457521379
6946,10/08/2022,C and D,26.4664454,-81.9557195
6947,12/19/2022,C and D,26.4262663387,-81.9090160915
6948,11/06/2022,C and D,26.4218909,-81.9039206
6949,01/13/2023,C and D,26.4609971879,-81.9463716733
6950,10/20/2022,C and D,26.436435712,-81.9209041091
6951,01/18/2023,C and D,26.4628054962,-81.9533451538
6952,11/17/2022,C and D,26.4525185013,-81.9546972961
6953,11/17/2022,C and D,26.4665688,-81.9556641
6954,02/09/2023,C and D,26.4051019,-81.893212
6955,10/18/2022,C and D,26.4306463869,-81.913511978
6956,12/18/2022,Dirty Sand Soil,26.4370576,-81.9220382
6957,10/05/2022,C and D,26.4638431,-81.9540729
6958,03/09/2023,C and D,26.4200392,-81.9029208
6959,12/17/2022,C and D,26.4189403877,-81.9022352994
6960,01/12/2023,C and D,26.4438439,-81.9333342
6961,10/19/2022,Clean Sand Soil,26.452553,-81.9546062
6962,11/06/2022,C and D,26.4603722189,-81.9474736043
6963,11/12/2022,C and D,26.458076878,-81.9431616331
6964,11/18/2022,C and D,26.4036661713,-81.8753639237
6965,11/08/2022,C and D,26.4256933856,-81.9083494038
6966,12/14/2022,C and D,26.4602925815,-81.9402178898
6967,11/04/2022,C and D,26.4047210757,-81.8921522052
6968,12/08/2022,C and D,26.4342079,-81.9171955
6969,11/03/2022,C and D,26.4485536,-81.9427848
6970,12/02/2022,C and D,26.4360370394,-81.9201190119
6971,12/17/2022,Vegetation,26.4254243346,-81.9079493266
6972,10/06/2022,C and D,26.4633589296,-81.9532956537
6973,10/18/2022,C and D,26.4660497,-81.9553363
6974,10/29/2022,C and D,26.4255509406,-81.9076201138
6975,02/09/2023,C and D,26.4066068,-81.8955892
6976,10/13/2022,C and D,26.4155449667,-81.9010525427
6977,02/09/2023,C and D,26.4157154,-81.9011698
6978,12/02/2022,C and D,26.4614295135,-81.95380365
6979,10/22/2022,C and D,26.4171826,-81.9015733
6980,03/08/2023,C and D,26.4220345,-81.9041732
6981,10/17/2022,C and D,26.4501489792,-81.9466986135
6982,11/07/2022,C and D,26.4272533573,-81.9101402126
6983,05/04/2023,C and D,26.4612000739,-81.9497741794
6984,11/06/2022,C and D,26.4288305,-81.9118231
6985,01/08/2023,C and D,26.4300583,-81.9127567
6986,02/08/2023,C and D,26.4378183102,-81.9228927156
6987,02/08/2023,C and D,26.4607227917,-81.94705954
6988,12/08/2022,C and D,26.4341546735,-81.9176697359
6989,12/12/2022,C and D,26.4576773495,-81.9403022898
6990,12/17/2022,C and D,26.4382931,-81.923534
6991,11/04/2022,C and D,26.4255838086,-81.9077811215
6992,10/20/2022,C and D,26.4158597,-81.9012367
6993,10/25/2022,C and D,26.4435128578,-81.9327558773
6994,12/19/2022,C and D,26.4579286685,-81.9403638235
6995,11/30/2022,C and D,26.4369855,-81.9218367
6996,10/21/2022,Dirty Sand Soil,26.4515138,-81.9513076
6997,10/22/2022,Clean Sand Soil,26.4525747,-81.9545964
6998,11/07/2022,C and D,26.4591232071,-81.9455659495
6999,01/06/2023,C and D,26.4477392,-81.9401752
7000,10/23/2022,Dirty Sand Soil,26.4232579,-81.9048328
7001,12/06/2022,Vegetation,26.4172643423,-81.9015814272
7002,11/21/2022,C and D,26.4585511,-81.9418233
7003,12/09/2022,C and D,26.4364880755,-81.9209028413
7004,10/21/2022,C and D,26.4306191079,-81.9134855831
7005,11/14/2022,C and D,26.4066553675,-81.8956016936
7006,10/22/2022,HHW to DMS,26.4611414466,-81.9477051947
7007,10/22/2022,HHW to DMS,26.4501276003,-81.9455003439
7008,02/08/2023,C and D,26.4319425817,-81.9151046199
7009,12/10/2022,C and D,26.4594232198,-81.9405926485
7010,11/18/2022,C and D,26.4101948253,-81.8987313038
7011,11/19/2022,C and D,26.4100699746,-81.8987285714
7012,11/27/2022,C and D,26.4336756361,-81.917404664
7013,12/05/2022,C and D,26.4614283509,-81.951290507
7014,01/07/2023,Clean Sand Soil,26.4365101,-81.9223923
7015,11/08/2022,Dirty Sand Soil,26.4145822,-81.9006709
7016,02/23/2023,C and D,26.4288509205,-81.9117880026
7017,10/30/2022,C and D,26.4274414553,-81.9101936198
7018,01/22/2023,C and D,26.4644677531,-81.9535794372
7019,10/14/2022,Dirty Sand Soil,26.4519400243,-81.9526938536
7020,11/03/2022,C and D,26.4065889198,-81.8957552796
7021,01/31/2023,C and D,26.4378356,-81.9228058
7022,11/06/2022,C and D,26.4189757,-81.9022148
7023,12/16/2022,C and D,26.4057456,-81.894524
7024,01/18/2023,Dirty Sand Soil,26.4466488,-81.9381758
7025,01/20/2023,C and D,26.40541,-81.894175
7026,11/08/2022,C and D,26.4614565952,-81.9522858809
7027,01/25/2023,Compact CD,26.4482036,-81.940673
7028,03/27/2023,Vegetation,26.4143407,-81.9006221
7029,10/11/2022,C and D,26.4653996,-81.9542268
7030,12/02/2022,C and D,26.4284582,-81.9114547
7031,10/16/2022,Clean Sand Soil,26.4525722,-81.9545867
7032,11/13/2022,C and D,26.4352724841,-81.9195842464
7033,10/31/2022,C and D,26.4500654,-81.9467621
7034,11/14/2022,C and D,26.4584188,-81.9409639
7035,10/21/2022,C and D,26.4307811429,-81.9136540785
7036,10/18/2022,Dirty Sand Soil,26.449191,-81.9439442
7037,12/05/2022,C and D,26.4297795,-81.9126393
7038,10/19/2022,Clean Sand Soil,26.4525461,-81.9545952
7039,12/09/2022,Dirty Sand Soil,26.4130779,-81.90004
7040,02/04/2023,C and D,26.4478038,-81.9401187
7041,10/25/2022,C and D,26.4355473722,-81.9198853344
7042,10/17/2022,Clean Sand Soil,26.4525668,-81.9545248
7043,12/18/2022,C and D,26.4636968508,-81.9468922905
7044,11/02/2022,C and D,26.4066971233,-81.8958551781
7045,12/06/2022,C and D,26.4222976333,-81.9043804799
7046,11/02/2022,Dirty Sand Soil,26.41178,-81.8996132
7047,02/02/2023,C and D,26.4417511919,-81.9293846158
7048,11/14/2022,C and D,26.4103861107,-81.8990241085
7049,10/30/2022,C and D,26.4505819,-81.9482216
7050,12/03/2022,C and D,26.4045574902,-81.8864423644
7051,01/12/2023,C and D,26.4584588527,-81.9462602906
7052,10/23/2022,Clean Sand Soil,26.4525644,-81.9545836
7053,01/09/2023,C and D,26.4581060935,-81.9436677161
7054,10/31/2022,C and D,26.4499405,-81.9464722
7055,02/01/2023,C and D,26.4606372547,-81.9491890446
7056,11/27/2022,C and D,26.4337150427,-81.9172604476
7057,10/12/2022,C and D,26.4242474735,-81.9058126119
7058,10/28/2022,Clean Sand Soil,26.4526988,-81.9552921
7059,11/03/2022,C and D,26.4647608034,-81.9506421834
7060,11/11/2022,C and D,26.4401899372,-81.9266891667
7061,10/11/2022,C and D,26.4162329,-81.9010576
7062,11/03/2022,C and D,26.4255195492,-81.9071468159
7063,12/05/2022,C and D,26.4622498734,-81.951592253
7064,01/11/2023,C and D,26.4508564681,-81.9488529354
7065,12/19/2022,C and D,26.4272051957,-81.9099121169
7066,10/29/2022,C and D,26.4255074791,-81.9078004899
7067,10/28/2022,C and D,26.4203131037,-81.9030975502
7068,01/24/2023,C and D,26.40474,-81.8916403
7069,10/31/2022,C and D,26.4177452783,-81.9018607436
7070,10/30/2022,C and D,26.4648920764,-81.9550671057
7071,02/09/2023,C and D,26.463633324,-81.9541917835
7072,01/15/2023,C and D,26.4591829231,-81.9416192107
7073,10/31/2022,C and D,26.4287330547,-81.9115726803
7074,02/02/2023,Concrete,26.4587041,-81.9416745
7075,10/11/2022,C and D,26.4654623,-81.9544165
7076,11/05/2022,C and D,26.4255133,-81.9077923
7077,10/15/2022,C and D,26.4241691694,-81.9055904026
7078,11/30/2022,C and D,26.435883,-81.9200717
7079,11/03/2022,C and D,26.428667,-81.9114069
7080,01/22/2023,C and D,26.4644534437,-81.9534663495
7081,11/08/2022,C and D,26.4257884,-81.9087
7082,01/19/2023,C and D,26.4262367,-81.9090735
7083,12/03/2022,C and D,26.428449,-81.9113601
7084,01/07/2023,HHW to DMS,26.4607629948,-81.9472350666
7085,01/30/2023,Compact CD,26.4483369,-81.9407355
7086,01/18/2023,C and D,26.4627899178,-81.9533510158
7087,10/13/2022,C and D,26.4392290868,-81.9250816688
7088,11/15/2022,C and D,26.405655697,-81.8943929347
7089,12/13/2022,C and D,26.4603070848,-81.9402500432
7090,12/11/2022,C and D,26.4052519854,-81.8933462911
7091,11/12/2022,C and D,26.4331529,-81.9164881
7092,01/12/2023,C and D,26.4436567,-81.9333387
7093,11/29/2022,C and D,26.4503805,-81.9478324
7094,11/05/2022,C and D,26.4254958,-81.9077432
7095,02/17/2023,C and D,26.4103291048,-81.8989951572
7096,01/04/2023,C and D,26.4302102,-81.9130389
7097,01/15/2023,C and D,26.4585997367,-81.9417442458
7098,11/15/2022,C and D,26.4354653517,-81.9197402336
7099,11/13/2022,C and D,26.4525663027,-81.9546738125
7100,01/20/2023,Compact CD,26.4483568,-81.9403605
7101,11/09/2022,C and D,26.4604417468,-81.9476597664
7102,01/20/2023,C and D,26.4642315781,-81.9477902171
7103,12/15/2022,C and D,26.4339403482,-81.9175189455
7104,10/15/2022,Dirty Sand Soil,26.4493047,-81.9443912
7105,10/30/2022,Dirty Sand Soil,26.4339232,-81.9175756
7106,11/16/2022,C and D,26.4255998936,-81.9081307948
7107,12/09/2022,C and D,26.4578326392,-81.9403115297
7108,11/02/2022,C and D,26.4064127923,-81.8954051433
7109,12/15/2022,Dirty Sand Soil,26.435034,-81.9190697
7110,10/14/2022,Vegetation,26.4057844518,-81.8945804651
7111,10/21/2022,C and D,26.4288123169,-81.911645772
7112,11/08/2022,C and D,26.4525669068,-81.9546777663
7113,12/19/2022,C and D,26.4169369452,-81.9014157169
7114,10/14/2022,Dirty Sand Soil,26.45181,-81.9517066
7115,12/04/2022,C and D,26.4413043112,-81.9287851454
7116,11/01/2022,Dirty Sand Soil,26.4126056,-81.8998085
7117,12/07/2022,C and D,26.4612931,-81.9521938
7118,12/03/2022,C and D,26.4282284,-81.9111839
7119,10/31/2022,Dirty Sand Soil,26.4115441,-81.8995184
7120,10/14/2022,C and D,26.4520882314,-81.9530632823
7121,03/25/2023,C and D,26.4611436173,-81.9496679435
7122,12/19/2022,C and D,26.4612992352,-81.946868185
7123,12/09/2022,C and D,26.459658548,-81.9463193531
7124,12/11/2022,C and D,26.4593762018,-81.9407744211
7125,11/12/2022,C and D,26.4389660536,-81.9247233589
7126,12/11/2022,C and D,26.4044638,-81.889313
7127,12/05/2022,C and D,26.4627169992,-81.9511617525
7128,01/12/2023,C and D,26.44287816,-81.9316037518
7129,11/02/2022,C and D,26.4073536078,-81.8965209876
7130,11/07/2022,C and D,26.4269859521,-81.9098826986
7131,11/10/2022,C and D,26.4609744366,-81.949102099
7132,10/23/2022,Dirty Sand Soil,26.4232339,-81.9048313
7133,12/04/2022,C and D,26.4046687085,-81.8858623689
7134,12/06/2022,C and D,26.4593271632,-81.9402970188
7135,01/21/2023,Concrete to FDS,26.4482433,-81.9404933
7136,10/09/2022,C and D,26.4659559,-81.9555126
7137,01/15/2023,C and D,26.4440104,-81.9335556
7138,10/21/2022,C and D,26.4183005,-81.902108
7139,10/28/2022,Clean Sand Soil,26.4526999,-81.9552845
7140,01/12/2023,C and D,26.4589596173,-81.9482542901
7141,11/20/2022,Sand CD,26.4524396,-81.9548295
7142,12/19/2022,C and D,26.4356132,-81.9197174
7143,12/19/2022,C and D,26.4479017,-81.9404499
7144,01/23/2023,C and D,26.4045068,-81.8910836
7145,12/04/2022,C and D,26.4043187024,-81.8895321899
7146,10/20/2022,C and D,26.4366211865,-81.9211849366
7147,01/05/2023,C and D,26.4301791,-81.9130715
7148,02/17/2023,C and D,26.4591451397,-81.9416878561
7149,12/03/2022,C and D,26.4282301,-81.9111945
7150,10/18/2022,Dirty Sand Soil,26.4512986,-81.950059
7151,11/05/2022,C and D,26.4200672088,-81.9027383813
7152,11/12/2022,C and D,26.4394575684,-81.925584348
7153,12/12/2022,C and D,26.4615819,-81.9521981
7154,11/13/2022,C and D,26.4597240044,-81.9425609709
7155,12/02/2022,C and D,26.4642054743,-81.9487098912
7156,12/10/2022,C and D,26.4361283,-81.9206725
7157,01/22/2023,C and D,26.4597728584,-81.9466441746
7158,03/19/2023,C and D,26.4266687,-81.9099737
7159,10/23/2022,Dirty Sand Soil,26.4438269,-81.9330609
7160,10/15/2022,Dirty Sand Soil,26.4491837,-81.944331
7161,05/01/2023,Vegetation,26.4205907,-81.9038041
7162,10/17/2022,Clean Sand Soil,26.452551,-81.9544644
7163,11/16/2022,C and D,26.4662767,-81.9556262
7164,12/04/2022,C and D,26.4043893097,-81.8905745644
7165,01/14/2023,C and D,26.4589638327,-81.9483689443
7166,10/14/2022,Dirty Sand Soil,26.4514916344,-81.951199947
7167,11/12/2022,C and D,26.4390616911,-81.9250574616
7168,10/05/2022,C and D,26.4642039517,-81.9506049457
7169,01/31/2023,C and D,26.4379177,-81.9229783
7170,10/28/2022,C and D,26.4205112378,-81.9031287589
7171,03/01/2023,C and D,26.458678,-81.9409054
7172,10/18/2022,C and D,26.466151,-81.9555626
7173,11/03/2022,Dirty Sand Soil,26.4288678,-81.9117609
7174,11/17/2022,C and D,26.4107628166,-81.8991752155
7175,02/09/2023,C and D,26.4105032,-81.8989867
7176,03/17/2023,C and D,26.4627022325,-81.9534017238
7177,10/14/2022,Dirty Sand Soil,26.4531028,-81.9553301
7178,11/12/2022,C and D,26.4080806682,-81.897224011
7179,10/27/2022,C and D,26.4133864967,-81.9001784642
7180,12/02/2022,Vegetation,26.4285026526,-81.9108103495
7181,01/12/2023,C and D,26.4603104127,-81.9474888416
7182,11/11/2022,C and D,26.442033566,-81.9299906874
7183,12/15/2022,C and D,26.4640497835,-81.948655923
7184,12/02/2022,C and D,26.4360604,-81.9200421
7185,12/01/2022,C and D,26.4239712,-81.9055204
7186,03/10/2023,C and D,26.4044054,-81.8905021
7187,10/20/2022,Dirty Sand Soil,26.4490339,-81.9435502
7188,12/07/2022,C and D,26.4603733186,-81.9476986642
7189,12/07/2022,C and D,26.4582883,-81.9409278
7190,03/18/2023,C and D,26.4622319998,-81.9538317017
7191,12/19/2022,C and D,26.4263030514,-81.9090227132
7192,11/03/2022,C and D,26.448565,-81.9426051
7193,10/18/2022,C and D,26.4660459,-81.9556229
7194,01/18/2023,C and D,26.4638647882,-81.9530655683
7195,10/20/2022,C and D,26.4289544135,-81.9116715066
7196,02/15/2023,C and D,26.4316824737,-81.9146493941
7197,01/12/2023,C and D,26.4507847,-81.9488054
7198,12/02/2022,C and D,26.463668747,-81.9486474816
7199,02/08/2023,Dirty Sand Soil,26.4319112,-81.9150632
7200,02/08/2023,C and D,26.4615823561,-81.9477663004
7201,10/05/2022,C and D,26.4645515081,-81.9505653797
7202,10/29/2022,C and D,26.4525315,-81.9547073
7203,11/02/2022,C and D,26.4286325,-81.9114852
7204,01/21/2023,C and D,26.4597098833,-81.9465232435
7205,01/07/2023,Clean Sand Soil,26.4364837,-81.9222995
7206,12/04/2022,C and D,26.4186415149,-81.9022852312
7207,11/12/2022,C and D,26.4075967102,-81.8968737706
7208,10/15/2022,Dirty Sand Soil,26.4492237,-81.9444112
7209,11/11/2022,C and D,26.4104249,-81.8989956
7210,10/25/2022,Dirty Sand Soil,26.4525903002,-81.9544591987
7211,02/15/2023,C and D,26.4432431,-81.9323949
7212,11/03/2022,C and D,26.4285455,-81.9114551
7213,11/04/2022,C and D,26.4255475293,-81.9078277752
7214,10/24/2022,Dirty Sand Soil,26.4310481,-81.9139616
7215,03/08/2023,C and D,26.4408891,-81.9281613
7216,12/19/2022,C and D,26.426226357,-81.9091363718
7217,11/22/2022,C and D,26.4481726,-81.9412378
7218,02/26/2023,C and D,26.43065,-81.9133477
7219,12/04/2022,C and D,26.4603052506,-81.9475518684
7220,12/10/2022,C and D,26.4104789594,-81.8990366841
7221,11/03/2022,C and D,26.4047498915,-81.8923904292
7222,10/21/2022,C and D,26.4144632,-81.9005511
7223,01/11/2023,C and D,26.4507885,-81.948757
7224,11/19/2022,C and D,26.466262,-81.9558534
7225,12/05/2022,C and D,26.4616473647,-81.9514561552
7226,12/04/2022,C and D,26.4046871,-81.8863827
7227,12/04/2022,C and D,26.4246054,-81.905943
7228,01/12/2023,C and D,26.4601310905,-81.9476542637
7229,12/03/2022,C and D,26.4644581,-81.9545999
7230,12/11/2022,C and D,26.4150332893,-81.9007809554
7231,03/03/2023,C and D,26.4588982,-81.9403803
7232,10/30/2022,C and D,26.4502448,-81.9470695
7233,11/03/2022,Dirty Sand Soil,26.4459707,-81.9373518
7234,10/13/2022,C and D,26.4050094,-81.892987
7235,01/09/2023,C and D,26.4305035,-81.9129368
7236,10/28/2022,Clean Sand Soil,26.452704,-81.9552776
7237,11/17/2022,C and D,26.4328953,-81.9162887
7238,12/16/2022,C and D,26.4600803732,-81.9471342755
7239,01/09/2023,Clean Sand Soil,26.4363446,-81.922293
7240,10/22/2022,C and D,26.4217087,-81.9039291
7241,11/16/2022,Dirty Sand Soil,26.4146144,-81.9008287
7242,12/06/2022,C and D,26.4339952916,-81.917603016
7243,12/01/2022,C and D,26.4049904,-81.8926437
7244,12/07/2022,Dirty Sand Soil,26.4114128,-81.8995902
7245,12/18/2022,C and D,26.4593806099,-81.9426113743
7246,12/03/2022,C and D,26.4363169,-81.9208588
7247,11/01/2022,C and D,26.4089784,-81.8978099
7248,02/17/2023,C and D,26.4664263837,-81.9557068125
7249,11/08/2022,C and D,26.4421310602,-81.9301913773
7250,11/19/2022,C and D,26.4046768731,-81.8845316623
7251,10/14/2022,C and D,26.436488824,-81.9209170375
7252,10/31/2022,C and D,26.4275028113,-81.910381647
7253,01/23/2023,C and D,26.4628153389,-81.9509976523
7254,12/03/2022,C and D,26.4613648843,-81.9541086628
7255,11/04/2022,C and D,26.4044145076,-81.89009998
7256,10/14/2022,C and D,26.4514945709,-81.9511258648
7257,11/04/2022,C and D,26.4255153621,-81.9079159667
7258,10/11/2022,C and D,26.41609,-81.9010303
7259,12/05/2022,C and D,26.4578160806,-81.9403754622
7260,12/03/2022,C and D,26.4097277,-81.8985535
7261,10/13/2022,C and D,26.4050218,-81.8931074
7262,11/07/2022,C and D,26.4221336,-81.9041101
7263,10/18/2022,Dirty Sand Soil,26.4391527,-81.9249751
7264,12/19/2022,C and D,26.4589867502,-81.9403502462
7265,11/06/2022,C and D,26.4606150873,-81.9477456807
7266,12/13/2022,C and D,26.4597625193,-81.9403364138
7267,11/06/2022,C and D,26.4059681595,-81.8948701212
7268,01/19/2023,C and D,26.42215817,-81.904168386
7269,11/13/2022,C and D,26.4580806485,-81.9426431135
7270,10/16/2022,Dirty Sand Soil,26.4376171,-81.9225659
7271,03/13/2023,HHW to DMS,26.4600258,-81.9461056
7272,10/28/2022,C and D,26.4193249668,-81.9023596776
7273,11/16/2022,C and D,26.4255605644,-81.907948938
7274,10/08/2022,C and D,26.4663041,-81.9556468
7275,01/18/2023,Vegetation,26.4296021,-81.9124119
7276,03/17/2023,C and D,26.4623874587,-81.953471727
7277,11/04/2022,C and D,26.419447836,-81.9024783389
7278,11/30/2022,C and D,26.4617127198,-81.949022542
7279,10/17/2022,Dirty Sand Soil,26.4361152,-81.9203467
7280,11/30/2022,C and D,26.43582,-81.9199904
7281,11/03/2022,C and D,26.4255140615,-81.9070539451
7282,12/01/2022,C and D,26.4624248457,-81.9537993267
7283,02/16/2023,C and D,26.4664453,-81.9556872
7284,12/15/2022,Dirty Sand Soil,26.4511141,-81.9500047
7285,11/08/2022,C and D,26.405739,-81.8944861
7286,11/01/2022,Dirty Sand Soil,26.4117331,-81.899633
7287,02/09/2023,Concrete to FDS,26.4482652,-81.9406877
7288,02/25/2023,C and D,26.4310633,-81.9140188
7289,12/15/2022,C and D,26.4584541461,-81.9395422284
7290,10/30/2022,C and D,26.42737823,-81.910151733
7291,01/09/2023,C and D,26.4304567,-81.9132994
7292,11/07/2022,C and D,26.4338132,-81.9173299
7293,01/20/2023,C and D,26.4055003,-81.8940126
7294,03/16/2023,C and D,26.4597474905,-81.9465092982
7295,12/04/2022,C and D,26.4046621159,-81.8860854381
7296,12/20/2022,HHW to DMS,26.4651510854,-81.9513686784
7297,12/11/2022,C and D,26.4582929099,-81.9395239501
7298,01/12/2023,C and D,26.4597039008,-81.9464326312
7299,05/03/2023,C and D,26.4597817995,-81.9465487474
7300,12/08/2022,C and D,26.4616446756,-81.9463153091
7301,01/03/2023,C and D,26.4508687,-81.9491444
7302,11/04/2022,C and D,26.4306517,-81.9135299
7303,11/11/2022,Vegetation,26.4256416,-81.9082311
7304,12/04/2022,C and D,26.4594927672,-81.9403875574
7305,11/02/2022,C and D,26.4072153375,-81.8963019699
7306,01/23/2023,C and D,26.4044359,-81.8903168
7307,02/05/2023,C and D,26.4433236,-81.9322979
7308,01/21/2023,C and D,26.4189267,-81.9024133
7309,11/09/2022,C and D,26.4610249177,-81.9490356558
7310,12/01/2022,Vegetation,26.4360249,-81.9198549
7311,10/14/2022,C and D,26.4507741435,-81.9485866372
7312,11/15/2022,C and D,26.4504257644,-81.947891231
7313,11/13/2022,C and D,26.4380524654,-81.9235779855
7314,11/04/2022,C and D,26.4201453282,-81.9028744195
7315,12/06/2022,C and D,26.4206682,-81.9035919
7316,11/08/2022,C and D,26.4077806,-81.8968407
7317,10/17/2022,C and D,26.4630886,-81.9509904
7318,03/27/2023,C and D,26.4067542,-81.8956698
7319,01/12/2023,C and D,26.4585511247,-81.9408944809
7320,11/29/2022,C and D,26.4642469213,-81.9468743821
7321,12/17/2022,C and D,26.4603003988,-81.9474537252
7322,10/05/2022,C and D,26.4626395,-81.9486425
7323,11/19/2022,Sand CD,26.4525448,-81.9545727
7324,02/16/2023,Concrete,26.4583069361,-81.9403895064
7325,01/12/2023,C and D,26.4508289,-81.948974
7326,12/07/2022,C and D,26.4111671269,-81.8991227213
7327,11/21/2022,C and D,26.4586591,-81.9417312
7328,10/25/2022,Dirty Sand Soil,26.4453369,-81.9363479
7329,11/21/2022,C and D,26.4438047057,-81.9326851604
7330,01/14/2023,C and D,26.4224511,-81.9044147
7331,11/03/2022,C and D,26.4059227053,-81.894840533
7332,12/04/2022,Vegetation,26.4343175339,-81.9181623404
7333,10/22/2022,HHW to DMS,26.461535337,-81.9517876679
7334,12/06/2022,C and D,26.4644114722,-81.9505712235
7335,01/29/2023,HHW to DMS,26.4640943,-81.9477579
7336,11/19/2022,C and D,26.4059133102,-81.8949489927
7337,10/26/2022,HHW to DMS,26.464273243,-81.9529541767
7338,10/31/2022,Dirty Sand Soil,26.4255649,-81.9073264
7339,11/08/2022,C and D,26.4434244298,-81.9325620309
7340,11/02/2022,C and D,26.4074075595,-81.8965847232
7341,12/04/2022,C and D,26.4413120644,-81.928835353
7342,12/11/2022,C and D,26.4389598,-81.92459
7343,11/04/2022,C and D,26.4481738,-81.9412964
7344,11/11/2022,C and D,26.4256143109,-81.9082279863
7345,12/12/2022,C and D,26.4358417,-81.9202326
7346,11/08/2022,C and D,26.4434860787,-81.9326883462
7347,11/21/2022,C and D,26.4632261,-81.9532879
7348,01/21/2023,C and D,26.4593303129,-81.9457083937
7349,10/15/2022,Dirty Sand Soil,26.4491450787,-81.9439775963
7350,12/01/2022,C and D,26.4400426,-81.926354
7351,12/17/2022,C and D,26.4103625575,-81.8989659381
7352,10/21/2022,C and D,26.4286429953,-81.9114639038
7353,01/26/2023,Compact CD,26.4485272,-81.9403622
7354,12/15/2022,C and D,26.4337105584,-81.9173181151
7355,10/16/2022,C and D,26.4309925636,-81.913860832
7356,12/18/2022,C and D,26.4600715871,-81.9463313883
7357,01/03/2023,C and D,26.460125631,-81.9476666936
7358,10/25/2022,C and D,26.4431500063,-81.9319704362
7359,10/16/2022,C and D,26.4364714497,-81.9209871347
7360,03/27/2023,C and D,26.4046348,-81.8910274
7361,11/12/2022,C and D,26.4391715778,-81.9251093455
7362,10/24/2022,Dirty Sand Soil,26.410751,-81.8991186
7363,11/02/2022,C and D,26.4487186,-81.9429942
7364,12/01/2022,C and D,26.4438057,-81.9330427
7365,11/11/2022,Vegetation,26.4256586862,-81.9081784758
7366,12/14/2022,Dirty Sand Soil,26.433634,-81.9171729
7367,11/12/2022,C and D,26.4275831805,-81.910340167
7368,12/01/2022,C and D,26.424285136,-81.9058729837
7369,01/03/2023,C and D,26.4603144245,-81.9475491756
7370,01/10/2023,C and D,26.4308417,-81.913235
7371,02/24/2023,C and D,26.4286787762,-81.9117833768
7372,01/13/2023,C and D,26.4488671,-81.9433616
7373,01/18/2023,Vegetation,26.4114448,-81.8994593
7374,10/14/2022,C and D,26.451689573,-81.9515627996
7375,10/24/2022,C and D,26.4043968845,-81.8890920984
7376,01/27/2023,C and D,26.4596495321,-81.9464345942
7377,02/08/2023,Compact CD,26.4482383,-81.9406783
7378,10/21/2022,C and D,26.4304977194,-81.9132943449
7379,12/06/2022,C and D,26.4207283,-81.903735
7380,11/08/2022,C and D,26.4617455937,-81.9512701873
7381,11/06/2022,C and D,26.4438661135,-81.933217527
7382,11/29/2022,C and D,26.4426347007,-81.9310145885
7383,12/03/2022,C and D,26.4593326082,-81.940324668
7384,10/05/2022,C and D,26.4639541,-81.9541201
7385,12/11/2022,C and D,26.4630245,-81.9533926
7386,10/10/2022,C and D,26.4439661,-81.9333459
7387,10/05/2022,C and D,26.4637835085,-81.9507734727
7388,11/12/2022,C and D,26.4255659438,-81.9080172317
7389,10/21/2022,Clean Sand Soil,26.452558,-81.9545895
7390,12/07/2022,Dirty Sand Soil,26.4478287,-81.9399561
7391,12/15/2022,Dirty Sand Soil,26.4511408,-81.9499812
7392,11/30/2022,C and D,26.4371521,-81.9219392
7393,12/11/2022,C and D,26.4216573,-81.9039754
7394,01/20/2023,C and D,26.4639727455,-81.9477628386
7395,01/30/2023,Compact CD,26.4478954,-81.9406382
7396,12/09/2022,C and D,26.4577375397,-81.9404236134
7397,02/19/2023,C and D,26.4209649,-81.9031472
7398,01/11/2023,C and D,26.4506915,-81.9486207
7399,01/07/2023,Clean Sand Soil,26.4365334,-81.9224064
7400,02/10/2023,C and D,26.4604275,-81.946251
7401,01/14/2023,C and D,26.4507757,-81.9488112
7402,10/14/2022,C and D,26.4509866555,-81.9491806679
7403,05/06/2023,C and D,26.404244,-81.8881842
7404,02/26/2023,C and D,26.4317594609,-81.914758198
7405,03/11/2023,C and D,26.4120248,-81.8995952
7406,11/02/2022,C and D,26.4272672,-81.9100242
7407,11/03/2022,Dirty Sand Soil,26.4280037,-81.9108354
7408,10/27/2022,HHW to DMS,26.4630570263,-81.9510180597
7409,01/27/2023,Dirty Sand Soil,26.4111713,-81.899314
7410,10/16/2022,C and D,26.4442542,-81.9343061
7411,11/08/2022,C and D,26.4255159823,-81.907832863
7412,10/20/2022,Clean Sand Soil,26.4525427,-81.954574
7413,11/02/2022,C and D,26.4451799356,-81.9360393473
7414,10/26/2022,HHW to DMS,26.4643016987,-81.9529466743
7415,12/04/2022,C and D,26.4181799395,-81.902035391
7416,11/04/2022,C and D,26.4137476729,-81.9003493712
7417,10/25/2022,C and D,26.4356957097,-81.9198543616
7418,10/20/2022,C and D,26.4365525024,-81.9209454713
7419,10/29/2022,C and D,26.4195618,-81.9024617
7420,12/18/2022,Dirty Sand Soil,26.449199,-81.9442849
7421,11/13/2022,C and D,26.4046729,-81.8864967
7422,10/12/2022,C and D,26.4491848566,-81.9440282932
7423,12/11/2022,C and D,26.4614462,-81.9520927
7424,01/29/2023,Compact CD,26.4479465,-81.9406387
7425,12/13/2022,C and D,26.459964949,-81.9415520034
7426,11/06/2022,C and D,26.4325442,-81.9157967
7427,10/28/2022,Clean Sand Soil,26.4526781,-81.9552936
7428,12/06/2022,Dirty Sand Soil,26.4359191,-81.9202818
7429,10/17/2022,C and D,26.43058541,-81.9133443526
7430,11/09/2022,C and D,26.4305874,-81.9135131
7431,10/21/2022,C and D,26.4208858,-81.9033622
7432,12/10/2022,C and D,26.4581945048,-81.9395574658
7433,11/28/2022,C and D,26.4257216407,-81.9084662386
7434,10/21/2022,Dirty Sand Soil,26.4514683,-81.9512581
7435,11/02/2022,Dirty Sand Soil,26.4117593,-81.8996494
7436,03/18/2023,C and D,26.4644057478,-81.9542965917
7437,02/05/2023,C and D,26.4371,-81.9215923
7438,10/29/2022,C and D,26.4525351,-81.9547014
7439,12/07/2022,C and D,26.4340548,-81.9176423
7440,12/02/2022,C and D,26.4634171746,-81.9532364402
7441,11/15/2022,C and D,26.4328494,-81.9161521
7442,11/14/2022,C and D,26.4058627747,-81.8948512618
7443,11/11/2022,C and D,26.4396946505,-81.9259581809
7444,10/19/2022,Dirty Sand Soil,26.451443,-81.9512536
7445,11/08/2022,C and D,26.4524497697,-81.9546529558
7446,12/12/2022,C and D,26.435829,-81.9202436
7447,10/24/2022,C and D,26.4450794705,-81.9355461032
7448,10/14/2022,Dirty Sand Soil,26.4518439,-81.9522908
7449,10/16/2022,C and D,26.4309851711,-81.9139031967
7450,10/28/2022,C and D,26.4203399238,-81.9030652347
7451,10/30/2022,C and D,26.4231803315,-81.9049336855
7452,12/16/2022,C and D,26.4104572,-81.8988924
7453,12/02/2022,C and D,26.4636516273,-81.9485658364
7454,11/30/2022,C and D,26.4047499,-81.8863777
7455,11/30/2022,C and D,26.4610927273,-81.9523776882
7456,10/23/2022,C and D,26.4306763094,-81.913485406
7457,01/09/2023,Clean Sand Soil,26.4365324,-81.9222748
7458,12/19/2022,C and D,26.4575117259,-81.9401852272
7459,12/05/2022,C and D,26.4648178,-81.9550562
7460,01/11/2023,Clean Sand Soil,26.4367625,-81.9221532
7461,11/08/2022,C and D,26.4044579,-81.8907643
7462,12/06/2022,C and D,26.4183095,-81.9015728
7463,02/03/2023,C and D,26.4418158598,-81.9296695621
7464,11/28/2022,C and D,26.4312729724,-81.9142599406
7465,11/05/2022,C and D,26.4179412229,-81.9019236603
7466,01/03/2023,C and D,26.4658963,-81.9551005
7467,10/21/2022,C and D,26.434012428,-81.9175478116
7468,10/13/2022,Dirty Sand Soil,26.4494860055,-81.9449135263
7469,02/10/2023,Concrete to FDS,26.4478725,-81.9405733
7470,11/01/2022,C and D,26.4084892195,-81.8975007761
7471,11/09/2022,C and D,26.4600919,-81.9472862
7472,01/21/2023,C and D,26.4597319157,-81.9465291107
7473,10/14/2022,Dirty Sand Soil,26.4514838811,-81.9512031321
7474,01/03/2023,C and D,26.4602190115,-81.9475581161
7475,03/24/2023,C and D,26.4043227,-81.8900912
7476,11/21/2022,C and D,26.4257423,-81.908504
7477,01/11/2023,C and D,26.4507336,-81.948766
7478,01/12/2023,C and D,26.4509449,-81.9489968
7479,01/07/2023,C and D,26.4327782536,-81.9159718728
7480,11/12/2022,Dirty Sand Soil,26.4343139,-81.9178934
7481,01/14/2023,C and D,26.4350064898,-81.918624107
7482,02/17/2023,C and D,26.4593084568,-81.9417357783
7483,10/21/2022,Dirty Sand Soil,26.4375329,-81.9223369
7484,02/17/2023,C and D,26.4169659,-81.9016228
7485,11/19/2022,C and D,26.4102131501,-81.8989192509
7486,11/02/2022,C and D,26.4064678633,-81.8954080649
7487,11/27/2022,Dirty Sand Soil,26.4289852,-81.912018
7488,11/14/2022,C and D,26.4502842397,-81.9474318374
7489,11/09/2022,C and D,26.4255311,-81.9078388
7490,11/12/2022,C and D,26.4054958569,-81.8944517803
7491,10/21/2022,Clean Sand Soil,26.4525858,-81.9547149
7492,10/17/2022,Dirty Sand Soil,26.4373726,-81.9223392
7493,02/15/2023,C and D,26.4630102,-81.9531424
7494,11/03/2022,C and D,26.448641,-81.9425977
7495,12/02/2022,C and D,26.404689,-81.8860478
7496,10/17/2022,Dirty Sand Soil,26.4424366,-81.9307714
7497,11/14/2022,C and D,26.4331992,-81.9165296
7498,10/16/2022,Dirty Sand Soil,26.451631613,-81.9515663291
7499,11/17/2022,C and D,26.4256514842,-81.908054771
7500,02/09/2023,C and D,26.4379661382,-81.9229677391
7501,10/13/2022,Dirty Sand Soil,26.4489458,-81.943352
7502,10/23/2022,Clean Sand Soil,26.4525715,-81.9545924
7503,12/03/2022,C and D,26.4643418,-81.9543526
7504,11/17/2022,C and D,26.4108407745,-81.8992819343
7505,12/16/2022,C and D,26.4632271554,-81.9476660243
7506,11/22/2022,C and D,26.4066605,-81.8955069
7507,11/06/2022,C and D,26.4280061703,-81.9108997566
7508,10/21/2022,Clean Sand Soil,26.4525132,-81.9545067
7509,10/22/2022,Clean Sand Soil,26.4525856,-81.9545787
7510,12/01/2022,C and D,26.4644883,-81.9504783
7511,11/14/2022,C and D,26.425565402,-81.9079084229
7512,10/23/2022,Dirty Sand Soil,26.4235834,-81.9050644
7513,01/12/2023,Clean Sand Soil,26.4367642,-81.9221326
7514,12/20/2022,C and D,26.4595616848,-81.9464143158
7515,12/02/2022,Vegetation,26.4284424065,-81.9112942927
7516,05/01/2023,Vegetation,26.4210902,-81.9036495
7517,03/17/2023,C and D,26.4620856992,-81.9540488373
7518,10/14/2022,Vegetation,26.4058130605,-81.8945787667
7519,10/31/2022,C and D,26.4207706601,-81.9033468236
7520,11/18/2022,C and D,26.4035744024,-81.8757925369
7521,11/20/2022,C and D,26.4288089,-81.9117714
7522,01/06/2023,C and D,26.4303976,-81.9132398
7523,10/31/2022,C and D,26.4499854,-81.9465618
7524,05/01/2023,C and D,26.4523617,-81.9534448
7525,11/11/2022,C and D,26.4585029368,-81.9424561714
7526,10/13/2022,Dirty Sand Soil,26.4489718,-81.9433371
7527,03/27/2023,Vegetation,26.4044247,-81.8885607
7528,01/19/2023,Vegetation,26.4159614503,-81.9010339276
7529,01/19/2023,C and D,26.4658001191,-81.9550096921
7530,11/18/2022,C and D,26.4619876,-81.9513753
7531,10/15/2022,Dirty Sand Soil,26.449081,-81.9437869
7532,02/23/2023,C and D,26.4346464046,-81.9186209689
7533,12/04/2022,C and D,26.428096,-81.9110889
7534,02/01/2023,C and D,26.437919,-81.9229144
7535,10/16/2022,C and D,26.4046204509,-81.8863018882
7536,10/17/2022,Dirty Sand Soil,26.4379091,-81.9229134
7537,11/09/2022,C and D,26.4585239,-81.9426213
7538,10/23/2022,C and D,26.445071214,-81.9355395487
7539,02/18/2023,C and D,26.4603985205,-81.9476067638
7540,10/30/2022,Dirty Sand Soil,26.4344592,-81.9181286
7541,10/30/2022,C and D,26.4217069606,-81.9039258455
7542,12/05/2022,C and D,26.4649286,-81.9551127
7543,10/16/2022,Clean Sand Soil,26.4525477,-81.9546114
7544,01/04/2023,Dirty Sand Soil,26.4299151,-81.9126468
7545,11/19/2022,C and D,26.4667344,-81.9543957
7546,11/01/2022,Dirty Sand Soil,26.4466499,-81.9379241
7547,11/03/2022,C and D,26.4485632,-81.9425231
7548,01/07/2023,C and D,26.4311079,-81.9140637
7549,03/27/2023,C and D,26.4311187,-81.9139598
7550,12/06/2022,C and D,26.4215501,-81.9036165
7551,11/11/2022,C and D,26.4392037147,-81.9249913737
7552,03/09/2023,C and D,26.4195462,-81.902483
7553,12/18/2022,C and D,26.4611425996,-81.9538128377
7554,11/18/2022,C and D,26.4389763433,-81.9245818187
7555,11/08/2022,C and D,26.4422936691,-81.9305488654
7556,10/10/2022,C and D,26.4654019,-81.9541029
7557,02/02/2023,Dirty Sand Soil,26.4254512,-81.9073784
7558,10/21/2022,Clean Sand Soil,26.4525597,-81.9546633
7559,10/14/2022,C and D,26.4290771183,-81.911858367
7560,11/15/2022,C and D,26.4329775,-81.916313
7561,01/25/2023,C and D,26.4318351481,-81.9147560645
7562,10/28/2022,Clean Sand Soil,26.452681,-81.9552845
7563,12/21/2022,C and D,26.4634838568,-81.9508894096
7564,01/24/2023,C and D,26.4596869393,-81.9465435655
7565,01/31/2023,C and D,26.4377807,-81.9226724
7566,11/09/2022,C and D,26.4524954092,-81.9546612539
7567,11/08/2022,C and D,26.4430651814,-81.9320107532
7568,02/03/2023,C and D,26.4417575985,-81.9294695573
7569,11/12/2022,C and D,26.4263993623,-81.9091200886
7570,12/02/2022,C and D,26.4437847,-81.9330022
7571,12/07/2022,Dirty Sand Soil,26.4114693,-81.8995406
7572,11/04/2022,C and D,26.4046421507,-81.8919634382
7573,10/14/2022,Dirty Sand Soil,26.4530940591,-81.9553133862
7574,02/15/2023,C and D,26.4399328,-81.9260723
7575,02/09/2023,C and D,26.4161791,-81.9011446
7576,01/07/2023,Clean Sand Soil,26.4364901,-81.9223235
7577,11/05/2022,C and D,26.4486092,-81.9425424
7578,11/13/2022,C and D,26.4077181,-81.8966366
7579,11/08/2022,C and D,26.4171813,-81.9016038
7580,01/07/2023,C and D,26.4327462,-81.9159693
7581,11/08/2022,C and D,26.4434058219,-81.9326206204
7582,11/21/2022,Sand CD,26.4524683,-81.9546185
7583,12/12/2022,C and D,26.4512866,-81.95044
7584,12/12/2022,C and D,26.4519783,-81.9526061
7585,12/19/2022,C and D,26.4113333076,-81.8993858714
7586,12/11/2022,C and D,26.4581798064,-81.9403064904
7587,10/18/2022,Dirty Sand Soil,26.439147,-81.9247412
7588,12/14/2022,C and D,26.4600746759,-81.9415555373
7589,12/04/2022,C and D,26.42829,-81.9112841
7590,10/29/2022,C and D,26.4189368673,-81.9022579306
7591,12/01/2022,C and D,26.4239196573,-81.9054773358
7592,10/31/2022,C and D,26.4184797,-81.9020379
7593,12/02/2022,C and D,26.4612779246,-81.9538469845
7594,10/13/2022,Dirty Sand Soil,26.4494949166,-81.9449274413
7595,12/07/2022,C and D,26.4340936,-81.917598
7596,01/28/2023,Compact CD,26.4480587,-81.9405326
7597,10/18/2022,C and D,26.4306387374,-81.9134912589
7598,10/09/2022,C and D,26.4627416817,-81.9541033975
7599,01/08/2023,C and D,26.4300884,-81.9128957
7600,01/20/2023,C and D,26.464356074,-81.9475400587
7601,11/05/2022,C and D,26.4255080179,-81.9079530724
7602,10/17/2022,C and D,26.4620210087,-81.9534882289
7603,02/01/2023,C and D,26.4417931,-81.9296154
7604,02/11/2023,C and D,26.4046334429,-81.8911131845
7605,02/20/2023,C and D,26.4311562833,-81.9139957369
7606,12/15/2022,C and D,26.4333442689,-81.9169425995
7607,03/18/2023,C and D,26.4623488975,-81.9538127362
7608,12/01/2022,C and D,26.4616909675,-81.9485897716
7609,11/12/2022,Clean Sand Soil,26.4528990002,-81.9550407811
7610,12/07/2022,C and D,26.4662609,-81.9556631
7611,11/28/2022,C and D,26.4214247,-81.9038471
7612,12/15/2022,Dirty Sand Soil,26.4510932,-81.9498759
7613,02/15/2023,C and D,26.4632691,-81.9532044
7614,10/18/2022,C and D,26.4669388641,-81.9546404746
7615,11/02/2022,C and D,26.4271902,-81.9100218
7616,11/17/2022,C and D,26.4331381,-81.9165187
7617,12/16/2022,C and D,26.4597500169,-81.9466735964
7618,12/07/2022,C and D,26.4338528,-81.9174517
7619,12/04/2022,C and D,26.4180436498,-81.9019689225
7620,11/13/2022,C and D,26.4045883,-81.886426
7621,11/02/2022,C and D,26.4063519986,-81.8953141051
7622,12/17/2022,Vegetation,26.4170325408,-81.9015664236
7623,10/17/2022,Clean Sand Soil,26.4525766,-81.9545632
7624,12/14/2022,C and D,26.4599909866,-81.9414973772
7625,11/16/2022,C and D,26.4329332,-81.9160816
7626,02/03/2023,C and D,26.4418159899,-81.9293177343
7627,12/07/2022,Dirty Sand Soil,26.4473281,-81.9389266
7628,12/07/2022,C and D,26.4613992048,-81.9504862322
7629,12/07/2022,C and D,26.4612463109,-81.9506192875
7630,11/02/2022,Dirty Sand Soil,26.4121695,-81.8996875
7631,05/01/2023,C and D,26.4260477,-81.9088555
7632,11/05/2022,C and D,26.4175513189,-81.9016114388
7633,10/30/2022,C and D,26.4659471065,-81.9552446344
7634,03/04/2023,C and D,26.4616613,-81.9462228
7635,11/02/2022,C and D,26.4064167693,-81.8953720104
7636,10/12/2022,C and D,26.4046003943,-81.8884015567
7637,10/12/2022,Vegetation,26.4045341109,-81.8862223914
7638,11/08/2022,C and D,26.4085101,-81.8974601
7639,11/08/2022,C and D,26.4339125,-81.9174784
7640,12/03/2022,C and D,26.4582077376,-81.9439851451
7641,12/04/2022,C and D,26.4616563928,-81.9514524936
7642,10/21/2022,Dirty Sand Soil,26.451527,-81.9513519
7643,12/18/2022,C and D,26.4590551588,-81.9425748203
7644,11/12/2022,C and D,26.4045402563,-81.8891603635
7645,12/05/2022,C and D,26.405307767,-81.8933289406
7646,10/17/2022,Dirty Sand Soil,26.4525408,-81.9545937
7647,10/18/2022,C and D,26.4646901675,-81.9531256593
7648,12/03/2022,C and D,26.4283042,-81.9113223
7649,12/09/2022,Dirty Sand Soil,26.4198751,-81.9026932
7650,10/26/2022,Vegetation,26.4586455049,-81.9448303711
7651,03/10/2023,C and D,26.4103937,-81.8989666
7652,01/23/2023,C and D,26.4104029,-81.899034
7653,10/25/2022,Dirty Sand Soil,26.4490302,-81.9435175
7654,12/07/2022,C and D,26.4341574,-81.917621
7655,05/16/2023,C and D,26.4305405,-81.9134337
7656,01/21/2023,C and D,26.4341822,-81.9177897
7657,01/05/2023,Clean Sand Soil,26.4365364,-81.9222007
7658,12/15/2022,C and D,26.4600770576,-81.9403935262
7659,12/10/2022,C and D,26.4411354,-81.929074
7660,12/07/2022,C and D,26.4341337,-81.9175359
7661,10/14/2022,C and D,26.4478730449,-81.9402123581
7662,11/09/2022,C and D,26.410797525,-81.8991906295
7663,11/05/2022,Dirty Sand Soil,26.4354133,-81.9193855
7664,11/22/2022,C and D,26.425613242,-81.9081729518
7665,12/11/2022,HHW to DMS,26.461288365,-81.9468358661
7666,11/22/2022,C and D,26.4255615,-81.908015
7667,10/13/2022,C and D,26.4238606,-81.9053695
7668,10/12/2022,C and D,26.4479244702,-81.9408083336
7669,12/10/2022,C and D,26.4436202,-81.9328781
7670,12/02/2022,C and D,26.4615713519,-81.9538966756
7671,11/19/2022,C and D,26.4322044,-81.9154502
7672,12/09/2022,C and D,26.4606711121,-81.9523169661
7673,01/29/2023,C and D,26.4654910039,-81.953998671
7674,01/27/2023,Dirty Sand Soil,26.4109887,-81.8993079
7675,11/19/2022,C and D,26.4104429819,-81.8990157266
7676,02/08/2023,C and D,26.4317937,-81.914807
7677,11/02/2022,C and D,26.4067289606,-81.8959166017
7678,01/08/2023,C and D,26.4324861,-81.9155951
7679,11/18/2022,C and D,26.4037313406,-81.8753284682
7680,12/05/2022,C and D,26.4360793,-81.920416
7681,11/03/2022,C and D,26.4050137794,-81.8928509613
7682,10/17/2022,C and D,26.4656034,-81.9546226
7683,02/14/2023,C and D,26.4169747,-81.9015314
7684,11/04/2022,C and D,26.4596597494,-81.9464392701
7685,02/03/2023,C and D,26.4417523604,-81.9294648333
7686,11/04/2022,C and D,26.4255243479,-81.9078204464
7687,01/05/2023,C and D,26.4301352,-81.912971
7688,12/09/2022,C and D,26.4351143508,-81.9191754439
7689,10/31/2022,Dirty Sand Soil,26.4472208678,-81.9385768521
7690,01/14/2023,C and D,26.435095601,-81.9191376415
7691,01/31/2023,Dirty Sand Soil,26.4491811,-81.944224
7692,12/07/2022,Dirty Sand Soil,26.4114253,-81.8994748
7693,11/06/2022,C and D,26.4285613,-81.9115677
7694,12/12/2022,Vegetation,26.4264706895,-81.9093537145
7695,05/16/2023,C and D,26.4305405,-81.9134337
7696,11/03/2022,C and D,26.4050714133,-81.8932927638
7697,01/16/2023,C and D,26.459401788,-81.9403138124
7698,01/14/2023,C and D,26.4351844645,-81.918985733
7699,11/20/2022,C and D,26.4669017512,-81.9546484721
7700,01/21/2023,C and D,26.4212566927,-81.9036303802
7701,02/02/2023,Concrete,26.4600453,-81.941592
7702,12/05/2022,C and D,26.4619231314,-81.9512996985
7703,10/25/2022,C and D,26.4598430106,-81.9536694821
7704,01/06/2023,C and D,26.4304247,-81.9132704
7705,03/03/2023,Residual Compact CD,26.4483276,-81.9405
7706,01/12/2023,HHW to DMS,26.4609679812,-81.9523533321
7707,12/07/2022,C and D,26.4105249,-81.8987539
7708,10/31/2022,C and D,26.4602837898,-81.9473622926
7709,10/29/2022,C and D,26.4113858203,-81.8993210793
7710,10/06/2022,C and D,26.4594545082,-81.9460072575
7711,12/20/2022,C and D,26.4609038998,-81.9493826872
7712,01/15/2023,C and D,26.4587908228,-81.9416728408
7713,10/30/2022,Vegetation,26.4275818769,-81.910338385
7714,10/30/2022,Vegetation,26.4275761753,-81.9103398878
7715,01/18/2023,C and D,26.4627529122,-81.9533680424
7716,11/12/2022,C and D,26.4254802567,-81.907794091
7717,12/14/2022,Dirty Sand Soil,26.4513362,-81.9506637
7718,12/14/2022,C and D,26.4056512574,-81.8943681289
7719,10/28/2022,Clean Sand Soil,26.4526876,-81.955287
7720,01/21/2023,Compact CD,26.4483483,-81.9406083
7721,12/07/2022,Dirty Sand Soil,26.4113093,-81.8994366
7722,03/10/2023,C and D,26.4046679,-81.8918289
7723,02/02/2023,C and D,26.4318294011,-81.9151272635
7724,12/02/2022,C and D,26.4438674,-81.9331428
7725,12/09/2022,Vegetation,26.4436429,-81.9331284
7726,12/17/2022,C and D,26.4478599205,-81.9402628138
7727,12/19/2022,C and D,26.4340459708,-81.9178018295
7728,11/08/2022,C and D,26.407513,-81.8966442
7729,12/09/2022,C and D,26.4044010965,-81.889247289
7730,11/13/2022,C and D,26.4351147786,-81.9193860144
7731,11/20/2022,Sand CD,26.4526121,-81.9546843
7732,12/06/2022,C and D,26.4202075,-81.9033399
7733,02/22/2023,Concrete,26.4664372802,-81.9557155297
7734,11/05/2022,C and D,26.4048892129,-81.8843627581
7735,12/15/2022,C and D,26.4339723,-81.9175794
7736,10/30/2022,C and D,26.423215,-81.9048988
7737,11/01/2022,C and D,26.4594556281,-81.9461937322
7738,12/11/2022,C and D,26.4412465,-81.9287513
7739,10/17/2022,C and D,26.4056092745,-81.8943737008
7740,12/17/2022,C and D,26.461148425,-81.9537751191
7741,12/11/2022,C and D,26.4614853,-81.9521455
7742,11/02/2022,C and D,26.4077505889,-81.8967801054
7743,12/07/2022,C and D,26.4341761,-81.9175713
7744,11/22/2022,C and D,26.4045619,-81.8906237
7745,10/25/2022,C and D,26.4429695858,-81.9316230901
7746,11/03/2022,C and D,26.4049631631,-81.8927259452
7747,10/31/2022,C and D,26.4181580489,-81.9019469676
7748,12/11/2022,C and D,26.4652375,-81.9552528
7749,12/05/2022,C and D,26.4361004485,-81.920604324
7750,01/05/2023,Clean Sand Soil,26.4365535,-81.9222449
7751,12/07/2022,C and D,26.4613214678,-81.950799287
7752,03/16/2023,C and D,26.4597046081,-81.9464348308
7753,01/14/2023,C and D,26.4592236259,-81.9481820896
7754,11/29/2022,C and D,26.461917758,-81.9513173775
7755,12/03/2022,C and D,26.4047358,-81.8860493
7756,12/02/2022,C and D,26.4048410547,-81.8851974027
7757,10/19/2022,Clean Sand Soil,26.4525632,-81.9545968
7758,10/18/2022,Dirty Sand Soil,26.443767,-81.9329611
7759,11/12/2022,C and D,26.4396517352,-81.9258857612
7760,11/02/2022,C and D,26.4064835627,-81.8954897322
7761,12/04/2022,C and D,26.4412180614,-81.9287363627
7762,02/06/2023,C and D,26.4476323,-81.9397829
7763,10/07/2022,C and D,26.4644565,-81.9534683
7764,10/24/2022,C and D,26.4068230055,-81.8957995904
7765,01/11/2023,C and D,26.4508766183,-81.948830232
7766,03/18/2023,C and D,26.4643419633,-81.9540062155
7767,12/06/2022,C and D,26.428341,-81.9111767
7768,01/11/2023,C and D,26.462670649,-81.951277242
7769,01/13/2023,C and D,26.4416113,-81.9289906
7770,02/08/2023,C and D,26.4323917634,-81.9157377059
7771,11/01/2022,C and D,26.4083979207,-81.8974634701
7772,12/02/2022,C and D,26.4640763364,-81.9486595128
7773,10/31/2022,Dirty Sand Soil,26.4237738,-81.9051069
7774,12/07/2022,C and D,26.461375,-81.9521985
7775,12/12/2022,C and D,26.4358133,-81.9202346
7776,10/05/2022,C and D,26.4633827071,-81.9542453607
7777,10/06/2022,C and D,26.4594035387,-81.9459763194
7778,10/30/2022,C and D,26.4274596481,-81.9102307433
7779,12/15/2022,C and D,26.4332180796,-81.9167744648
7780,12/14/2022,C and D,26.4601695014,-81.9414490701
7781,11/07/2022,C and D,26.4056731761,-81.8943963759
7782,11/01/2022,C and D,26.4155462,-81.9011628
7783,02/18/2023,C and D,26.4283314,-81.91131
7784,05/16/2023,C and D,26.4224736,-81.9043265
7785,12/12/2022,C and D,26.4589932402,-81.9409027381
7786,11/07/2022,C and D,26.4079151,-81.8968822
7787,10/29/2022,C and D,26.4099408,-81.8985576
7788,11/28/2022,C and D,26.4589818,-81.9419497
7789,11/15/2022,Dirty Sand Soil,26.4225043,-81.9041084
7790,11/08/2022,C and D,26.4257362,-81.9086014
7791,12/09/2022,C and D,26.4640492004,-81.9517425503
7792,10/12/2022,Dirty Sand Soil,26.4489496,-81.9434235
7793,11/13/2022,C and D,26.4390348181,-81.924438296
7794,11/14/2022,C and D,26.4060049318,-81.8945953623
7795,12/04/2022,C and D,26.4181226055,-81.9020158396
7796,11/29/2022,C and D,26.4173276472,-81.901678279
7797,11/30/2022,C and D,26.4347919,-81.9187822
7798,10/14/2022,C and D,26.4238861,-81.9053993
7799,11/16/2022,C and D,26.4383226771,-81.9237706102
7800,01/04/2023,C and D,26.4597648375,-81.9465656669
7801,12/12/2022,C and D,26.4358288,-81.9202367
7802,11/19/2022,C and D,26.4588516,-81.939645
7803,12/02/2022,C and D,26.4598968507,-81.9415139233
7804,11/30/2022,C and D,26.4363113,-81.9208906
7805,03/13/2023,HHW to DMS,26.4606845,-81.9477398
7806,11/08/2022,C and D,26.4076809,-81.8967471
7807,10/29/2022,C and D,26.4630338503,-81.9485583902
7808,11/13/2022,C and D,26.4509220734,-81.9492902835
7809,11/11/2022,C and D,26.4606528736,-81.9487509878
7810,12/06/2022,C and D,26.4343410451,-81.9176523016
7811,11/05/2022,C and D,26.4411198,-81.9282448
7812,12/19/2022,C and D,26.4625246448,-81.9477780283
7813,10/11/2022,C and D,26.4654748,-81.9542084
7814,11/28/2022,C and D,26.4273836773,-81.910108058
7815,10/14/2022,Dirty Sand Soil,26.449159286,-81.9442132116
7816,10/15/2022,Dirty Sand Soil,26.4491601421,-81.9439848256
7817,12/07/2022,C and D,26.4340634,-81.9177147
7818,10/30/2022,Dirty Sand Soil,26.4511808,-81.9501341
7819,12/02/2022,C and D,26.4639168898,-81.9486452343
7820,12/07/2022,C and D,26.4340996882,-81.917679878
7821,10/22/2022,C and D,26.4255695,-81.9078707
7822,12/20/2022,HHW to DMS,26.4651380105,-81.9513921085
7823,10/23/2022,Dirty Sand Soil,26.4266523,-81.909348
7824,12/09/2022,C and D,26.4443615,-81.9345847
7825,12/01/2022,Sand CD,26.4525519,-81.954605
7826,11/06/2022,C and D,26.4324098,-81.9157025
7827,11/02/2022,C and D,26.4086124162,-81.897519054
7828,12/06/2022,Vegetation,26.4169424353,-81.9016165473
7829,11/04/2022,C and D,26.4201081125,-81.9028419816
7830,10/15/2022,Vegetation,26.4048443833,-81.8846301708
7831,12/05/2022,C and D,26.4625928808,-81.9510364579
7832,11/04/2022,C and D,26.4197304001,-81.9025766756
7833,11/06/2022,C and D,26.4222021,-81.904213
7834,10/17/2022,Dirty Sand Soil,26.4373221,-81.9222776
7835,02/12/2023,Mulch,26.4478253,-81.9406182
7836,11/06/2022,C and D,26.4517151,-81.9519334
7837,11/05/2022,C and D,26.4063067641,-81.8950432912
7838,11/14/2022,C and D,26.4418027301,-81.9295432894
7839,11/07/2022,C and D,26.4336844,-81.9172716
7840,10/16/2022,C and D,26.4443796,-81.93448
7841,11/02/2022,C and D,26.4064692182,-81.8954213866
7842,01/11/2023,C and D,26.4506934,-81.9488799
7843,12/06/2022,C and D,26.4603429248,-81.9476464218
7844,12/11/2022,Vegetation,26.4385076,-81.9237706
7845,12/09/2022,C and D,26.4596031895,-81.9464087771
7846,01/21/2023,C and D,26.419821976,-81.9025387381
7847,12/07/2022,C and D,26.4614877853,-81.9518689787
7848,11/21/2022,C and D,26.4589081,-81.9417615
7849,12/16/2022,C and D,26.4105584845,-81.8991085981
7850,01/03/2023,C and D,26.4577845858,-81.9390396044
7851,02/02/2023,C and D,26.4319193986,-81.9150622508
7852,11/04/2022,C and D,26.4213895379,-81.9037189801
7853,10/08/2022,C and D,26.4664014,-81.9557364
7854,12/15/2022,C and D,26.4594491199,-81.9425647427
7855,10/21/2022,C and D,26.418964,-81.902377
7856,11/29/2022,C and D,26.4049817,-81.8851098
7857,11/11/2022,C and D,26.4418339211,-81.9296189447
7858,10/22/2022,C and D,26.4479062526,-81.9407502678
7859,12/02/2022,C and D,26.4439343,-81.9332594
7860,10/24/2022,Dirty Sand Soil,26.4504655,-81.9476712
7861,11/03/2022,C and D,26.4381192299,-81.923361132
7862,12/05/2022,C and D,26.4057948394,-81.8946230226
7863,11/30/2022,C and D,26.4046484,-81.8861386
7864,01/03/2023,C and D,26.4658755,-81.9550172
7865,12/07/2022,C and D,26.4600824583,-81.9469225635
7866,02/09/2023,Compact CD,26.4478687,-81.940586
7867,10/20/2022,C and D,26.4172602,-81.9016589
7868,10/17/2022,C and D,26.4666897023,-81.9544456391
7869,10/22/2022,Dirty Sand Soil,26.4292136,-81.9120862
7870,12/01/2022,Vegetation,26.4397354285,-81.9258404151
7871,12/02/2022,C and D,26.464260096,-81.9485793555
7872,01/06/2023,C and D,26.4303176,-81.913132
7873,10/13/2022,C and D,26.4164286884,-81.9011092601
7874,11/04/2022,C and D,26.457963983,-81.9427050045
7875,12/05/2022,C and D,26.4593603446,-81.9403481429
7876,03/08/2023,C and D,26.4263556,-81.9091706
7877,10/23/2022,C and D,26.4253870351,-81.9070846495
7878,11/12/2022,C and D,26.4582769107,-81.9427668304
7879,02/14/2023,C and D,26.4624155173,-81.9478065335
7880,01/20/2023,C and D,26.4439717,-81.9334517
7881,10/18/2022,C and D,26.4305016669,-81.9133144015
7882,11/05/2022,C and D,26.4254576,-81.9077047
7883,01/11/2023,C and D,26.4609071227,-81.949069668
7884,10/25/2022,Dirty Sand Soil,26.4093632076,-81.8980449363
7885,12/01/2022,C and D,26.4359251,-81.920046
7886,10/25/2022,C and D,26.4286784828,-81.9115592447
7887,10/13/2022,Dirty Sand Soil,26.4489321,-81.9433401
7888,11/12/2022,C and D,26.4265381702,-81.9091744003
7889,03/24/2023,C and D,26.4448336,-81.9351859
7890,10/30/2022,C and D,26.4046302997,-81.8864004594
7891,11/16/2022,C and D,26.4324771,-81.9158523
7892,10/31/2022,C and D,26.4181446,-81.9019485
7893,12/05/2022,C and D,26.4050320624,-81.8933167521
7894,11/05/2022,C and D,26.4179691347,-81.9018181321
7895,05/16/2023,C and D,26.4071163,-81.8960073
7896,11/09/2022,C and D,26.4417208499,-81.9294832741
7897,11/30/2022,C and D,26.4256395,-81.9077606
7898,11/05/2022,C and D,26.4255979,-81.9081598
7899,03/15/2023,C and D,26.459167148,-81.9403208215
7900,10/15/2022,Dirty Sand Soil,26.449059913,-81.9441392425
7901,12/10/2022,C and D,26.4413663,-81.9288446
7902,02/10/2023,Concrete to FDS,26.4478599,-81.9406394
7903,12/01/2022,C and D,26.4638631515,-81.9476462973
7904,11/22/2022,C and D,26.4255451365,-81.9080143619
7905,12/04/2022,C and D,26.4657235,-81.9548771
7906,11/03/2022,C and D,26.4380560722,-81.9232487307
7907,12/04/2022,C and D,26.4044634025,-81.8876615581
7908,02/18/2023,C and D,26.4285084263,-81.9112243257
7909,11/03/2022,Dirty Sand Soil,26.4292744,-81.9120056
7910,03/15/2023,C and D,26.4580734229,-81.9394952273
7911,11/17/2022,C and D,26.4045316934,-81.8867406625
7912,11/20/2022,C and D,26.4282958,-81.9112842
7913,11/19/2022,C and D,26.45893,-81.941748
7914,10/30/2022,C and D,26.4273946442,-81.9101478033
7915,02/16/2023,C and D,26.4602001,-81.9467315
7916,01/23/2023,C and D,26.4096939,-81.8987282
7917,10/16/2022,Dirty Sand Soil,26.4480487,-81.9409493
7918,11/13/2022,C and D,26.4080745,-81.8970763
7919,12/03/2022,C and D,26.4284343,-81.9113295
7920,01/04/2023,C and D,26.4303268,-81.9130896
7921,12/08/2022,Dirty Sand Soil,26.4097636,-81.8984631
7922,12/19/2022,C and D,26.4335093927,-81.9170635567
7923,10/25/2022,C and D,26.4324496765,-81.9155432332
7924,10/28/2022,C and D,26.4639885491,-81.9486597274
7925,12/07/2022,C and D,26.4098272054,-81.8985860702
7926,10/23/2022,Dirty Sand Soil,26.4525827,-81.9545978
7927,12/07/2022,C and D,26.4614626266,-81.9509568364
7928,11/05/2022,C and D,26.4255297975,-81.9079619855
7929,02/03/2023,C and D,26.4418729456,-81.9297080757
7930,12/11/2022,HHW to DMS,26.462468215,-81.9468630186
7931,10/14/2022,Dirty Sand Soil,26.4518617,-81.952588
7932,12/04/2022,C and D,26.4283448,-81.9113778
7933,01/08/2023,C and D,26.4338338378,-81.917374501
7934,12/12/2022,C and D,26.4583584431,-81.9394829043
7935,12/12/2022,C and D,26.435832,-81.9202452
7936,10/23/2022,Dirty Sand Soil,26.4279532,-81.9106665
7937,10/21/2022,C and D,26.4191298,-81.9023237
7938,01/03/2023,C and D,26.4658694,-81.9551341
7939,10/31/2022,C and D,26.4283158397,-81.9110743516
7940,12/06/2022,Dirty Sand Soil,26.4376816,-81.9228914
7941,01/11/2023,C and D,26.4507629,-81.9486802
7942,03/17/2023,C and D,26.4335378,-81.9168514
7943,12/10/2022,C and D,26.4600749026,-81.9470967074
7944,10/28/2022,Clean Sand Soil,26.4526984,-81.9552875
7945,10/21/2022,Clean Sand Soil,26.4526046,-81.9546145
7946,12/02/2022,C and D,26.425793,-81.9080342
7947,12/15/2022,C and D,26.4056021,-81.8944323
7948,11/04/2022,C and D,26.4580877594,-81.9426112524
7949,11/08/2022,C and D,26.4507936324,-81.9490204103
7950,12/01/2022,C and D,26.458992851,-81.9417033345
7951,01/31/2023,Dirty Sand Soil,26.449149,-81.9437106
7952,11/07/2022,C and D,26.4113761,-81.8993265
7953,10/27/2022,C and D,26.4619604638,-81.9513789006
7954,11/19/2022,C and D,26.4386391948,-81.9240838069
7955,12/14/2022,C and D,26.4590781023,-81.9417863959
7956,12/07/2022,C and D,26.4583164,-81.940946
7957,10/05/2022,C and D,26.4641789868,-81.9506436205
7958,12/10/2022,C and D,26.4106459,-81.8990817
7959,12/03/2022,C and D,26.4220598,-81.9041039
7960,12/07/2022,Dirty Sand Soil,26.4302105,-81.9131044
7961,10/23/2022,Dirty Sand Soil,26.4372939,-81.9220011
7962,11/06/2022,C and D,26.4345833,-81.9185211
7963,11/16/2022,Dirty Sand Soil,26.414578,-81.9009463
7964,11/11/2022,C and D,26.4112373,-81.8993176
7965,02/06/2023,C and D,26.447975,-81.9408567
7966,10/19/2022,Clean Sand Soil,26.4525644,-81.9545789
7967,12/04/2022,Vegetation,26.4395001407,-81.9249831482
7968,10/30/2022,C and D,26.450448,-81.94783
7969,12/09/2022,C and D,26.4351609629,-81.9190918096
7970,03/18/2023,C and D,26.4622294837,-81.9538018306
7971,11/04/2022,Dirty Sand Soil,26.4361636,-81.920456
7972,11/05/2022,C and D,26.4048243672,-81.8845884551
7973,02/09/2023,C and D,26.4379493494,-81.9229887516
7974,11/09/2022,C and D,26.4148916,-81.9007986
7975,11/09/2022,C and D,26.4224324,-81.9044467
7976,12/07/2022,C and D,26.4071833,-81.89625
7977,01/20/2023,C and D,26.464241617,-81.947578784
7978,10/27/2022,C and D,26.4047750132,-81.8845334743
7979,10/23/2022,C and D,26.4326666174,-81.9157935283
7980,02/20/2023,C and D,26.4592073251,-81.9417320076
7981,01/13/2023,C and D,26.4591972463,-81.948121287
7982,10/22/2022,Clean Sand Soil,26.4525834,-81.9545806
7983,11/09/2022,C and D,26.4417873603,-81.9294546918
7984,11/22/2022,C and D,26.4497945,-81.9457767
7985,11/12/2022,C and D,26.4381144583,-81.9233416992
7986,11/13/2022,C and D,26.4597720746,-81.9425982703
7987,12/18/2022,Dirty Sand Soil,26.4431604,-81.9317892
7988,11/02/2022,Dirty Sand Soil,26.4444764,-81.9344545
7989,11/12/2022,C and D,26.4391222503,-81.9249712956
7990,11/11/2022,C and D,26.4255562,-81.9078546
7991,11/04/2022,C and D,26.4255721495,-81.9079851174
7992,11/29/2022,C and D,26.4249167,-81.9062933
7993,12/09/2022,C and D,26.4044545731,-81.8867150322
7994,05/03/2023,C and D,26.4594715834,-81.9460895845
7995,03/10/2023,C and D,26.4048797,-81.8854071
7996,10/17/2022,C and D,26.4665112983,-81.9541773194
7997,11/15/2022,C and D,26.4353022818,-81.9196355437
7998,11/04/2022,C and D,26.4044295112,-81.8896249776
7999,12/08/2022,C and D,26.4341878598,-81.9172893439
8000,01/29/2023,C and D,26.4582822332,-81.9441697095
8001,10/20/2022,C and D,26.4157945,-81.9011181
8002,11/21/2022,C and D,26.4604824827,-81.9537759208
8003,12/01/2022,C and D,26.4379082,-81.9229348
8004,10/24/2022,C and D,26.428343961,-81.91113621
8005,11/05/2022,C and D,26.441239,-81.9284283
8006,11/13/2022,C and D,26.4073811705,-81.8963472691
8007,11/17/2022,C and D,26.466311,-81.9556085
8008,01/11/2023,Clean Sand Soil,26.436718,-81.9220911
8009,11/30/2022,C and D,26.4597472141,-81.9417341394
8010,03/18/2023,C and D,26.4183787,-81.9021289
8011,12/05/2022,C and D,26.4580276522,-81.9418830487
8012,11/30/2022,C and D,26.4255633485,-81.9078615681
8013,10/19/2022,Clean Sand Soil,26.452572,-81.9546283
8014,11/20/2022,C and D,26.4597149,-81.9425848
8015,02/01/2023,C and D,26.4597578673,-81.946527958
8016,02/01/2023,C and D,26.4582436765,-81.939581791
8017,10/29/2022,Vegetation,26.4255166415,-81.9078699954
8018,11/01/2022,C and D,26.4524933,-81.9547141
8019,10/30/2022,C and D,26.4233361511,-81.9049428218
8020,10/29/2022,C and D,26.4184176986,-81.9019915397
8021,10/30/2022,C and D,26.4273152619,-81.910016092
8022,12/06/2022,C and D,26.4183257,-81.9020625
8023,11/03/2022,C and D,26.4484986,-81.9425215
8024,11/16/2022,Dirty Sand Soil,26.4108897,-81.8992091
8025,02/11/2023,C and D,26.4371234,-81.9219593
8026,11/30/2022,C and D,26.4617749137,-81.9485921884
8027,10/14/2022,Dirty Sand Soil,26.4307001,-81.9135864
8028,11/07/2022,C and D,26.4057585877,-81.8944951148
8029,10/28/2022,C and D,26.4255320002,-81.9078529347
8030,11/30/2022,C and D,26.4646777,-81.950713
8031,01/21/2023,C and D,26.4593708731,-81.9459455236
8032,12/05/2022,C and D,26.4598167502,-81.9403033052
8033,12/04/2022,C and D,26.4360741293,-81.9203992189
8034,11/04/2022,C and D,26.4198099804,-81.9026562084
8035,10/17/2022,Dirty Sand Soil,26.4365974,-81.9209981
8036,11/09/2022,C and D,26.4593983256,-81.946158819
8037,01/24/2023,Compact CD,26.4482767,-81.94072
8038,10/23/2022,Clean Sand Soil,26.4526117,-81.9546138
8039,12/12/2022,C and D,26.459209146,-81.9408840035
8040,11/07/2022,C and D,26.4079007,-81.8968458
8041,12/05/2022,C and D,26.429015,-81.9119828
8042,11/14/2022,C and D,26.4502518174,-81.9472093645
8043,10/16/2022,C and D,26.4366912595,-81.9209231952
8044,12/14/2022,C and D,26.4056865935,-81.8942957901
8045,12/05/2022,C and D,26.464931,-81.955084
8046,11/21/2022,Sand CD,26.4525329,-81.9545868
8047,12/19/2022,C and D,26.4181756648,-81.9018859417
8048,11/03/2022,C and D,26.4053687034,-81.8939020951
8049,11/16/2022,Dirty Sand Soil,26.4147761,-81.900882
8050,11/19/2022,C and D,26.4316312,-81.9148253
8051,12/19/2022,C and D,26.4225203824,-81.9044126664
8052,02/11/2023,C and D,26.4171573892,-81.901433738
8053,12/10/2022,C and D,26.4656367,-81.955427
8054,11/18/2022,C and D,26.4255336672,-81.9080295986
8055,11/29/2022,C and D,26.4332061012,-81.9165145652
8056,01/22/2023,Compact CD,26.4480248,-81.940523
8057,11/17/2022,C and D,26.4611624,-81.9538694
8058,11/11/2022,C and D,26.4419361763,-81.9298659013
8059,12/14/2022,C and D,26.4603856718,-81.9402748068
8060,02/05/2023,C and D,26.4477957,-81.9402125
8061,02/11/2023,C and D,26.461028,-81.9463103
8062,11/22/2022,C and D,26.4586451,-81.941772
8063,11/04/2022,C and D,26.4513475,-81.9503493
8064,10/18/2022,Dirty Sand Soil,26.4491807,-81.9440078
8065,12/08/2022,Dirty Sand Soil,26.4114757,-81.8994517
8066,11/19/2022,C and D,26.4044886386,-81.8887774269
8067,12/02/2022,C and D,26.4629780116,-81.9486073235
8068,11/13/2022,Dirty Sand Soil,26.4388965,-81.9243658
8069,10/31/2022,C and D,26.417843909,-81.9018321299
8070,11/19/2022,C and D,26.4318479,-81.9150047
8071,02/15/2023,C and D,26.4630767,-81.9533417
8072,10/31/2022,C and D,26.4180219,-81.9019263
8073,12/07/2022,Dirty Sand Soil,26.4480004,-81.940796
8074,10/07/2022,C and D,26.4601792,-81.9472317
8075,10/21/2022,Dirty Sand Soil,26.4514915,-81.9512456
8076,11/11/2022,Vegetation,26.4256419,-81.9082284
8077,10/26/2022,C and D,26.4597605914,-81.9465899003
8078,02/08/2023,Dirty Sand Soil,26.4321513,-81.9150281
8079,11/17/2022,C and D,26.4382600878,-81.923598759
8080,10/30/2022,C and D,26.4043773505,-81.8872411137
8081,12/21/2022,C and D,26.4602794701,-81.9462854227
8082,12/01/2022,Sand CD,26.4525558,-81.9546489
8083,12/10/2022,C and D,26.4352222346,-81.9192170353
8084,12/12/2022,C and D,26.4615228,-81.9523291
8085,12/21/2022,C and D,26.461784585,-81.9514392503
8086,05/04/2023,C and D,26.4602013538,-81.9472796471
8087,03/02/2023,C and D,26.4591345,-81.9403619
8088,12/15/2022,C and D,26.4615570847,-81.9485638385
8089,11/04/2022,C and D,26.4596325809,-81.9463552417
8090,01/03/2023,C and D,26.4508252,-81.9490067
8091,12/19/2022,C and D,26.4355290961,-81.9199125656
8092,10/20/2022,C and D,26.4306364676,-81.9134007632
8093,11/04/2022,C and D,26.4480842,-81.941
8094,11/06/2022,C and D,26.4604342208,-81.9476422615
8095,10/14/2022,Dirty Sand Soil,26.4519898547,-81.952631157
8096,10/17/2022,Dirty Sand Soil,26.4357455,-81.9199228
8097,10/16/2022,C and D,26.4509319,-81.9486343
8098,02/22/2023,C and D,26.4664361906,-81.9556540903
8099,12/07/2022,Dirty Sand Soil,26.4499166,-81.9464542
8100,11/05/2022,Dirty Sand Soil,26.4365362,-81.9209239
8101,11/21/2022,C and D,26.404727,-81.8921866
8102,10/13/2022,Vegetation,26.4159784334,-81.9010898262
8103,11/04/2022,C and D,26.4595997413,-81.9463257151
8104,11/30/2022,C and D,26.425531623,-81.9077353366
8105,11/03/2022,C and D,26.4486385,-81.942835
8106,10/20/2022,Dirty Sand Soil,26.4514237,-81.9512401
8107,11/02/2022,Dirty Sand Soil,26.4116383,-81.8996244
8108,11/18/2022,Vegetation,26.4617656,-81.951388
8109,11/08/2022,C and D,26.4421549905,-81.9303021022
8110,12/14/2022,Dirty Sand Soil,26.4519331,-81.9524262
8111,11/16/2022,C and D,26.4664305,-81.9556834
8112,01/08/2023,C and D,26.4307382478,-81.913482407
8113,12/10/2022,C and D,26.4356893,-81.9200799
8114,02/26/2023,C and D,26.4057848004,-81.8944584716
8115,02/10/2023,Concrete to FDS,26.4481449,-81.9404191
8116,10/19/2022,Dirty Sand Soil,26.4514345,-81.951206
8117,11/03/2022,C and D,26.4054905673,-81.8941231663
8118,12/12/2022,C and D,26.4104409975,-81.8991016761
8119,03/15/2023,C and D,26.4595586832,-81.9462984579
8120,12/09/2022,C and D,26.4441486,-81.9340452
8121,12/17/2022,C and D,26.4603850516,-81.9474944256
8122,01/21/2023,C and D,26.4341674,-81.9177617
8123,11/19/2022,C and D,26.4389501962,-81.9245712742
8124,11/13/2022,C and D,26.4183128785,-81.9018895947
8125,03/08/2023,C and D,26.4223778,-81.9043642
8126,10/30/2022,C and D,26.4045470255,-81.8869168685
8127,11/12/2022,C and D,26.438855622,-81.9244641905
8128,11/07/2022,C and D,26.4592810476,-81.9458400168
8129,01/21/2023,C and D,26.4606827505,-81.9469321449
8130,11/11/2022,C and D,26.410937,-81.8989004
8131,02/02/2023,C and D,26.4591148,-81.941664
8132,02/09/2023,Concrete to FDS,26.4480515,-81.9405631
8133,12/11/2022,C and D,26.4389636647,-81.9246547111
8134,10/14/2022,Dirty Sand Soil,26.4489712,-81.9434106
8135,10/19/2022,C and D,26.4365529498,-81.9209126628
8136,02/23/2023,C and D,26.43737455,-81.9224612459
8137,11/16/2022,C and D,26.425653446,-81.9081214442
8138,12/14/2022,C and D,26.4595040664,-81.9417451237
8139,10/23/2022,C and D,26.4340395577,-81.9174605824
8140,01/19/2023,C and D,26.4294658,-81.9123729
8141,11/03/2022,C and D,26.4052947751,-81.8936932181
8142,10/13/2022,Dirty Sand Soil,26.4494918547,-81.9449267487
8143,10/07/2022,C and D,26.4649079,-81.9550071
8144,01/08/2023,C and D,26.4298745221,-81.9126133199
8145,12/09/2022,C and D,26.4440981,-81.9339881
8146,10/19/2022,Clean Sand Soil,26.452546,-81.9545242
8147,03/17/2023,C and D,26.4337792,-81.9172284
8148,10/31/2022,C and D,26.4171630969,-81.9016004073
8149,11/12/2022,Dirty Sand Soil,26.4419803,-81.9296942
8150,10/15/2022,C and D,26.4226105491,-81.9045911433
8151,02/10/2023,C and D,26.4059441,-81.8944352
8152,11/13/2022,C and D,26.4366776436,-81.9210318
8153,10/18/2022,Dirty Sand Soil,26.4527403,-81.9552097
8154,01/04/2023,Dirty Sand Soil,26.4348799,-81.9187503
8155,12/17/2022,C and D,26.4477227686,-81.9399451344
8156,12/04/2022,C and D,26.404536,-81.888197
8157,11/12/2022,C and D,26.4586221625,-81.9425075813
8158,11/22/2022,Vegetation,26.425525,-81.907935
8159,10/15/2022,C and D,26.4496946936,-81.9458955386
8160,01/24/2023,C and D,26.4049467,-81.8924609
8161,11/30/2022,C and D,26.4048041,-81.8853532
8162,01/30/2023,C and D,26.4659307218,-81.9550127209
8163,12/04/2022,C and D,26.4282676,-81.9111922
8164,11/20/2022,C and D,26.4107944,-81.8991239
8165,12/03/2022,C and D,26.4617480244,-81.9513812314
8166,01/22/2023,C and D,26.4317565,-81.9148275
8167,11/29/2022,C and D,26.4335602306,-81.9170658187
8168,01/19/2023,C and D,26.4295838,-81.9124295
8169,01/03/2023,C and D,26.4601086572,-81.9475872641
8170,11/02/2022,Dirty Sand Soil,26.4460066,-81.9373511
8171,11/07/2022,C and D,26.4074964,-81.8965267
8172,11/06/2022,C and D,26.4219021332,-81.903979322
8173,11/14/2022,C and D,26.4330503,-81.9163692
8174,01/18/2023,Dirty Sand Soil,26.4466522,-81.9380729
8175,11/08/2022,C and D,26.4428880246,-81.9316342899
8176,12/01/2022,C and D,26.4617503991,-81.9485755064
8177,11/07/2022,C and D,26.4435675927,-81.9330095407
8178,10/28/2022,C and D,26.4255538769,-81.9079358318
8179,11/03/2022,C and D,26.4056660934,-81.8944480085
8180,12/03/2022,C and D,26.4646702,-81.954834
8181,11/29/2022,C and D,26.4171851,-81.9015909
8182,10/17/2022,C and D,26.4522779976,-81.9534653536
8183,02/07/2023,C and D,26.4316365,-81.9145961
8184,10/22/2022,Clean Sand Soil,26.4525449,-81.9545942
8185,12/19/2022,C and D,26.4288672013,-81.9117143937
8186,11/09/2022,C and D,26.4630294568,-81.9510437124
8187,11/01/2022,C and D,26.4103819197,-81.8989760802
8188,11/20/2022,C and D,26.4670264,-81.9548984
8189,11/11/2022,C and D,26.4255923643,-81.9080967958
8190,12/15/2022,C and D,26.4055676898,-81.8943207712
8191,11/21/2022,C and D,26.4623295,-81.9535035
8192,10/23/2022,Clean Sand Soil,26.4525358,-81.9546
8193,10/19/2022,C and D,26.4364978644,-81.9209519862
8194,11/11/2022,C and D,26.425599333,-81.9080172119
8195,11/12/2022,C and D,26.4255483751,-81.908026604
8196,11/01/2022,C and D,26.4145779424,-81.9007388303
8197,10/17/2022,Clean Sand Soil,26.4526037,-81.9544814
8198,12/16/2022,C and D,26.4181884,-81.9019583
8199,01/07/2023,C and D,26.4305047117,-81.9132279293
8200,02/08/2023,C and D,26.4319579862,-81.9151855075
8201,02/02/2023,Dirty Sand Soil,26.4244285,-81.9058255
8202,12/07/2022,C and D,26.4613279,-81.9522356
8203,10/09/2022,C and D,26.4659557,-81.9555165
8204,12/14/2022,C and D,26.4587421958,-81.9426040829
8205,01/13/2023,C and D,26.4356983,-81.9195983
8206,11/03/2022,C and D,26.4304735,-81.9132634
8207,11/01/2022,Dirty Sand Soil,26.4118074,-81.8996732
8208,12/10/2022,C and D,26.4104712,-81.8988932
8209,10/16/2022,Dirty Sand Soil,26.4377163,-81.9227313
8210,10/22/2022,Clean Sand Soil,26.4525019,-81.9546751
8211,10/21/2022,Clean Sand Soil,26.4525531,-81.9545913
8212,11/09/2022,C and D,26.4417639328,-81.9295835216
8213,01/26/2023,Compact CD,26.448486,-81.9404883
8214,01/21/2023,C and D,26.421469529,-81.9036469876
8215,12/15/2022,C and D,26.4339712775,-81.917750286
8216,01/21/2023,C and D,26.4199814417,-81.90283053
8217,12/14/2022,C and D,26.4583984064,-81.9425711968
8218,11/03/2022,C and D,26.4304676,-81.9131932
8219,03/27/2023,C and D,26.4310066,-81.9137517
8220,11/02/2022,C and D,26.4063422383,-81.8952870481
8221,11/12/2022,C and D,26.4087556,-81.8977312
8222,12/17/2022,C and D,26.4500236698,-81.9467100967
8223,11/30/2022,C and D,26.4341438,-81.9187533
8224,12/15/2022,Dirty Sand Soil,26.4358652,-81.9200727
8225,11/08/2022,C and D,26.441634799,-81.9294331161
8226,11/30/2022,C and D,26.4348677,-81.9189572
8227,11/13/2022,C and D,26.4174869,-81.9016498
8228,01/11/2023,C and D,26.4608290159,-81.9485601202
8229,10/23/2022,Dirty Sand Soil,26.4512087,-81.9499509
8230,01/07/2023,C and D,26.4303471,-81.9131928
8231,10/27/2022,C and D,26.4598389203,-81.9467701112
8232,11/22/2022,C and D,26.4067867,-81.8955017
8233,03/18/2023,C and D,26.4617224721,-81.9538833632
8234,12/07/2022,C and D,26.4613102,-81.9522443
8235,12/07/2022,C and D,26.4613076,-81.9522432
8236,10/20/2022,Dirty Sand Soil,26.4514074,-81.9512313
8237,10/13/2022,Dirty Sand Soil,26.4496194525,-81.9452550822
8238,10/31/2022,C and D,26.4647640009,-81.9553141204
8239,10/12/2022,C and D,26.4479252222,-81.9407523941
8240,03/13/2023,HHW to DMS,26.4645438,-81.9549636
8241,02/17/2023,C and D,26.4169787,-81.9016265
8242,10/11/2022,C and D,26.4275280768,-81.9103495702
8243,12/10/2022,C and D,26.4660639,-81.9556582
8244,01/12/2023,C and D,26.4509414,-81.9488987
8245,12/11/2022,C and D,26.462075864,-81.9476937875
8246,11/28/2022,C and D,26.4481095,-81.941043
8247,10/14/2022,Vegetation,26.4255480422,-81.9075305228
8248,11/30/2022,C and D,26.4646593,-81.9506245
8249,11/02/2022,C and D,26.4273116,-81.9100552
8250,10/22/2022,C and D,26.4288746008,-81.9115814044
8251,10/16/2022,C and D,26.4365012939,-81.9209634614
8252,11/28/2022,C and D,26.4476986,-81.9402651
8253,12/13/2022,C and D,26.4600003498,-81.9416291886
8254,11/13/2022,Dirty Sand Soil,26.4410817,-81.9282991
8255,10/18/2022,C and D,26.4043830909,-81.8868792343
8256,10/14/2022,Dirty Sand Soil,26.4436788,-81.932909
8257,11/19/2022,Clean Sand Soil,26.4525456,-81.9553583
8258,11/11/2022,C and D,26.410734,-81.8991588
8259,11/05/2022,C and D,26.4255618493,-81.9077552895
8260,10/25/2022,C and D,26.4594693332,-81.953825899
8261,02/23/2023,C and D,26.4351389339,-81.9192775092
8262,10/24/2022,C and D,26.4338759807,-81.9175460654
8263,02/10/2023,C and D,26.424883,-81.9064887
8264,02/15/2023,C and D,26.4369591,-81.9218018
8265,12/07/2022,Dirty Sand Soil,26.4306753,-81.9134807
8266,11/03/2022,C and D,26.4064781455,-81.8955376412
8267,02/15/2023,C and D,26.4374058,-81.9224729
8268,01/12/2023,C and D,26.4507963,-81.9488674
8269,10/18/2022,C and D,26.4618515908,-81.9531744888
8270,02/17/2023,C and D,26.4363726596,-81.9208860125
8271,10/23/2022,C and D,26.4323908495,-81.9154201534
8272,12/03/2022,C and D,26.4047181,-81.8861823
8273,11/29/2022,C and D,26.4628009537,-81.954079171
8274,12/05/2022,C and D,26.4611593022,-81.9520583967
8275,10/25/2022,C and D,26.442119057,-81.9301789917
8276,03/18/2023,C and D,26.4185217,-81.902168
8277,11/01/2022,C and D,26.4103937382,-81.8989240286
8278,12/05/2022,C and D,26.4626502323,-81.9510142089
8279,11/26/2022,C and D,26.4338873679,-81.917317532
8280,11/22/2022,C and D,26.4254795714,-81.9080610574
8281,11/12/2022,C and D,26.4391340269,-81.9249044918
8282,02/06/2023,C and D,26.4431781,-81.932106
8283,10/14/2022,C and D,26.4289328232,-81.9117163353
8284,12/17/2022,C and D,26.4499375457,-81.9466810115
8285,11/15/2022,C and D,26.4328,-81.9161448
8286,12/05/2022,C and D,26.4510571,-81.9496362
8287,12/04/2022,C and D,26.435813075,-81.9201821276
8288,01/09/2023,Clean Sand Soil,26.4364591,-81.922378
8289,11/05/2022,C and D,26.4045867976,-81.8864131999
8290,12/07/2022,C and D,26.4612850955,-81.9503234
8291,12/07/2022,Dirty Sand Soil,26.4113478,-81.899669
8292,11/13/2022,C and D,26.4593738563,-81.9416934727
8293,01/05/2023,C and D,26.4303778,-81.9131574
8294,01/24/2023,C and D,26.4046117,-81.8913656
8295,10/14/2022,Dirty Sand Soil,26.4426562,-81.931007
8296,01/18/2023,C and D,26.43789,-81.9230655
8297,01/13/2023,C and D,26.450736,-81.9487709
8298,10/18/2022,Dirty Sand Soil,26.4528387,-81.9552211
8299,12/07/2022,C and D,26.4613739405,-81.9508301383
8300,12/12/2022,C and D,26.4584123985,-81.9395449715
8301,10/23/2022,Dirty Sand Soil,26.4232242,-81.9048404
8302,01/21/2023,C and D,26.4379773,-81.9229136
8303,11/15/2022,C and D,26.4615732,-81.9538661
8304,12/04/2022,C and D,26.4358103508,-81.9202437346
8305,10/13/2022,Dirty Sand Soil,26.4489339,-81.9433649
8306,11/06/2022,C and D,26.4522398,-81.954619
8307,12/02/2022,C and D,26.4596103802,-81.9417135804
8308,11/02/2022,C and D,26.4067334903,-81.8957978128
8309,12/08/2022,C and D,26.4340696,-81.9175334
8310,01/08/2023,C and D,26.4300573,-81.9128566
8311,11/13/2022,C and D,26.4580959873,-81.942630373
8312,10/25/2022,C and D,26.4430528181,-81.9318255131
8313,10/22/2022,Dirty Sand Soil,26.4490638,-81.9440183
8314,10/21/2022,C and D,26.4190351,-81.9023366
8315,11/15/2022,C and D,26.4440944999,-81.9339011905
8316,01/27/2023,Dirty Sand Soil,26.4109363,-81.899216
8317,12/04/2022,C and D,26.4414744638,-81.9293546119
8318,10/23/2022,Dirty Sand Soil,26.4232465,-81.9048256
8319,11/29/2022,C and D,26.4252083,-81.9067298
8320,12/12/2022,C and D,26.450575,-81.9483814
8321,01/15/2023,C and D,26.4579000816,-81.9391484989
8322,10/19/2022,Dirty Sand Soil,26.4514263,-81.9512376
8323,10/19/2022,Dirty Sand Soil,26.4514412,-81.9513238
8324,11/09/2022,C and D,26.4613921958,-81.9524169439
8325,12/03/2022,C and D,26.448200061,-81.9411922061
8326,11/05/2022,C and D,26.4583015858,-81.9440864613
8327,12/05/2022,C and D,26.4052217,-81.8932883
8328,12/18/2022,Dirty Sand Soil,26.445006,-81.9355192
8329,11/12/2022,C and D,26.4053665,-81.8938412
8330,01/13/2023,C and D,26.448885,-81.9434304
8331,01/07/2023,Clean Sand Soil,26.4365395,-81.9223788
8332,10/27/2022,C and D,26.4060460704,-81.8946636745
8333,11/13/2022,C and D,26.4383434413,-81.9237086765
8334,03/08/2023,C and D,26.4403857,-81.9273236
8335,11/19/2022,Sand CD,26.4525411,-81.9546664
8336,10/24/2022,C and D,26.4217016,-81.9038765
8337,12/10/2022,C and D,26.4586502082,-81.9394660081
8338,10/19/2022,C and D,26.4365659871,-81.9209455937
8339,11/07/2022,C and D,26.4580806065,-81.9417768438
8340,12/05/2022,C and D,26.4649038,-81.9550784
8341,11/03/2022,C and D,26.404818227,-81.8921227212
8342,10/22/2022,Clean Sand Soil,26.4525793,-81.9546465
8343,11/01/2022,C and D,26.4107638959,-81.8992045037
8344,10/14/2022,Dirty Sand Soil,26.4442068,-81.9339464
8345,01/04/2023,Dirty Sand Soil,26.4438789,-81.9333674
8346,10/28/2022,Clean Sand Soil,26.4526847,-81.9552927
8347,10/29/2022,C and D,26.4628223346,-81.9485575828
8348,12/09/2022,C and D,26.4640775649,-81.9517259952
8349,12/01/2022,C and D,26.4616787366,-81.9485759683
8350,12/06/2022,Dirty Sand Soil,26.438711,-81.9241073
8351,10/16/2022,C and D,26.4099668677,-81.8986378184
8352,12/03/2022,C and D,26.459377287,-81.9403442089
8353,11/10/2022,C and D,26.460817256,-81.9525898342
8354,01/15/2023,C and D,26.4585724843,-81.9416922272
8355,12/20/2022,C and D,26.461434,-81.9538352
8356,11/07/2022,C and D,26.4436445804,-81.9331903384
8357,12/01/2022,C and D,26.4244966,-81.9058284
8358,11/01/2022,C and D,26.416319618,-81.9012443908
8359,01/21/2023,Compact CD,26.4479412,-81.9405366
8360,01/16/2023,C and D,26.4591720395,-81.9402836251
8361,02/09/2023,Concrete to FDS,26.4478723,-81.9405957
8362,01/16/2023,C and D,26.4602216182,-81.9403578286
8363,01/22/2023,Compact CD,26.4480064,-81.9410411
8364,01/21/2023,C and D,26.4639356997,-81.9476240428
8365,11/20/2022,C and D,26.4667886993,-81.9546634765
8366,12/03/2022,C and D,26.4581842445,-81.9439943522
8367,01/13/2023,Vegetation,26.4590629464,-81.9461108582
8368,12/20/2022,HHW to DMS,26.4644939972,-81.9508795268
8369,12/15/2022,C and D,26.4577213582,-81.93948498
8370,10/27/2022,C and D,26.4066241449,-81.8956601993
8371,12/01/2022,C and D,26.4640936163,-81.9477502071
8372,11/11/2022,C and D,26.4391451748,-81.9248769992
8373,02/03/2023,C and D,26.4661188517,-81.9552113582
8374,11/08/2022,C and D,26.4524690062,-81.9546958712
8375,12/11/2022,Vegetation,26.4271176886,-81.9098315668
8376,03/09/2023,C and D,26.4101863,-81.8989218
8377,02/01/2023,C and D,26.4379696,-81.9230482
8378,11/03/2022,C and D,26.4045359195,-81.891503865
8379,11/16/2022,C and D,26.4427704267,-81.9311002422
8380,12/02/2022,C and D,26.4614030279,-81.9538247763
8381,11/28/2022,C and D,26.4270746475,-81.909722183
8382,10/17/2022,Clean Sand Soil,26.4525559,-81.9545765
8383,12/05/2022,C and D,26.4328354768,-81.9160049934
8384,10/19/2022,Clean Sand Soil,26.452575,-81.9545965
8385,12/09/2022,Vegetation,26.4068637,-81.8959236
8386,11/18/2022,C and D,26.4309441,-81.9139649
8387,01/27/2023,Compact CD,26.4483833,-81.9404633
8388,02/02/2023,Dirty Sand Soil,26.4285444,-81.9115334
8389,10/18/2022,Dirty Sand Soil,26.4501093,-81.9466552
8390,11/22/2022,C and D,26.4270232941,-81.9098655283
8391,11/02/2022,C and D,26.4289480231,-81.9117138668
8392,03/08/2023,HHW to DMS,26.4597174,-81.9465606
8393,11/13/2022,C and D,26.4380122,-81.9232925
8394,11/12/2022,Dirty Sand Soil,26.4342659,-81.9178741
8395,01/11/2023,C and D,26.4508344,-81.949073
8396,10/28/2022,C and D,26.4205923313,-81.9030932019
8397,11/06/2022,C and D,26.4444066405,-81.9345795833
8398,10/23/2022,Dirty Sand Soil,26.4525581,-81.9545857
8399,01/30/2023,Compact CD,26.4484008,-81.9407029
8400,11/29/2022,C and D,26.424946,-81.9060802
8401,12/02/2022,C and D,26.4359760611,-81.9202468359
8402,02/09/2023,C and D,26.4130315,-81.9000994
8403,10/22/2022,C and D,26.4254884305,-81.9077585598
8404,11/11/2022,C and D,26.4191608889,-81.9020921515
8405,12/15/2022,C and D,26.4582752676,-81.9394659621
8406,12/07/2022,C and D,26.461507287,-81.9514754975
8407,12/06/2022,C and D,26.4180668677,-81.9020748698
8408,01/25/2023,Compact CD,26.4480673,-81.9406936
8409,01/15/2023,Vegetation,26.4440109,-81.9335769
8410,12/02/2022,C and D,26.4616662401,-81.9539207042
8411,11/30/2022,C and D,26.4434562629,-81.9325992216
8412,10/06/2022,C and D,26.4651107,-81.955138
8413,10/24/2022,C and D,26.4274586644,-81.9101931621
8414,11/04/2022,C and D,26.4255037112,-81.9077621587
8415,10/18/2022,Dirty Sand Soil,26.4507499,-81.9483548
8416,11/03/2022,C and D,26.4446076192,-81.9345991687
8417,10/24/2022,C and D,26.4495181829,-81.9448894697
8418,11/19/2022,C and D,26.4386278709,-81.9241666849
8419,11/19/2022,C and D,26.4249489336,-81.9063532148
8420,01/09/2023,Clean Sand Soil,26.4365879,-81.9223727
8421,10/15/2022,Dirty Sand Soil,26.4491652372,-81.9439780154
8422,01/15/2023,C and D,26.4593380478,-81.9417085279
8423,10/24/2022,C and D,26.4275315451,-81.9102793281
8424,11/27/2022,Dirty Sand Soil,26.4347868,-81.9187378
8425,10/07/2022,C and D,26.4645467,-81.9532435
8426,01/07/2023,C and D,26.4327489,-81.9159762
8427,11/16/2022,C and D,26.4323677,-81.915453
8428,11/17/2022,C and D,26.4525269369,-81.9547696745
8429,11/05/2022,C and D,26.4045042778,-81.8910866977
8430,01/10/2023,C and D,26.4621028736,-81.9509935968
8431,01/14/2023,C and D,26.4330519,-81.9162734
8432,03/18/2023,C and D,26.4182621,-81.9021505
8433,11/02/2022,C and D,26.4066059172,-81.8956585369
8434,12/15/2022,C and D,26.4594916493,-81.942636188
8435,10/19/2022,Clean Sand Soil,26.4525584,-81.9545757
8436,11/19/2022,C and D,26.4615396885,-81.9541053874
8437,11/01/2022,C and D,26.4525088,-81.9547864
8438,01/17/2023,C and D,26.4295818,-81.9123336
8439,01/16/2023,C and D,26.4395516,-81.9258384
8440,11/06/2022,Vegetation,26.4514982,-81.9512713
8441,12/03/2022,C and D,26.4585795812,-81.9403307979
8442,11/07/2022,C and D,26.4582170859,-81.9417120906
8443,11/26/2022,C and D,26.4338164379,-81.9172747848
8444,12/06/2022,C and D,26.4296711,-81.9124634
8445,10/13/2022,Dirty Sand Soil,26.4496316482,-81.9452515618
8446,02/17/2023,C and D,26.458918115,-81.9416666085
8447,12/04/2022,C and D,26.4046917788,-81.8860471976
8448,12/19/2022,C and D,26.4578549534,-81.940288414
8449,12/19/2022,C and D,26.458186169,-81.9402639436
8450,01/15/2023,C and D,26.4476567,-81.9400643
8451,03/16/2023,C and D,26.4603709721,-81.9476216653
8452,10/13/2022,Dirty Sand Soil,26.4489552,-81.9433859
8453,12/14/2022,C and D,26.4054762433,-81.8944879063
8454,10/29/2022,C and D,26.4114511991,-81.8994361629
8455,11/19/2022,C and D,26.4386896538,-81.9241854066
8456,01/23/2023,C and D,26.4628149768,-81.9509666911
8457,10/30/2022,C and D,26.4594018611,-81.9461805217
8458,11/08/2022,C and D,26.4077022,-81.8967741
8459,02/02/2023,C and D,26.4588311,-81.9417476
8460,02/02/2023,C and D,26.4585991,-81.9416659
8461,01/19/2023,C and D,26.4656421458,-81.9544728451
8462,02/09/2023,C and D,26.4065011,-81.8954293
8463,11/02/2022,C and D,26.4287789,-81.9116727
8464,12/12/2022,C and D,26.4578270446,-81.9402585484
8465,11/01/2022,Dirty Sand Soil,26.4471204,-81.9381666
8466,03/24/2023,C and D,26.4448917,-81.9353067
8467,03/15/2023,C and D,26.4582086784,-81.943904429
8468,12/19/2022,C and D,26.415263121,-81.9008367789
8469,11/07/2022,C and D,26.4280276008,-81.9110111381
8470,01/23/2023,C and D,26.4641908927,-81.9540440538
8471,11/06/2022,C and D,26.4322837,-81.9154178
8472,12/16/2022,Dirty Sand Soil,26.4284906,-81.9113322
8473,12/11/2022,C and D,26.4052649774,-81.8933853508
8474,12/11/2022,C and D,26.4650519,-81.9522336
8475,11/27/2022,Dirty Sand Soil,26.428967,-81.9118467
8476,01/10/2023,C and D,26.4604878098,-81.9462024351
8477,12/03/2022,C and D,26.4584813314,-81.9403041786
8478,11/11/2022,Vegetation,26.4255212,-81.9080885
8479,10/24/2022,Dirty Sand Soil,26.4046938,-81.8864944
8480,12/05/2022,C and D,26.429276,-81.9122205
8481,11/05/2022,C and D,26.4344289,-81.9182176
8482,12/02/2022,C and D,26.4634790437,-81.9531728178
8483,12/01/2022,C and D,26.4242111799,-81.9057561179
8484,03/24/2023,C and D,26.4046406,-81.8911074
8485,11/06/2022,C and D,26.4203739,-81.9029455
8486,11/02/2022,C and D,26.4066023973,-81.8957187389
8487,11/16/2022,Dirty Sand Soil,26.4047637,-81.8852874
8488,10/24/2022,Dirty Sand Soil,26.410294,-81.8988519
8489,01/31/2023,Compact CD,26.448383,-81.9405638
8490,10/31/2022,Dirty Sand Soil,26.4117565,-81.8995268
8491,11/14/2022,C and D,26.4254977491,-81.9078132016
8492,11/01/2022,C and D,26.4163715858,-81.9009888266
8493,12/08/2022,Dirty Sand Soil,26.4097673,-81.8984536
8494,11/19/2022,C and D,26.4600758,-81.9403036
8495,11/02/2022,C and D,26.4488573,-81.9435525
8496,11/03/2022,C and D,26.4445370436,-81.9345099014
8497,11/05/2022,C and D,26.4175163443,-81.9016204693
8498,11/03/2022,C and D,26.4254324651,-81.9070652873
8499,01/04/2023,C and D,26.4303462,-81.9131538
8500,11/19/2022,C and D,26.4044885029,-81.8887942729
8501,11/02/2022,C and D,26.4289194217,-81.9116691604
8502,12/16/2022,C and D,26.4104751,-81.8990015
8503,02/24/2023,C and D,26.4230181417,-81.9050595817
8504,01/09/2023,C and D,26.4325657,-81.9157663
8505,02/09/2023,Compact CD,26.4483625,-81.9406325
8506,01/21/2023,C and D,26.4341305,-81.9176643
8507,01/12/2023,C and D,26.4578206364,-81.939101848
8508,10/06/2022,C and D,26.4623655943,-81.9538702959
8509,12/07/2022,C and D,26.4340123,-81.9175642
8510,10/13/2022,Dirty Sand Soil,26.4491539,-81.9440607
8511,12/05/2022,C and D,26.4612070145,-81.9521510416
8512,10/29/2022,C and D,26.4185622415,-81.9019837515
8513,10/28/2022,Clean Sand Soil,26.4526913,-81.9552951
8514,03/13/2023,C and D,26.4199550171,-81.9025354554
8515,10/13/2022,C and D,26.4160268051,-81.9011322089
8516,12/03/2022,C and D,26.4359578723,-81.9203656913
8517,01/12/2023,C and D,26.4577712116,-81.9390947132
8518,11/13/2022,C and D,26.4383417859,-81.9236968565
8519,11/03/2022,C and D,26.4399272483,-81.9262385555
8520,01/08/2023,C and D,26.4298620174,-81.9126242834
8521,11/05/2022,C and D,26.4067902742,-81.8958541565
8522,10/16/2022,Dirty Sand Soil,26.4520500643,-81.9529099096
8523,11/05/2022,C and D,26.4173725105,-81.9016578035
8524,11/04/2022,C and D,26.4044281701,-81.8886001223
8525,10/12/2022,C and D,26.4479896175,-81.9407097042
8526,02/26/2023,C and D,26.4059766106,-81.8946147169
8527,10/05/2022,C and D,26.4642409879,-81.9507130741
8528,12/03/2022,C and D,26.4283727,-81.911347
8529,10/23/2022,C and D,26.4338501171,-81.9174617809
8530,12/04/2022,C and D,26.40469,-81.8863146
8531,11/02/2022,C and D,26.4075376466,-81.8966702186
8532,10/24/2022,C and D,26.4067207882,-81.8957141788
8533,11/05/2022,C and D,26.4173731699,-81.9016485468
8534,11/03/2022,C and D,26.4380429127,-81.9232754689
8535,01/11/2023,C and D,26.4507712,-81.9489333
8536,10/22/2022,C and D,26.4192385,-81.9022945
8537,10/25/2022,Dirty Sand Soil,26.4279809,-81.9107153
8538,02/01/2023,Dirty Sand Soil,26.4284173,-81.9111455
8539,02/01/2023,Dirty Sand Soil,26.4287086,-81.9114194
8540,12/02/2022,Vegetation,26.46155591,-81.9514424595
8541,12/11/2022,C and D,26.4642674,-81.9542249
8542,12/16/2022,HHW to DMS,26.4613813922,-81.9508387399
8543,11/21/2022,C and D,26.4585863,-81.941713
8544,11/06/2022,C and D,26.4134812,-81.9001596
8545,10/21/2022,C and D,26.419063,-81.9024
8546,10/31/2022,C and D,26.4287356055,-81.9115538803
8547,11/30/2022,Vegetation,26.4255149,-81.9081424
8548,12/14/2022,C and D,26.4589796713,-81.9415897405
8549,03/11/2023,C and D,26.4120687,-81.899613
8550,12/02/2022,C and D,26.4662358,-81.9556549
8551,10/17/2022,C and D,26.4654976,-81.9544517
8552,12/08/2022,C and D,26.4356377263,-81.9196846997
8553,11/11/2022,C and D,26.425571534,-81.9080373381
8554,12/18/2022,C and D,26.4587560483,-81.9425487606
8555,10/24/2022,Dirty Sand Soil,26.4102309,-81.8989323
8556,03/28/2023,C and D,26.4103388367,-81.8989501801
8557,10/15/2022,C and D,26.4496921488,-81.9459117495
8558,10/30/2022,C and D,26.4210778553,-81.9034599536
8559,12/03/2022,C and D,26.4603946409,-81.9538079191
8560,12/17/2022,C and D,26.4477073809,-81.9401309788
8561,12/03/2022,C and D,26.4048077,-81.8862201
8562,11/12/2022,C and D,26.4254638789,-81.9076097642
8563,11/09/2022,C and D,26.463167962,-81.9510062613
8564,05/16/2023,C and D,26.4305405,-81.9134337
8565,05/16/2023,C and D,26.4316594,-81.9148577
8566,12/19/2022,C and D,26.4215947269,-81.903844541
8567,12/11/2022,C and D,26.4051668,-81.8931087
8568,11/21/2022,Vegetation,26.4275411,-81.91024
8569,11/01/2022,C and D,26.459395523,-81.9458875192
8570,10/15/2022,C and D,26.4496310885,-81.9457255319
8571,10/20/2022,Dirty Sand Soil,26.4514743,-81.9506016
8572,03/18/2023,C and D,26.4172247,-81.9017162
8573,10/22/2022,C and D,26.4326715376,-81.9158265554
8574,10/29/2022,C and D,26.4103047,-81.8987882
8575,01/13/2023,Sand CD,26.4370052,-81.922216
8576,11/13/2022,C and D,26.4324319,-81.9155331
8577,12/13/2022,C and D,26.4419471,-81.9298681
8578,02/09/2023,C and D,26.4380811,-81.923048
8579,12/11/2022,C and D,26.438708813,-81.9242491108
8580,01/17/2023,C and D,26.4292471,-81.9121489
8581,11/30/2022,C and D,26.442511869,-81.930908639
8582,11/06/2022,C and D,26.4523836,-81.9548953
8583,11/17/2022,C and D,26.4393676725,-81.9257602841
8584,11/06/2022,C and D,26.4059661577,-81.8946016372
8585,11/18/2022,C and D,26.4525039017,-81.9546930255
8586,10/27/2022,C and D,26.4064880228,-81.8956641388
8587,11/21/2022,C and D,26.4607311,-81.9480926
8588,11/08/2022,C and D,26.4427833818,-81.9315797557
8589,10/08/2022,C and D,26.4657362,-81.9554581
8590,12/03/2022,C and D,26.410796,-81.8991272
8591,01/07/2023,C and D,26.4306547,-81.9131461
8592,10/22/2022,Dirty Sand Soil,26.4350808,-81.9190573
8593,11/09/2022,C and D,26.4307218,-81.9135935
8594,12/19/2022,C and D,26.4325545682,-81.9157700614
8595,12/06/2022,C and D,26.4630372581,-81.9510694795
8596,02/02/2023,C and D,26.4477083,-81.9401361
8597,11/05/2022,C and D,26.4176162383,-81.9016015999
8598,10/28/2022,C and D,26.4192249661,-81.9024003708
8599,11/04/2022,C and D,26.4255561819,-81.907875985
8600,10/19/2022,Vegetation,26.4365621383,-81.9209505896
8601,11/22/2022,C and D,26.4496219,-81.9456536
8602,01/14/2023,C and D,26.4350093367,-81.9190621348
8603,03/03/2023,Residual Compact CD,26.4482503,-81.9406248
8604,03/10/2023,C and D,26.4044576,-81.8901653
8605,03/08/2023,C and D,26.4227811,-81.9047387
8606,11/02/2022,C and D,26.40637848,-81.8953874999
8607,10/09/2022,C and D,26.4158659776,-81.9009539842
8608,11/04/2022,C and D,26.4168195986,-81.9014148787
8609,11/14/2022,C and D,26.4479087488,-81.9407326171
8610,11/08/2022,C and D,26.4254908,-81.90781
8611,11/30/2022,Sand CD,26.4525471,-81.954635
8612,11/08/2022,C and D,26.4423504984,-81.930599073
8613,12/15/2022,Dirty Sand Soil,26.451129,-81.9498668
8614,12/02/2022,C and D,26.463888614,-81.9486787641
8615,10/13/2022,C and D,26.4156384,-81.9009903
8616,11/06/2022,C and D,26.4061351027,-81.8949601427
8617,02/20/2023,C and D,26.4311279523,-81.9141895519
8618,12/16/2022,Dirty Sand Soil,26.4258386,-81.9085645
8619,12/05/2022,C and D,26.4510394,-81.9497919
8620,12/06/2022,C and D,26.4634586114,-81.9508445942
8621,12/06/2022,C and D,26.4634413938,-81.950898696
8622,11/06/2022,C and D,26.4065206284,-81.8955309504
8623,10/18/2022,C and D,26.4044181058,-81.8873856011
8624,11/11/2022,C and D,26.4111065,-81.8993126
8625,11/06/2022,C and D,26.4286432,-81.9115224
8626,11/30/2022,C and D,26.4646593,-81.9506245
8627,10/09/2022,C and D,26.4158690641,-81.9009670271
8628,12/06/2022,C and D,26.4608595792,-81.9471604983
8629,02/08/2023,C and D,26.4379005856,-81.9231175704
8630,11/16/2022,C and D,26.4499323489,-81.9461024926
8631,03/10/2023,C and D,26.4045577,-81.8918766
8632,01/13/2023,C and D,26.4445539574,-81.9345749239
8633,11/13/2022,C and D,26.4045105371,-81.8879200193
8634,10/22/2022,Clean Sand Soil,26.4525313,-81.9545873
8635,02/07/2023,C and D,26.4318442,-81.9147314
8636,11/30/2022,C and D,26.4047273,-81.8863745
8637,01/16/2023,C and D,26.4591631565,-81.9403271516
8638,10/14/2022,C and D,26.4478666326,-81.9403806108
8639,03/16/2023,C and D,26.4600728855,-81.9470531108
8640,11/04/2022,C and D,26.4306367,-81.9135228
8641,10/27/2022,C and D,26.4046088423,-81.8914636181
8642,01/15/2023,C and D,26.4477443,-81.940164
8643,01/25/2023,C and D,26.4596832982,-81.9464812603
8644,12/09/2022,C and D,26.4582439937,-81.9395957006
8645,10/15/2022,C and D,26.4508285839,-81.9487268665
8646,12/10/2022,C and D,26.4107889,-81.8990086
8647,12/19/2022,C and D,26.4329660358,-81.916243136
8648,10/21/2022,Dirty Sand Soil,26.4508464,-81.9490624
8649,11/20/2022,C and D,26.4352191813,-81.9193484553
8650,02/17/2023,C and D,26.4664623002,-81.9557048009
8651,11/11/2022,C and D,26.4257084071,-81.9084005199
8652,10/25/2022,Dirty Sand Soil,26.4346098,-81.9184073
8653,12/10/2022,C and D,26.4414679,-81.9290812
8654,10/21/2022,Clean Sand Soil,26.4525526,-81.9545811
8655,12/03/2022,C and D,26.4610865072,-81.9538296918
8656,01/18/2023,C and D,26.4622439566,-81.9535739418
8657,10/22/2022,HHW to DMS,26.4501565865,-81.9421598798
8658,11/20/2022,C and D,26.4352707929,-81.9194068574
8659,12/10/2022,C and D,26.4392311,-81.9250747
8660,12/18/2022,C and D,26.461334168,-81.9538231474
8661,11/12/2022,C and D,26.4075545,-81.8967155
8662,10/05/2022,C and D,26.4641849386,-81.9506358303
8663,01/21/2023,C and D,26.4193894556,-81.9025336478
8664,10/16/2022,C and D,26.4365758694,-81.9209427339
8665,10/29/2022,C and D,26.4115149435,-81.899459716
8666,12/16/2022,C and D,26.4104857296,-81.8986072765
8667,10/23/2022,Dirty Sand Soil,26.4296623,-81.91243
8668,10/22/2022,Dirty Sand Soil,26.4490457,-81.9440204
8669,01/09/2023,C and D,26.4638638621,-81.9477978343
8670,01/21/2023,C and D,26.4656262197,-81.9553832183
8671,12/11/2022,C and D,26.4591112035,-81.9408621267
8672,01/07/2023,C and D,26.4305008,-81.913321
8673,03/28/2023,C and D,26.4102732,-81.8991318
8674,11/27/2022,Dirty Sand Soil,26.4281018,-81.9111541
8675,02/23/2023,C and D,26.4396911667,-81.9256323682
8676,10/24/2022,C and D,26.4276755043,-81.9104610477
8677,10/28/2022,Clean Sand Soil,26.4526985,-81.9552848
8678,11/16/2022,C and D,26.425588578,-81.9079137874
8679,12/11/2022,HHW to DMS,26.4603878514,-81.9468376712
8680,10/27/2022,C and D,26.406479599,-81.8955379912
8681,12/17/2022,C and D,26.4609751517,-81.9537346778
8682,10/25/2022,C and D,26.4255755441,-81.9078890608
8683,03/17/2023,C and D,26.433556,-81.9169191
8684,10/31/2022,C and D,26.4500065,-81.94671
8685,11/19/2022,C and D,26.4112341222,-81.8992252735
8686,02/02/2023,Dirty Sand Soil,26.4301594,-81.9129803
8687,11/16/2022,Dirty Sand Soil,26.4182759,-81.9020975
8688,11/15/2022,C and D,26.4255698415,-81.907935844
8689,03/04/2023,C and D,26.4615698,-81.9463205
8690,02/10/2023,C and D,26.4442743,-81.9342009
8691,11/06/2022,C and D,26.4174786257,-81.9016862009
8692,03/17/2023,C and D,26.4322,-81.9153189
8693,02/10/2023,C and D,26.4171471,-81.9016236
8694,11/16/2022,C and D,26.420067059,-81.9029106673
8695,01/22/2023,C and D,26.461268992,-81.9504949849
8696,02/09/2023,C and D,26.4379268395,-81.9229145656
8697,02/07/2023,C and D,26.4320578147,-81.9150267542
8698,03/17/2023,C and D,26.4622918781,-81.9468257572
8699,11/03/2022,C and D,26.4486009,-81.9427915
8700,12/18/2022,C and D,26.4382736665,-81.923508402
8701,11/20/2022,C and D,26.4111242,-81.8993427
8702,11/17/2022,C and D,26.429718,-81.9126586
8703,11/18/2022,C and D,26.4258399,-81.9080671
8704,11/05/2022,C and D,26.4177132761,-81.9015918568
8705,11/19/2022,C and D,26.43936382,-81.9246977785
8706,12/05/2022,C and D,26.4631752713,-81.9509779518
8707,01/21/2023,C and D,26.4218466742,-81.9041494557
8708,11/07/2022,C and D,26.4325961,-81.9158462
8709,10/15/2022,Vegetation,26.4048394223,-81.8846068455
8710,11/11/2022,C and D,26.4202123834,-81.9029633515
8711,12/10/2022,C and D,26.4594187774,-81.9405895472
8712,10/27/2022,C and D,26.406434211,-81.8954905496
8713,11/30/2022,C and D,26.4046001,-81.8861446
8714,11/11/2022,C and D,26.4586098818,-81.9425399323
8715,12/03/2022,C and D,26.4590049209,-81.9403402694
8716,01/14/2023,C and D,26.4220543,-81.9040804
8717,10/15/2022,Dirty Sand Soil,26.4491437259,-81.9439580244
8718,11/12/2022,C and D,26.4391334402,-81.9249982853
8719,01/23/2023,C and D,26.4063364,-81.8954636
8720,10/23/2022,Dirty Sand Soil,26.4206829,-81.9031192
8721,12/11/2022,C and D,26.4414105,-81.9287255
8722,12/19/2022,C and D,26.4160047099,-81.9010854699
8723,11/21/2022,C and D,26.4632125,-81.953284
8724,02/08/2023,Concrete to FDS,26.4483017,-81.940525
8725,11/12/2022,Dirty Sand Soil,26.4341988,-81.9178517
8726,02/01/2023,Dirty Sand Soil,26.4278308,-81.9105163
8727,11/07/2022,C and D,26.4637946666,-81.9477414352
8728,01/09/2023,C and D,26.461195006,-81.950908611
8729,10/29/2022,C and D,26.4626621335,-81.9486454229
8730,11/03/2022,Dirty Sand Soil,26.427758,-81.9104628
8731,11/05/2022,C and D,26.46196038,-81.9478337747
8732,03/15/2023,C and D,26.4590916943,-81.9400406319
8733,11/11/2022,C and D,26.4399662242,-81.9264924434
8734,11/07/2022,C and D,26.443525767,-81.9327362069
8735,02/02/2023,C and D,26.4319999173,-81.915028156
8736,03/19/2023,C and D,26.4169833,-81.9015962
8737,12/07/2022,C and D,26.4068938,-81.8960371
8738,02/13/2023,C and D,26.4254099307,-81.9074781114
8739,12/03/2022,C and D,26.4602781524,-81.9537817929
8740,12/02/2022,C and D,26.463055603,-81.9485447309
8741,11/15/2022,C and D,26.4349020878,-81.918841526
8742,12/02/2022,C and D,26.4437926,-81.9329263
8743,11/14/2022,C and D,26.4256181242,-81.9081002009
8744,02/25/2023,C and D,26.4602022251,-81.9473217264
8745,10/18/2022,C and D,26.4305132839,-81.913271967
8746,11/18/2022,C and D,26.4115558609,-81.8996987728
8747,02/09/2023,C and D,26.4065363864,-81.8954805751
8748,01/07/2023,C and D,26.4326479,-81.9156586
8749,11/13/2022,C and D,26.4073552781,-81.8963931509
8750,11/29/2022,C and D,26.4624619112,-81.9477569126
8751,10/31/2022,C and D,26.4180624672,-81.9018977602
8752,10/13/2022,Dirty Sand Soil,26.4489723,-81.9434844
8753,01/06/2023,C and D,26.430472,-81.9132364
8754,11/21/2022,C and D,26.4441257,-81.9335383
8755,02/23/2023,C and D,26.4350900617,-81.9192008437
8756,12/02/2022,C and D,26.4283803,-81.9113567
8757,12/19/2022,C and D,26.4411330295,-81.9275954531
8758,10/28/2022,Clean Sand Soil,26.4526898,-81.9552833
8759,11/08/2022,C and D,26.4435224142,-81.9326797967
8760,10/16/2022,C and D,26.4309664075,-81.9138799264
8761,12/03/2022,C and D,26.4617401862,-81.9514069735
8762,11/01/2022,C and D,26.428665991,-81.9114135571
8763,11/02/2022,C and D,26.4486616,-81.9428226
8764,01/06/2023,C and D,26.4303093,-81.9130598
8765,11/01/2022,C and D,26.4599819156,-81.9463610743
8766,03/24/2023,C and D,26.444726,-81.9352585
8767,12/18/2022,C and D,26.4612404164,-81.9538103231
8768,02/22/2023,C and D,26.4664281858,-81.9557244983
8769,11/06/2022,C and D,26.404699157,-81.8920767681
8770,11/03/2022,C and D,26.4058936314,-81.8948497882
8771,10/12/2022,C and D,26.4050805,-81.8930844
8772,11/10/2022,C and D,26.4611906929,-81.9524351602
8773,10/31/2022,C and D,26.4183127,-81.9020208
8774,11/11/2022,Dirty Sand Soil,26.4138147,-81.9003808
8775,11/05/2022,C and D,26.4045656752,-81.8909380027
8776,01/12/2023,C and D,26.4507954,-81.9486265
8777,12/07/2022,Dirty Sand Soil,26.430607,-81.9134096
8778,11/09/2022,Vegetation,26.4254482,-81.9078832
8779,10/17/2022,C and D,26.4654987,-81.9544492
8780,11/05/2022,C and D,26.4346585,-81.9186118
8781,12/12/2022,C and D,26.4427183,-81.9310281
8782,11/30/2022,C and D,26.4349975,-81.9187875
8783,10/18/2022,Dirty Sand Soil,26.4405558,-81.9272625
8784,10/05/2022,C and D,26.4642029,-81.9541428
8785,10/28/2022,Clean Sand Soil,26.4526998,-81.9552954
8786,10/30/2022,Dirty Sand Soil,26.423775,-81.9051729
8787,12/11/2022,C and D,26.4614512,-81.9520885
8788,11/12/2022,C and D,26.4062451,-81.8953351
8789,10/12/2022,Dirty Sand Soil,26.4489098,-81.9433918
8790,10/29/2022,C and D,26.4114201861,-81.8994104304
8791,11/08/2022,C and D,26.441964428,-81.9299695921
8792,11/27/2022,C and D,26.4336680621,-81.9172249921
8793,11/17/2022,C and D,26.425520337,-81.9079681731
8794,12/12/2022,Vegetation,26.4157982217,-81.900967788
8795,01/21/2023,C and D,26.4063467,-81.8952635
8796,11/19/2022,C and D,26.4196854614,-81.9029469503
8797,12/12/2022,C and D,26.442644,-81.9309732
8798,01/20/2023,C and D,26.4057386697,-81.8939459175
8799,12/09/2022,C and D,26.4359093,-81.920415
8800,03/18/2023,C and D,26.4170636,-81.9015794
8801,02/13/2023,C and D,26.4365248,-81.9210913
8802,12/13/2022,C and D,26.4597924007,-81.940398356
8803,10/24/2022,C and D,26.4318343207,-81.9148936917
8804,01/19/2023,C and D,26.4296097,-81.9123881
8805,10/19/2022,C and D,26.4366008624,-81.920913205
8806,11/16/2022,C and D,26.4497979654,-81.9460188855
8807,11/12/2022,C and D,26.4261852408,-81.9093762769
8808,12/03/2022,C and D,26.4585337736,-81.9403750518
8809,12/07/2022,C and D,26.4613893,-81.9521602
8810,11/02/2022,C and D,26.4450322045,-81.935582785
8811,12/09/2022,C and D,26.4586817147,-81.9409459458
8812,01/19/2023,Vegetation,26.4160723748,-81.9009754123
8813,11/07/2022,C and D,26.4073441,-81.8964356
8814,11/22/2022,C and D,26.4048141,-81.8911309
8815,03/08/2023,C and D,26.4346045,-81.9184739
8816,10/31/2022,Dirty Sand Soil,26.4117266,-81.8994453
8817,12/12/2022,Vegetation,26.4258602355,-81.9081691001
8818,10/12/2022,C and D,26.4051353159,-81.8931645898
8819,10/31/2022,C and D,26.4183388933,-81.9019860325
8820,10/10/2022,C and D,26.4429864823,-81.9316758931
8821,01/12/2023,C and D,26.4438795,-81.9333098
8822,11/19/2022,C and D,26.4112483864,-81.8992981385
8823,12/18/2022,C and D,26.4657386905,-81.9549297263
8824,10/27/2022,C and D,26.460744784,-81.9485115454
8825,12/11/2022,C and D,26.4401466,-81.9267693
8826,01/19/2023,C and D,26.4261438,-81.9089669
8827,11/30/2022,C and D,26.4358154,-81.919845
8828,12/06/2022,C and D,26.436009,-81.9208323
8829,12/11/2022,C and D,26.4633065,-81.9531506
8830,11/27/2022,C and D,26.43379344,-81.9173752735
8831,11/29/2022,C and D,26.4170425,-81.9014974
8832,01/26/2023,Compact CD,26.4485625,-81.9404515
8833,12/16/2022,C and D,26.4641075721,-81.9476314355
8834,10/13/2022,Dirty Sand Soil,26.4489806,-81.9434396
8835,12/13/2022,C and D,26.4599750635,-81.9414361199
8836,12/04/2022,C and D,26.4282316,-81.9112115
8837,11/27/2022,Dirty Sand Soil,26.4385978,-81.9240565
8838,12/16/2022,C and D,26.4103519963,-81.8990044948
8839,11/18/2022,C and D,26.4523974688,-81.9546950885
8840,12/12/2022,C and D,26.4509747,-81.9491413
8841,11/18/2022,C and D,26.430942,-81.9139457
8842,12/15/2022,C and D,26.4584665925,-81.939585688
8843,11/06/2022,C and D,26.4045834067,-81.8919153544
8844,11/08/2022,C and D,26.4524788549,-81.9546388742
8845,11/04/2022,C and D,26.4173213812,-81.9016464707
8846,11/21/2022,C and D,26.4629587,-81.9540973
8847,10/17/2022,C and D,26.4619479,-81.9513789
8848,10/23/2022,C and D,26.4254324651,-81.9069268183
8849,11/13/2022,C and D,26.4460479511,-81.9374998452
8850,10/29/2022,C and D,26.4121601026,-81.8996642497
8851,11/06/2022,C and D,26.452461,-81.9546698
8852,11/02/2022,C and D,26.4289491222,-81.9117069194
8853,11/02/2022,C and D,26.4486891,-81.9429187
8854,10/20/2022,Dirty Sand Soil,26.4490645,-81.9436966
8855,10/18/2022,C and D,26.4658525,-81.9555434
8856,11/02/2022,C and D,26.4064881731,-81.8954832248
8857,10/09/2022,Vegetation,26.4386311,-81.9239898
8858,12/07/2022,C and D,26.4102668569,-81.8989209091
8859,10/21/2022,Clean Sand Soil,26.4525714,-81.9546803
8860,12/02/2022,C and D,26.4658382,-81.9550775
8861,12/18/2022,C and D,26.4591761448,-81.9425266028
8862,11/11/2022,C and D,26.4585835827,-81.9425675557
8863,02/11/2023,C and D,26.426867204,-81.9094714662
8864,12/11/2022,C and D,26.4224992,-81.9045002
8865,01/16/2023,C and D,26.4224544,-81.9044173
8866,03/27/2023,Vegetation,26.4143587,-81.9005897
8867,10/21/2022,C and D,26.4182954,-81.9020651
8868,11/12/2022,C and D,26.4382782597,-81.9236125275
8869,03/18/2023,C and D,26.4621914761,-81.9539145649
8870,12/07/2022,C and D,26.4338145,-81.9172536
8871,12/02/2022,C and D,26.4047321893,-81.8857480086
8872,11/07/2022,C and D,26.4058166743,-81.8945625053
8873,11/05/2022,C and D,26.4066425432,-81.8956055493
8874,10/28/2022,C and D,26.4618716995,-81.9513162878
8875,11/20/2022,C and D,26.4282935,-81.9112588
8876,11/25/2022,Sand CD,26.4525685,-81.9546704
8877,02/02/2023,C and D,26.431923386,-81.9150983317
8878,11/12/2022,C and D,26.4405932324,-81.927583851
8879,11/17/2022,C and D,26.4612754,-81.9538079
8880,12/12/2022,C and D,26.4497804,-81.9469043
8881,12/18/2022,C and D,26.4610882849,-81.953801103
8882,12/01/2022,C and D,26.4583945507,-81.9394884166
8883,11/15/2022,C and D,26.461166,-81.9538369
8884,11/01/2022,Dirty Sand Soil,26.4116571,-81.8995613
8885,10/13/2022,Dirty Sand Soil,26.4494621242,-81.944942521
8886,11/05/2022,C and D,26.4047881822,-81.8921613953
8887,11/05/2022,C and D,26.4176912582,-81.9014752705
8888,10/12/2022,C and D,26.4049330334,-81.8923010226
8889,10/16/2022,C and D,26.4508121,-81.9485926
8890,11/06/2022,C and D,26.4285567,-81.9115168
8891,11/16/2022,C and D,26.4409240938,-81.9280218417
8892,10/16/2022,C and D,26.4441985,-81.934088
8893,10/24/2022,Dirty Sand Soil,26.4186489,-81.902099
8894,11/11/2022,C and D,26.4097852119,-81.8987180517
8895,01/18/2023,C and D,26.4641046959,-81.9529729128
8896,10/20/2022,Vegetation,26.4288244387,-81.9116366393
8897,11/05/2022,C and D,26.4255452851,-81.9079777826
8898,12/10/2022,C and D,26.4656106,-81.9554128
8899,10/24/2022,C and D,26.4216234,-81.9038448
8900,01/12/2023,C and D,26.4603418963,-81.9475028463
8901,02/08/2023,Compact CD,26.4478464,-81.9405718
8902,01/22/2023,Compact CD,26.448297,-81.9405647
8903,01/04/2023,Clean Sand Soil,26.4366311,-81.9220008
8904,11/05/2022,C and D,26.4180306997,-81.9018975925
8905,01/30/2023,Dirty Sand Soil,26.4086288,-81.8974759
8906,11/05/2022,C and D,26.4173551079,-81.9016502215
8907,11/30/2022,C and D,26.4651479877,-81.9520974826
8908,10/12/2022,C and D,26.4479895316,-81.9407097568
8909,12/03/2022,C and D,26.4362004446,-81.9206627459
8910,10/08/2022,C and D,26.466314,-81.9556582
8911,12/11/2022,C and D,26.4413802,-81.9287949
8912,10/28/2022,Clean Sand Soil,26.4527054,-81.9552913
8913,12/21/2022,C and D,26.4649925421,-81.9511164946
8914,12/10/2022,C and D,26.458589009,-81.9395167955
8915,10/15/2022,C and D,26.4499110841,-81.946224501
8916,10/07/2022,C and D,26.4609577994,-81.953715273
8917,11/04/2022,C and D,26.404462033,-81.8898260594
8918,12/06/2022,C and D,26.4612441232,-81.9521704992
8919,02/17/2023,C and D,26.4171028322,-81.9016355108
8920,11/18/2022,C and D,26.4108640799,-81.8990718721
8921,01/12/2023,C and D,26.4507681,-81.94886
8922,12/04/2022,C and D,26.4043828659,-81.8900217769
8923,11/21/2022,C and D,26.4264231,-81.9092753
8924,11/19/2022,C and D,26.4104053471,-81.898935428
8925,11/12/2022,C and D,26.4392819675,-81.9253253472
8926,10/16/2022,C and D,26.4364554081,-81.9209617523
8927,12/18/2022,Dirty Sand Soil,26.4451663,-81.935815
8928,03/08/2023,C and D,26.4255131,-81.9073012
8929,10/30/2022,C and D,26.4658799675,-81.9551565406
8930,11/01/2022,C and D,26.41456172,-81.9006220178
8931,11/02/2022,C and D,26.448656,-81.942849
8932,11/11/2022,C and D,26.4201917258,-81.9027078031
8933,12/12/2022,C and D,26.4186043991,-81.9019170386
8934,10/28/2022,Clean Sand Soil,26.4526746,-81.9552894
8935,11/07/2022,C and D,26.4601900267,-81.947182909
8936,10/20/2022,Dirty Sand Soil,26.4514295,-81.9512503
8937,11/14/2022,C and D,26.4587483,-81.9409056
8938,10/16/2022,C and D,26.4308308329,-81.9137080336
8939,10/16/2022,C and D,26.4310302897,-81.9139169817
8940,11/30/2022,C and D,26.4636356573,-81.9540838498
8941,02/01/2023,Dirty Sand Soil,26.426678,-81.9093584
8942,03/25/2023,C and D,26.4612128236,-81.9499781729
8943,11/07/2022,C and D,26.4248902,-81.9061946
8944,11/14/2022,C and D,26.4066978736,-81.8956276983
8945,11/08/2022,C and D,26.4049232,-81.8927195
8946,10/23/2022,Dirty Sand Soil,26.4232358,-81.9049067
8947,05/02/2023,C and D,26.4319458,-81.9151791
8948,12/12/2022,C and D,26.4158488578,-81.9010994148
8949,11/15/2022,C and D,26.4366475353,-81.9208660909
8950,11/11/2022,Vegetation,26.4257081,-81.9083132
8951,11/08/2022,C and D,26.4502760838,-81.9471053762
8952,12/05/2022,Vegetation,26.4264741,-81.9091769
8953,01/03/2023,C and D,26.4601615884,-81.9476053761
8954,10/27/2022,C and D,26.4607810881,-81.9485086855
8955,12/06/2022,C and D,26.461670221,-81.9514751304
8956,11/11/2022,C and D,26.4256107668,-81.9082002843
8957,10/15/2022,C and D,26.4497197357,-81.9459806398
8958,02/23/2023,C and D,26.4288603439,-81.9117900347
8959,11/12/2022,C and D,26.4609561861,-81.9525211864
8960,11/30/2022,Vegetation,26.4255374973,-81.9079775443
8961,10/14/2022,C and D,26.4088194,-81.8977105
8962,10/06/2022,C and D,26.465756,-81.9523304
8963,12/06/2022,C and D,26.4580373559,-81.9408960734
8964,10/18/2022,C and D,26.4365338936,-81.920914395
8965,01/14/2023,C and D,26.4508897,-81.9489469
8966,11/04/2022,C and D,26.4043981629,-81.8893505541
8967,10/31/2022,Dirty Sand Soil,26.4115942,-81.8994301
8968,01/12/2023,Sand CD,26.437021,-81.9222022
8969,02/19/2023,C and D,26.4281584,-81.9112014
8970,11/01/2022,C and D,26.4108791761,-81.8992866297
8971,10/27/2022,C and D,26.4045357841,-81.8915397603
8972,02/25/2023,C and D,26.4600532037,-81.9415094611
8973,01/10/2023,C and D,26.4303632,-81.9131002
8974,03/27/2023,Vegetation,26.4043263,-81.8886144
8975,01/07/2023,C and D,26.4327177181,-81.9157760492
8976,12/17/2022,C and D,26.4385593983,-81.9237448292
8977,12/07/2022,C and D,26.4104817,-81.8991
8978,02/25/2023,C and D,26.4312982047,-81.9142245223
8979,11/01/2022,C and D,26.4086047048,-81.8975552638
8980,10/28/2022,C and D,26.4207669762,-81.9033305977
8981,10/20/2022,C and D,26.4365504729,-81.9209156279
8982,12/07/2022,C and D,26.4600757,-81.9403287
8983,01/27/2023,Compact CD,26.4483883,-81.9404383
8984,10/24/2022,Dirty Sand Soil,26.4500732,-81.9465081
8985,12/11/2022,C and D,26.4613282,-81.9519885
8986,11/26/2022,Dirty Sand Soil,26.446527,-81.9381604
8987,12/13/2022,C and D,26.4465941,-81.938227
8988,11/07/2022,C and D,26.4438604564,-81.9332927652
8989,11/16/2022,C and D,26.4255628037,-81.9081906416
8990,10/17/2022,Dirty Sand Soil,26.4358742,-81.9200571
8991,03/08/2023,C and D,26.4349493,-81.919098
8992,10/18/2022,C and D,26.4047208119,-81.8860907702
8993,01/05/2023,C and D,26.4304719,-81.9132532
8994,10/28/2022,Clean Sand Soil,26.452682,-81.9552828
8995,10/25/2022,Dirty Sand Soil,26.445389,-81.9364199
8996,12/17/2022,C and D,26.4508015942,-81.9489175548
8997,11/04/2022,C and D,26.417357996,-81.901687945
8998,11/06/2022,C and D,26.4288689,-81.9117602
8999,10/14/2022,C and D,26.4290832857,-81.9119204485
9000,10/29/2022,C and D,26.4625949889,-81.9485594542
9001,02/11/2023,C and D,26.4253845,-81.9075082
9002,11/09/2022,C and D,26.4596496383,-81.9463103085
9003,10/17/2022,Clean Sand Soil,26.4525022,-81.9541638
9004,12/15/2022,C and D,26.4619467459,-81.9487029899
9005,10/30/2022,Dirty Sand Soil,26.4370414,-81.9217953
9006,11/30/2022,C and D,26.4593640148,-81.9461501877
9007,10/19/2022,Dirty Sand Soil,26.451399,-81.9512655
9008,01/12/2023,C and D,26.4508663,-81.9488842
9009,01/21/2023,C and D,26.4056023,-81.8942072
9010,11/29/2022,C and D,26.4243503614,-81.9057354146
9011,11/03/2022,Dirty Sand Soil,26.4312033,-81.9141481
9012,11/11/2022,Dirty Sand Soil,26.4285968,-81.9115592
9013,12/06/2022,C and D,26.4361362,-81.9206579
9014,11/13/2022,C and D,26.4355241,-81.9197073
9015,12/19/2022,C and D,26.4107025694,-81.8992003799
9016,01/03/2023,C and D,26.4577889106,-81.9390416558
9017,11/15/2022,C and D,26.4256732352,-81.9081567787
9018,02/03/2023,C and D,26.4601726877,-81.9493902103
9019,12/11/2022,HHW to DMS,26.464332508,-81.9539121393
9020,12/11/2022,HHW to DMS,26.4597925633,-81.9465699428
9021,12/13/2022,C and D,26.4580842913,-81.9396929383
9022,10/25/2022,C and D,26.4338002264,-81.917209069
9023,10/18/2022,C and D,26.404424028,-81.8873922757
9024,12/07/2022,C and D,26.4104991,-81.8989841
9025,12/20/2022,C and D,26.4590389071,-81.9484842634
9026,11/17/2022,C and D,26.4415338077,-81.9292715472
9027,11/01/2022,Dirty Sand Soil,26.4117263,-81.8996289
9028,01/06/2023,C and D,26.447877,-81.940428
9029,12/11/2022,C and D,26.4606560301,-81.952243913
9030,01/19/2023,C and D,26.4264888,-81.9093546
9031,11/12/2022,C and D,26.4589776797,-81.9425216597
9032,10/15/2022,C and D,26.4048135545,-81.8844661996
9033,01/20/2023,C and D,26.4655675063,-81.9552990071
9034,12/11/2022,C and D,26.4044379769,-81.8896385562
9035,12/14/2022,C and D,26.4594485111,-81.9406830697
9036,12/18/2022,Dirty Sand Soil,26.4494793,-81.9452165
9037,11/17/2022,C and D,26.4255534224,-81.9079564798
9038,01/18/2023,C and D,26.4642584978,-81.9542370181
9039,01/04/2023,C and D,26.4598613948,-81.9468350645
9040,10/15/2022,Dirty Sand Soil,26.4492275985,-81.9441622496
9041,03/16/2023,C and D,26.4602971964,-81.9474421532
9042,12/03/2022,C and D,26.4283754,-81.9113448
9043,10/22/2022,Dirty Sand Soil,26.4350748,-81.9190101
9044,11/14/2022,C and D,26.4256598155,-81.9081184173
9045,12/03/2022,C and D,26.4576609968,-81.9403365052
9046,12/02/2022,C and D,26.4600918053,-81.941591174
9047,12/19/2022,C and D,26.4310094482,-81.9139499311
9048,11/08/2022,C and D,26.4078265,-81.8968966
9049,11/03/2022,Dirty Sand Soil,26.4351116,-81.9191951
9050,11/07/2022,C and D,26.4436159143,-81.93324239
9051,02/09/2023,C and D,26.4380391,-81.9231626
9052,11/12/2022,C and D,26.4383571,-81.9237481
9053,12/06/2022,Vegetation,26.4487904823,-81.9426454604
9054,11/16/2022,C and D,26.4057484487,-81.894481775
9055,01/15/2023,C and D,26.4578508173,-81.9391369708
9056,11/10/2022,C and D,26.4610300726,-81.949456092
9057,11/27/2022,C and D,26.4335844945,-81.9172104915
9058,10/15/2022,C and D,26.4497287942,-81.9460470439
9059,12/10/2022,Vegetation,26.406814,-81.8959033
9060,12/09/2022,C and D,26.4351945324,-81.9193015248
9061,10/22/2022,Dirty Sand Soil,26.4292091,-81.9120336
9062,01/25/2023,Compact CD,26.4483804,-81.9404376
9063,03/17/2023,C and D,26.4615377448,-81.9468363146
9064,12/11/2022,C and D,26.4614841,-81.9521444
9065,11/30/2022,C and D,26.4648022,-81.9509501
9066,10/12/2022,C and D,26.4480054556,-81.9407217872
9067,10/12/2022,C and D,26.4480020411,-81.940720264
9068,10/24/2022,C and D,26.4249978215,-81.9063574356
9069,02/08/2023,C and D,26.4166295,-81.9014115
9070,12/07/2022,Dirty Sand Soil,26.447633,-81.9397178
9071,11/01/2022,C and D,26.4089525,-81.8978097
9072,11/04/2022,C and D,26.4044362167,-81.8869571016
9073,11/03/2022,C and D,26.4485775,-81.9426356
9074,03/10/2023,C and D,26.4051967,-81.894184
9075,11/17/2022,C and D,26.4415298263,-81.9292873052
9076,01/03/2023,C and D,26.4507832,-81.9489507
9077,12/21/2022,C and D,26.4662289,-81.9556741
9078,10/19/2022,Clean Sand Soil,26.452562,-81.9546003
9079,10/19/2022,C and D,26.4365585932,-81.920921943
9080,11/08/2022,C and D,26.4524871949,-81.9546417241
9081,11/02/2022,C and D,26.4275065883,-81.9103167413
9082,10/21/2022,Dirty Sand Soil,26.4515246,-81.9512004
9083,11/14/2022,C and D,26.4349683048,-81.9189372473
9084,11/11/2022,C and D,26.4606608353,-81.9487483524
9085,12/13/2022,C and D,26.4603134617,-81.9403113519
9086,12/04/2022,Dirty Sand Soil,26.4498959,-81.9466747
9087,10/13/2022,C and D,26.4090397959,-81.8978244852
9088,05/01/2023,Vegetation,26.4339493,-81.9172839
9089,02/09/2023,C and D,26.4379565486,-81.9229868255
9090,12/20/2022,C and D,26.4581381939,-81.9438794271
9091,11/03/2022,C and D,26.4066489431,-81.8957884752
9092,11/12/2022,C and D,26.4588293201,-81.9425117691
9093,11/22/2022,C and D,26.4658792,-81.9555223
9094,10/19/2022,Dirty Sand Soil,26.4514181,-81.9512499
9095,01/30/2023,Dirty Sand Soil,26.4058333,-81.894133
9096,11/08/2022,C and D,26.4086713,-81.8975681
9097,02/21/2023,C and D,26.466424414,-81.9557515719
9098,10/31/2022,Dirty Sand Soil,26.4114736,-81.8993861
9099,11/29/2022,Sand CD,26.4525566,-81.9547153
9100,10/28/2022,C and D,26.4203770665,-81.9029896262
9101,10/15/2022,C and D,26.4176709,-81.901846
9102,03/09/2023,C and D,26.4170728,-81.9016217
9103,11/30/2022,C and D,26.4049397,-81.88521
9104,12/09/2022,C and D,26.4581893611,-81.939581493
9105,10/23/2022,C and D,26.4184713,-81.9020341
9106,12/09/2022,C and D,26.404635,-81.88953
9107,11/04/2022,C and D,26.4043528168,-81.8889809959
9108,01/05/2023,C and D,26.4302636,-81.9130375
9109,11/01/2022,C and D,26.4111643285,-81.8993369211
9110,12/17/2022,C and D,26.4477245,-81.9405047
9111,11/08/2022,C and D,26.4173235,-81.9016689
9112,11/12/2022,C and D,26.4254113112,-81.907371477
9113,12/04/2022,C and D,26.4074955,-81.8966142
9114,10/21/2022,C and D,26.428691587,-81.9115200079
9115,11/30/2022,Vegetation,26.4254955,-81.9078618
9116,11/13/2022,C and D,26.4044316,-81.8884701
9117,10/06/2022,C and D,26.4644547,-81.9546851
9118,02/23/2023,C and D,26.4288786007,-81.9118376077
9119,11/18/2022,C and D,26.4525284732,-81.954741903
9120,11/21/2022,C and D,26.4348630506,-81.9188191097
9121,10/27/2022,C and D,26.4046604404,-81.8914591645
9122,02/18/2023,C and D,26.4631659697,-81.9533164718
9123,12/09/2022,C and D,26.4356246079,-81.9200061076
9124,11/12/2022,C and D,26.4055083459,-81.894370392
9125,10/13/2022,C and D,26.4044945088,-81.8906681605
9126,10/31/2022,C and D,26.4287462437,-81.9115807732
9127,12/01/2022,C and D,26.4598935284,-81.9414782804
9128,10/27/2022,C and D,26.4047449687,-81.8914473564
9129,03/04/2023,C and D,26.4615188,-81.9463197
9130,11/01/2022,Dirty Sand Soil,26.4117683,-81.8996365
9131,11/05/2022,C and D,26.4168560646,-81.9013725974
9132,01/09/2023,C and D,26.4326327,-81.9159639
9133,11/07/2022,C and D,26.4117849,-81.8995366
9134,11/09/2022,C and D,26.4417254259,-81.9295170518
9135,01/11/2023,C and D,26.4583877857,-81.9409525692
9136,10/28/2022,C and D,26.4629641548,-81.9486451429
9137,12/10/2022,Vegetation,26.4067525,-81.8959156
9138,11/17/2022,C and D,26.4312759,-81.9143616
9139,12/05/2022,C and D,26.4630325752,-81.9509550648
9140,01/10/2023,C and D,26.4578915502,-81.9391471474
9141,12/04/2022,C and D,26.4598600846,-81.9469544053
9142,12/05/2022,C and D,26.4362829644,-81.9209247642
9143,11/17/2022,C and D,26.4108833209,-81.899287199
9144,11/01/2022,Dirty Sand Soil,26.4117221,-81.8996231
9145,01/10/2023,C and D,26.4302659,-81.9131041
9146,12/17/2022,C and D,26.4613538236,-81.9537587744
9147,10/24/2022,Dirty Sand Soil,26.4087348,-81.8976818
9148,12/07/2022,C and D,26.4613729,-81.9521953
9149,10/15/2022,Dirty Sand Soil,26.4491823362,-81.9441053365
9150,11/20/2022,C and D,26.4385968057,-81.9239504007
9151,12/07/2022,C and D,26.4069983,-81.8959833
9152,12/02/2022,C and D,26.4046597141,-81.8858905123
9153,11/08/2022,C and D,26.4339051,-81.9176102
9154,12/19/2022,C and D,26.417322848,-81.9016886317
9155,10/28/2022,Clean Sand Soil,26.4526826,-81.9552862
9156,02/13/2023,C and D,26.4253481,-81.9072981
9157,12/03/2022,C and D,26.4281767,-81.9112637
9158,01/21/2023,C and D,26.4198982959,-81.9028330454
9159,11/04/2022,C and D,26.4600991,-81.9472711
9160,11/07/2022,C and D,26.4436597197,-81.9330994079
9161,11/16/2022,C and D,26.4345438906,-81.9185725166
9162,12/15/2022,Dirty Sand Soil,26.4511168,-81.9495389
9163,11/15/2022,C and D,26.425681191,-81.9081161734
9164,12/03/2022,C and D,26.461393897,-81.9538532912
9165,10/15/2022,Dirty Sand Soil,26.4492132235,-81.9441825338
9166,11/20/2022,Sand CD,26.452554,-81.954632
9167,11/30/2022,C and D,26.4618086355,-81.9487076773
9168,01/23/2023,Compact CD,26.4479793,-81.9405745
9169,11/08/2022,C and D,26.4524926851,-81.9546990563
9170,12/13/2022,Dirty Sand Soil,26.4526598,-81.9546467
9171,10/23/2022,Dirty Sand Soil,26.4310825,-81.9139738
9172,11/05/2022,C and D,26.4254851134,-81.9079022179
9173,10/17/2022,C and D,26.4621136958,-81.9538602737
9174,01/18/2023,C and D,26.4624607508,-81.9537522163
9175,10/08/2022,C and D,26.4663952,-81.955876
9176,11/04/2022,C and D,26.460411904,-81.9476958495
9177,12/16/2022,C and D,26.4613165317,-81.9506653795
9178,11/05/2022,C and D,26.4581289282,-81.9438399655
9179,05/16/2023,C and D,26.4305405,-81.9134337
9180,10/19/2022,Dirty Sand Soil,26.4514197,-81.9512739
9181,12/07/2022,Dirty Sand Soil,26.4303444,-81.9131794
9182,12/13/2022,C and D,26.4363016,-81.9209646
9183,10/17/2022,Clean Sand Soil,26.452543,-81.9545771
9184,12/21/2022,C and D,26.4656954,-81.9555142
9185,12/02/2022,C and D,26.4255475486,-81.9078220893
9186,11/12/2022,C and D,26.4396895794,-81.9259220549
9187,11/03/2022,C and D,26.4400139591,-81.9264004101
9188,10/25/2022,C and D,26.4480230632,-81.9408110843
9189,12/05/2022,C and D,26.462371982,-81.9512282029
9190,03/19/2023,C and D,26.4403296,-81.9270854
9191,03/19/2023,C and D,26.4403831,-81.9267733
9192,10/19/2022,C and D,26.4309809114,-81.9138436321
9193,11/27/2022,C and D,26.4336299267,-81.9173148045
9194,10/18/2022,Dirty Sand Soil,26.4438244,-81.9330517
9195,10/18/2022,C and D,26.4658921,-81.9554951
9196,12/11/2022,HHW to DMS,26.4581000235,-81.943237118
9197,05/03/2023,C and D,26.4601819916,-81.9471256715
9198,12/08/2022,C and D,26.4585087377,-81.9409643718
9199,01/08/2023,C and D,26.4325714,-81.9156929
9200,11/06/2022,C and D,26.4581052777,-81.9417237872
9201,11/28/2022,C and D,26.4212346,-81.9036167
9202,11/13/2022,Dirty Sand Soil,26.4415173,-81.9292331
9203,10/29/2022,C and D,26.4517222,-81.9519419
9204,10/13/2022,Dirty Sand Soil,26.4489351,-81.9433078
9205,02/15/2023,C and D,26.4631771,-81.9532148
9206,12/11/2022,Vegetation,26.4382945374,-81.9238462766
9207,01/30/2023,Compact CD,26.4482951,-81.9403776
9208,12/11/2022,C and D,26.4414491,-81.9286494
9209,11/21/2022,C and D,26.4045268,-81.8877551
9210,11/29/2022,C and D,26.4174555366,-81.9017037199
9211,11/16/2022,C and D,26.4358826448,-81.9201506116
9212,10/06/2022,C and D,26.4638764,-81.954065
9213,12/18/2022,C and D,26.4381978521,-81.9235249144
9214,11/13/2022,C and D,26.409780012,-81.8986536704
9215,11/27/2022,C and D,26.4336623906,-81.9173558938
9216,11/09/2022,C and D,26.4307199,-81.9136397
9217,01/14/2023,C and D,26.4508196,-81.9490074
9218,10/15/2022,C and D,26.4499725402,-81.94650759
9219,12/12/2022,C and D,26.4174369006,-81.9017656216
9220,10/06/2022,C and D,26.4639727,-81.9541098
9221,10/24/2022,C and D,26.4249598095,-81.9063146041
9222,11/28/2022,C and D,26.427015,-81.909735
9223,03/16/2023,C and D,26.459931792,-81.9467115264
9224,12/17/2022,C and D,26.4106373582,-81.8991740607
9225,12/17/2022,C and D,26.4109657193,-81.8993377593
9226,10/30/2022,Dirty Sand Soil,26.4231742,-81.9046444
9227,02/01/2023,C and D,26.4613482273,-81.9479634916
9228,11/20/2022,C and D,26.4108984,-81.8992769
9229,11/27/2022,Dirty Sand Soil,26.4289546,-81.9119348
9230,10/21/2022,Dirty Sand Soil,26.4514045,-81.9512449
9231,10/15/2022,C and D,26.4262527,-81.9090743
9232,10/14/2022,Dirty Sand Soil,26.4518933,-81.952433
9233,12/07/2022,C and D,26.4339404,-81.9174256
9234,12/01/2022,C and D,26.4434968,-81.9323472
9235,10/27/2022,C and D,26.4045756867,-81.8917966346
9236,12/12/2022,Vegetation,26.4113192261,-81.8993347418
9237,10/07/2022,C and D,26.4639909,-81.948597
9238,01/20/2023,Dirty Sand Soil,26.4226105,-81.9044319
9239,10/06/2022,C and D,26.4594825331,-81.9461978432
9240,10/15/2022,C and D,26.4501173795,-81.946640946
9241,11/19/2022,C and D,26.438478942,-81.9237913567
9242,11/05/2022,C and D,26.4378926,-81.9230033
9243,11/26/2022,C and D,26.4336237218,-81.9169592858
9244,10/28/2022,C and D,26.4216239742,-81.9039857483
9245,01/23/2023,C and D,26.4641105818,-81.9538951971
9246,11/16/2022,C and D,26.4664191,-81.9557374
9247,10/17/2022,C and D,26.4666626387,-81.9545365651
9248,03/24/2023,C and D,26.417125,-81.9015962
9249,02/27/2023,Concrete to FDS,26.4486602,-81.9403733
9250,10/23/2022,C and D,26.4387063403,-81.9241750148
9251,10/05/2022,C and D,26.4648279668,-81.9506794096
9252,11/10/2022,C and D,26.4599992661,-81.9492466283
9253,12/01/2022,C and D,26.4611129421,-81.9522326362
9254,10/31/2022,Dirty Sand Soil,26.4231172,-81.9046
9255,02/10/2023,Compact CD,26.4482617,-81.9403
9256,10/06/2022,C and D,26.4594035542,-81.9460364163
9257,12/02/2022,C and D,26.42837,-81.9113517
9258,10/19/2022,C and D,26.4436426383,-81.9329675651
9259,02/02/2023,C and D,26.4477391,-81.9400969
9260,10/18/2022,C and D,26.4645954,-81.9547543
9261,10/24/2022,Dirty Sand Soil,26.4504699,-81.9476357
9262,03/24/2023,C and D,26.4372455,-81.9220667
9263,11/20/2022,C and D,26.4380501772,-81.9233077923
9264,12/05/2022,C and D,26.436399,-81.9206404
9265,11/18/2022,C and D,26.4525524309,-81.9547148173
9266,01/22/2023,C and D,26.4602187037,-81.9473107727
9267,12/04/2022,C and D,26.4415110927,-81.9292834495
9268,11/30/2022,C and D,26.4582606498,-81.9416636881
9269,11/09/2022,C and D,26.4307485,-81.9136252
9270,10/27/2022,C and D,26.4046184467,-81.8917545197
9271,11/14/2022,C and D,26.4502200729,-81.947039692
9272,11/21/2022,C and D,26.4628757,-81.9540099
9273,10/22/2022,Clean Sand Soil,26.4525294,-81.954545
9274,12/12/2022,C and D,26.43892,-81.9243474
9275,01/22/2023,C and D,26.461592133,-81.9509166698
9276,10/31/2022,Dirty Sand Soil,26.4114805,-81.8993381
9277,02/02/2023,C and D,26.4592990419,-81.9408581034
9278,05/01/2023,Vegetation,26.4339493,-81.9172839
9279,11/04/2022,C and D,26.4194758656,-81.9025076275
9280,10/09/2022,C and D,26.4382896066,-81.9234377579
9281,11/07/2022,C and D,26.404499,-81.8864913
9282,12/12/2022,C and D,26.4427157,-81.9308852
9283,02/25/2023,C and D,26.4171341233,-81.9015540059
9284,11/02/2022,C and D,26.4067329013,-81.8958111363
9285,11/29/2022,C and D,26.4339003058,-81.9175422192
9286,11/11/2022,C and D,26.4187440416,-81.9022093993
9287,11/12/2022,Dirty Sand Soil,26.4419633,-81.9297937
9288,01/31/2023,C and D,26.4070839,-81.8962635
9289,10/28/2022,C and D,26.4209843928,-81.9033799519
9290,11/07/2022,C and D,26.459695178,-81.9463801252
9291,12/06/2022,C and D,26.459855265,-81.9403287024
9292,12/12/2022,C and D,26.4355958998,-81.9200144057
9293,12/13/2022,C and D,26.4446994,-81.935024
9294,11/09/2022,C and D,26.4146021,-81.9006984
9295,11/29/2022,C and D,26.4478802,-81.9408433
9296,12/10/2022,C and D,26.4043768,-81.8890787
9297,12/06/2022,C and D,26.4201638103,-81.9029292372
9298,10/17/2022,C and D,26.4666950832,-81.9544803075
9299,01/09/2023,C and D,26.463877413,-81.9477400484
9300,11/17/2022,C and D,26.4311928,-81.9142288
9301,11/04/2022,C and D,26.4046861311,-81.8918763031
9302,10/25/2022,C and D,26.4427733654,-81.9313375187
9303,12/10/2022,C and D,26.4581658131,-81.939569236
9304,12/11/2022,C and D,26.4605493394,-81.9522331112
9305,10/05/2022,C and D,26.4636327,-81.9530807
9306,12/03/2022,C and D,26.4283328,-81.9112601
9307,11/02/2022,C and D,26.459537533,-81.9461175517
9308,12/15/2022,Dirty Sand Soil,26.4510925,-81.9497778
9309,10/31/2022,C and D,26.4231041,-81.9049069
9310,02/23/2023,C and D,26.4288008323,-81.9118443737
9311,12/02/2022,C and D,26.4359702,-81.9200726
9312,11/14/2022,C and D,26.4502763248,-81.9475286948
9313,12/07/2022,C and D,26.4096714277,-81.8985973858
9314,01/11/2023,C and D,26.4601218667,-81.9403495081
9315,12/04/2022,C and D,26.4181140159,-81.902024746
9316,11/18/2022,C and D,26.4414636635,-81.9290609168
9317,10/26/2022,C and D,26.4620364877,-81.9513343089
9318,02/03/2023,C and D,26.4417194791,-81.9294555228
9319,11/02/2022,C and D,26.4066722151,-81.8958515582
9320,12/06/2022,C and D,26.4662325,-81.9556435
9321,10/28/2022,C and D,26.4193266329,-81.9024640013
9322,10/11/2022,C and D,26.4654301,-81.9542126
9323,11/29/2022,C and D,26.4642348932,-81.9470089116
9324,03/27/2023,C and D,26.4143032,-81.9007046
9325,11/07/2022,C and D,26.4435760437,-81.9329672009
9326,10/31/2022,C and D,26.4499299,-81.9465835
9327,01/31/2023,Dirty Sand Soil,26.4472861,-81.939682
9328,10/17/2022,Dirty Sand Soil,26.4365759,-81.9210011
9329,11/06/2022,C and D,26.4303969,-81.9132229
9330,11/30/2022,Vegetation,26.4255660726,-81.908045048
9331,10/19/2022,Dirty Sand Soil,26.4514291,-81.9512521
9332,02/27/2023,C and D,26.4320832,-81.915359
9333,12/01/2022,C and D,26.4618265618,-81.948551192
9334,10/27/2022,C and D,26.4607547841,-81.9483292645
9335,01/19/2023,C and D,26.4219239,-81.9041223
9336,11/21/2022,C and D,26.4600975708,-81.9536429537
9337,10/13/2022,C and D,26.4157888529,-81.9008817208
9338,10/10/2022,C and D,26.4438012,-81.9332085
9339,02/08/2023,Dirty Sand Soil,26.4321557,-81.9153958
9340,02/08/2023,C and D,26.4324521202,-81.9156064962
9341,10/20/2022,Dirty Sand Soil,26.4513936,-81.9512697
9342,12/13/2022,C and D,26.4351746,-81.9194162
9343,11/17/2022,C and D,26.431384,-81.9143402
9344,01/08/2023,C and D,26.4304236,-81.9129559
9345,03/17/2023,C and D,26.4629376191,-81.9511080325
9346,11/12/2022,C and D,26.4043539,-81.8915999
9347,11/30/2022,C and D,26.4589705132,-81.9483728149
9348,11/02/2022,C and D,26.4098031567,-81.8985696889
9349,12/17/2022,Vegetation,26.4613701683,-81.9538605307
9350,10/06/2022,C and D,26.4617241179,-81.9538388096
9351,11/30/2022,C and D,26.4046186,-81.886392
9352,11/06/2022,C and D,26.4447949433,-81.9350418691
9353,11/06/2022,C and D,26.4446140314,-81.9349294157
9354,03/24/2023,C and D,26.4046288,-81.8887564
9355,02/07/2023,C and D,26.4320422611,-81.9151947777
9356,12/12/2022,Vegetation,26.4262113534,-81.9091731683
9357,11/07/2022,C and D,26.4080898,-81.8969552
9358,11/29/2022,C and D,26.4502259,-81.9473747
9359,12/15/2022,C and D,26.4614415402,-81.9485595637
9360,12/13/2022,C and D,26.4600046398,-81.9415739052
9361,12/16/2022,Dirty Sand Soil,26.4277369,-81.9105138
9362,01/30/2023,HHW to DMS,26.4628181,-81.9515449
9363,10/30/2022,C and D,26.4275659226,-81.9102769367
9364,11/22/2022,C and D,26.4045654,-81.890642
9365,11/21/2022,C and D,26.4604748,-81.9537368
9366,11/12/2022,C and D,26.4589169109,-81.9425255154
9367,12/19/2022,C and D,26.4198669233,-81.9027529658
9368,02/01/2023,C and D,26.441726,-81.9295329
9369,11/11/2022,C and D,26.4307316,-81.9136003
9370,11/01/2022,C and D,26.4154940378,-81.9010639134
9371,11/07/2022,C and D,26.4260548532,-81.9088547538
9372,11/10/2022,C and D,26.459871945,-81.9491496497
9373,12/17/2022,C and D,26.4105537068,-81.8990012259
9374,02/09/2023,C and D,26.4061313,-81.8948251
9375,02/26/2023,C and D,26.4641139321,-81.9506850193
9376,11/18/2022,C and D,26.4415361118,-81.9290649399
9377,02/25/2023,C and D,26.4600536227,-81.9415145741
9378,11/20/2022,C and D,26.4670134649,-81.954619362
9379,11/05/2022,Dirty Sand Soil,26.4352991,-81.9194884
9380,01/05/2023,C and D,26.4303406,-81.9130539
9381,10/28/2022,Clean Sand Soil,26.4527,-81.9552564
9382,01/20/2023,C and D,26.4592798187,-81.9458615776
9383,10/20/2022,C and D,26.4171787,-81.9016219
9384,12/19/2022,C and D,26.4319692599,-81.9150894509
9385,01/24/2023,C and D,26.4053568,-81.8934678
9386,12/01/2022,C and D,26.4642481202,-81.9529061993
9387,10/21/2022,Dirty Sand Soil,26.451473,-81.9513082
9388,01/20/2023,C and D,26.4592563516,-81.9458032879
9389,10/15/2022,Vegetation,26.404801963,-81.8844861488
9390,12/03/2022,C and D,26.4283622,-81.911329
9391,11/16/2022,Dirty Sand Soil,26.4225948,-81.9041752
9392,11/14/2022,C and D,26.4498549713,-81.9461823974
9393,01/20/2023,C and D,26.4054502,-81.893718
9394,01/09/2023,Clean Sand Soil,26.4364978,-81.9221575
9395,12/12/2022,C and D,26.4615067,-81.952229
9396,12/08/2022,C and D,26.4654417,-81.9553705
9397,01/17/2023,C and D,26.461381581,-81.9468707432
9398,10/31/2022,C and D,26.4184777066,-81.9020574354
9399,11/13/2022,Dirty Sand Soil,26.4411797,-81.9283592
9400,12/04/2022,C and D,26.4645442,-81.9547506
9401,01/09/2023,C and D,26.4299472734,-81.9127122311
9402,01/09/2023,C and D,26.4596186446,-81.9463746089
9403,10/22/2022,Clean Sand Soil,26.452564,-81.9545953
9404,11/13/2022,C and D,26.4585797908,-81.9418859762
9405,02/11/2023,C and D,26.437149905,-81.9220257163
9406,01/13/2023,C and D,26.4610379096,-81.9462899119
9407,11/19/2022,C and D,26.4247946446,-81.9061530468
9408,12/12/2022,Vegetation,26.4167848556,-81.9014533517
9409,11/13/2022,C and D,26.4356739354,-81.9198553172
9410,01/18/2023,C and D,26.4594187925,-81.9425479398
9411,12/04/2022,C and D,26.4282448,-81.9111465
9412,10/12/2022,C and D,26.4496495598,-81.9454239105
9413,11/01/2022,C and D,26.4287460492,-81.9115925322
9414,01/10/2023,C and D,26.4308735,-81.9132571
9415,11/28/2022,C and D,26.4600514,-81.9415819
9416,02/27/2023,C and D,26.4318792802,-81.9150835835
9417,10/31/2022,C and D,26.4183195,-81.9019676
9418,11/10/2022,C and D,26.4610963142,-81.9525180285
9419,10/17/2022,C and D,26.4309321321,-81.9137083847
9420,01/10/2023,C and D,26.4606735509,-81.9462884955
9421,02/02/2023,C and D,26.4317886949,-81.9150682942
9422,11/12/2022,C and D,26.4080321,-81.8971026
9423,12/11/2022,C and D,26.408019737,-81.8970070625
9424,12/18/2022,C and D,26.4657629561,-81.9548347593
9425,11/13/2022,C and D,26.4045499,-81.8901619
9426,12/17/2022,C and D,26.4057041053,-81.8942113035
9427,01/12/2023,C and D,26.4508083,-81.9489186
9428,12/03/2022,C and D,26.4643995,-81.9543805
9429,11/03/2022,C and D,26.4613260795,-81.9504050911
9430,11/11/2022,C and D,26.4410324022,-81.92824292
9431,01/22/2023,Compact CD,26.4483204,-81.9405656
9432,11/11/2022,C and D,26.425450805,-81.9078344478
9433,12/11/2022,C and D,26.4058417781,-81.8946792652
9434,12/11/2022,C and D,26.4060345301,-81.8948516498
9435,11/21/2022,C and D,26.4288212,-81.9115988
9436,12/01/2022,C and D,26.4616471708,-81.9485378664
9437,12/01/2022,C and D,26.4619075579,-81.948611339
9438,12/11/2022,C and D,26.4614802,-81.9521454
9439,02/06/2023,C and D,26.4476561,-81.9403376
9440,01/03/2023,C and D,26.4636708,-81.9531145
9441,10/27/2022,C and D,26.4132755203,-81.9001583476
9442,01/11/2023,C and D,26.4508406,-81.9487061
9443,10/12/2022,C and D,26.4492197161,-81.9441411056
9444,01/06/2023,C and D,26.4476267,-81.9403367
9445,01/30/2023,C and D,26.4290392,-81.9119821
9446,11/05/2022,C and D,26.4045056608,-81.8903114554
9447,01/10/2023,C and D,26.4296449,-81.9126394
9448,10/07/2022,C and D,26.4612092,-81.9524285
9449,10/17/2022,C and D,26.4621662,-81.9512596
9450,11/26/2022,Dirty Sand Soil,26.444634,-81.9346084
9451,01/11/2023,C and D,26.4601701731,-81.9403314684
9452,12/07/2022,C and D,26.4341291,-81.9176361
9453,10/19/2022,C and D,26.4365663789,-81.9209453244
9454,11/12/2022,C and D,26.4254418115,-81.907678759
9455,01/14/2023,C and D,26.4590826864,-81.9484729055
9456,11/13/2022,C and D,26.4106718,-81.8991522
9457,12/05/2022,C and D,26.44984,-81.9458469
9458,10/17/2022,Dirty Sand Soil,26.4354368,-81.9194805
9459,12/03/2022,C and D,26.4589011111,-81.9402745553
9460,11/06/2022,C and D,26.4221151,-81.9041553
9461,10/18/2022,Dirty Sand Soil,26.4438169,-81.9329823
9462,11/07/2022,C and D,26.4581694113,-81.9422689305
9463,12/12/2022,C and D,26.4494852,-81.9454039
9464,11/02/2022,C and D,26.4072015122,-81.8963123513
9465,11/05/2022,C and D,26.4594995771,-81.9462225394
9466,02/13/2023,C and D,26.4253666967,-81.9074964181
9467,12/07/2022,C and D,26.4602632635,-81.9468597069
9468,02/19/2023,C and D,26.4169063493,-81.9013478247
9469,01/14/2023,C and D,26.4506683,-81.9485668
9470,12/19/2022,C and D,26.4376731,-81.9227044
9471,12/03/2022,C and D,26.4283879,-81.9113126
9472,01/29/2023,Compact CD,26.448415,-81.9406683
9473,11/09/2022,C and D,26.4109827465,-81.8993294316
9474,11/09/2022,C and D,26.4609347357,-81.9490746457
9475,12/07/2022,C and D,26.4104479099,-81.89889124
9476,11/29/2022,C and D,26.4425013069,-81.9308728425
9477,02/23/2023,C and D,26.4347288758,-81.9184665196
9478,03/10/2023,C and D,26.4051411,-81.8933382
9479,01/19/2023,C and D,26.4658835277,-81.9549510018
9480,02/17/2023,C and D,26.4598346423,-81.9467198227
9481,10/22/2022,C and D,26.4288017655,-81.9115319449
9482,12/12/2022,Vegetation,26.4110681211,-81.8990474552
9483,12/06/2022,C and D,26.4338084,-81.9173483
9484,11/07/2022,C and D,26.411778,-81.8995168
9485,11/09/2022,C and D,26.4607314775,-81.9483173599
9486,02/01/2023,C and D,26.4380669,-81.9231343
9487,10/22/2022,C and D,26.4288642744,-81.91167451
9488,12/13/2022,C and D,26.4643879,-81.9544452
9489,12/13/2022,C and D,26.4638777,-81.954156
9490,12/07/2022,C and D,26.4339237,-81.9173846
9491,11/29/2022,C and D,26.4625909506,-81.9476882648
9492,10/05/2022,C and D,26.4633402555,-81.9542550937
9493,10/20/2022,C and D,26.4366197239,-81.921042259
9494,11/03/2022,C and D,26.4445132809,-81.9345168584
9495,01/19/2023,Vegetation,26.4159751913,-81.9010607142
9496,01/07/2023,C and D,26.4326549,-81.9157701
9497,11/20/2022,C and D,26.4287801,-81.9117343
9498,11/03/2022,C and D,26.4603060018,-81.9473845885
9499,10/20/2022,C and D,26.4157508,-81.9012767
9500,05/16/2023,C and D,26.4297388,-81.9121762
9501,10/24/2022,C and D,26.4098455,-81.898598
9502,02/11/2023,C and D,26.4611219,-81.9463477
9503,11/19/2022,C and D,26.4666096,-81.9540122
9504,12/14/2022,C and D,26.4057874168,-81.8943475226
9505,10/14/2022,C and D,26.4365084415,-81.9209606471
9506,11/05/2022,C and D,26.4345157,-81.9183869
9507,11/16/2022,C and D,26.4256157354,-81.9080941659
9508,11/05/2022,C and D,26.4416878,-81.9293557
9509,12/02/2022,C and D,26.4255642073,-81.9077878302
9510,01/09/2023,C and D,26.432805,-81.9165317
9511,11/06/2022,C and D,26.4418688,-81.9295448
9512,10/23/2022,C and D,26.4326836574,-81.9158255748
9513,11/09/2022,Dirty Sand Soil,26.4461046,-81.937666
9514,01/22/2023,C and D,26.4321948,-81.9152599
9515,11/05/2022,C and D,26.4417339,-81.9294036
9516,10/12/2022,C and D,26.4050486,-81.8929988
9517,10/31/2022,C and D,26.4179601301,-81.901920043
9518,10/28/2022,C and D,26.425545956,-81.9078695309
9519,01/03/2023,C and D,26.4577748252,-81.9390910569
9520,12/19/2022,C and D,26.4331072709,-81.9164311421
9521,10/31/2022,C and D,26.4182290575,-81.9019670785
9522,12/09/2022,Dirty Sand Soil,26.4139245,-81.901777
9523,10/21/2022,C and D,26.4288522297,-81.9117549221
9524,11/07/2022,C and D,26.4597828125,-81.9466132645
9525,11/05/2022,C and D,26.4489131,-81.9436745
9526,11/11/2022,C and D,26.4195067,-81.902477
9527,10/22/2022,Dirty Sand Soil,26.4292538,-81.9120521
9528,12/04/2022,C and D,26.4044256149,-81.8900323694
9529,02/10/2023,C and D,26.4643759,-81.9477863
9530,02/09/2023,C and D,26.4052794,-81.8935549
9531,01/12/2023,C and D,26.4507313,-81.9486747
9532,11/13/2022,Dirty Sand Soil,26.4387829,-81.924261
9533,12/15/2022,C and D,26.4643412,-81.9543986
9534,11/22/2022,C and D,26.4269622462,-81.9097608235
9535,12/03/2022,C and D,26.4045882901,-81.8860094824
9536,11/06/2022,C and D,26.4047491551,-81.892274581
9537,12/12/2022,C and D,26.4577663494,-81.9402633346
9538,10/28/2022,C and D,26.4631559747,-81.948555708
9539,10/29/2022,C and D,26.4099575,-81.8985759
9540,11/13/2022,C and D,26.4111284,-81.8993096
9541,11/12/2022,C and D,26.4283784708,-81.910853868
9542,02/02/2023,C and D,26.4578488469,-81.9403634873
9543,11/25/2022,Sand CD,26.4525202,-81.9546431
9544,11/17/2022,C and D,26.4255453362,-81.9080198701
9545,10/13/2022,Dirty Sand Soil,26.4496087656,-81.9452391566
9546,02/03/2023,C and D,26.4600174129,-81.9491904695
9547,01/31/2023,Dirty Sand Soil,26.4509119,-81.9484831
9548,11/06/2022,C and D,26.4136556,-81.9001485
9549,10/19/2022,Dirty Sand Soil,26.4514007,-81.9512421
9550,11/13/2022,C and D,26.4390180719,-81.9245618993
9551,10/25/2022,C and D,26.4326057809,-81.9157470149
9552,10/23/2022,C and D,26.434069731,-81.9174470409
9553,10/21/2022,Dirty Sand Soil,26.451517,-81.9512071
9554,10/24/2022,C and D,26.4068209101,-81.8957610336
9555,11/05/2022,C and D,26.4620882607,-81.9476690889
9556,11/17/2022,C and D,26.4662278,-81.9556235
9557,11/13/2022,C and D,26.4330139,-81.9164247
9558,05/01/2023,Vegetation,26.4339493,-81.9172839
9559,10/15/2022,Dirty Sand Soil,26.4492911,-81.9443914
9560,02/07/2023,C and D,26.4318246785,-81.9149279433
9561,11/09/2022,C and D,26.4149166,-81.9007486
9562,11/11/2022,C and D,26.4411191549,-81.9283124898
9563,11/14/2022,C and D,26.4103695983,-81.8989757449
9564,11/21/2022,C and D,26.4277919,-81.9105332
9565,01/18/2023,C and D,26.4056619,-81.89426
9566,11/02/2022,HHW to DMS,26.4639349,-81.950974
9567,02/15/2023,C and D,26.4631696,-81.9531689
9568,11/09/2022,C and D,26.4603565861,-81.9476974962
9569,11/14/2022,C and D,26.459482,-81.9405529
9570,11/01/2022,Dirty Sand Soil,26.4118124,-81.8996531
9571,02/11/2023,C and D,26.4610677,-81.9462595
9572,12/11/2022,C and D,26.4584934102,-81.9395436264
9573,12/11/2022,C and D,26.4615171,-81.9520263
9574,12/11/2022,C and D,26.4615102,-81.952028
9575,10/20/2022,Dirty Sand Soil,26.4511967,-81.9498614
9576,11/09/2022,C and D,26.425450181,-81.9078854275
9577,11/18/2022,C and D,26.4257163137,-81.9081676749
9578,02/17/2023,C and D,26.4590310647,-81.9416868464
9579,01/13/2023,C and D,26.4610847147,-81.9463407356
9580,01/08/2023,C and D,26.430079,-81.9129269
9581,11/09/2022,C and D,26.4603281,-81.9474187
9582,12/11/2022,C and D,26.418024866,-81.9020422266
9583,10/16/2022,Dirty Sand Soil,26.4515805245,-81.9511862007
9584,11/08/2022,C and D,26.425763,-81.9086055
9585,12/14/2022,Dirty Sand Soil,26.4527363,-81.9548221
9586,10/25/2022,Dirty Sand Soil,26.432732,-81.9160544
9587,11/21/2022,C and D,26.4588837,-81.942604
9588,12/03/2022,C and D,26.4593269536,-81.9403482322
9589,10/30/2022,C and D,26.4274924486,-81.9102611627
9590,11/08/2022,C and D,26.4506258,-81.9486382
9591,10/15/2022,C and D,26.4508430846,-81.9486357552
9592,11/07/2022,C and D,26.4327058,-81.9159116
9593,12/02/2022,C and D,26.4611046117,-81.9538280477
9594,10/14/2022,Dirty Sand Soil,26.4518079,-81.9517659
9595,10/07/2022,C and D,26.4664314,-81.9557898
9596,11/08/2022,C and D,26.433972,-81.9175587
9597,11/03/2022,C and D,26.4445640752,-81.9346109872
9598,10/05/2022,C and D,26.4644172389,-81.9505450767
9599,11/22/2022,Vegetation,26.4255103197,-81.9078989545
9600,11/28/2022,C and D,26.4644683,-81.9468877
9601,12/12/2022,C and D,26.4507618,-81.94857
9602,10/25/2022,Dirty Sand Soil,26.445346,-81.9363466
9603,10/13/2022,C and D,26.4248026537,-81.9061033081
9604,10/24/2022,C and D,26.4249539003,-81.9063168672
9605,12/12/2022,C and D,26.4502584,-81.9474351
9606,01/04/2023,C and D,26.4601841473,-81.9463523704
9607,12/08/2022,C and D,26.4339361,-81.9175512
9608,12/05/2022,C and D,26.4487587573,-81.9431076713
9609,10/18/2022,C and D,26.4054306306,-81.8940391499
9610,02/25/2023,C and D,26.4583605368,-81.9440409669
9611,03/10/2023,C and D,26.4047941,-81.8861865
9612,11/13/2022,C and D,26.4088258054,-81.8966011256
9613,10/30/2022,C and D,26.4234157,-81.9050626
9614,12/11/2022,C and D,26.4633024,-81.9531498
9615,01/24/2023,Compact CD,26.4482683,-81.94044
9616,03/10/2023,C and D,26.4049856,-81.8913466
9617,12/06/2022,C and D,26.4210473048,-81.9035320637
9618,12/09/2022,C and D,26.4590754965,-81.9409843349
9619,11/19/2022,C and D,26.4609813299,-81.9537645719
9620,01/06/2023,C and D,26.4304303,-81.9131626
9621,11/04/2022,C and D,26.420600722,-81.9032639795
9622,11/16/2022,C and D,26.4615009,-81.9537946
9623,01/28/2023,Compact CD,26.4479598,-81.9405771
9624,12/07/2022,C and D,26.4610242998,-81.9487322138
9625,12/07/2022,C and D,26.4603204289,-81.9468370372
9626,10/12/2022,C and D,26.4068618096,-81.8960229288
9627,11/04/2022,C and D,26.4616467,-81.9513928
9628,10/20/2022,Dirty Sand Soil,26.4514737,-81.9506045
9629,02/26/2023,C and D,26.431722,-81.9147722
9630,12/07/2022,C and D,26.4095956,-81.8989619
9631,12/07/2022,C and D,26.4601285233,-81.9470673468
9632,11/09/2022,C and D,26.4223376,-81.9043594
9633,10/18/2022,Dirty Sand Soil,26.4492984,-81.9443981
9634,02/11/2023,C and D,26.4043367,-81.8878619
9635,01/07/2023,Clean Sand Soil,26.4365467,-81.9222259
9636,01/13/2023,C and D,26.4356217,-81.9198517
9637,12/06/2022,Dirty Sand Soil,26.4337356,-81.9172596
9638,02/18/2023,C and D,26.4285261,-81.9112507
9639,10/31/2022,C and D,26.4499176,-81.9464417
9640,10/27/2022,C and D,26.4133768995,-81.9001831581
9641,12/16/2022,C and D,26.4103438,-81.8989168
9642,10/18/2022,C and D,26.404882224,-81.8843975161
9643,11/20/2022,C and D,26.4287419,-81.9117263
9644,11/26/2022,Dirty Sand Soil,26.4465092,-81.9381059
9645,12/11/2022,C and D,26.404661723,-81.8905065756
9646,11/12/2022,C and D,26.4077638323,-81.8969738112
9647,12/03/2022,C and D,26.4283261,-81.9112635
9648,11/02/2022,C and D,26.4059951669,-81.8949199096
9649,11/01/2022,Dirty Sand Soil,26.4117902,-81.8996764
9650,12/01/2022,C and D,26.4423457,-81.9307925
9651,02/08/2023,C and D,26.4320355769,-81.9151898164
9652,12/13/2022,C and D,26.4580435166,-81.9397979603
9653,11/13/2022,C and D,26.4208867633,-81.903346519
9654,10/31/2022,C and D,26.428909069,-81.9117006474
9655,01/03/2023,Dirty Sand Soil,26.4289234,-81.911703
9656,10/20/2022,Dirty Sand Soil,26.4514489,-81.9506758
9657,10/20/2022,C and D,26.4368048555,-81.9212077953
9658,12/03/2022,C and D,26.4480414,-81.9412816
9659,10/25/2022,Dirty Sand Soil,26.4492011,-81.9433424
9660,10/23/2022,Dirty Sand Soil,26.4311183,-81.9139483
9661,12/17/2022,C and D,26.4611191722,-81.9537954033
9662,02/01/2023,C and D,26.4599394454,-81.9469010733
9663,12/03/2022,Vegetation,26.4285714,-81.9115646
9664,11/16/2022,C and D,26.4664594,-81.9557672
9665,02/12/2023,Vegetation,26.4648788,-81.9507503
9666,11/16/2022,C and D,26.4663004,-81.9557553
9667,10/31/2022,Dirty Sand Soil,26.4115492,-81.8994194
9668,10/20/2022,C and D,26.4146463,-81.9007437
9669,11/07/2022,C and D,26.4322129,-81.9152585
9670,12/12/2022,C and D,26.4116997225,-81.8992979453
9671,01/17/2023,C and D,26.4592628674,-81.9425625724
9672,11/04/2022,C and D,26.459994,-81.9470071
9673,02/06/2023,C and D,26.4583155094,-81.94413987
9674,12/16/2022,C and D,26.4602056515,-81.9472147697
9675,01/12/2023,C and D,26.4508707,-81.9488804
9676,11/08/2022,C and D,26.4405726,-81.9275018
9677,12/16/2022,HHW to DMS,26.4615179627,-81.9506600195
9678,11/05/2022,C and D,26.4199602977,-81.9027077035
9679,03/15/2023,C and D,26.4591736967,-81.9403701718
9680,12/01/2022,C and D,26.461203536,-81.9521999919
9681,10/17/2022,Clean Sand Soil,26.452726,-81.9545414
9682,12/16/2022,C and D,26.4639740065,-81.9477526379
9683,11/03/2022,C and D,26.4302667,-81.9130744
9684,10/29/2022,C and D,26.4625565538,-81.9486164037
9685,10/30/2022,C and D,26.4047014201,-81.885653548
9686,11/22/2022,C and D,26.4481179,-81.9410712
9687,11/04/2022,C and D,26.4047677729,-81.8921223209
9688,12/11/2022,HHW to DMS,26.4629265438,-81.9468597009
9689,12/07/2022,C and D,26.4071053,-81.8961813
9690,12/16/2022,C and D,26.4613748066,-81.9485584875
9691,11/11/2022,C and D,26.4111659,-81.8993844
9692,11/30/2022,C and D,26.4435087408,-81.9327365048
9693,11/28/2022,C and D,26.4211733,-81.9036628
9694,12/04/2022,C and D,26.4045068,-81.8895474
9695,11/06/2022,C and D,26.4523169,-81.9548512
9696,01/30/2023,C and D,26.4069584,-81.8961205
9697,11/13/2022,C and D,26.458641775,-81.941752201
9698,10/15/2022,C and D,26.4511255967,-81.9495777973
9699,10/31/2022,C and D,26.4175850758,-81.9016368315
9700,12/10/2022,C and D,26.4594165143,-81.9407036249
9701,10/20/2022,C and D,26.4365814083,-81.9211553333
9702,11/01/2022,C and D,26.4609260112,-81.9487968554
9703,01/19/2023,C and D,26.4659142033,-81.9551814946
9704,11/12/2022,C and D,26.4284219156,-81.9112255692
9705,02/07/2023,C and D,26.4660367,-81.9557058
9706,01/11/2023,C and D,26.4507514,-81.948655
9707,10/16/2022,Dirty Sand Soil,26.4487829,-81.9427595
9708,01/23/2023,C and D,26.4649942416,-81.9554527958
9709,11/16/2022,C and D,26.4409859042,-81.9281948284
9710,10/21/2022,C and D,26.4338272009,-81.9173824529
9711,10/12/2022,C and D,26.4088836867,-81.8978216386
9712,10/06/2022,C and D,26.4617777734,-81.95378213
9713,01/30/2023,C and D,26.4289977,-81.9120156
9714,12/02/2022,C and D,26.4630820829,-81.9486344777
9715,10/26/2022,C and D,26.4619384613,-81.951336572
9716,02/06/2023,C and D,26.4603653038,-81.9475759473
9717,12/16/2022,C and D,26.4104240807,-81.8989175745
9718,10/12/2022,C and D,26.4046173967,-81.8912103878
9719,11/17/2022,C and D,26.4255652763,-81.9079115243
9720,12/02/2022,C and D,26.4046831039,-81.8857417724
9721,10/16/2022,C and D,26.4311009549,-81.9139239027
9722,12/13/2022,C and D,26.4361953,-81.9208406
9723,10/28/2022,C and D,26.4214151865,-81.9037287869
9724,12/06/2022,C and D,26.4580908744,-81.940694321
9725,12/09/2022,C and D,26.4447214,-81.9349822
9726,10/18/2022,C and D,26.4669166227,-81.954737705
9727,03/18/2023,C and D,26.4172337,-81.9016383
9728,03/25/2023,C and D,26.4604916897,-81.9477793737
9729,12/18/2022,C and D,26.4382518735,-81.9235224836
9730,10/22/2022,Dirty Sand Soil,26.4292069,-81.9120411
9731,11/29/2022,C and D,26.4049023,-81.8850616
9732,10/16/2022,C and D,26.4365646803,-81.9209644136
9733,11/16/2022,C and D,26.4357979456,-81.9198085462
9734,10/28/2022,C and D,26.4255123446,-81.9079140388
9735,11/09/2022,HHW to DMS,26.4634526,-81.9509046
9736,01/05/2023,Clean Sand Soil,26.4366062,-81.9222104
9737,12/11/2022,C and D,26.4196853147,-81.9030871791
9738,12/07/2022,C and D,26.4341657376,-81.9175357093
9739,10/14/2022,Dirty Sand Soil,26.4434883535,-81.9325160144
9740,12/01/2022,C and D,26.4239096651,-81.9055925797
9741,11/20/2022,C and D,26.4112242,-81.8994388
9742,11/05/2022,C and D,26.4046254801,-81.8912517373
9743,12/12/2022,C and D,26.4388136,-81.924232
9744,11/11/2022,C and D,26.4113389,-81.8994584
9745,02/08/2023,C and D,26.4317837684,-81.9147073199
9746,11/08/2022,C and D,26.4338582,-81.9174969
9747,10/21/2022,C and D,26.428789414,-81.9117245915
9748,01/03/2023,C and D,26.4601585963,-81.9476766813
9749,11/08/2022,C and D,26.4339115,-81.9174745
9750,10/29/2022,C and D,26.4525307,-81.9547136
9751,02/01/2023,Concrete,26.4584460575,-81.939541055
9752,12/01/2022,C and D,26.4424419,-81.9308568
9753,11/18/2022,C and D,26.4256084987,-81.9081063052
9754,01/08/2023,C and D,26.430156,-81.9130345
9755,12/03/2022,C and D,26.4046219357,-81.8860545245
9756,01/17/2023,Dirty Sand Soil,26.4304328,-81.9130531
9757,11/05/2022,C and D,26.4488665,-81.9434638
9758,12/15/2022,C and D,26.4586689619,-81.9402166183
9759,11/22/2022,C and D,26.4269861346,-81.9097662718
9760,02/01/2023,C and D,26.4417297,-81.9295368
9761,12/11/2022,Vegetation,26.4383732737,-81.9237986809
9762,10/16/2022,C and D,26.4046550414,-81.8861987405
9763,11/09/2022,C and D,26.4255467,-81.9077933
9764,10/09/2022,C and D,26.4397177,-81.9257413
9765,12/11/2022,C and D,26.4075677376,-81.8966866472
9766,10/20/2022,C and D,26.4145406,-81.9005416
9767,11/02/2022,C and D,26.4445356606,-81.934644431
9768,02/01/2023,Dirty Sand Soil,26.4256287,-81.9082499
9769,11/19/2022,C and D,26.4389465588,-81.9245770062
9770,12/15/2022,Dirty Sand Soil,26.4346073,-81.9183255
9771,12/17/2022,C and D,26.4624457884,-81.9485359971
9772,12/06/2022,C and D,26.4339741,-81.9175582
9773,01/11/2023,C and D,26.4506996,-81.9488279
9774,11/20/2022,C and D,26.4667378727,-81.954504151
9775,01/09/2023,C and D,26.4301778,-81.9129176
9776,11/01/2022,C and D,26.4275305254,-81.910300591
9777,10/18/2022,Dirty Sand Soil,26.4414834,-81.9288432
9778,11/04/2022,C and D,26.4173012227,-81.9016260189
9779,10/21/2022,Clean Sand Soil,26.4525014,-81.9546579
9780,10/31/2022,C and D,26.4598223539,-81.9464596202
9781,11/02/2022,C and D,26.4629452067,-81.9477072796
9782,11/26/2022,C and D,26.4337591298,-81.917498426
9783,12/06/2022,C and D,26.4359515859,-81.9204015658
9784,03/25/2023,C and D,26.4603750374,-81.9476781107
9785,11/16/2022,C and D,26.4324828,-81.9156404
9786,02/18/2023,C and D,26.4282687,-81.9111159
9787,11/08/2022,C and D,26.4418708631,-81.9297688112
9788,12/01/2022,C and D,26.4661782,-81.9556202
9789,11/27/2022,Dirty Sand Soil,26.4291435,-81.912037
9790,11/14/2022,C and D,26.4328957,-81.9163308
9791,10/15/2022,C and D,26.4289822,-81.911835
9792,01/09/2023,Clean Sand Soil,26.4365367,-81.9223037
9793,11/07/2022,C and D,26.458159733,-81.942556775
9794,11/16/2022,C and D,26.4043513317,-81.8904912596
9795,11/17/2022,C and D,26.4525383245,-81.9547474199
9796,11/30/2022,C and D,26.4612083137,-81.9522474334
9797,11/28/2022,C and D,26.4270759048,-81.9097394497
9798,11/28/2022,C and D,26.4599547,-81.9415104
9799,11/29/2022,C and D,26.4215068,-81.903799
9800,11/26/2022,Dirty Sand Soil,26.4465001,-81.9381868
9801,01/06/2023,C and D,26.4476383,-81.940235
9802,10/19/2022,Dirty Sand Soil,26.4514427,-81.951254
9803,10/19/2022,Dirty Sand Soil,26.4514394,-81.9512462
9804,11/21/2022,Sand CD,26.4525674,-81.9545397
9805,12/12/2022,C and D,26.4172710618,-81.9011933856
9806,11/28/2022,HHW to DMS,26.4594927687,-81.9407113882
9807,10/20/2022,C and D,26.4179977,-81.9018923
9808,02/02/2023,C and D,26.4592998382,-81.9403815084
9809,01/16/2023,C and D,26.4346883,-81.9186117
9810,03/10/2023,C and D,26.4051658,-81.893351
9811,10/20/2022,Dirty Sand Soil,26.451231,-81.9498991
9812,10/16/2022,C and D,26.4508366,-81.9487068
9813,01/15/2023,C and D,26.4593383002,-81.9417088527
9814,10/15/2022,C and D,26.4479509,-81.9409188725
9815,11/13/2022,C and D,26.4045728,-81.8863162
9816,01/24/2023,C and D,26.4075185,-81.8965086
9817,11/17/2022,C and D,26.439235867,-81.9252362476
9818,02/14/2023,C and D,26.4172393606,-81.901689808
9819,02/09/2023,C and D,26.4146857,-81.9006872
9820,01/11/2023,C and D,26.4507862,-81.9488317
9821,10/23/2022,C and D,26.4275487699,-81.9102952537
9822,11/14/2022,C and D,26.4329554,-81.916278
9823,02/19/2023,C and D,26.4282402,-81.9110276
9824,10/16/2022,C and D,26.4365735582,-81.9209369766
9825,11/08/2022,C and D,26.4257642734,-81.9086294499
9826,10/23/2022,Dirty Sand Soil,26.4377213,-81.9226404
9827,10/20/2022,C and D,26.4365986043,-81.9209262118
9828,11/11/2022,C and D,26.4203511976,-81.9030320235
9829,03/08/2023,C and D,26.4373439,-81.9224891
9830,11/17/2022,C and D,26.4332818,-81.9166967
9831,11/21/2022,Vegetation,26.4274665,-81.9101701
9832,02/02/2023,C and D,26.4578857273,-81.9403002039
9833,11/18/2022,C and D,26.4394240661,-81.9246332348
9834,11/19/2022,C and D,26.4100486133,-81.8984925282
9835,10/23/2022,Dirty Sand Soil,26.4525715,-81.9545961
9836,12/01/2022,C and D,26.4237567,-81.9056456
9837,11/28/2022,C and D,26.449812,-81.9463441
9838,01/13/2023,C and D,26.4590565566,-81.948426411
9839,02/10/2023,C and D,26.4218436,-81.9038909
9840,11/06/2022,C and D,26.4517545,-81.9520389
9841,01/20/2023,C and D,26.4113834301,-81.8995071728
9842,10/28/2022,C and D,26.4219721145,-81.9042130173
9843,10/23/2022,C and D,26.4479079357,-81.9406061282
9844,11/18/2022,C and D,26.4524971931,-81.9547353382
9845,12/04/2022,C and D,26.404478,-81.8899741
9846,10/30/2022,C and D,26.4231644,-81.904811
9847,01/20/2023,C and D,26.4114579,-81.8996201
9848,02/26/2023,C and D,26.4600513596,-81.9416425657
9849,10/31/2022,Dirty Sand Soil,26.4472927288,-81.9384832775
9850,11/05/2022,C and D,26.4255628,-81.9077357
9851,02/27/2023,C and D,26.4616438374,-81.9485233539
9852,12/05/2022,C and D,26.4627978494,-81.9511637124
9853,03/28/2023,C and D,26.4103765553,-81.8990182412
9854,01/08/2023,Vegetation,26.4302686,-81.9130157
9855,11/22/2022,C and D,26.4657909,-81.9555058
9856,11/16/2022,C and D,26.4406640757,-81.9275883095
9857,10/30/2022,C and D,26.4046258992,-81.8862332404
9858,11/30/2022,C and D,26.4255413505,-81.9079318261
9859,12/16/2022,C and D,26.459661159,-81.9464140707
9860,12/12/2022,C and D,26.4329329692,-81.9160179981
9861,12/16/2022,C and D,26.4102613,-81.8990023
9862,12/14/2022,Dirty Sand Soil,26.4514849,-81.9509771
9863,12/15/2022,C and D,26.4576996305,-81.9394888607
9864,11/29/2022,C and D,26.4499916,-81.9467009
9865,11/13/2022,C and D,26.4596898901,-81.9425046445
9866,10/18/2022,Dirty Sand Soil,26.4397766,-81.9259811
9867,11/12/2022,C and D,26.4597597836,-81.9464880163
9868,12/12/2022,C and D,26.4494854,-81.9454093
9869,05/01/2023,Vegetation,26.4221361,-81.9037367
9870,12/12/2022,C and D,26.4047381329,-81.8857598306
9871,12/17/2022,C and D,26.4625770637,-81.9485069414
9872,11/07/2022,C and D,26.4438120928,-81.9332786836
9873,11/08/2022,C and D,26.4085933,-81.8976049
9874,11/08/2022,C and D,26.4084591,-81.8973814
9875,12/12/2022,C and D,26.4615211,-81.9523199
9876,01/29/2023,C and D,26.4662662056,-81.9556297828
9877,11/12/2022,C and D,26.4581117872,-81.9431055431
9878,11/14/2022,C and D,26.4330745,-81.9162846
9879,03/08/2023,C and D,26.4415408,-81.929022
9880,02/15/2023,C and D,26.4631584,-81.9532345
9881,12/06/2022,C and D,26.4209641982,-81.9036445488
9882,11/30/2022,C and D,26.4359023,-81.9200632
9883,02/08/2023,Compact CD,26.4482628,-81.9402526
9884,11/03/2022,C and D,26.4061411716,-81.8951874868
9885,10/31/2022,C and D,26.4182105826,-81.9019493944
9886,12/01/2022,C and D,26.4052094,-81.8933481
9887,01/21/2023,C and D,26.4055641,-81.8940565
9888,12/14/2022,Dirty Sand Soil,26.4335904,-81.917101
9889,01/21/2023,C and D,26.4598180296,-81.9465117806
9890,12/09/2022,C and D,26.4444483,-81.9346583
9891,05/03/2023,C and D,26.4601416327,-81.9470590354
9892,10/23/2022,C and D,26.4478843295,-81.9407291574
9893,11/11/2022,C and D,26.4214482,-81.9037177
9894,12/08/2022,C and D,26.405611,-81.8942573
9895,12/12/2022,C and D,26.4599148452,-81.9403246581
9896,11/08/2022,C and D,26.4421738498,-81.9301463664
9897,02/09/2023,C and D,26.4052964,-81.8857006
9898,02/17/2023,C and D,26.4277341,-81.9106798
9899,12/10/2022,C and D,26.459180277,-81.9409077215
9900,12/19/2022,C and D,26.4373560157,-81.9223891665
9901,12/08/2022,C and D,26.4617163837,-81.9462910831
9902,11/03/2022,C and D,26.4254349576,-81.906986968
9903,11/16/2022,C and D,26.4662398,-81.9556247
9904,11/30/2022,C and D,26.4425934898,-81.9310374466
9905,10/07/2022,C and D,26.4648968,-81.9550857
9906,10/24/2022,Dirty Sand Soil,26.4107137,-81.8991667
9907,11/21/2022,C and D,26.4044525,-81.8894468
9908,02/09/2023,Concrete to FDS,26.4482696,-81.9406575
9909,01/19/2023,C and D,26.429279,-81.9122152
9910,11/29/2022,C and D,26.4623559138,-81.9477046586
9911,11/15/2022,C and D,26.442768891,-81.9313183004
9912,02/11/2023,C and D,26.4264104088,-81.9092931291
9913,03/08/2023,C and D,26.4403412,-81.9271152
9914,12/12/2022,C and D,26.4046923099,-81.886450498
9915,11/03/2022,C and D,26.4377621608,-81.9228711259
9916,01/31/2023,Dirty Sand Soil,26.4288693,-81.9119131
9917,10/19/2022,Dirty Sand Soil,26.451438,-81.9512152
9918,11/30/2022,C and D,26.4636721966,-81.9541863826
9919,10/06/2022,C and D,26.4636667236,-81.9530405084
9920,11/08/2022,C and D,26.4043327,-81.8904612
9921,11/21/2022,C and D,26.4419032,-81.9297069
9922,11/15/2022,C and D,26.4407906632,-81.9273604059
9923,10/23/2022,Clean Sand Soil,26.4525751,-81.9545686
9924,11/08/2022,C and D,26.4170668,-81.9017172
9925,12/09/2022,C and D,26.4440746,-81.9338792
9926,02/02/2023,C and D,26.4416948933,-81.9294227693
9927,10/13/2022,Dirty Sand Soil,26.4489903,-81.9432013
9928,02/01/2023,Concrete,26.4584656293,-81.9394469262
9929,12/16/2022,C and D,26.418147753,-81.9019359817
9930,12/08/2022,Dirty Sand Soil,26.4289245,-81.9116645
9931,12/04/2022,C and D,26.4046442,-81.891107
9932,12/11/2022,C and D,26.4198399792,-81.9028921429
9933,12/10/2022,C and D,26.4589932282,-81.9403419458
9934,01/25/2023,Compact CD,26.4482779,-81.9406334
9935,12/19/2022,C and D,26.4506250294,-81.9486872201
9936,02/28/2023,C and D,26.4591738582,-81.942487713
9937,10/28/2022,C and D,26.4255664079,-81.9080273622
9938,02/02/2023,C and D,26.441521,-81.9291999
9939,10/14/2022,C and D,26.451151371,-81.9498052821
9940,11/06/2022,C and D,26.4525151,-81.9548321
9941,10/20/2022,C and D,26.4367131036,-81.9212020192
9942,11/05/2022,C and D,26.4045212092,-81.890842449
9943,01/03/2023,C and D,26.460108439,-81.9476253029
9944,10/31/2022,C and D,26.4182547784,-81.9019335538
9945,12/02/2022,C and D,26.4282952,-81.9111879
9946,05/04/2023,C and D,26.4596067835,-81.9461848867
9947,02/11/2023,Vegetation,26.4359778501,-81.9202561035
9948,12/18/2022,Dirty Sand Soil,26.4370521,-81.9217051
9949,11/14/2022,C and D,26.4329337,-81.9162972
9950,11/11/2022,C and D,26.4255368303,-81.9080341964
9951,11/03/2022,C and D,26.4255626387,-81.9078305379
9952,12/08/2022,C and D,26.4338772,-81.9173679
9953,12/06/2022,C and D,26.4592110738,-81.9402688556
9954,02/09/2023,C and D,26.4183637,-81.9020905
9955,11/03/2022,C and D,26.4048084199,-81.8921500273
9956,11/20/2022,C and D,26.4108212,-81.8991977
9957,12/06/2022,C and D,26.4183999645,-81.9021196292
9958,02/28/2023,C and D,26.4591074316,-81.9417848904
9959,12/05/2022,C and D,26.4632373132,-81.9509804581
9960,10/06/2022,C and D,26.4601027,-81.9477131
9961,10/13/2022,C and D,26.4157449946,-81.9010931598
9962,11/20/2022,C and D,26.4591899,-81.942562
9963,11/07/2022,C and D,26.4326327,-81.9158287
9964,11/21/2022,C and D,26.4045038,-81.8877407
9965,02/10/2023,C and D,26.4048994,-81.8927108
9966,01/12/2023,C and D,26.4600841808,-81.9475831175
9967,02/10/2023,C and D,26.4068608,-81.896171
9968,11/20/2022,C and D,26.4597538,-81.942582
9969,03/29/2023,C and D,26.4045716264,-81.8898413145
9970,01/13/2023,C and D,26.442774236,-81.93143702
9971,02/14/2023,C and D,26.4599383883,-81.9470017583
9972,01/15/2023,C and D,26.4586959973,-81.9416758116
9973,01/15/2023,C and D,26.4586372653,-81.9417144709
9974,12/18/2022,C and D,26.4589004379,-81.9426695842
9975,02/06/2023,C and D,26.4594904846,-81.9426264335
9976,11/05/2022,C and D,26.4479159,-81.9408013
9977,10/30/2022,Dirty Sand Soil,26.4340848,-81.9177542
9978,10/06/2022,C and D,26.4626974925,-81.9534629903
9979,11/14/2022,C and D,26.4329366,-81.9162401
9980,02/15/2023,C and D,26.4373143809,-81.9219226599
9981,11/16/2022,C and D,26.4357171441,-81.9199018367
9982,01/30/2023,C and D,26.4291019,-81.9120608
9983,10/19/2022,Clean Sand Soil,26.4525476,-81.9546891
9984,11/02/2022,C and D,26.4288280998,-81.9116662816
9985,10/10/2022,C and D,26.4657307,-81.954766
9986,12/19/2022,C and D,26.4431007696,-81.9319581388
9987,11/15/2022,C and D,26.4349881641,-81.9191768751
9988,01/21/2023,C and D,26.4219357815,-81.9041585239
9989,12/04/2022,C and D,26.4381242,-81.9229551
9990,12/11/2022,C and D,26.4583639058,-81.9394468639
9991,10/18/2022,C and D,26.4364937973,-81.9208827191
9992,01/14/2023,C and D,26.4589808929,-81.9482486076
9993,11/03/2022,Dirty Sand Soil,26.4312182,-81.9141643
9994,11/22/2022,C and D,26.4588886,-81.9416326
9995,12/02/2022,C and D,26.4663533,-81.9557138
9996,12/12/2022,C and D,26.4575875732,-81.94018889
9997,11/06/2022,C and D,26.4281094354,-81.9109821507
9998,10/29/2022,C and D,26.4121347708,-81.8996027629
9999,11/06/2022,C and D,26.4523871,-81.9546618
10000,11/05/2022,C and D,26.4174080194,-81.9016627102
10001,11/09/2022,C and D,26.4254993581,-81.9079285975
10002,01/20/2023,C and D,26.4602041349,-81.9476237382
10003,01/17/2023,Sand CD,26.4369747,-81.9222545
10004,11/07/2022,C and D,26.460175761,-81.9472219934
10005,10/28/2022,C and D,26.4194414564,-81.9025351457
10006,11/07/2022,C and D,26.4581634257,-81.9425591119
10007,12/03/2022,C and D,26.4581997455,-81.944007186
10008,01/19/2023,Vegetation,26.4159001825,-81.901024103
10009,11/06/2022,C and D,26.4280904085,-81.9110174385
10010,11/28/2022,C and D,26.4592536,-81.9416656
10011,12/07/2022,C and D,26.4602711,-81.9402343
10012,10/30/2022,C and D,26.4214842953,-81.9038106781
10013,10/28/2022,C and D,26.463392051,-81.9486666006
10014,11/04/2022,C and D,26.4043644257,-81.8890376576
10015,12/15/2022,C and D,26.4616932099,-81.9485345532
10016,10/14/2022,Dirty Sand Soil,26.4515076543,-81.9513122125
10017,11/04/2022,C and D,26.4047437759,-81.8920535324
10018,12/15/2022,Dirty Sand Soil,26.4511244,-81.9500791
10019,11/30/2022,C and D,26.4047128,-81.8861275
10020,12/09/2022,C and D,26.4579419928,-81.9403286962
10021,12/18/2022,C and D,26.4383066911,-81.9235930593
10022,11/01/2022,C and D,26.4597483187,-81.9463789806
10023,10/23/2022,C and D,26.4451540723,-81.9354683303
10024,12/14/2022,C and D,26.4057197579,-81.894412226
10025,12/07/2022,Dirty Sand Soil,26.4115698,-81.8993917
10026,02/08/2023,C and D,26.4320468,-81.9150604
10027,11/19/2022,C and D,26.4277300846,-81.9103302441
10028,12/11/2022,C and D,26.4066603128,-81.8958197069
10029,10/21/2022,C and D,26.4305480864,-81.9132645128
10030,11/13/2022,C and D,26.4045347,-81.8867217
10031,10/16/2022,Dirty Sand Soil,26.4526530066,-81.9544153678
10032,12/01/2022,C and D,26.443731,-81.9328578
10033,12/04/2022,C and D,26.4044352,-81.8896579
10034,12/15/2022,Dirty Sand Soil,26.4510571,-81.9494207
10035,11/04/2022,C and D,26.404445814,-81.8887851947
10036,12/01/2022,C and D,26.4051967,-81.8933275
10037,11/02/2022,C and D,26.4063361286,-81.8953142968
10038,10/15/2022,C and D,26.4048533421,-81.8845667505
10039,12/09/2022,C and D,26.4602255356,-81.9463037421
10040,11/18/2022,C and D,26.4256065053,-81.9081283652
10041,11/28/2022,C and D,26.4477558775,-81.9402411841
10042,12/11/2022,C and D,26.4414403,-81.9286012
10043,11/30/2022,C and D,26.4434442111,-81.9327080437
10044,10/13/2022,Dirty Sand Soil,26.4489381,-81.9433529
10045,01/07/2023,C and D,26.4326074,-81.9160089
10046,10/17/2022,Dirty Sand Soil,26.4354817,-81.919549
10047,11/05/2022,C and D,26.4176482587,-81.9017338898
10048,12/04/2022,C and D,26.4185111588,-81.9022618628
10049,05/06/2023,C and D,26.4330575,-81.9163882
10050,10/27/2022,C and D,26.4043481648,-81.8872678188
10051,10/19/2022,Clean Sand Soil,26.4525329,-81.9546025
10052,11/16/2022,Dirty Sand Soil,26.4051228,-81.8849272
10053,10/25/2022,Dirty Sand Soil,26.4327238,-81.9160601
10054,01/09/2023,C and D,26.4597732725,-81.9463561346
10055,02/09/2023,C and D,26.4132611,-81.9001226
10056,01/30/2023,Dirty Sand Soil,26.4109541,-81.8989678
10057,11/13/2022,C and D,26.4355440997,-81.9198429958
10058,11/13/2022,C and D,26.4181329,-81.9018898
10059,01/12/2023,C and D,26.460362679,-81.9476225446
10060,10/17/2022,Dirty Sand Soil,26.4358913,-81.9200853
10061,01/11/2023,C and D,26.4634021375,-81.9509692337
10062,11/28/2022,C and D,26.4257766,-81.9085454
10063,10/23/2022,C and D,26.4479092437,-81.9407614657
10064,02/08/2023,C and D,26.4650977683,-81.9550990407
10065,02/07/2023,C and D,26.4321467035,-81.9151484555
10066,10/21/2022,Dirty Sand Soil,26.4378438,-81.9229387
10067,01/13/2023,C and D,26.4590855461,-81.9483589135
10068,10/22/2022,Clean Sand Soil,26.4525644,-81.9545454
10069,12/15/2022,Dirty Sand Soil,26.4476694,-81.9398673
10070,12/03/2022,C and D,26.4079817617,-81.8970432971
10071,11/12/2022,C and D,26.4406635147,-81.9276855235
10072,10/30/2022,C and D,26.4506385,-81.9482972
10073,01/09/2023,C and D,26.4300890107,-81.9128378556
10074,10/14/2022,C and D,26.4047682174,-81.8920360239
10075,12/17/2022,Vegetation,26.43847047,-81.923660467
10076,02/01/2023,Dirty Sand Soil,26.4261745,-81.9089141
10077,01/11/2023,C and D,26.459493083,-81.9406228234
10078,10/17/2022,C and D,26.4665965733,-81.9542661719
10079,01/14/2023,C and D,26.4350172,-81.9192788
10080,11/18/2022,C and D,26.4256008,-81.9080756
10081,11/07/2022,C and D,26.4098691,-81.8985579
10082,12/21/2022,C and D,26.4650595396,-81.9511247074
10083,12/05/2022,C and D,26.4648575,-81.955118
10084,11/14/2022,C and D,26.410397402,-81.8989493618
10085,01/17/2023,C and D,26.4592399097,-81.941711559
10086,11/17/2022,C and D,26.410582375,-81.8992145617
10087,11/20/2022,C and D,26.4663895011,-81.9541402662
10088,12/05/2022,C and D,26.44871,-81.9427668
10089,12/13/2022,C and D,26.4599985286,-81.9417803525
10090,01/16/2023,C and D,26.4582944385,-81.9413597033
10091,10/21/2022,C and D,26.4208636,-81.9034228
10092,12/02/2022,C and D,26.4589452418,-81.9403030538
10093,11/03/2022,C and D,26.4303101,-81.9130663
10094,12/07/2022,C and D,26.4601598,-81.9402425
10095,12/04/2022,C and D,26.4045877,-81.8880312
10096,01/30/2023,Dirty Sand Soil,26.4097371,-81.8985159
10097,10/21/2022,Clean Sand Soil,26.4525644,-81.9546115
10098,11/02/2022,C and D,26.4083273057,-81.8973222469
10099,05/16/2023,C and D,26.4221892,-81.9043461
10100,12/02/2022,C and D,26.4282085,-81.9111767
10101,01/22/2023,C and D,26.4321232,-81.9151299
10102,10/28/2022,Clean Sand Soil,26.4527054,-81.9552966
10103,12/09/2022,C and D,26.404271,-81.8891544
10104,10/15/2022,C and D,26.4479277336,-81.9409214397
10105,05/04/2023,C and D,26.461223024,-81.9500548952
10106,11/18/2022,C and D,26.4256680972,-81.9080883623
10107,12/12/2022,C and D,26.4323183242,-81.9153994975
10108,11/03/2022,C and D,26.4048079989,-81.8920407358
10109,10/30/2022,C and D,26.4212562656,-81.9036889729
10110,11/08/2022,C and D,26.4621937516,-81.9477581554
10111,12/17/2022,C and D,26.4104685467,-81.8989934307
10112,11/19/2022,C and D,26.4059089804,-81.8951676325
10113,11/05/2022,Dirty Sand Soil,26.4431925,-81.9319348
10114,11/05/2022,C and D,26.4417874,-81.9294791
10115,12/03/2022,C and D,26.4104958,-81.8989905
10116,11/05/2022,C and D,26.4052237571,-81.8931416556
10117,10/12/2022,C and D,26.4046443173,-81.8867173292
10118,12/09/2022,Vegetation,26.4174002,-81.9015898
10119,10/24/2022,C and D,26.4184376,-81.902017
10120,01/06/2023,C and D,26.44775102,-81.94009835
10121,02/25/2023,C and D,26.4603101509,-81.9474754483
10122,02/27/2023,Concrete to FDS,26.4481524,-81.9407352
10123,11/28/2022,C and D,26.4255859,-81.9084595
10124,01/19/2023,C and D,26.4263536,-81.9092007
10125,11/02/2022,C and D,26.4635881832,-81.9477337191
10126,01/15/2023,C and D,26.459924611,-81.9414017511
10127,11/06/2022,C and D,26.425575406,-81.9079893631
10128,12/02/2022,C and D,26.4637088603,-81.9485548597
10129,11/30/2022,C and D,26.4590608282,-81.9483499323
10130,11/01/2022,Dirty Sand Soil,26.4117806,-81.8996428
10131,10/22/2022,Clean Sand Soil,26.4525274,-81.9545688
10132,10/06/2022,C and D,26.464552415,-81.9528897411
10133,03/23/2023,C and D,26.4171645,-81.9016401
10134,11/16/2022,C and D,26.4255506499,-81.9080069103
10135,10/26/2022,Dirty Sand Soil,26.4510687,-81.9497308
10136,10/24/2022,C and D,26.4525559169,-81.9547519756
10137,12/10/2022,C and D,26.435873,-81.9202179
10138,01/13/2023,C and D,26.4411539,-81.9284602
10139,10/18/2022,Dirty Sand Soil,26.4391179,-81.9246814
10140,11/14/2022,C and D,26.4104138129,-81.898947917
10141,10/21/2022,Dirty Sand Soil,26.4515425,-81.9513331
10142,10/19/2022,C and D,26.4365634648,-81.920968398
10143,12/05/2022,C and D,26.4650104,-81.9550906
10144,11/19/2022,C and D,26.4246896798,-81.9062232028
10145,12/13/2022,C and D,26.4600334137,-81.9414941299
10146,10/16/2022,Dirty Sand Soil,26.437735,-81.9227479
10147,11/28/2022,C and D,26.4214676,-81.9037252
10148,11/06/2022,C and D,26.4047122867,-81.8920775866
10149,12/08/2022,C and D,26.4599508866,-81.9530900459
10150,10/15/2022,Dirty Sand Soil,26.4492959,-81.9444118
10151,10/23/2022,C and D,26.418391,-81.9020172
10152,12/13/2022,C and D,26.4599739619,-81.9416264465
10153,10/17/2022,C and D,26.4620888,-81.9512739
10154,12/12/2022,C and D,26.459229067,-81.9407305301
10155,12/11/2022,HHW to DMS,26.4634748115,-81.9468604939
10156,10/20/2022,Dirty Sand Soil,26.4514243,-81.9512456
10157,01/21/2023,Compact CD,26.4481133,-81.9405183
10158,10/20/2022,C and D,26.4289200759,-81.9117563851
10159,11/01/2022,C and D,26.4092747388,-81.8982175356
10160,02/02/2023,C and D,26.4583115699,-81.9441121259
10161,11/09/2022,C and D,26.4255593947,-81.9080793972
10162,12/03/2022,C and D,26.4577584136,-81.9403729515
10163,12/03/2022,C and D,26.457721886,-81.9405123569
10164,12/18/2022,C and D,26.4609917254,-81.953780735
10165,01/14/2023,C and D,26.4590834423,-81.9483176356
10166,10/15/2022,C and D,26.4364114823,-81.9207783369
10167,11/17/2022,C and D,26.431234,-81.9142731
10168,11/18/2022,C and D,26.4109833991,-81.8991896994
10169,01/16/2023,C and D,26.4596372231,-81.9404020232
10170,11/18/2022,C and D,26.4330803,-81.9164649
10171,10/28/2022,Clean Sand Soil,26.4526729,-81.9552754
10172,11/15/2022,C and D,26.411358679,-81.8992948282
10173,12/05/2022,C and D,26.4635081796,-81.9508944112
10174,01/09/2023,Clean Sand Soil,26.4365213,-81.9222983
10175,02/07/2023,C and D,26.4317875,-81.9147421
10176,10/28/2022,Clean Sand Soil,26.4526877,-81.9552802
10177,01/24/2023,C and D,26.4055321,-81.8940409
10178,10/16/2022,Dirty Sand Soil,26.4475122,-81.9396077
10179,10/17/2022,Dirty Sand Soil,26.4354492,-81.9195017
10180,12/01/2022,C and D,26.4626067085,-81.9476822299
10181,01/06/2023,C and D,26.4303307,-81.9130633
10182,10/17/2022,C and D,26.4655007,-81.9544854
10183,01/17/2023,C and D,26.4591101193,-81.9416563753
10184,10/18/2022,C and D,26.4046696578,-81.886096727
10185,03/19/2023,C and D,26.417417,-81.9015019
10186,03/19/2023,C and D,26.4186264,-81.9020076
10187,11/05/2022,C and D,26.4255467575,-81.9079962628
10188,10/16/2022,C and D,26.4365012356,-81.9208712721
10189,12/01/2022,C and D,26.464662,-81.9506991
10190,11/01/2022,C and D,26.4608828226,-81.9482243495
10191,11/11/2022,Clean Sand Soil,26.4526429,-81.9551916
10192,11/12/2022,C and D,26.4255106013,-81.9079112443
10193,11/11/2022,C and D,26.4307027,-81.9135438
10194,11/30/2022,C and D,26.4368601,-81.9215988
10195,11/09/2022,C and D,26.4584043728,-81.942635096
10196,11/30/2022,C and D,26.459057741,-81.9417224225
10197,11/16/2022,C and D,26.4663743,-81.9556966
10198,12/04/2022,C and D,26.4392231033,-81.9249845987
10199,11/05/2022,C and D,26.4255420295,-81.9078937932
10200,12/12/2022,Vegetation,26.4169263421,-81.9016302937
10201,11/18/2022,C and D,26.4099275442,-81.8986058868
10202,01/09/2023,C and D,26.4612032837,-81.9504184756
10203,11/09/2022,C and D,26.4414767688,-81.9289941062
10204,11/20/2022,C and D,26.4286122,-81.9115548
10205,11/01/2022,C and D,26.4107661043,-81.899035005
10206,10/20/2022,C and D,26.4365836459,-81.9210051618
10207,11/12/2022,C and D,26.404411532,-81.8876991515
10208,12/16/2022,C and D,26.4044275834,-81.8894635421
10209,11/09/2022,C and D,26.4601621,-81.9472705
10210,12/07/2022,Dirty Sand Soil,26.411503,-81.8994091
10211,10/09/2022,C and D,26.4620281,-81.9512058
10212,12/15/2022,Dirty Sand Soil,26.4510425,-81.9494278
10213,11/30/2022,C and D,26.463657076,-81.9541906641
10214,10/23/2022,Clean Sand Soil,26.4525794,-81.9545669
10215,01/11/2023,C and D,26.4506326,-81.9489733
10216,11/22/2022,C and D,26.406645,-81.8955433
10217,12/04/2022,C and D,26.4598099464,-81.9467394333
10218,12/08/2022,Dirty Sand Soil,26.4106927,-81.8991374
10219,11/08/2022,C and D,26.441793213,-81.9296627099
10220,10/29/2022,C and D,26.4118003892,-81.8995965087
10221,10/14/2022,Dirty Sand Soil,26.4306466,-81.9135924
10222,01/06/2023,C and D,26.4477787,-81.9402197
10223,12/12/2022,C and D,26.4586364106,-81.9409373124
10224,11/04/2022,C and D,26.460302848,-81.9474668822
10225,10/20/2022,Dirty Sand Soil,26.4490471,-81.943689
10226,11/08/2022,C and D,26.4339226,-81.917436
10227,12/04/2022,C and D,26.4046317,-81.8902082
10228,11/05/2022,C and D,26.4255316,-81.9076046
10229,02/27/2023,C and D,26.4318383346,-81.9150728547
10230,11/04/2022,C and D,26.4136339305,-81.9002967329
10231,01/19/2023,C and D,26.4260397748,-81.9087023533
10232,12/09/2022,Dirty Sand Soil,26.4190849,-81.901938
10233,02/11/2023,C and D,26.4610199,-81.9462271
10234,10/17/2022,Clean Sand Soil,26.4525355,-81.9545216
10235,10/28/2022,Clean Sand Soil,26.4526815,-81.955283
10236,12/06/2022,C and D,26.4295192,-81.9123858
10237,11/26/2022,Dirty Sand Soil,26.4478971,-81.940788
10238,11/11/2022,C and D,26.4417439839,-81.9299564325
10239,12/11/2022,C and D,26.4615228,-81.9520048
10240,11/11/2022,C and D,26.4417980588,-81.9296206021
10241,11/21/2022,C and D,26.4602651548,-81.953758088
10242,11/21/2022,C and D,26.4602957884,-81.9539054392
10243,10/20/2022,Clean Sand Soil,26.4525461,-81.954571
10244,11/05/2022,C and D,26.4416239,-81.9292011
10245,12/12/2022,C and D,26.4508302,-81.9493844
10246,12/01/2022,C and D,26.4239828149,-81.9055972808
10247,11/30/2022,C and D,26.4646593,-81.9506245
10248,12/06/2022,C and D,26.4601139794,-81.9475900968
10249,02/06/2023,C and D,26.464039723,-81.948587012
10250,12/10/2022,C and D,26.4417006,-81.9295147
10251,11/06/2022,C and D,26.4446180966,-81.9347897732
10252,11/12/2022,C and D,26.4308511,-81.9137837
10253,12/03/2022,C and D,26.464356,-81.954444
10254,01/15/2023,C and D,26.4586390568,-81.9416855486
10255,02/07/2023,C and D,26.4321724226,-81.915169384
10256,10/18/2022,C and D,26.4662339,-81.9556577
10257,01/28/2023,Compact CD,26.4480263,-81.9405637
10258,11/01/2022,C and D,26.4274929448,-81.9102304795
10259,10/15/2022,C and D,26.4243056014,-81.9055671335
10260,11/14/2022,C and D,26.459048,-81.9408196
10261,12/06/2022,C and D,26.4612531915,-81.9520545907
10262,10/20/2022,Dirty Sand Soil,26.4514238,-81.9512477
10263,12/04/2022,C and D,26.4591581182,-81.9404180802
10264,12/11/2022,C and D,26.458731943,-81.9395256382
10265,01/18/2023,C and D,26.4632278398,-81.9530722013
10266,01/18/2023,C and D,26.4638500526,-81.9531279685
10267,10/17/2022,Dirty Sand Soil,26.4365388,-81.9209311
10268,02/08/2023,Dirty Sand Soil,26.4318957,-81.9150522
10269,10/31/2022,C and D,26.4174803021,-81.901733894
10270,12/06/2022,C and D,26.4298372,-81.9127545
10271,10/11/2022,C and D,26.4158774988,-81.9010876207
10272,02/11/2023,C and D,26.4256119,-81.9084123
10273,12/12/2022,C and D,26.4325250511,-81.915599428
10274,10/21/2022,C and D,26.4306714667,-81.9134284992
10275,10/25/2022,C and D,26.4600913991,-81.9537410349
10276,11/02/2022,C and D,26.4486303,-81.942727
10277,11/06/2022,C and D,26.4218929131,-81.9039665815
10278,12/12/2022,C and D,26.4117709284,-81.8995321667
10279,10/19/2022,Clean Sand Soil,26.4525418,-81.9546137
10280,12/12/2022,C and D,26.4285475994,-81.9112756849
10281,12/04/2022,C and D,26.4359319723,-81.9204723929
10282,11/16/2022,C and D,26.4068479277,-81.8958144873
10283,12/04/2022,C and D,26.459569175,-81.9463402886
10284,11/19/2022,C and D,26.4104682533,-81.8990848773
10285,10/18/2022,C and D,26.4366312107,-81.9208921136
10286,10/20/2022,C and D,26.436742233,-81.9211431031
10287,10/17/2022,C and D,26.4073566965,-81.8965617537
10288,10/06/2022,C and D,26.4588228041,-81.9450908875
10289,10/28/2022,C and D,26.4214202157,-81.9037517533
10290,12/17/2022,C and D,26.4056782052,-81.8945170753
10291,12/16/2022,C and D,26.4105336,-81.8990232
10292,01/12/2023,C and D,26.4595280774,-81.9462242816
10293,11/12/2022,C and D,26.426997448,-81.9096342207
10294,12/17/2022,C and D,26.4611133468,-81.9537411724
10295,12/12/2022,C and D,26.4056908095,-81.8942783068
10296,10/31/2022,C and D,26.4645234955,-81.9545838903
10297,10/19/2022,C and D,26.4305396425,-81.9133994915
10298,12/11/2022,C and D,26.440128,-81.9267836
10299,10/12/2022,C and D,26.4254995277,-81.9073049428
10300,11/05/2022,C and D,26.4048205689,-81.8920124789
10301,01/10/2023,C and D,26.4297986,-81.9125854
10302,10/13/2022,Vegetation,26.4330066037,-81.9161268398
10303,12/01/2022,Vegetation,26.4401093032,-81.9264978078
10304,11/03/2022,C and D,26.4058393892,-81.8948918302
10305,11/15/2022,C and D,26.4250949992,-81.9062995485
10306,10/06/2022,C and D,26.459340248,-81.9459591334
10307,12/02/2022,C and D,26.4635316059,-81.9485527599
10308,12/01/2022,C and D,26.4239106,-81.905414
10309,11/02/2022,C and D,26.407783865,-81.8968749047
10310,11/04/2022,C and D,26.4047629698,-81.8920474252
10311,12/15/2022,Dirty Sand Soil,26.4327526,-81.916026
10312,01/21/2023,C and D,26.4379096,-81.9229139
10313,10/22/2022,C and D,26.4216319,-81.9038679
10314,10/12/2022,C and D,26.4044666437,-81.8908287885
10315,12/11/2022,C and D,26.4062219812,-81.8952889648
10316,12/11/2022,C and D,26.4043827402,-81.890859129
10317,10/18/2022,Dirty Sand Soil,26.4405727,-81.9272644
10318,10/25/2022,C and D,26.4326583572,-81.9157738712
10319,11/22/2022,C and D,26.4255369874,-81.9081050624
10320,11/19/2022,C and D,26.4316884,-81.9147709
10321,10/19/2022,Clean Sand Soil,26.45253,-81.9546104
10322,11/19/2022,C and D,26.4114270173,-81.8993030582
10323,11/18/2022,C and D,26.4392295854,-81.9251794579
10324,02/24/2023,C and D,26.4172319882,-81.9017591235
10325,12/12/2022,C and D,26.4312913784,-81.9141405303
10326,12/18/2022,C and D,26.4642156433,-81.9469200132
10327,02/09/2023,C and D,26.4054119,-81.893672
10328,12/07/2022,Dirty Sand Soil,26.4488193,-81.9434521
10329,12/07/2022,Dirty Sand Soil,26.4480566,-81.9413163
10330,11/05/2022,C and D,26.4478862,-81.940945
10331,12/12/2022,Vegetation,26.4108208874,-81.89904106
10332,11/06/2022,C and D,26.4046507096,-81.8919314259
10333,11/11/2022,C and D,26.4100276,-81.8987926
10334,12/11/2022,C and D,26.4642611,-81.9542229
10335,01/15/2023,C and D,26.422332701,-81.9043035061
10336,11/22/2022,C and D,26.428739,-81.9117023
10337,11/28/2022,C and D,26.4212028,-81.9035636
10338,12/19/2022,C and D,26.4459180487,-81.9375247661
10339,10/29/2022,C and D,26.4101953,-81.8986513
10340,11/11/2022,C and D,26.4606623549,-81.9487501855
10341,11/01/2022,C and D,26.4094118,-81.8982002
10342,12/19/2022,C and D,26.4113138197,-81.8993034773
10343,12/18/2022,C and D,26.4381698147,-81.9235824981
10344,10/23/2022,Dirty Sand Soil,26.431079,-81.9139177
10345,11/14/2022,C and D,26.459749,-81.9465082
10346,12/13/2022,C and D,26.459391929,-81.9417299218
10347,11/15/2022,C and D,26.4255933976,-81.9079144579
10348,12/15/2022,C and D,26.4664307,-81.9537589
10349,02/11/2023,Concrete to FDS,26.448255,-81.9407533
10350,11/02/2022,C and D,26.4076448931,-81.8967126311
10351,11/08/2022,C and D,26.4614651478,-81.9511239129
10352,12/07/2022,Dirty Sand Soil,26.4304206,-81.9132337
10353,11/29/2022,C and D,26.4340862984,-81.9176022683
10354,12/13/2022,C and D,26.4447165,-81.9349548
10355,11/07/2022,C and D,26.4258298289,-81.9087032053
10356,11/04/2022,C and D,26.4191462112,-81.9022178034
10357,12/14/2022,C and D,26.4589301701,-81.9417666624
10358,12/12/2022,C and D,26.4599142885,-81.9416530446
10359,12/05/2022,C and D,26.4066396908,-81.8955528757
10360,01/20/2023,C and D,26.4602812568,-81.9474616643
10361,12/07/2022,C and D,26.4602743,-81.9402399
10362,01/20/2023,C and D,26.4593807991,-81.9460348104
10363,10/18/2022,C and D,26.4305057796,-81.9133482781
10364,10/17/2022,Clean Sand Soil,26.4525558,-81.9545397
10365,12/04/2022,C and D,26.4283549,-81.9112782
10366,11/18/2022,C and D,26.4036947117,-81.8753285521
10367,02/11/2023,C and D,26.4043789,-81.890371
10368,10/22/2022,Dirty Sand Soil,26.4515345,-81.9513359
10369,11/27/2022,Dirty Sand Soil,26.4385595,-81.9240176
10370,12/15/2022,Dirty Sand Soil,26.4513598,-81.9506403
10371,10/21/2022,Clean Sand Soil,26.4524302,-81.9546891
10372,11/13/2022,C and D,26.4045432,-81.8866562
10373,12/03/2022,C and D,26.459431832,-81.9461513215
10374,05/04/2023,C and D,26.4603377273,-81.947461702
10375,01/03/2023,C and D,26.4659196,-81.9550978
10376,11/01/2022,C and D,26.4110530721,-81.8993844412
10377,12/11/2022,C and D,26.4104098047,-81.8989303694
10378,12/11/2022,C and D,26.4049310341,-81.8929151306
10379,11/18/2022,C and D,26.4102861565,-81.8988077716
10380,11/29/2022,C and D,26.4502082,-81.9472667
10381,02/09/2023,C and D,26.4198385,-81.9027158
10382,03/16/2023,C and D,26.4601627428,-81.9471968387
10383,12/05/2022,C and D,26.4598948276,-81.9403838553
10384,11/05/2022,C and D,26.4048054434,-81.8846794164
10385,12/07/2022,C and D,26.4602747191,-81.9467244658
10386,01/03/2023,C and D,26.4603271531,-81.9476001158
10387,11/01/2022,C and D,26.4593757782,-81.9461896007
10388,12/19/2022,Dirty Sand Soil,26.4322232,-81.9152976
10389,02/25/2023,C and D,26.4171156,-81.9016982
10390,02/19/2023,C and D,26.4172156,-81.901908
10391,12/03/2022,C and D,26.4589759615,-81.9403070771
10392,01/05/2023,Clean Sand Soil,26.4365554,-81.922121
10393,01/12/2023,Sand CD,26.4370964,-81.9220873
10394,11/03/2022,C and D,26.448519,-81.9425744
10395,11/03/2022,C and D,26.40648714,-81.8954857244
10396,10/22/2022,C and D,26.4255661138,-81.9078812072
10397,11/02/2022,C and D,26.4449951146,-81.9354508539
10398,01/13/2023,C and D,26.4443656,-81.9345931
10399,01/20/2023,C and D,26.4639201976,-81.9476660786
10400,05/04/2023,C and D,26.4601353333,-81.9471725
10401,10/13/2022,Dirty Sand Soil,26.4489594,-81.9433355
10402,01/13/2023,C and D,26.4488762,-81.9434345
10403,12/06/2022,C and D,26.4438794,-81.9331141
10404,12/06/2022,Vegetation,26.4045918687,-81.8861699571
10405,11/15/2022,C and D,26.4612778,-81.9538902
10406,11/18/2022,C and D,26.4102062924,-81.8987610891
10407,12/18/2022,C and D,26.4635758922,-81.9469517287
10408,10/17/2022,Dirty Sand Soil,26.4390853,-81.9246763
10409,03/16/2023,C and D,26.4603786713,-81.9475456821
10410,11/30/2022,C and D,26.4652125,-81.9511554
10411,11/03/2022,C and D,26.4399620332,-81.9263015874
10412,12/01/2022,C and D,26.4640781902,-81.9530368205
10413,01/19/2023,C and D,26.429263736,-81.9122444272
10414,01/17/2023,C and D,26.4630567021,-81.94691469
10415,11/13/2022,C and D,26.4524746528,-81.9546593739
10416,11/14/2022,C and D,26.4061049492,-81.8947043794
10417,12/07/2022,Dirty Sand Soil,26.4115222,-81.8994621
10418,02/27/2023,C and D,26.4642169979,-81.9507685304
10419,12/19/2022,C and D,26.4281223854,-81.910961615
10420,02/01/2023,C and D,26.4604872605,-81.9490749669
10421,12/16/2022,HHW to DMS,26.461394782,-81.9532695192
10422,11/08/2022,C and D,26.4339499,-81.9175843
10423,10/11/2022,C and D,26.4654714,-81.9542402
10424,11/21/2022,C and D,26.4043212,-81.8891112
10425,03/16/2023,C and D,26.460334206,-81.9473937873
10426,11/09/2022,C and D,26.4339177,-81.9173975
10427,11/05/2022,C and D,26.4255679537,-81.9074917472
10428,11/20/2022,C and D,26.4111466,-81.8994351
10429,12/02/2022,C and D,26.4616723878,-81.95386235
10430,12/12/2022,C and D,26.435624985,-81.9200455026
10431,01/14/2023,C and D,26.4349811819,-81.9190651328
10432,12/10/2022,C and D,26.4067248,-81.8959864
10433,10/30/2022,C and D,26.4046618,-81.8861521
10434,11/06/2022,C and D,26.4135348,-81.9001892
10435,01/18/2023,Vegetation,26.4185242,-81.9019006
10436,02/02/2023,C and D,26.4477138,-81.9401923
10437,10/30/2022,HHW to DMS,26.4614969446,-81.9515589439
10438,11/01/2022,C and D,26.459403166,-81.9461468214
10439,11/17/2022,C and D,26.439803741,-81.9261550718
10440,02/13/2023,Concrete to FDS,26.4478595,-81.9405728
10441,11/13/2022,C and D,26.4171836,-81.901525
10442,11/11/2022,C and D,26.4397638012,-81.9260318578
10443,12/14/2022,C and D,26.4590894771,-81.9417506719
10444,11/07/2022,C and D,26.4581744839,-81.9421008882
10445,10/06/2022,C and D,26.4652879901,-81.9513030386
10446,11/04/2022,C and D,26.4193913341,-81.9024387282
10447,12/01/2022,C and D,26.4640766,-81.9508322
10448,12/15/2022,C and D,26.4663446,-81.9536859
10449,12/12/2022,C and D,26.4603915219,-81.9402759028
10450,11/01/2022,C and D,26.4163678978,-81.901301723
10451,11/30/2022,C and D,26.4371488,-81.9219408
10452,10/31/2022,C and D,26.4500387,-81.9466198
10453,01/21/2023,C and D,26.4215953907,-81.9039911038
10454,11/30/2022,Sand CD,26.4525554,-81.9546208
10455,01/25/2023,C and D,26.4316708153,-81.9148513931
10456,11/10/2022,C and D,26.4612325383,-81.95241133
10457,10/22/2022,C and D,26.4286608826,-81.9114734256
10458,11/11/2022,C and D,26.4107103,-81.8991658
10459,11/01/2022,Dirty Sand Soil,26.447157,-81.9382789
10460,05/01/2023,Vegetation,26.4262924,-81.9091975
10461,01/20/2023,C and D,26.4055472,-81.8940461
10462,01/09/2023,Clean Sand Soil,26.4364676,-81.9222891
10463,01/10/2023,C and D,26.4300922619,-81.9128682892
10464,10/13/2022,C and D,26.4504465693,-81.9476919074
10465,12/19/2022,C and D,26.461634029,-81.9468905256
10466,12/06/2022,C and D,26.4613574052,-81.9505272567
10467,01/21/2023,C and D,26.4379907,-81.9229999
10468,01/11/2023,C and D,26.4506448148,-81.9488690526
10469,12/13/2022,C and D,26.4420294,-81.9300243
10470,12/11/2022,C and D,26.4389388,-81.9247995
10471,10/13/2022,Dirty Sand Soil,26.4489749,-81.9433627
10472,11/30/2022,Vegetation,26.425588578,-81.9079578762
10473,10/27/2022,C and D,26.4608129495,-81.9485694306
10474,11/02/2022,Dirty Sand Soil,26.4237406,-81.9051972
10475,11/14/2022,C and D,26.4460187718,-81.9375344199
10476,12/16/2022,C and D,26.405836246,-81.8945254572
10477,10/29/2022,C and D,26.4099573,-81.8985673
10478,11/05/2022,C and D,26.4169637667,-81.901288016
10479,11/29/2022,C and D,26.4340300467,-81.9177741948
10480,01/09/2023,C and D,26.4640366374,-81.9476765239
10481,12/06/2022,C and D,26.4662072,-81.9556501
10482,01/14/2023,C and D,26.458926477,-81.9482622523
10483,12/16/2022,Dirty Sand Soil,26.4284217,-81.9113003
10484,12/13/2022,C and D,26.4435155,-81.9326895
10485,02/08/2023,C and D,26.4317426293,-81.9147941449
10486,01/10/2023,C and D,26.4588448699,-81.9463058088
10487,10/15/2022,C and D,26.4365931726,-81.9209659467
10488,05/06/2023,C and D,26.4477911,-81.9404156
10489,12/10/2022,C and D,26.4589518801,-81.9403147683
10490,11/03/2022,C and D,26.4254547102,-81.9070604371
10491,01/18/2023,C and D,26.4594040705,-81.9425805947
10492,11/04/2022,C and D,26.4580311249,-81.9427563255
10493,11/13/2022,C and D,26.4109209977,-81.8990580506
10494,11/17/2022,C and D,26.4255806571,-81.9079295453
10495,12/04/2022,C and D,26.4046677,-81.8911205
10496,10/30/2022,Dirty Sand Soil,26.4232118,-81.904637
10497,02/02/2023,C and D,26.4318012389,-81.9150580257
10498,11/29/2022,C and D,26.4247153801,-81.9061117151
10499,12/02/2022,C and D,26.4048519,-81.8854943
10500,12/04/2022,C and D,26.4603424944,-81.9475954938
10501,12/19/2022,Dirty Sand Soil,26.4355455,-81.9196376
10502,12/05/2022,C and D,26.4487094,-81.9429006
10503,11/19/2022,C and D,26.4331126,-81.9164765
10504,10/21/2022,Dirty Sand Soil,26.4515055,-81.9512577
10505,10/29/2022,C and D,26.4610561507,-81.9493253856
10506,12/18/2022,Dirty Sand Soil,26.4509423,-81.9489767
10507,10/30/2022,C and D,26.4047070779,-81.8855766021
10508,02/08/2023,C and D,26.4169435,-81.9012561
10509,12/16/2022,C and D,26.4599046508,-81.9467415649
10510,10/20/2022,C and D,26.4180564,-81.9019308
10511,11/03/2022,C and D,26.404752261,-81.891935821
10512,11/07/2022,C and D,26.4602267787,-81.9471642488
10513,12/11/2022,C and D,26.4663735,-81.9557366
10514,11/17/2022,C and D,26.4415956242,-81.9292610698
10515,02/03/2023,C and D,26.4193779143,-81.9025055458
10516,10/14/2022,C and D,26.4338647404,-81.9174796069
10517,12/12/2022,C and D,26.4579043464,-81.9403787934
10518,01/19/2023,C and D,26.4657760293,-81.9548691186
10519,11/07/2022,C and D,26.4099657,-81.8986673
10520,12/16/2022,C and D,26.4639525995,-81.9486500954
10521,02/08/2023,Dirty Sand Soil,26.4319875,-81.9151377
10522,12/07/2022,C and D,26.4601577,-81.9402386
10523,11/04/2022,C and D,26.4599992331,-81.9470835355
10524,11/09/2022,C and D,26.452536732,-81.9546453283
10525,10/25/2022,C and D,26.4438695804,-81.9334533176
10526,11/19/2022,C and D,26.4389781282,-81.924854766
10527,10/31/2022,C and D,26.4596375838,-81.9463267433
10528,12/05/2022,C and D,26.4621621513,-81.9512816215
10529,11/29/2022,C and D,26.4211433,-81.9035102
10530,11/08/2022,C and D,26.4435009565,-81.9326492865
10531,11/09/2022,C and D,26.4251865,-81.9075396
10532,10/17/2022,Clean Sand Soil,26.4525505,-81.9545811
10533,11/28/2022,C and D,26.4642496,-81.9469264
10534,02/14/2023,C and D,26.4253993307,-81.9074839003
10535,11/12/2022,C and D,26.4387067621,-81.9242641747
10536,11/11/2022,C and D,26.4408658957,-81.9280107413
10537,11/22/2022,C and D,26.4269160122,-81.9096015326
10538,01/30/2023,C and D,26.4597366611,-81.9465431292
10539,01/17/2023,C and D,26.4289079,-81.9118167
10540,01/19/2023,Vegetation,26.4170998,-81.9014883
10541,11/18/2022,C and D,26.4256227,-81.9081569
10542,11/14/2022,C and D,26.43302,-81.9164228
10543,11/26/2022,C and D,26.4336851612,-81.9172906224
10544,01/03/2023,C and D,26.4603862379,-81.9477066457
10545,12/17/2022,C and D,26.4475484135,-81.9400570384
10546,11/04/2022,C and D,26.4602375,-81.9475259
10547,10/27/2022,C and D,26.4612034522,-81.9486484119
10548,12/01/2022,C and D,26.4239097,-81.9055425
10549,11/12/2022,C and D,26.4255513445,-81.9076462707
10550,12/04/2022,C and D,26.4654331,-81.9543871
10551,11/06/2022,C and D,26.4255142727,-81.9078350576
10552,12/10/2022,C and D,26.4105900843,-81.8992961851
10553,02/10/2023,C and D,26.4071025,-81.8962555
10554,01/14/2023,C and D,26.4507892,-81.9488971
10555,10/20/2022,C and D,26.4364175486,-81.9208258833
10556,10/28/2022,C and D,26.4219777978,-81.9041877992
10557,11/21/2022,C and D,26.4268163,-81.9095137
10558,10/13/2022,Dirty Sand Soil,26.4489595,-81.9433628
10559,11/30/2022,C and D,26.4600638487,-81.9415903465
10560,02/03/2023,C and D,26.44176542,-81.9295049638
10561,12/18/2022,C and D,26.4632413882,-81.9470273884
10562,11/02/2022,C and D,26.4288527426,-81.9116465003
10563,11/06/2022,C and D,26.4220686,-81.9040971
10564,10/14/2022,C and D,26.450851718,-81.9491475542
10565,11/02/2022,C and D,26.4065818512,-81.8956250076
10566,02/21/2023,C and D,26.4657237288,-81.9548505173
10567,12/01/2022,C and D,26.4616162869,-81.948541067
10568,11/15/2022,C and D,26.4327763,-81.9161288
10569,03/24/2023,C and D,26.4044,-81.8884734
10570,10/18/2022,C and D,26.4648826,-81.9550442
10571,10/31/2022,Dirty Sand Soil,26.4255539,-81.9072538
10572,11/12/2022,C and D,26.4077432,-81.8968307
10573,10/13/2022,C and D,26.4241393,-81.9055394
10574,11/03/2022,Dirty Sand Soil,26.4343709,-81.9180483
10575,11/15/2022,C and D,26.4256784377,-81.9081295616
10576,11/06/2022,C and D,26.4255315673,-81.9079985638
10577,11/17/2022,C and D,26.4662866,-81.9556379
10578,11/06/2022,C and D,26.4602671517,-81.9473568444
10579,11/20/2022,C and D,26.45988,-81.9426112
10580,11/19/2022,C and D,26.4080457,-81.8971393
10581,11/07/2022,C and D,26.4262096762,-81.9089919171
10582,10/20/2022,C and D,26.4305410131,-81.9132840435
10583,11/19/2022,C and D,26.431266,-81.9141352
10584,12/18/2022,Dirty Sand Soil,26.4504953,-81.9480333
10585,10/15/2022,C and D,26.4507434657,-81.9486429636
10586,11/05/2022,C and D,26.417657767,-81.9014826677
10587,11/19/2022,C and D,26.4112973912,-81.8992509228
10588,12/07/2022,C and D,26.4664115,-81.9556315
10589,10/18/2022,C and D,26.4667514032,-81.954595082
10590,11/11/2022,C and D,26.4099887,-81.8987606
10591,10/13/2022,C and D,26.424963249,-81.9061808384
10592,01/07/2023,C and D,26.4328212987,-81.9158690624
10593,12/13/2022,C and D,26.4600322489,-81.9416977187
10594,10/19/2022,C and D,26.4310056853,-81.9139223285
10595,11/03/2022,C and D,26.4302564,-81.9131442
10596,10/22/2022,C and D,26.419197,-81.9023091
10597,11/18/2022,C and D,26.430939,-81.9140079
10598,12/12/2022,C and D,26.4311184959,-81.9138386274
10599,01/23/2023,C and D,26.4663728343,-81.9557008277
10600,10/13/2022,C and D,26.4164086494,-81.9009379771
10601,11/08/2022,C and D,26.4418752259,-81.9298474762
10602,11/16/2022,C and D,26.4330422,-81.9161757
10603,10/24/2022,C and D,26.4068796218,-81.895794278
10604,12/03/2022,C and D,26.4219584,-81.9041094
10605,12/05/2022,Vegetation,26.4263732,-81.9093413
10606,11/13/2022,C and D,26.4356391505,-81.9199968037
10607,12/12/2022,C and D,26.4187144876,-81.9022722057
10608,03/05/2023,Dock Section,26.4610503,-81.9537133
10609,11/28/2022,C and D,26.4270537347,-81.9096961991
10610,12/04/2022,C and D,26.4645019,-81.9546888
10611,11/12/2022,C and D,26.4307496,-81.9137135
10612,11/08/2022,C and D,26.4429902472,-81.9316343219
10613,10/28/2022,C and D,26.4193099594,-81.9023427949
10614,11/04/2022,C and D,26.4173472813,-81.9015913178
10615,03/17/2023,C and D,26.4601370744,-81.9475484963
10616,11/04/2022,C and D,26.4046665893,-81.8861793094
10617,12/11/2022,Vegetation,26.437565327,-81.9226085385
10618,02/02/2023,C and D,26.4417751,-81.9296164
10619,01/09/2023,C and D,26.4303726,-81.9132603
10620,11/04/2022,Dirty Sand Soil,26.4513751,-81.9504541
10621,01/08/2023,C and D,26.4333484,-81.916639
10622,03/08/2023,C and D,26.4447047,-81.9349855
10623,01/03/2023,C and D,26.4603772148,-81.9476400507
10624,12/09/2022,C and D,26.4623947302,-81.9521776122
10625,10/13/2022,C and D,26.4162778593,-81.9012456789
10626,12/16/2022,C and D,26.4611321604,-81.950230038
10627,12/01/2022,C and D,26.4623076711,-81.9538895018
10628,12/15/2022,C and D,26.464356,-81.9543932
10629,03/09/2023,C and D,26.4102615,-81.8991392
10630,11/08/2022,C and D,26.4509620021,-81.9490922977
10631,11/02/2022,C and D,26.4445750555,-81.9347149228
10632,10/31/2022,Dirty Sand Soil,26.4147117,-81.9006101
10633,11/26/2022,C and D,26.4341440829,-81.9171454339
10634,02/07/2023,C and D,26.4331261017,-81.9158414522
10635,12/08/2022,Dirty Sand Soil,26.4112984,-81.8993526
10636,01/17/2023,C and D,26.4634555948,-81.9468042381
10637,11/12/2022,C and D,26.4388713,-81.9244886
10638,11/08/2022,C and D,26.4510435289,-81.9492250652
10639,02/09/2023,C and D,26.4044882,-81.8889892
10640,12/06/2022,C and D,26.4298327,-81.9127556
10641,11/29/2022,C and D,26.4624945587,-81.9476758596
10642,11/21/2022,C and D,26.4625723698,-81.9537665416
10643,02/11/2023,C and D,26.4253630301,-81.9070384626
10644,12/10/2022,C and D,26.4413837,-81.9289157
10645,12/05/2022,C and D,26.4297488,-81.9126944
10646,02/08/2023,C and D,26.431945788,-81.9151107443
10647,11/29/2022,C and D,26.4503111,-81.9471255
10648,11/28/2022,HHW to DMS,26.4575164216,-81.9388575947
10649,12/05/2022,C and D,26.4633801139,-81.9508502521
10650,01/19/2023,Dirty Sand Soil,26.4357721,-81.9202179
10651,03/24/2023,C and D,26.4102932,-81.8989167
10652,11/11/2022,C and D,26.442004242,-81.9300101605
10653,12/04/2022,C and D,26.4087098,-81.8976552
10654,12/13/2022,C and D,26.4357685,-81.9201907
10655,10/18/2022,C and D,26.4644716,-81.954713
10656,10/18/2022,Dirty Sand Soil,26.4491539,-81.9439879
10657,12/05/2022,C and D,26.4648869,-81.9550588
10658,12/05/2022,C and D,26.4293142,-81.9123554
10659,11/04/2022,C and D,26.4580590555,-81.942808895
10660,12/10/2022,C and D,26.4361691193,-81.9203446896
10661,03/17/2023,C and D,26.4644358452,-81.9528568378
10662,05/06/2023,C and D,26.4478398,-81.940328
10663,05/06/2023,C and D,26.4061369,-81.8950796
10664,05/06/2023,C and D,26.4043431,-81.8885484
10665,01/10/2023,C and D,26.4589240447,-81.9462286386
10666,11/19/2022,Sand CD,26.4525437,-81.9546191
10667,11/06/2022,C and D,26.406660906,-81.895684624
10668,11/30/2022,C and D,26.4647583,-81.95063
10669,12/10/2022,C and D,26.4106082,-81.8991071
10670,12/19/2022,C and D,26.4622066317,-81.9469093523
10671,02/19/2023,C and D,26.4253115,-81.9075655
10672,11/03/2022,C and D,26.4486084,-81.942759
10673,10/29/2022,C and D,26.4255274457,-81.9076910525
10674,12/12/2022,C and D,26.433078771,-81.9158773474
10675,11/17/2022,C and D,26.4499474111,-81.9460885127
10676,12/06/2022,C and D,26.4298804,-81.9126607
10677,11/16/2022,C and D,26.4348887606,-81.918879496
10678,10/23/2022,C and D,26.4254713152,-81.9079515059
10679,10/13/2022,C and D,26.4161046209,-81.9012353607
10680,01/09/2023,C and D,26.4640305807,-81.9476113039
10681,05/01/2023,Vegetation,26.4241525,-81.905474
10682,12/05/2022,C and D,26.4486088,-81.9427879
10683,10/30/2022,C and D,26.4233767,-81.9050431
10684,01/23/2023,C and D,26.4657471534,-81.9550987811
10685,12/14/2022,C and D,26.4056361281,-81.8944530376
10686,03/23/2023,C and D,26.4186467,-81.9020443
10687,03/17/2023,C and D,26.4336583,-81.9172012
10688,12/01/2022,C and D,26.4051001,-81.8932225
10689,12/07/2022,C and D,26.4103045867,-81.8989122389
10690,10/15/2022,Dirty Sand Soil,26.4508646516,-81.9487357473
10691,02/24/2023,C and D,26.4193553,-81.9026632
10692,11/11/2022,C and D,26.4100133212,-81.8988167285
10693,02/11/2023,C and D,26.4256786416,-81.9085959905
10694,10/24/2022,C and D,26.409787,-81.8984226
10695,01/16/2023,C and D,26.4602660178,-81.9403383218
10696,10/27/2022,C and D,26.4047372109,-81.8844447938
10697,10/18/2022,C and D,26.4664387,-81.9557424
10698,11/05/2022,C and D,26.4478901,-81.9406757
10699,11/12/2022,C and D,26.4396779705,-81.9258579333
10700,11/11/2022,Dirty Sand Soil,26.4288991,-81.9118566
10701,02/09/2023,Concrete to FDS,26.4481883,-81.9404183
10702,10/29/2022,C and D,26.4188090852,-81.9021028654
10703,12/07/2022,C and D,26.4341326751,-81.9178799351
10704,10/27/2022,HHW to DMS,26.4599165367,-81.9462931809
10705,12/15/2022,C and D,26.4643511,-81.9543962
10706,01/30/2023,C and D,26.4289955,-81.9119124
10707,01/31/2023,Dirty Sand Soil,26.4519134,-81.9521082
10708,11/19/2022,C and D,26.4667364,-81.954398
10709,11/26/2022,C and D,26.4336185561,-81.9171277418
10710,11/04/2022,C and D,26.4619278,-81.9512534
10711,12/08/2022,C and D,26.4578409049,-81.9404213198
10712,11/04/2022,C and D,26.4524986,-81.954657
10713,11/03/2022,C and D,26.4485539,-81.9424962
10714,11/22/2022,Vegetation,26.4255029,-81.9081846
10715,11/07/2022,C and D,26.4580420917,-81.9417601638
10716,10/22/2022,C and D,26.4255778492,-81.9078686089
10717,10/25/2022,C and D,26.4287173748,-81.9115181734
10718,12/01/2022,C and D,26.4050974,-81.8928784
10719,11/04/2022,C and D,26.4045478218,-81.8866494858
10720,12/17/2022,C and D,26.4612686663,-81.9538468054
10721,10/24/2022,C and D,26.4155189,-81.9009389
10722,02/02/2023,C and D,26.4477216,-81.9401945
10723,11/02/2022,C and D,26.4058849029,-81.8947996293
10724,02/05/2023,C and D,26.4476274,-81.9397328
10725,01/03/2023,C and D,26.4635013,-81.9531421
10726,12/19/2022,C and D,26.4292993227,-81.9122188339
10727,10/31/2022,Dirty Sand Soil,26.4115793,-81.8994195
10728,10/31/2022,C and D,26.4193930943,-81.9024155942
10729,11/16/2022,C and D,26.4661588,-81.9556495
10730,11/16/2022,C and D,26.4106135951,-81.8990233352
10731,10/12/2022,Dirty Sand Soil,26.4489923,-81.9434046
10732,11/22/2022,C and D,26.4044278,-81.8864402
10733,10/20/2022,C and D,26.4305051749,-81.9132947687
10734,10/19/2022,C and D,26.4364395324,-81.9209428067
10735,12/12/2022,C and D,26.417200598,-81.9014341571
10736,12/12/2022,C and D,26.4358903142,-81.9202905056
10737,11/09/2022,C and D,26.4422281226,-81.9304653817
10738,10/28/2022,Clean Sand Soil,26.4527041,-81.9552714
10739,12/05/2022,C and D,26.4276888,-81.9105164
10740,12/09/2022,C and D,26.4361942974,-81.9203504194
10741,03/19/2023,C and D,26.4658295829,-81.9546380132
10742,01/06/2023,C and D,26.4303981,-81.913214
10743,01/12/2023,C and D,26.4507957,-81.9489504
10744,12/12/2022,C and D,26.4059766086,-81.894952649
10745,11/05/2022,Dirty Sand Soil,26.4353561,-81.9194129
10746,12/07/2022,C and D,26.4340581978,-81.9176315983
10747,12/05/2022,C and D,26.4508602675,-81.9494196308
10748,10/30/2022,C and D,26.4045397332,-81.8863209151
10749,11/22/2022,C and D,26.4044005,-81.8868093
10750,12/05/2022,C and D,26.427702,-81.9106569
10751,10/17/2022,Clean Sand Soil,26.4525637,-81.9545251
10752,11/01/2022,C and D,26.4097328671,-81.8985893392
10753,11/12/2022,C and D,26.4332274,-81.9166664
10754,10/22/2022,C and D,26.4286278043,-81.9114772849
10755,12/12/2022,C and D,26.4602934394,-81.9402250099
10756,12/02/2022,C and D,26.4636336659,-81.948460818
10757,03/17/2023,C and D,26.4637385677,-81.9469069317
10758,10/17/2022,Dirty Sand Soil,26.4389834,-81.9245212
10759,12/12/2022,C and D,26.4312047884,-81.9141011406
10760,11/01/2022,C and D,26.4157892,-81.9010328
10761,11/01/2022,C and D,26.4525436,-81.9546925
10762,12/07/2022,C and D,26.4337819,-81.9173278
10763,10/14/2022,C and D,26.4479801653,-81.9402530604
10764,12/11/2022,C and D,26.4586865674,-81.9395197723
10765,12/11/2022,C and D,26.4390444,-81.9249514
10766,12/18/2022,C and D,26.4643765917,-81.9468047445
10767,11/07/2022,C and D,26.4427188,-81.9310356
10768,02/10/2023,Concrete to FDS,26.4478418,-81.9405865
10769,02/08/2023,Dirty Sand Soil,26.4320437,-81.9152455
10770,02/07/2023,C and D,26.4321270247,-81.9152982198
10771,11/29/2022,Sand CD,26.4525561,-81.9547195
10772,12/13/2022,C and D,26.4599138623,-81.9414605319
10773,11/29/2022,C and D,26.4339635525,-81.9177059163
10774,02/24/2023,C and D,26.4197988,-81.9029215
10775,11/08/2022,C and D,26.425575131,-81.9081419081
10776,11/18/2022,C and D,26.4308938,-81.9138415
10777,12/21/2022,C and D,26.4647406227,-81.9507091486
10778,12/21/2022,C and D,26.4650280448,-81.951346288
10779,11/21/2022,C and D,26.4349469987,-81.918867547
10780,11/01/2022,C and D,26.4286968811,-81.9114940335
10781,02/10/2023,C and D,26.4186231,-81.9020628
10782,12/04/2022,C and D,26.4599460315,-81.9468384192
10783,10/27/2022,C and D,26.4048351953,-81.8843687699
10784,02/25/2023,C and D,26.4311855,-81.9141064
10785,12/04/2022,C and D,26.441271957,-81.9287789428
10786,11/17/2022,C and D,26.4414866595,-81.9294232596
10787,12/13/2022,C and D,26.4643897,-81.9544403
10788,11/22/2022,C and D,26.42925,-81.911825
10789,11/26/2022,Dirty Sand Soil,26.4414088,-81.9289504
10790,12/12/2022,Vegetation,26.4046204136,-81.8910332637
10791,01/21/2023,C and D,26.4044771,-81.88888
10792,10/10/2022,Vegetation,26.464401,-81.9544418
10793,11/08/2022,C and D,26.4258256563,-81.9086867349
10794,10/21/2022,Dirty Sand Soil,26.451503,-81.9512919
10795,11/02/2022,C and D,26.406387622,-81.8954160836
10796,10/17/2022,C and D,26.4172185221,-81.9016949902
10797,11/16/2022,C and D,26.4357979875,-81.9198997413
10798,12/07/2022,C and D,26.4104754353,-81.899139588
10799,11/22/2022,Sand CD,26.4526502,-81.9546699
10800,11/09/2022,C and D,26.4614246715,-81.9523779992
10801,01/12/2023,C and D,26.4595617268,-81.9463055878
10802,11/07/2022,C and D,26.4080839,-81.8969381
10803,10/28/2022,Clean Sand Soil,26.4526852,-81.9552846
10804,12/10/2022,C and D,26.4584464413,-81.9395310108
10805,11/20/2022,C and D,26.404723,-81.8921673
10806,01/04/2023,Clean Sand Soil,26.4366145,-81.9221369
10807,01/11/2023,C and D,26.4508612847,-81.9488062187
10808,10/18/2022,C and D,26.4044445482,-81.8873932732
10809,12/09/2022,C and D,26.4581628531,-81.9394699105
10810,11/09/2022,C and D,26.4139773,-81.9004062
10811,11/16/2022,C and D,26.4664236,-81.9556136
10812,02/13/2023,C and D,26.4253752,-81.9074121
10813,10/19/2022,Clean Sand Soil,26.4525714,-81.9546048
10814,02/27/2023,Concrete to FDS,26.4482819,-81.9406155
10815,10/14/2022,Dirty Sand Soil,26.4514567023,-81.9512363307
10816,11/01/2022,C and D,26.4110587165,-81.8993845303
10817,12/17/2022,C and D,26.438413,-81.9235267
10818,11/13/2022,C and D,26.4110521,-81.8992414
10819,10/31/2022,Clean Sand Soil,26.4211837,-81.9034239
10820,11/29/2022,C and D,26.4247218901,-81.9056176606
10821,12/06/2022,C and D,26.4438507,-81.9331954
10822,11/04/2022,Dirty Sand Soil,26.4513695,-81.9504415
10823,11/04/2022,C and D,26.4356402,-81.9196924
10824,02/21/2023,C and D,26.4664596599,-81.9556999394
10825,12/15/2022,Dirty Sand Soil,26.4343317,-81.9180319
10826,02/02/2023,C and D,26.4418206,-81.929664
10827,10/21/2022,Dirty Sand Soil,26.4515038,-81.9512943
10828,12/01/2022,C and D,26.4244213142,-81.905834321
10829,12/02/2022,Vegetation,26.4283189,-81.9113889
10830,05/06/2023,C and D,26.4382425,-81.923438
10831,10/13/2022,C and D,26.4254627076,-81.9069328754
10832,12/07/2022,C and D,26.4339502,-81.9175966
10833,11/07/2022,C and D,26.4460019,-81.937554
10834,10/17/2022,Clean Sand Soil,26.4525742,-81.9545923
10835,03/18/2023,C and D,26.4623882994,-81.9538430523
10836,10/30/2022,C and D,26.4194281306,-81.9024669752
10837,11/07/2022,C and D,26.4056992857,-81.8944055122
10838,12/12/2022,Vegetation,26.4161976417,-81.90149784
10839,10/05/2022,C and D,26.4647830915,-81.9506745984
10840,10/14/2022,Vegetation,26.4512744847,-81.949936286
10841,11/21/2022,C and D,26.458835,-81.9425611
10842,10/19/2022,Clean Sand Soil,26.4525364,-81.9546085
10843,10/29/2022,C and D,26.4628902143,-81.9486682252
10844,11/09/2022,C and D,26.4148912,-81.9007666
10845,11/12/2022,C and D,26.4332076,-81.9165598
10846,01/19/2023,C and D,26.4220357,-81.9042071
10847,10/10/2022,C and D,26.4484909644,-81.942193042
10848,01/12/2023,C and D,26.4438678583,-81.9334130277
10849,11/08/2022,C and D,26.4423497021,-81.9305991568
10850,11/06/2022,C and D,26.4220524,-81.9040679
10851,12/19/2022,C and D,26.4439300681,-81.9335743972
10852,03/19/2023,C and D,26.464984809,-81.9551441191
10853,12/02/2022,C and D,26.4663051,-81.9556624
10854,12/03/2022,C and D,26.4594301274,-81.9462281541
10855,12/19/2022,C and D,26.4376989194,-81.9228914101
10856,10/29/2022,C and D,26.4617558196,-81.9512785693
10857,11/07/2022,C and D,26.4055476152,-81.894465359
10858,11/12/2022,C and D,26.4255100057,-81.9080674278
10859,10/31/2022,Dirty Sand Soil,26.4109913,-81.8994215
10860,11/29/2022,C and D,26.410499,-81.8990716
10861,11/02/2022,C and D,26.4066085334,-81.8956509093
10862,01/21/2023,C and D,26.464363366,-81.9543935894
10863,12/12/2022,C and D,26.4059438713,-81.8947593642
10864,01/26/2023,Compact CD,26.4485467,-81.9403772
10865,10/29/2022,C and D,26.4518228,-81.9519507
10866,10/29/2022,C and D,26.4118740309,-81.8994534752
10867,01/29/2023,C and D,26.4596649539,-81.9466267806
10868,11/03/2022,C and D,26.4258980025,-81.9085872207
10869,10/15/2022,C and D,26.4044586363,-81.8872520912
10870,12/12/2022,C and D,26.4057842927,-81.8943702977
10871,12/19/2022,C and D,26.4045485342,-81.8881087751
10872,11/03/2022,C and D,26.404492124,-81.8911897112
10873,10/15/2022,C and D,26.4174817,-81.9016047
10874,11/30/2022,C and D,26.4045906,-81.886124
10875,10/23/2022,Dirty Sand Soil,26.4310753,-81.91395
10876,02/15/2023,C and D,26.4621143975,-81.9477005862
10877,10/30/2022,C and D,26.4046108537,-81.8862290495
10878,10/30/2022,HHW to DMS,26.4599030814,-81.9473310836
10879,10/30/2022,HHW to DMS,26.4630622991,-81.9510255488
10880,10/30/2022,HHW to DMS,26.4629852136,-81.9532652253
10881,10/30/2022,C and D,26.4500387,-81.9468796
10882,11/13/2022,C and D,26.4044722,-81.8865781
10883,01/04/2023,Clean Sand Soil,26.4366401,-81.9221304
10884,10/28/2022,Clean Sand Soil,26.4526905,-81.9552824
10885,02/03/2023,Dirty Sand Soil,26.4320639,-81.9150487
10886,12/12/2022,C and D,26.4583218852,-81.9395536741
10887,11/06/2022,C and D,26.4605206578,-81.9477092736
10888,12/12/2022,Vegetation,26.4164698636,-81.9013000467
10889,12/02/2022,C and D,26.4635400935,-81.9487222741
10890,12/15/2022,C and D,26.4665662,-81.9542082
10891,11/04/2022,C and D,26.4480178,-81.940876
10892,01/20/2023,C and D,26.4056122113,-81.8942878865
10893,11/17/2022,C and D,26.4311646,-81.9142325
10894,12/11/2022,C and D,26.4587040192,-81.9396114676
10895,01/23/2023,C and D,26.4639299842,-81.9531274374
10896,12/12/2022,C and D,26.4615953,-81.9521933
10897,11/03/2022,Dirty Sand Soil,26.4362116,-81.920487
10898,11/09/2022,C and D,26.4137942,-81.9003129
10899,11/08/2022,C and D,26.4425113766,-81.9308067878
10900,02/27/2023,Concrete to FDS,26.4485223,-81.9403569
10901,12/15/2022,C and D,26.4341501,-81.9178296
10902,10/28/2022,C and D,26.4255585708,-81.9078933355
10903,11/12/2022,Dirty Sand Soil,26.4422133,-81.930498
10904,10/14/2022,C and D,26.4249279017,-81.9061606749
10905,11/02/2022,C and D,26.4064583009,-81.8954905048
10906,12/04/2022,C and D,26.4592935098,-81.9403134473
10907,10/28/2022,C and D,26.421315358,-81.9036465605
10908,01/09/2023,Clean Sand Soil,26.436555,-81.9219635
10909,01/16/2023,C and D,26.4601344679,-81.9402391284
10910,01/19/2023,C and D,26.4294723,-81.9123621
10911,01/17/2023,Sand CD,26.4371232,-81.9224656
10912,11/18/2022,C and D,26.4038166683,-81.8752705493
10913,11/18/2022,C and D,26.4256662508,-81.9081363751
10914,11/18/2022,C and D,26.4254341825,-81.9076741472
10915,01/20/2023,C and D,26.4115683,-81.89943
10916,12/07/2022,C and D,26.4600227,-81.9402515
10917,01/26/2023,Dirty Sand Soil,26.4169853,-81.9016455
10918,12/16/2022,C and D,26.4611842535,-81.9502104932
10919,12/09/2022,C and D,26.4602569583,-81.9463263424
10920,11/07/2022,C and D,26.4597196301,-81.9463895561
10921,12/11/2022,C and D,26.4413116,-81.928877
10922,11/03/2022,C and D,26.4255085766,-81.9076473009
10923,12/01/2022,C and D,26.4358472159,-81.9198826526
10924,01/16/2023,C and D,26.4346787,-81.9185534
10925,03/17/2023,C and D,26.4624447395,-81.9468601631
10926,12/18/2022,C and D,26.4657185739,-81.9548141398
10927,11/11/2022,C and D,26.4306502,-81.9135487
10928,12/09/2022,C and D,26.4586926531,-81.9409045392
10929,11/27/2022,Dirty Sand Soil,26.4347269,-81.9187668
10930,05/01/2023,Vegetation,26.4339493,-81.9172839
10931,12/17/2022,C and D,26.4056621,-81.8942774
10932,12/03/2022,C and D,26.4284301,-81.9114103
10933,01/05/2023,C and D,26.4303494,-81.9131664
10934,11/19/2022,C and D,26.4585547,-81.9416649
10935,12/05/2022,C and D,26.4327940811,-81.915969383
10936,10/17/2022,C and D,26.4625158,-81.9511904
10937,10/17/2022,C and D,26.4624921,-81.9512437
10938,11/16/2022,Dirty Sand Soil,26.4201612,-81.9026241
10939,12/11/2022,C and D,26.4587083692,-81.9403780718
10940,01/09/2023,C and D,26.4303172,-81.9131905
10941,03/17/2023,C and D,26.4337078,-81.9174754
10942,02/10/2023,C and D,26.421793,-81.9040174
10943,02/10/2023,C and D,26.4339228,-81.9176852
10944,01/12/2023,C and D,26.44298,-81.9316517
10945,11/15/2022,C and D,26.4406439187,-81.927641846
10946,12/09/2022,Vegetation,26.4440706,-81.9339558
10947,12/10/2022,C and D,26.4584506109,-81.9395584945
10948,12/08/2022,C and D,26.4047485503,-81.8914396335
10949,02/10/2023,C and D,26.4253836,-81.9075078
10950,12/09/2022,C and D,26.436085,-81.9206964
10951,11/30/2022,C and D,26.464771,-81.950751
10952,12/06/2022,C and D,26.4283536,-81.911019
10953,11/27/2022,C and D,26.4340869979,-81.9176712369
10954,10/13/2022,Dirty Sand Soil,26.4494903712,-81.944930032
10955,12/08/2022,Dirty Sand Soil,26.4114467,-81.8994778
10956,10/22/2022,C and D,26.4191293,-81.9023064
10957,01/13/2023,C and D,26.4415083,-81.9291467
10958,11/03/2022,C and D,26.4254554857,-81.9072377579
10959,10/10/2022,C and D,26.4505988141,-81.9483439309
10960,10/15/2022,C and D,26.4248302,-81.9061994
10961,10/16/2022,Dirty Sand Soil,26.4453967,-81.9363032
10962,11/20/2022,Sand CD,26.4526131,-81.9545556
10963,10/31/2022,C and D,26.4603825687,-81.9475437328
10964,12/09/2022,C and D,26.4639613079,-81.951775197
10965,11/26/2022,C and D,26.4336738037,-81.9171814062
10966,10/17/2022,C and D,26.4299298171,-81.9127536659
10967,05/06/2023,C and D,26.4466629,-81.9380369
10968,12/07/2022,C and D,26.4616169351,-81.9514349249
10969,10/11/2022,C and D,26.4158389813,-81.9011565207
10970,11/12/2022,C and D,26.4099358199,-81.8988233022
10971,01/16/2023,C and D,26.4224417,-81.9044773
10972,10/08/2022,C and D,26.4663636,-81.9557257
10973,11/20/2022,Sand CD,26.4526001,-81.9545874
10974,12/05/2022,C and D,26.4580536168,-81.9418135566
10975,01/11/2023,C and D,26.450848,-81.948686
10976,10/29/2022,C and D,26.4188789417,-81.9021502098
10977,03/15/2023,HHW to DMS,26.4600409,-81.947082
10978,10/21/2022,Clean Sand Soil,26.4525916,-81.9546027
10979,10/28/2022,C and D,26.4255216485,-81.9079053216
10980,03/27/2023,Vegetation,26.4476561,-81.9400221
10981,01/03/2023,C and D,26.4660337,-81.9552706
10982,11/17/2022,C and D,26.4598257,-81.9417273
10983,11/22/2022,C and D,26.4255953863,-81.9082189758
10984,11/30/2022,C and D,26.458917791,-81.9482340944
10985,01/17/2023,Dirty Sand Soil,26.4464722,-81.9381011
10986,11/28/2022,C and D,26.4499173538,-81.9462062887
10987,10/18/2022,Dirty Sand Soil,26.4514475,-81.9506044
10988,01/22/2023,C and D,26.4317435,-81.9147949
10989,01/21/2023,C and D,26.4197646848,-81.9027525814
10990,10/29/2022,C and D,26.411575377,-81.8994576205
10991,10/29/2022,C and D,26.4194833255,-81.9024268259
10992,12/03/2022,C and D,26.4611577629,-81.9537977091
10993,11/17/2022,C and D,26.4397456963,-81.926107714
10994,02/06/2023,C and D,26.4475943,-81.9398285
10995,12/12/2022,C and D,26.4577848965,-81.9403172732
10996,01/12/2023,C and D,26.4442058277,-81.9331848806
10997,11/16/2022,C and D,26.4043899979,-81.8876492175
10998,11/19/2022,C and D,26.4058391228,-81.8949951512
10999,11/28/2022,C and D,26.4212924,-81.9036066
11000,12/18/2022,C and D,26.4631203743,-81.9468246472
11001,10/13/2022,Dirty Sand Soil,26.4494303567,-81.9449286909
11002,10/16/2022,C and D,26.4307466953,-81.9135424868
11003,11/15/2022,C and D,26.4356365521,-81.9199196064
11004,01/23/2023,C and D,26.4374514,-81.9224209
11005,11/11/2022,C and D,26.4305876,-81.913479
11006,02/07/2023,C and D,26.4317781,-81.9147973
11007,10/21/2022,Dirty Sand Soil,26.4515013,-81.9513378
11008,10/23/2022,C and D,26.4305300033,-81.9133460988
11009,11/19/2022,Clean Sand Soil,26.4526285,-81.9554067
11010,12/15/2022,Dirty Sand Soil,26.4320992,-81.9150508
11011,12/11/2022,C and D,26.4199177176,-81.9028420654
11012,10/27/2022,C and D,26.4046466169,-81.8916084276
11013,01/17/2023,C and D,26.4593611073,-81.9416672189
11014,11/05/2022,C and D,26.4255309,-81.9077371
11015,12/13/2022,Dirty Sand Soil,26.4526008,-81.9548788
11016,11/19/2022,C and D,26.4080917,-81.8971383
11017,10/24/2022,C and D,26.4255715627,-81.908043623
11018,11/01/2022,C and D,26.4288505096,-81.9115728532
11019,01/20/2023,C and D,26.4114942,-81.8995906
11020,12/07/2022,C and D,26.4600439,-81.940237
11021,12/12/2022,C and D,26.4481735,-81.9410191
11022,12/16/2022,C and D,26.4612364034,-81.9501757197
11023,10/17/2022,C and D,26.4655429,-81.9545087
11024,10/14/2022,Dirty Sand Soil,26.4517785,-81.9517721
11025,11/12/2022,C and D,26.4103427,-81.8990341
11026,02/13/2023,Concrete to FDS,26.4478669,-81.9405989
11027,11/01/2022,C and D,26.4180906303,-81.9019663242
11028,11/05/2022,C and D,26.4582293434,-81.9439530373
11029,11/21/2022,C and D,26.4440511812,-81.933344018
11030,11/20/2022,C and D,26.4112797,-81.8993812
11031,11/22/2022,C and D,26.4255806778,-81.9082497286
11032,03/08/2023,C and D,26.4223038,-81.9042931
11033,10/11/2022,C and D,26.4494412951,-81.9446739648
11034,10/17/2022,C and D,26.4089474156,-81.8978054654
11035,11/30/2022,C and D,26.4643559764,-81.9538672236
11036,11/17/2022,C and D,26.4329208,-81.9160545
11037,01/09/2023,C and D,26.4597472137,-81.9465437162
11038,10/14/2022,C and D,26.4365812628,-81.9209375
11039,01/12/2023,C and D,26.4507978,-81.9488128
11040,03/14/2023,HHW to DMS,26.4609464,-81.9489989
11041,12/11/2022,C and D,26.4216052881,-81.9039352332
11042,02/25/2023,C and D,26.4582791357,-81.9440863449
11043,11/15/2022,C and D,26.4384984692,-81.9231256974
11044,11/11/2022,C and D,26.4306805,-81.9135314
11045,10/30/2022,C and D,26.4501212,-81.9469771
11046,10/20/2022,Dirty Sand Soil,26.4512889,-81.949999
11047,10/20/2022,C and D,26.4365211156,-81.9209129706
11048,11/05/2022,C and D,26.4048743246,-81.8923019293
11049,10/14/2022,C and D,26.428942132,-81.9117045869
11050,12/11/2022,C and D,26.4043353405,-81.8889571075
11051,03/15/2023,C and D,26.4579260973,-81.9392927271
11052,02/17/2023,C and D,26.4597396464,-81.9465552151
11053,01/16/2023,C and D,26.4602183265,-81.9405095187
11054,12/02/2022,C and D,26.4255808667,-81.9080132806
11055,11/08/2022,C and D,26.4525402943,-81.9546546322
11056,12/06/2022,Vegetation,26.4045604784,-81.8865296245
11057,12/05/2022,C and D,26.4051832957,-81.8931095862
11058,10/22/2022,Clean Sand Soil,26.4525399,-81.9545866
11059,12/02/2022,C and D,26.4047712,-81.8854504
11060,12/06/2022,C and D,26.4178132361,-81.9017487881
11061,12/10/2022,C and D,26.459568258,-81.9456898902
11062,03/19/2023,C and D,26.4508319,-81.9490678
11063,02/09/2023,C and D,26.4059791,-81.8946219
11064,03/19/2023,C and D,26.4046576,-81.8909229
11065,02/11/2023,C and D,26.4105621011,-81.8991677168
11066,03/05/2023,Dock Section,26.4610802788,-81.9537073478
11067,01/30/2023,Dirty Sand Soil,26.4056778,-81.8942272
11068,10/21/2022,Dirty Sand Soil,26.4515085,-81.9513896
11069,11/03/2022,Dirty Sand Soil,26.4297964,-81.9125871
11070,01/11/2023,C and D,26.463601106,-81.9508098593
11071,03/24/2023,C and D,26.4475229,-81.9406908
11072,03/15/2023,HHW to DMS,26.4624591,-81.9511374
11073,10/12/2022,C and D,26.4046804,-81.8917987
11074,12/11/2022,C and D,26.4649708,-81.9522488
11075,12/03/2022,C and D,26.4284266,-81.9113804
11076,03/25/2023,C and D,26.4611458191,-81.9499005966
11077,11/13/2022,C and D,26.4525299196,-81.9546605441
11078,12/18/2022,C and D,26.4594077331,-81.9425980797
11079,01/25/2023,C and D,26.4597524762,-81.9466641455
11080,12/14/2022,C and D,26.4591262084,-81.9416556432
11081,11/18/2022,C and D,26.409992748,-81.8985488546
11082,03/04/2023,C and D,26.4616874,-81.9462472
11083,10/19/2022,C and D,26.4156605909,-81.901112292
11084,10/28/2022,C and D,26.4255400887,-81.9078003802
11085,11/07/2022,C and D,26.427183712,-81.9100924638
11086,12/12/2022,C and D,26.4046007954,-81.8913891167
11087,12/11/2022,C and D,26.4192104669,-81.9028221081
11088,01/31/2023,C and D,26.4069791,-81.8961845
11089,12/19/2022,C and D,26.4376110351,-81.9225589
11090,01/06/2023,C and D,26.4477813562,-81.9401228749
11091,11/11/2022,C and D,26.4174984,-81.9017431
11092,11/16/2022,C and D,26.4255252096,-81.9079616989
11093,10/24/2022,C and D,26.4339290096,-81.9173717288
11094,10/31/2022,C and D,26.4185198257,-81.9020443597
11095,03/08/2023,C and D,26.4364796,-81.9209194
11096,01/08/2023,C and D,26.4304798,-81.9133546
11097,10/23/2022,C and D,26.4273410244,-81.9101395179
11098,12/17/2022,C and D,26.4624693713,-81.9485345493
11099,11/03/2022,Dirty Sand Soil,26.4280311,-81.9108017
11100,10/29/2022,C and D,26.4113597106,-81.8994038087
11101,11/04/2022,C and D,26.4200586174,-81.9028391317
11102,01/15/2023,C and D,26.4401268,-81.9265745
11103,10/12/2022,Dirty Sand Soil,26.4489866,-81.9434087
11104,12/12/2022,C and D,26.4592218009,-81.9408664767
11105,10/28/2022,C and D,26.4204363197,-81.9030280145
11106,10/30/2022,Dirty Sand Soil,26.4340603,-81.9176078
11107,12/06/2022,C and D,26.4361492,-81.9205616
11108,11/15/2022,C and D,26.4406576104,-81.9276126514
11109,10/19/2022,Dirty Sand Soil,26.4513757,-81.951271
11110,02/24/2023,C and D,26.4171918,-81.9018316
11111,10/27/2022,HHW to DMS,26.464589726,-81.9528731994
11112,12/11/2022,C and D,26.4222053,-81.9041905
11113,11/29/2022,C and D,26.4625203118,-81.947733589
11114,12/01/2022,C and D,26.4646583,-81.9506583
11115,12/10/2022,C and D,26.4585588496,-81.93957027
11116,01/13/2023,C and D,26.4415915,-81.9291953
11117,11/03/2022,C and D,26.4045053144,-81.8910443008
11118,10/15/2022,C and D,26.4338214566,-81.9173711264
11119,01/19/2023,C and D,26.4222933,-81.90398
11120,01/20/2023,C and D,26.4593707073,-81.9460116007
11121,10/25/2022,C and D,26.4305060311,-81.913298322
11122,03/05/2023,Dock Section,26.4611849575,-81.9536220966
11123,10/17/2022,Dirty Sand Soil,26.4387373,-81.9240378
11124,12/02/2022,C and D,26.4596054708,-81.9417413654
11125,10/22/2022,Clean Sand Soil,26.4525932,-81.954667
11126,12/07/2022,C and D,26.4341462005,-81.9179654895
11127,10/24/2022,C and D,26.406759345,-81.895688111
11128,10/25/2022,C and D,26.4625564193,-81.9538635119
11129,01/03/2023,Vegetation,26.4508541,-81.9490743
11130,10/25/2022,Clean Sand Soil,26.4511616,-81.9500532
11131,12/03/2022,C and D,26.4048079,-81.8859503
11132,01/09/2023,C and D,26.4634487901,-81.9477185226
11133,10/13/2022,C and D,26.4491026511,-81.9440237612
11134,11/04/2022,C and D,26.4513341,-81.9502077
11135,11/05/2022,C and D,26.4176040814,-81.9017087507
11136,11/08/2022,C and D,26.4509375317,-81.9493403128
11137,10/14/2022,C and D,26.4365332896,-81.920895686
11138,12/11/2022,C and D,26.4202576666,-81.9033508183
11139,10/13/2022,C and D,26.4393218274,-81.925144695
11140,12/17/2022,C and D,26.4104414312,-81.8989645132
11141,01/03/2023,C and D,26.4577969995,-81.9390450231
11142,12/13/2022,C and D,26.4599302998,-81.9416191354
11143,02/19/2023,C and D,26.4290843,-81.9118822
11144,01/23/2023,C and D,26.4184813,-81.9021339
11145,01/29/2023,Concrete,26.4581417525,-81.939534098
11146,11/11/2022,C and D,26.4256299582,-81.9082352971
11147,10/27/2022,HHW to DMS,26.4626492467,-81.9538760372
11148,10/22/2022,Dirty Sand Soil,26.4315049,-81.9144794
11149,03/03/2023,C and D,26.4589913,-81.9403802
11150,12/17/2022,C and D,26.4056155,-81.8943267
11151,11/09/2022,C and D,26.4525257936,-81.9546831307
11152,10/07/2022,C and D,26.4664309,-81.9557855
11153,12/07/2022,C and D,26.4611990234,-81.9503484527
11154,12/06/2022,C and D,26.4296165,-81.9125056
11155,12/04/2022,C and D,26.459539118,-81.9461695411
11156,11/20/2022,C and D,26.4591462,-81.9424896
11157,11/11/2022,Vegetation,26.4255997,-81.9081119
11158,12/04/2022,C and D,26.459197471,-81.9403033573
11159,10/18/2022,Dirty Sand Soil,26.4514607,-81.9506143
11160,03/13/2023,C and D,26.4284394728,-81.911120033
11161,12/12/2022,Vegetation,26.4173572445,-81.9016149419
11162,12/07/2022,Dirty Sand Soil,26.4301719,-81.9129718
11163,10/20/2022,C and D,26.4364380214,-81.9208274073
11164,02/08/2023,Dirty Sand Soil,26.4322146,-81.9155509
11165,10/30/2022,C and D,26.4275681262,-81.9102991441
11166,12/13/2022,C and D,26.4460147,-81.9372835
11167,11/08/2022,C and D,26.4339765,-81.9175852
11168,01/09/2023,C and D,26.4596595374,-81.9463451174
11169,01/12/2023,C and D,26.45901636,-81.9482539498
11170,01/15/2023,C and D,26.4400153,-81.9265209
11171,12/12/2022,C and D,26.4060937577,-81.894727017
11172,12/01/2022,C and D,26.4645931,-81.9505069
11173,10/28/2022,C and D,26.4214970358,-81.9038943295
11174,10/09/2022,C and D,26.4396358,-81.9256681
11175,03/09/2023,C and D,26.4205064,-81.9032563
11176,11/18/2022,C and D,26.459601,-81.9402627
11177,01/21/2023,C and D,26.4593022011,-81.9458113254
11178,12/13/2022,C and D,26.4603142999,-81.9403178059
11179,10/31/2022,C and D,26.4183354657,-81.9019395859
11180,01/04/2023,C and D,26.4304279,-81.9133302
11181,10/13/2022,Dirty Sand Soil,26.4495997121,-81.9452281922
11182,10/05/2022,C and D,26.4648139476,-81.9506773926
11183,12/10/2022,C and D,26.4103914057,-81.8989667454
11184,10/20/2022,Dirty Sand Soil,26.4514173,-81.9512392
11185,12/11/2022,C and D,26.4052525,-81.893087
11186,01/17/2023,C and D,26.4615353593,-81.9468598899
11187,10/14/2022,C and D,26.4161266,-81.9011041
11188,02/18/2023,C and D,26.4284257,-81.9111812
11189,11/12/2022,C and D,26.426531546,-81.9092301731
11190,10/29/2022,C and D,26.4255406629,-81.9076100813
11191,10/13/2022,Dirty Sand Soil,26.4494909588,-81.9448897747
11192,11/20/2022,C and D,26.4379577905,-81.9232993983
11193,10/17/2022,C and D,26.432378241,-81.9154105262
11194,10/21/2022,Dirty Sand Soil,26.4515276,-81.9513518
11195,10/27/2022,C and D,26.404598922,-81.8917953748
11196,11/07/2022,C and D,26.4079049,-81.8968827
11197,01/09/2023,C and D,26.4625790968,-81.9478004251
11198,10/20/2022,Dirty Sand Soil,26.4514021,-81.9512506
11199,12/05/2022,C and D,26.4291355,-81.9122219
11200,10/31/2022,C and D,26.4184052,-81.9020668
11201,02/04/2023,C and D,26.447708,-81.9401047
11202,12/09/2022,C and D,26.4045012935,-81.8865477765
11203,12/04/2022,C and D,26.465491,-81.9545037
11204,12/08/2022,Dirty Sand Soil,26.4289299,-81.9117484
11205,12/07/2022,C and D,26.4602309803,-81.9467582757
11206,01/13/2023,C and D,26.4415919,-81.929162
11207,10/15/2022,C and D,26.4059258428,-81.8947278786
11208,11/14/2022,C and D,26.4358802823,-81.9197874439
11209,02/09/2023,C and D,26.4045237,-81.8897335
11210,01/19/2023,Dirty Sand Soil,26.4370382,-81.9218377
11211,01/19/2023,Dirty Sand Soil,26.4344008,-81.9181849
11212,11/11/2022,C and D,26.4607323893,-81.9524827973
11213,10/19/2022,Dirty Sand Soil,26.4514266,-81.9512658
11214,02/08/2023,C and D,26.4320375635,-81.9152080573
11215,11/13/2022,C and D,26.4582524119,-81.9535849421
11216,10/24/2022,Dirty Sand Soil,26.4087359,-81.897687
11217,12/07/2022,C and D,26.4068495,-81.8960217
11218,12/07/2022,Dirty Sand Soil,26.4113218,-81.8995029
11219,12/06/2022,C and D,26.4199833898,-81.902819099
11220,10/22/2022,Dirty Sand Soil,26.4292256,-81.9120265
11221,11/14/2022,C and D,26.4328849,-81.9162323
11222,11/04/2022,C and D,26.4045679383,-81.8861964439
11223,03/18/2023,C and D,26.4622866121,-81.953836441
11224,11/06/2022,C and D,26.425510923,-81.9079006081
11225,11/13/2022,C and D,26.4388918318,-81.9244566467
11226,12/19/2022,C and D,26.4046698064,-81.8897639048
11227,11/13/2022,C and D,26.458612103,-81.9418179151
11228,11/29/2022,C and D,26.4339610928,-81.9176653278
11229,12/15/2022,C and D,26.4634720562,-81.9486670197
11230,12/15/2022,C and D,26.4577714753,-81.9395433028
11231,12/06/2022,C and D,26.4357488696,-81.9202697185
11232,11/14/2022,C and D,26.4480373028,-81.9408160027
11233,11/01/2022,Dirty Sand Soil,26.4471255,-81.9381025
11234,11/11/2022,C and D,26.4616540633,-81.9476757758
11235,01/09/2023,C and D,26.4581393332,-81.9440846467
11236,11/15/2022,C and D,26.4425741268,-81.9310826336
11237,12/12/2022,C and D,26.4582509443,-81.9394886688
11238,11/12/2022,Dirty Sand Soil,26.434385,-81.9179047
11239,02/02/2023,C and D,26.4597239625,-81.9402139542
11240,11/05/2022,C and D,26.4255464,-81.9080352
11241,10/21/2022,Clean Sand Soil,26.4525738,-81.9546239
11242,12/07/2022,C and D,26.4067867,-81.8959833
11243,10/30/2022,C and D,26.4504135,-81.9477497
11244,11/06/2022,C and D,26.4047642425,-81.8923438993
11245,10/31/2022,C and D,26.4179517969,-81.9018541198
11246,10/31/2022,C and D,26.4499865,-81.9466872
11247,11/08/2022,C and D,26.4424712816,-81.9308389631
11248,11/11/2022,C and D,26.4611507678,-81.9525294333
11249,11/19/2022,C and D,26.4233347069,-81.9050192117
11250,11/19/2022,C and D,26.4385142133,-81.9238633922
11251,01/24/2023,C and D,26.4061353,-81.8949679
11252,01/16/2023,Dirty Sand Soil,26.4325885,-81.9156586
11253,10/19/2022,Clean Sand Soil,26.4525407,-81.9546143
11254,11/16/2022,C and D,26.4664138,-81.9558584
11255,10/10/2022,C and D,26.4423909,-81.9306054
11256,10/29/2022,C and D,26.4099571,-81.898571
11257,10/28/2022,Clean Sand Soil,26.4526789,-81.9552826
11258,11/07/2022,C and D,26.4056591364,-81.8943638542
11259,12/13/2022,C and D,26.4362382,-81.9205577
11260,12/10/2022,C and D,26.4594211243,-81.9407643099
11261,10/31/2022,C and D,26.4501446,-81.9470258
11262,11/11/2022,C and D,26.4215887,-81.9038939
11263,11/28/2022,C and D,26.4642267,-81.9468551
11264,12/03/2022,C and D,26.4106879,-81.8991695
11265,01/15/2023,C and D,26.4477386,-81.9402158
11266,11/11/2022,Dirty Sand Soil,26.4223136,-81.9042861
11267,11/11/2022,Vegetation,26.4256640454,-81.9082937997
11268,10/30/2022,C and D,26.4211312495,-81.9035075047
11269,10/21/2022,C and D,26.4289560186,-81.9116782681
11270,01/19/2023,Dirty Sand Soil,26.4331467,-81.9164986
11271,11/07/2022,C and D,26.4459015,-81.9374513
11272,11/06/2022,C and D,26.4223835,-81.9043818
11273,11/07/2022,C and D,26.432644,-81.9158242
11274,12/07/2022,C and D,26.4613131417,-81.9504482419
11275,11/04/2022,C and D,26.4046930075,-81.8921853401
11276,03/19/2023,C and D,26.4427116,-81.9312054
11277,01/31/2023,C and D,26.4377854,-81.9227513
11278,10/23/2022,Dirty Sand Soil,26.4232327,-81.9048128
11279,12/14/2022,HHW to DMS,26.4651523805,-81.9513710879
11280,12/03/2022,C and D,26.4643498,-81.9544382
11281,01/03/2023,C and D,26.4508277,-81.949002
11282,10/20/2022,Dirty Sand Soil,26.4513728,-81.9512347
11283,10/26/2022,C and D,26.4597062348,-81.9464547002
11284,03/19/2023,C and D,26.4202052,-81.9029562
11285,11/15/2022,C and D,26.4355711951,-81.9197754376
11286,10/05/2022,C and D,26.4642927,-81.9541742
11287,01/09/2023,C and D,26.4326887,-81.91597
11288,02/14/2023,C and D,26.4317259595,-81.9146369199
11289,10/27/2022,C and D,26.4066212951,-81.8956392445
11290,11/22/2022,C and D,26.4255025378,-81.9080955908
11291,12/17/2022,C and D,26.4185633278,-81.9020592795
11292,11/01/2022,C and D,26.4596916677,-81.9462021823
11293,10/30/2022,C and D,26.4275341997,-81.9103000857
11294,10/31/2022,C and D,26.4288468364,-81.9115905663
11295,10/28/2022,Clean Sand Soil,26.4526972,-81.9553002
11296,12/03/2022,C and D,26.4361251786,-81.9202340912
11297,12/18/2022,C and D,26.4382227883,-81.9235887007
11298,10/14/2022,Dirty Sand Soil,26.4307244,-81.9136302
11299,01/19/2023,Dirty Sand Soil,26.4312312,-81.9141609
11300,11/06/2022,C and D,26.4288236,-81.9118322
11301,11/11/2022,C and D,26.4194358,-81.902417
11302,12/03/2022,C and D,26.4220602997,-81.9041804039
11303,11/30/2022,C and D,26.4046374,-81.8859773
11304,12/02/2022,C and D,26.4634775787,-81.9486000885
11305,11/19/2022,C and D,26.4603341,-81.9541619
11306,11/07/2022,C and D,26.4592284859,-81.9456449622
11307,12/12/2022,C and D,26.4185606456,-81.9019942359
11308,11/06/2022,C and D,26.4045869652,-81.8918324356
11309,10/23/2022,C and D,26.4478660698,-81.9407332215
11310,12/12/2022,C and D,26.4287259364,-81.9113341118
11311,11/13/2022,C and D,26.4045229,-81.8885689
11312,11/03/2022,C and D,26.4304728,-81.9132206
11313,11/20/2022,C and D,26.4385775954,-81.9238780451
11314,01/21/2023,C and D,26.4640557705,-81.9475871718
11315,10/05/2022,C and D,26.4631785955,-81.9541391361
11316,12/14/2022,Dirty Sand Soil,26.4521145,-81.9529231
11317,01/22/2023,C and D,26.4598050252,-81.9466243113
11318,01/21/2023,C and D,26.4637203676,-81.9477546622
11319,12/04/2022,C and D,26.4044437619,-81.8881032644
11320,11/09/2022,C and D,26.4419322328,-81.9299101839
11321,01/17/2023,C and D,26.461877764,-81.9468662352
11322,10/15/2022,C and D,26.4337804784,-81.9172124172
11323,12/08/2022,C and D,26.4618622858,-81.9461211844
11324,11/04/2022,C and D,26.4043967445,-81.8877773066
11325,02/10/2023,C and D,26.4309993,-81.9139667
11326,10/26/2022,C and D,26.4599366114,-81.9467902277
11327,12/19/2022,C and D,26.4298686292,-81.9126809948
11328,10/16/2022,Dirty Sand Soil,26.4374996,-81.9223361
11329,10/15/2022,Dirty Sand Soil,26.4491579539,-81.9439728868
11330,11/08/2022,C and D,26.4524471294,-81.9546734915
11331,01/08/2023,C and D,26.4594883137,-81.9462244588
11332,12/12/2022,C and D,26.4429744,-81.9313826
11333,11/15/2022,C and D,26.4428794533,-81.9317499437
11334,11/12/2022,Dirty Sand Soil,26.4319672,-81.9150348
11335,10/21/2022,C and D,26.4183964,-81.9020749
11336,01/24/2023,Compact CD,26.4480035,-81.9405858
11337,11/07/2022,C and D,26.4594094744,-81.9460249637
11338,12/11/2022,C and D,26.4642107,-81.9542809
11339,11/28/2022,C and D,26.4256925,-81.9083734
11340,11/02/2022,Dirty Sand Soil,26.411771,-81.8996505
11341,12/01/2022,C and D,26.4360422706,-81.9200415429
11342,01/03/2023,C and D,26.4579589797,-81.9390734848
11343,10/17/2022,Clean Sand Soil,26.452585,-81.9545237
11344,01/03/2023,C and D,26.4508596,-81.9490862
11345,10/15/2022,C and D,26.4311008669,-81.9140625618
11346,11/01/2022,C and D,26.4275790749,-81.9102982574
11347,12/12/2022,C and D,26.4482123,-81.9413363
11348,11/02/2022,C and D,26.406179644,-81.8951597255
11349,02/19/2023,C and D,26.4275877,-81.9100128
11350,02/19/2023,C and D,26.4167636,-81.901221
11351,11/03/2022,C and D,26.4400947187,-81.9264632744
11352,11/03/2022,C and D,26.448628,-81.9426044
11353,11/01/2022,C and D,26.4112724131,-81.8993938342
11354,12/19/2022,C and D,26.4602907756,-81.9402762179
11355,12/03/2022,C and D,26.4581730657,-81.9436572846
11356,12/18/2022,Dirty Sand Soil,26.4451812,-81.9359203
11357,10/14/2022,C and D,26.4509772133,-81.9490016267
11358,05/06/2023,C and D,26.4465635,-81.9379145
11359,12/10/2022,C and D,26.4357656753,-81.9201386255
11360,10/20/2022,Dirty Sand Soil,26.4513875,-81.9512326
11361,10/30/2022,Dirty Sand Soil,26.4232921,-81.9046807
11362,01/10/2023,C and D,26.4305167,-81.9127767
11363,01/04/2023,Dirty Sand Soil,26.440767,-81.9277711
11364,01/19/2023,Dirty Sand Soil,26.4291507,-81.9120978
11365,11/19/2022,C and D,26.4385450733,-81.9239294425
11366,11/21/2022,C and D,26.4288351,-81.9116479
11367,10/24/2022,C and D,26.4068216096,-81.8957595297
11368,11/01/2022,C and D,26.4288225101,-81.9115604353
11369,10/13/2022,C and D,26.4247656455,-81.9061106252
11370,12/03/2022,C and D,26.4582347492,-81.9439679951
11371,10/30/2022,C and D,26.4046107698,-81.8862897345
11372,11/06/2022,C and D,26.4303672,-81.9130731
11373,10/19/2022,Dirty Sand Soil,26.4514513,-81.9512619
11374,10/22/2022,C and D,26.4479217826,-81.940730122
11375,12/12/2022,C and D,26.448387,-81.94222
11376,10/18/2022,Dirty Sand Soil,26.4405679,-81.9272614
11377,10/28/2022,C and D,26.4255576488,-81.907908842
11378,10/25/2022,Dirty Sand Soil,26.4093472995,-81.8980875146
11379,12/01/2022,C and D,26.4437783,-81.9329526
11380,11/05/2022,C and D,26.4255296,-81.9079038
11381,11/02/2022,C and D,26.4449037938,-81.9354029932
11382,11/21/2022,C and D,26.4623547164,-81.9537848314
11383,10/22/2022,Dirty Sand Soil,26.4490671,-81.9440491
11384,12/13/2022,C and D,26.438649,-81.9242279
11385,11/18/2022,C and D,26.4036766688,-81.87527134
11386,11/02/2022,C and D,26.4288970409,-81.9117159863
11387,11/20/2022,C and D,26.4147662,-81.9006835
11388,11/06/2022,C and D,26.4047201118,-81.8919527159
11389,01/19/2023,C and D,26.4288675516,-81.9117928926
11390,12/01/2022,C and D,26.4051837,-81.8933738
11391,10/19/2022,Clean Sand Soil,26.4525611,-81.9546209
11392,02/07/2023,Vegetation,26.4611048926,-81.9485790691
11393,12/12/2022,C and D,26.4597392764,-81.9417472596
11394,01/08/2023,C and D,26.4301606,-81.9129806
11395,12/12/2022,C and D,26.4046113566,-81.8910989352
11396,10/27/2022,HHW to DMS,26.4652450189,-81.9519861838
11397,11/20/2022,C and D,26.4598863,-81.942615
11398,12/04/2022,C and D,26.4046780588,-81.8909426844
11399,12/11/2022,C and D,26.463048,-81.9533711
11400,10/30/2022,C and D,26.4213065892,-81.9036976436
11401,11/02/2022,C and D,26.4450301929,-81.9355222677
11402,02/11/2023,C and D,26.4045614,-81.8874733
11403,03/17/2023,C and D,26.4618048248,-81.9537842054
11404,11/13/2022,C and D,26.4077244,-81.8967522
11405,10/16/2022,C and D,26.4508687,-81.9486454
11406,12/04/2022,C and D,26.4613782613,-81.9509783241
11407,12/01/2022,C and D,26.4617255072,-81.9485678461
11408,10/06/2022,C and D,26.463787,-81.9541675
11409,01/21/2023,C and D,26.4056267,-81.8942175
11410,11/27/2022,Dirty Sand Soil,26.4346765,-81.9186852
11411,12/12/2022,C and D,26.4483952,-81.9415883
11412,10/13/2022,Dirty Sand Soil,26.4489406,-81.943355
11413,10/18/2022,Dirty Sand Soil,26.451244,-81.9498691
11414,12/10/2022,C and D,26.4656751,-81.9556035
11415,11/04/2022,C and D,26.4167316724,-81.9013786689
11416,03/17/2023,C and D,26.433676,-81.916845
11417,11/04/2022,C and D,26.4525026,-81.9546339
11418,12/05/2022,C and D,26.4297608,-81.912607
11419,11/30/2022,C and D,26.463549317,-81.9542125845
11420,11/02/2022,Dirty Sand Soil,26.4117917,-81.8996427
11421,10/15/2022,C and D,26.4311124763,-81.9140431971
11422,05/06/2023,C and D,26.4392862,-81.9252638
11423,05/06/2023,C and D,26.4482099,-81.9413703
11424,11/16/2022,C and D,26.4409974511,-81.9281251764
11425,11/15/2022,C and D,26.4604389,-81.9476213
11426,10/18/2022,C and D,26.4633505062,-81.95437466
11427,10/07/2022,C and D,26.4604902839,-81.9537433641
11428,11/19/2022,C and D,26.4385290964,-81.9238704273
11429,11/15/2022,C and D,26.4064444728,-81.8956192053
11430,12/18/2022,Vegetation,26.4051489299,-81.8933628873
11431,11/22/2022,C and D,26.4337503,-81.9172608
11432,10/15/2022,C and D,26.4493726893,-81.9445822668
11433,11/30/2022,C and D,26.4610144932,-81.9486681591
11434,11/11/2022,C and D,26.4195468,-81.9024321
11435,01/09/2023,C and D,26.4639573505,-81.947617677
11436,11/21/2022,C and D,26.4277766,-81.9104877
11437,01/24/2023,C and D,26.4614793927,-81.9477571797
11438,02/02/2023,C and D,26.4422114,-81.9303218
11439,11/16/2022,C and D,26.4328912,-81.9161078
11440,11/05/2022,C and D,26.4597129377,-81.9463876417
11441,11/29/2022,C and D,26.4245081926,-81.9059624803
11442,12/02/2022,C and D,26.4635512455,-81.9485692385
11443,11/22/2022,C and D,26.4269381063,-81.9097634219
11444,10/17/2022,C and D,26.4656552909,-81.954330899
11445,10/16/2022,C and D,26.4046522603,-81.8862391078
11446,11/07/2022,C and D,26.4436954365,-81.9332952068
11447,10/30/2022,Dirty Sand Soil,26.4511469,-81.9500225
11448,10/30/2022,C and D,26.4046893973,-81.885593505
11449,11/02/2022,C and D,26.4288051429,-81.9115713347
11450,12/11/2022,C and D,26.4075956075,-81.8967117091
11451,11/13/2022,Dirty Sand Soil,26.4388782,-81.924485
11452,12/01/2022,C and D,26.4424974,-81.9308703
11453,10/20/2022,C and D,26.4289019551,-81.9116671975
11454,12/19/2022,C and D,26.4466541981,-81.938404552
11455,10/28/2022,C and D,26.4255260071,-81.9077454788
11456,10/28/2022,C and D,26.4255154459,-81.907765763
11457,10/29/2022,C and D,26.4133530931,-81.9000872338
11458,11/22/2022,C and D,26.4274872,-81.9103161
11459,11/07/2022,C and D,26.4637721284,-81.9477462676
11460,10/29/2022,Vegetation,26.4121327,-81.8995913
11461,12/17/2022,C and D,26.4614979085,-81.9537951519
11462,10/31/2022,Dirty Sand Soil,26.4220586,-81.9040397
11463,10/16/2022,C and D,26.4443543,-81.9343889
11464,03/17/2023,C and D,26.461854635,-81.9538798216
11465,11/08/2022,C and D,26.4418364808,-81.9296753246
11466,10/13/2022,C and D,26.4489786099,-81.9436981238
11467,10/24/2022,C and D,26.4249483682,-81.9063283504
11468,11/29/2022,C and D,26.4249079,-81.9062821
11469,10/29/2022,C and D,26.4114772249,-81.8994432037
11470,12/17/2022,C and D,26.4605349677,-81.9470618818
11471,12/10/2022,C and D,26.4656708,-81.9555926
11472,11/21/2022,C and D,26.4606687,-81.9480424
11473,10/27/2022,C and D,26.4608191841,-81.9483531331
11474,01/21/2023,C and D,26.421812693,-81.9038971542
11475,11/04/2022,C and D,26.4046845116,-81.8921593423
11476,11/19/2022,C and D,26.4065536,-81.8959119
11477,03/26/2023,C and D,26.4047068683,-81.8872951894
11478,01/29/2023,C and D,26.4579614578,-81.9414320961
11479,10/16/2022,C and D,26.4308438294,-81.9137718838
11480,10/05/2022,C and D,26.4622649,-81.9540223
11481,11/11/2022,C and D,26.4196177,-81.902573
11482,12/03/2022,C and D,26.4581226607,-81.9436133973
11483,12/05/2022,C and D,26.4597105095,-81.9403453824
11484,02/05/2023,C and D,26.4373203,-81.9218497
11485,10/17/2022,C and D,26.40646799,-81.8956041244
11486,10/24/2022,Dirty Sand Soil,26.4253755,-81.9067421
11487,12/12/2022,C and D,26.4616068,-81.9522052
11488,11/11/2022,Dirty Sand Soil,26.413779,-81.9003739
11489,10/19/2022,Dirty Sand Soil,26.4459975,-81.9375167
11490,11/06/2022,C and D,26.4329691,-81.9161518
11491,11/09/2022,C and D,26.4613073471,-81.9524294667
11492,12/11/2022,C and D,26.4237646377,-81.9053014096
11493,01/09/2023,C and D,26.464070857,-81.9476863834
11494,01/16/2023,C and D,26.4395104,-81.9255319
11495,05/06/2023,C and D,26.4045239,-81.8884836
11496,05/06/2023,C and D,26.4411986,-81.9287268
11497,10/31/2022,Dirty Sand Soil,26.4183022,-81.9019542
11498,12/05/2022,C and D,26.46122823,-81.9521160065
11499,12/19/2022,C and D,26.4603869388,-81.940297082
11500,12/09/2022,C and D,26.4350354,-81.9189697
11501,10/19/2022,C and D,26.4310734717,-81.914001386
11502,11/18/2022,C and D,26.4256140627,-81.908109804
11503,10/22/2022,C and D,26.4479989069,-81.9407432645
11504,05/01/2023,Vegetation,26.4207862,-81.9033161
11505,01/07/2023,C and D,26.4327901,-81.9158845
11506,11/02/2022,C and D,26.4065554726,-81.8956067954
11507,10/26/2022,C and D,26.4595290832,-81.9462200907
11508,02/10/2023,C and D,26.4328539,-81.9162454
11509,11/18/2022,C and D,26.4293013,-81.9122307
11510,11/02/2022,Dirty Sand Soil,26.4271412,-81.9098483
11511,11/17/2022,C and D,26.4342505998,-81.9180067403
11512,11/06/2022,C and D,26.4330047,-81.9162679
11513,01/09/2023,C and D,26.4303005,-81.9132089
11514,11/30/2022,C and D,26.4645831,-81.9504959
11515,11/19/2022,C and D,26.4316169,-81.9147569
11516,02/08/2023,Dirty Sand Soil,26.4320221,-81.9152206
11517,11/29/2022,C and D,26.4479037,-81.9409075
11518,12/19/2022,C and D,26.4594659663,-81.9407174433
11519,10/22/2022,C and D,26.428698492,-81.9115803878
11520,10/23/2022,Dirty Sand Soil,26.4305493,-81.9133925
11521,02/24/2023,C and D,26.4286953,-81.9116414
11522,11/19/2022,C and D,26.4044726407,-81.8879680571
11523,11/07/2022,C and D,26.4111011,-81.8992391
11524,02/25/2023,C and D,26.4104971,-81.8991345
11525,12/11/2022,C and D,26.4613327,-81.9519888
11526,11/05/2022,C and D,26.4582812944,-81.9439980823
11527,10/27/2022,C and D,26.4046261509,-81.8914388387
11528,10/19/2022,Clean Sand Soil,26.4525879,-81.9546015
11529,11/12/2022,C and D,26.4585925357,-81.9425873907
11530,10/30/2022,C and D,26.4274674366,-81.9103414521
11531,12/20/2022,C and D,26.4612174516,-81.950214115
11532,10/31/2022,C and D,26.4499245,-81.9467536
11533,12/06/2022,C and D,26.4651882,-81.9552876
11534,10/17/2022,Clean Sand Soil,26.4525617,-81.9545372
11535,12/07/2022,C and D,26.4602982,-81.9402898
11536,10/26/2022,C and D,26.462036781,-81.9513080736
11537,10/22/2022,C and D,26.4288314043,-81.9116487908
11538,02/02/2023,C and D,26.4592231019,-81.9404876233
11539,11/16/2022,C and D,26.4346620924,-81.9187999586
11540,11/26/2022,C and D,26.4335927436,-81.9170636567
11541,12/16/2022,C and D,26.4641389623,-81.9476560783
11542,11/19/2022,C and D,26.4386889,-81.9240786167
11543,12/12/2022,C and D,26.4186597764,-81.9021655889
11544,11/08/2022,C and D,26.4524693415,-81.9546873216
11545,11/05/2022,Dirty Sand Soil,26.4355643,-81.9197344
11546,10/30/2022,C and D,26.4596928341,-81.9463417279
11547,03/17/2023,C and D,26.4311984,-81.9144956
11548,11/17/2022,C and D,26.4598534,-81.9417371
11549,10/17/2022,C and D,26.4621377,-81.9512693
11550,11/04/2022,C and D,26.4197969443,-81.9026032617
11551,10/31/2022,Dirty Sand Soil,26.4114819,-81.8993497
11552,01/10/2023,C and D,26.4303836,-81.9132996
11553,12/16/2022,C and D,26.4604548797,-81.9468032634
11554,12/01/2022,C and D,26.4241752,-81.9057036
11555,11/08/2022,C and D,26.4498132,-81.9456936
11556,10/28/2022,Clean Sand Soil,26.4526878,-81.9552648
11557,12/13/2022,C and D,26.4365783,-81.9211119
11558,11/02/2022,C and D,26.4086417109,-81.8975733687
11559,12/06/2022,C and D,26.4439833,-81.9332638
11560,01/03/2023,C and D,26.4578760455,-81.9390739387
11561,11/12/2022,C and D,26.4388168868,-81.9243980379
11562,12/16/2022,C and D,26.4635422547,-81.9485749864
11563,11/09/2022,Dirty Sand Soil,26.4473325,-81.9389502
11564,02/06/2023,C and D,26.4417969,-81.9296129
11565,02/07/2023,C and D,26.4318199,-81.9148015
11566,10/11/2022,C and D,26.4274562378,-81.9101374167
11567,01/31/2023,C and D,26.4378759,-81.922857
11568,12/07/2022,C and D,26.460284441,-81.9468079891
11569,10/21/2022,Dirty Sand Soil,26.4515398,-81.9513011
11570,02/11/2023,C and D,26.410255,-81.8989901
11571,12/04/2022,C and D,26.4181418,-81.9018517
11572,11/18/2022,C and D,26.4037546842,-81.8753601518
11573,12/11/2022,C and D,26.4044214227,-81.8904220127
11574,12/18/2022,C and D,26.4609141089,-81.9537018613
11575,12/06/2022,Dirty Sand Soil,26.4311742,-81.9142167
11576,12/15/2022,C and D,26.4575676978,-81.9402176043
11577,12/15/2022,C and D,26.4581506825,-81.9408790407
11578,10/23/2022,C and D,26.4254879952,-81.9077655115
11579,12/05/2022,C and D,26.4049697656,-81.8928309433
11580,11/01/2022,C and D,26.4103554,-81.8990479
11581,10/16/2022,Clean Sand Soil,26.45256,-81.9546105
11582,12/10/2022,C and D,26.4106133,-81.8991163
11583,12/05/2022,C and D,26.4611825813,-81.9522663765
11584,11/15/2022,C and D,26.4611249,-81.9538659
11585,12/14/2022,Dirty Sand Soil,26.4515107,-81.9508531
11586,10/23/2022,C and D,26.425440386,-81.9078340755
11587,02/08/2023,C and D,26.4169843,-81.9012728
11588,12/02/2022,C and D,26.4283787,-81.9113492
11589,12/18/2022,C and D,26.4382666257,-81.9236180373
11590,11/09/2022,C and D,26.4523274359,-81.9546652772
11591,12/07/2022,C and D,26.4599945,-81.9402571
11592,12/12/2022,C and D,26.447128,-81.9386205
11593,10/10/2022,C and D,26.4504554121,-81.9478235137
11594,10/13/2022,C and D,26.425540455,-81.9072198933
11595,11/03/2022,C and D,26.4255794557,-81.9078527385
11596,01/20/2023,C and D,26.4115643,-81.8996452
11597,10/31/2022,C and D,26.4598374457,-81.9464904696
11598,05/01/2023,Vegetation,26.4208145,-81.903358
11599,11/30/2022,C and D,26.4350699,-81.9186308
11600,11/30/2022,Sand CD,26.4525362,-81.9546239
11601,12/02/2022,C and D,26.4048702,-81.8854835
11602,11/11/2022,C and D,26.4409075119,-81.9280381501
11603,10/28/2022,C and D,26.4218013816,-81.9039636409
11604,11/16/2022,C and D,26.4255611624,-81.9079292287
11605,12/03/2022,C and D,26.4581077639,-81.9438618344
11606,11/16/2022,C and D,26.4110961551,-81.8993477743
11607,03/24/2023,C and D,26.4475699,-81.9405197
11608,10/24/2022,C and D,26.4274090017,-81.9101822656
11609,11/19/2022,Sand CD,26.4525627,-81.9546393
11610,11/08/2022,C and D,26.4422325231,-81.9305218757
11611,11/20/2022,C and D,26.4596668,-81.942606
11612,11/03/2022,C and D,26.406543702,-81.8957002318
11613,12/09/2022,C and D,26.4358726,-81.9198051
11614,12/07/2022,Dirty Sand Soil,26.4486617,-81.9425661
11615,12/07/2022,Dirty Sand Soil,26.4488267,-81.9431465
11616,12/12/2022,C and D,26.4045510564,-81.8876360941
11617,11/12/2022,Dirty Sand Soil,26.4419939,-81.9298505
11618,02/19/2023,C and D,26.4287064,-81.9113984
11619,12/18/2022,C and D,26.4612337947,-81.9537945651
11620,11/12/2022,C and D,26.4255112968,-81.9080025385
11621,12/18/2022,C and D,26.4610798845,-81.9538272026
11622,12/01/2022,C and D,26.4639629112,-81.9530002985
11623,02/14/2023,C and D,26.4619662892,-81.947701173
11624,10/05/2022,C and D,26.4646012556,-81.950452552
11625,10/16/2022,Clean Sand Soil,26.4525696,-81.9545763
11626,12/05/2022,C and D,26.4611356007,-81.9522581623
11627,10/16/2022,C and D,26.4048380992,-81.8844244128
11628,10/24/2022,C and D,26.4282452641,-81.9111081307
11629,10/22/2022,C and D,26.428658238,-81.911434059
11630,12/06/2022,C and D,26.435784804,-81.9202219549
11631,02/08/2023,C and D,26.4168082,-81.9011556
11632,10/21/2022,C and D,26.4216641,-81.9039335
11633,02/10/2023,C and D,26.4644303,-81.947908
11634,12/13/2022,Dirty Sand Soil,26.4527899,-81.9550637
11635,01/04/2023,Clean Sand Soil,26.4368755,-81.9220361
11636,11/08/2022,C and D,26.4255413293,-81.9082707302
11637,11/07/2022,C and D,26.4581748313,-81.9417489549
11638,11/01/2022,Dirty Sand Soil,26.4470488,-81.937881
11639,10/15/2022,C and D,26.4508596389,-81.9486797602
11640,11/09/2022,C and D,26.4256171232,-81.9082353858
11641,10/16/2022,C and D,26.4365363291,-81.9209838573
11642,11/11/2022,C and D,26.411179,-81.89937
11643,10/15/2022,Dirty Sand Soil,26.4508605,-81.9491538
11644,12/01/2022,C and D,26.459034971,-81.9484481133
11645,12/06/2022,C and D,26.4283063,-81.9113298
11646,12/09/2022,Dirty Sand Soil,26.4154584,-81.900918
11647,10/20/2022,C and D,26.436603308,-81.9210450147
11648,10/19/2022,Dirty Sand Soil,26.4514699,-81.9512864
11649,03/08/2023,C and D,26.4223118,-81.904322
11650,12/18/2022,Dirty Sand Soil,26.4383407,-81.9237155
11651,11/21/2022,C and D,26.4624813746,-81.9533984793
11652,12/04/2022,C and D,26.4593257383,-81.940316381
11653,11/17/2022,C and D,26.4612407,-81.953812
11654,11/15/2022,C and D,26.4330087,-81.9163594
11655,02/11/2023,C and D,26.4197937493,-81.9026555681
11656,11/12/2022,C and D,26.4307638,-81.9137377
11657,10/25/2022,C and D,26.4326217726,-81.9157699278
11658,10/19/2022,Dirty Sand Soil,26.4514767,-81.9512526
11659,10/31/2022,C and D,26.4232123,-81.9049501
11660,11/11/2022,Vegetation,26.42558,-81.9081083
11661,10/14/2022,C and D,26.4050393979,-81.892969629
11662,11/05/2022,C and D,26.4255480713,-81.9079824844
11663,12/15/2022,Dirty Sand Soil,26.4361946,-81.9205806
11664,11/04/2022,C and D,26.4602140685,-81.94734626
11665,02/16/2023,C and D,26.4213999,-81.9037323
11666,11/13/2022,C and D,26.4328905,-81.9162605
11667,02/08/2023,C and D,26.4623838756,-81.9468643238
11668,11/05/2022,C and D,26.4045507135,-81.8909144495
11669,12/03/2022,C and D,26.4614119142,-81.9512229406
11670,01/03/2023,Dirty Sand Soil,26.4240154,-81.905559
11671,12/03/2022,C and D,26.4218728,-81.9041775
11672,11/11/2022,C and D,26.4307896,-81.9136495
11673,11/17/2022,C and D,26.4524946129,-81.9547277224
11674,12/07/2022,C and D,26.4110981534,-81.8992784993
11675,10/19/2022,Clean Sand Soil,26.4525837,-81.95462
11676,12/01/2022,C and D,26.424154,-81.9055944
11677,12/07/2022,Dirty Sand Soil,26.4491453,-81.9438441
11678,12/07/2022,Dirty Sand Soil,26.4484987,-81.9419119
11679,10/14/2022,C and D,26.4364104239,-81.9207507894
11680,11/29/2022,C and D,26.4050684,-81.8852652
11681,11/08/2022,C and D,26.4614236867,-81.9523280673
11682,10/30/2022,HHW to DMS,26.4663670594,-81.9537100882
11683,11/26/2022,C and D,26.4336730913,-81.9172519819
11684,10/25/2022,C and D,26.4356475478,-81.9197928253
11685,12/02/2022,C and D,26.4584414344,-81.9403222064
11686,03/08/2023,C and D,26.4460149,-81.9375394
11687,02/19/2023,C and D,26.4105313,-81.8991466
11688,11/12/2022,C and D,26.4282913834,-81.9112135819
11689,10/07/2022,C and D,26.4653028,-81.9552513
11690,01/12/2023,Clean Sand Soil,26.436601,-81.9223975
11691,12/01/2022,C and D,26.4646384,-81.9502753
11692,12/01/2022,C and D,26.4438366,-81.9329454
11693,01/31/2023,Dirty Sand Soil,26.4493624,-81.9447275
11694,11/16/2022,C and D,26.4357251069,-81.9198766072
11695,02/02/2023,Dirty Sand Soil,26.4320055,-81.9150982
11696,01/11/2023,Clean Sand Soil,26.4366135,-81.922063
11697,10/24/2022,C and D,26.4283263335,-81.9111393922
11698,12/05/2022,C and D,26.4277036,-81.9105352
11699,01/20/2023,C and D,26.4603691142,-81.9476640791
11700,12/12/2022,C and D,26.4578197378,-81.9403539774
11701,03/27/2023,Vegetation,26.4336314,-81.917245
11702,10/20/2022,Dirty Sand Soil,26.4514168,-81.9512175
11703,11/08/2022,C and D,26.40873,-81.8976534
11704,11/14/2022,C and D,26.4062566823,-81.8946863898
11705,10/23/2022,Dirty Sand Soil,26.4504632,-81.9476763
11706,11/08/2022,C and D,26.4498324,-81.9456714
11707,03/04/2023,C and D,26.4614486,-81.946269
11708,10/13/2022,Dirty Sand Soil,26.4490034,-81.9434037
11709,10/21/2022,C and D,26.4338332501,-81.9173614024
11710,10/19/2022,C and D,26.4305008813,-81.9132773362
11711,11/08/2022,C and D,26.4611203876,-81.9524256327
11712,12/03/2022,C and D,26.4615589582,-81.9514612314
11713,10/13/2022,Dirty Sand Soil,26.4490822,-81.943991
11714,01/04/2023,Dirty Sand Soil,26.4383398,-81.9234837
11715,10/21/2022,Dirty Sand Soil,26.4525708,-81.9545982
11716,11/01/2022,C and D,26.4146588696,-81.9007217792
11717,10/30/2022,C and D,26.4211903,-81.9036764
11718,03/19/2023,C and D,26.4661041587,-81.9555356218
11719,12/07/2022,Dirty Sand Soil,26.4306127,-81.9134587
11720,11/19/2022,C and D,26.4312811,-81.9143485
11721,12/15/2022,C and D,26.4616053984,-81.9485735991
11722,12/18/2022,Dirty Sand Soil,26.4483114,-81.9420248
11723,10/30/2022,C and D,26.4047447546,-81.8857217387
11724,10/28/2022,C and D,26.4186034181,-81.9021640691
11725,12/11/2022,C and D,26.4663338,-81.9557573
11726,12/03/2022,C and D,26.4592977427,-81.9404109289
11727,02/20/2023,C and D,26.4630389633,-81.9469320495
11728,10/21/2022,Dirty Sand Soil,26.4515032,-81.9513473
11729,12/16/2022,C and D,26.4597152624,-81.9465023704
11730,11/08/2022,C and D,26.4254904049,-81.9078339521
11731,12/12/2022,C and D,26.4295725804,-81.9122326468
11732,11/30/2022,C and D,26.4650047,-81.9508694
11733,10/23/2022,Clean Sand Soil,26.4525882,-81.9545788
11734,11/11/2022,C and D,26.4223196,-81.9043001
11735,12/02/2022,C and D,26.4636279509,-81.9486681672
11736,11/29/2022,C and D,26.4343019782,-81.9178688667
11737,11/13/2022,C and D,26.4044695,-81.8885793
11738,10/30/2022,C and D,26.4213135707,-81.9036207939
11739,12/03/2022,C and D,26.4616007286,-81.951506363
11740,12/12/2022,C and D,26.4114168333,-81.89936433
11741,01/20/2023,C and D,26.463935512,-81.9476642162
11742,10/15/2022,C and D,26.4247754,-81.9061445
11743,10/20/2022,C and D,26.4366375913,-81.9212149048
11744,12/20/2022,C and D,26.4581460267,-81.9468650938
11745,11/12/2022,C and D,26.4384318,-81.9237501
11746,10/30/2022,C and D,26.46595662,-81.9550977834
11747,10/11/2022,C and D,26.4160927,-81.9010742
11748,11/16/2022,C and D,26.4256392412,-81.9081165565
11749,01/03/2023,Dirty Sand Soil,26.4254637,-81.9077702
11750,10/30/2022,Dirty Sand Soil,26.4340878,-81.9176372
11751,01/30/2023,Dirty Sand Soil,26.4145638,-81.9007272
11752,11/22/2022,C and D,26.4482165,-81.9412242
11753,10/30/2022,Dirty Sand Soil,26.423077,-81.9046626
11754,02/12/2023,C and D,26.4646985,-81.9506371
11755,01/11/2023,C and D,26.4507755,-81.9486538
11756,11/12/2022,C and D,26.4388931355,-81.9245207047
11757,01/12/2023,C and D,26.4592815613,-81.9488125877
11758,12/05/2022,C and D,26.4487111895,-81.9430026972
11759,10/06/2022,C and D,26.4653889267,-81.9517747058
11760,10/24/2022,C and D,26.4098712,-81.8985244
11761,10/16/2022,C and D,26.43076132,-81.9135811755
11762,11/03/2022,C and D,26.4254545758,-81.9071743973
11763,05/06/2023,C and D,26.4430206,-81.9317518
11764,05/06/2023,C and D,26.4396622,-81.9258799
11765,05/06/2023,C and D,26.4410038,-81.9279629
11766,02/18/2023,C and D,26.4604697331,-81.947397178
11767,01/17/2023,C and D,26.4293315,-81.9122096
11768,11/22/2022,C and D,26.4269132219,-81.9096296463
11769,11/28/2022,Dirty Sand Soil,26.4287456,-81.911681
11770,10/12/2022,C and D,26.4643221,-81.9539063
11771,11/12/2022,C and D,26.4062719,-81.8953199
11772,12/05/2022,C and D,26.4618072912,-81.9512887473
11773,11/19/2022,C and D,26.40448818,-81.888605713
11774,05/06/2023,C and D,26.4413901,-81.9289001
11775,10/05/2022,C and D,26.4616385729,-81.9537537865
11776,10/21/2022,Dirty Sand Soil,26.4514702,-81.9513462
11777,05/04/2023,C and D,26.46029,-81.9474198333
11778,12/08/2022,C and D,26.4577325362,-81.9402995166
11779,01/05/2023,C and D,26.4302388,-81.9130014
11780,10/17/2022,Clean Sand Soil,26.4525364,-81.9545354
11781,12/10/2022,C and D,26.4627101831,-81.9520803821
11782,12/05/2022,C and D,26.4634907272,-81.9509301906
11783,02/02/2023,C and D,26.4429837,-81.9318109
11784,11/02/2022,C and D,26.4064090703,-81.8953777135
11785,12/04/2022,C and D,26.460273488,-81.94749627
11786,10/21/2022,C and D,26.4193441,-81.9024799
11787,11/08/2022,C and D,26.4509078485,-81.9492352773
11788,11/07/2022,C and D,26.4437443364,-81.9332173009
11789,11/06/2022,C and D,26.452199,-81.9546749
11790,10/17/2022,Dirty Sand Soil,26.4358856,-81.9200545
11791,11/15/2022,C and D,26.4354424272,-81.9197518007
11792,01/19/2023,C and D,26.4220850906,-81.9043510274
11793,10/14/2022,Dirty Sand Soil,26.4434786607,-81.9325042796
11794,01/30/2023,Dirty Sand Soil,26.4114454,-81.899396
11795,01/21/2023,C and D,26.419585,-81.9031233
11796,11/07/2022,C and D,26.4437510625,-81.9331895105
11797,11/03/2022,C and D,26.4044708428,-81.8908500849
11798,11/29/2022,Sand CD,26.452489,-81.954774
11799,12/01/2022,C and D,26.4631681529,-81.9540708599
11800,02/25/2023,C and D,26.4171998,-81.9017253
11801,11/03/2022,C and D,26.4056299674,-81.8944044226
11802,01/10/2023,C and D,26.4295267,-81.9123828
11803,12/07/2022,Dirty Sand Soil,26.4286277,-81.9114636
11804,02/25/2023,C and D,26.4310473,-81.9140008
11805,12/05/2022,C and D,26.4292312,-81.9122712
11806,12/08/2022,C and D,26.4046936386,-81.8899124994
11807,11/13/2022,C and D,26.4343238134,-81.9189637522
11808,02/02/2023,C and D,26.4591623,-81.9416988
11809,10/22/2022,Clean Sand Soil,26.452593,-81.9546206
11810,02/09/2023,Compact CD,26.448175,-81.9406183
11811,11/01/2022,C and D,26.414667503,-81.9007096254
11812,10/13/2022,Dirty Sand Soil,26.4491322,-81.944062
11813,10/17/2022,Dirty Sand Soil,26.4365651,-81.9209462
11814,11/13/2022,C and D,26.4525707086,-81.9547011903
11815,10/14/2022,Dirty Sand Soil,26.4531315118,-81.9552352466
11816,10/19/2022,C and D,26.4364423541,-81.9207873764
11817,11/18/2022,C and D,26.4310073,-81.9140394
11818,10/16/2022,C and D,26.4310055332,-81.9138935784
11819,11/09/2022,C and D,26.4510184859,-81.9492810337
11820,03/16/2023,C and D,26.4601844663,-81.9472711777
11821,01/03/2023,C and D,26.4637132,-81.9531069
11822,01/14/2023,C and D,26.4507349,-81.9487016
11823,10/22/2022,C and D,26.4255728505,-81.9078896979
11824,03/16/2023,C and D,26.460198522,-81.9472958339
11825,12/02/2022,C and D,26.4283269,-81.9111334
11826,11/05/2022,C and D,26.4345035,-81.9182625
11827,10/16/2022,Dirty Sand Soil,26.4457751,-81.9371851
11828,12/01/2022,C and D,26.4424337,-81.9307671
11829,01/07/2023,C and D,26.4304809497,-81.9132574074
11830,11/18/2022,C and D,26.4256264936,-81.908078065
11831,12/07/2022,Dirty Sand Soil,26.4115545,-81.8993999
11832,03/25/2023,C and D,26.4602815928,-81.9476717622
11833,02/28/2023,C and D,26.4591057552,-81.94172672
11834,11/05/2022,C and D,26.4596646186,-81.9462519419
11835,11/12/2022,C and D,26.4615482651,-81.951059335
11836,10/05/2022,C and D,26.4647634979,-81.9505629723
11837,10/14/2022,C and D,26.4521843114,-81.9532297837
11838,02/01/2023,C and D,26.441846,-81.9296661
11839,10/12/2022,C and D,26.4046155739,-81.8882484874
11840,12/03/2022,C and D,26.4107079,-81.8991734
11841,11/05/2022,C and D,26.4623451932,-81.9486146328
11842,03/27/2023,Vegetation,26.4146123,-81.9007222
11843,02/16/2023,C and D,26.4602252841,-81.9467823488
11844,01/24/2023,C and D,26.4062354,-81.8951823
11845,10/15/2022,Dirty Sand Soil,26.4492265508,-81.9442002197
11846,01/23/2023,Compact CD,26.4483604,-81.9405332
11847,12/09/2022,Dirty Sand Soil,26.4224532,-81.9043567
11848,01/09/2023,C and D,26.4303933,-81.9130772
11849,11/11/2022,C and D,26.4406525763,-81.9278285188
11850,11/20/2022,C and D,26.4288272,-81.9117966
11851,11/28/2022,C and D,26.4045699,-81.8868856
11852,10/05/2022,C and D,26.4648670026,-81.9506538494
11853,11/03/2022,C and D,26.4446691424,-81.9347388112
11854,12/01/2022,C and D,26.4630465608,-81.9540450283
11855,01/06/2023,C and D,26.4304015,-81.9131541
11856,10/30/2022,C and D,26.4599637492,-81.9468762441
11857,11/19/2022,C and D,26.4667357,-81.9543953
11858,01/08/2023,C and D,26.42989,-81.91251
11859,11/29/2022,C and D,26.4225379772,-81.9044881699
11860,11/08/2022,C and D,26.4433194464,-81.9323700015
11861,11/09/2022,C and D,26.45968728,-81.9462598517
11862,10/25/2022,Dirty Sand Soil,26.4255201,-81.9072436
11863,10/18/2022,Dirty Sand Soil,26.4387149,-81.9240442
11864,11/20/2022,C and D,26.4283791,-81.9113538
11865,11/02/2022,Dirty Sand Soil,26.404605,-81.8864135
11866,02/06/2023,C and D,26.4583190298,-81.9441124611
11867,02/19/2023,C and D,26.4293766,-81.912284
11868,02/02/2023,C and D,26.4318893591,-81.9149864729
11869,12/12/2022,C and D,26.4059226383,-81.8947482216
11870,12/12/2022,C and D,26.4053050399,-81.8938665302
11871,12/01/2022,C and D,26.4645982,-81.9505925
11872,12/19/2022,C and D,26.4046181459,-81.8865378388
11873,10/28/2022,C and D,26.4254866122,-81.9077358396
11874,10/22/2022,C and D,26.428909817,-81.9116508992
11875,12/05/2022,C and D,26.4594270336,-81.9403979369
11876,11/06/2022,C and D,26.4280507202,-81.9109353796
11877,10/18/2022,C and D,26.4365335778,-81.9209236701
11878,01/03/2023,Dirty Sand Soil,26.426819,-81.9094955
11879,10/20/2022,C and D,26.4310475371,-81.9139280099
11880,11/11/2022,C and D,26.4098366753,-81.8987846078
11881,11/14/2022,C and D,26.4105248645,-81.8990221327
11882,11/08/2022,C and D,26.4255143329,-81.9081552615
11883,01/09/2023,Clean Sand Soil,26.43637,-81.922181
11884,10/24/2022,C and D,26.4250186924,-81.9064132591
11885,10/22/2022,C and D,26.428862147,-81.9116525762
11886,10/25/2022,Dirty Sand Soil,26.4279339,-81.9106913
11887,05/06/2023,C and D,26.4214539,-81.9037134
11888,11/30/2022,C and D,26.4643565883,-81.9538131775
11889,03/17/2023,C and D,26.4601387158,-81.9476319119
11890,12/18/2022,Dirty Sand Soil,26.4496219,-81.9453604
11891,10/22/2022,C and D,26.4254880716,-81.9071468851
11892,01/09/2023,C and D,26.4616842401,-81.947820429
11893,12/08/2022,C and D,26.4341345,-81.9175896
11894,11/06/2022,C and D,26.4176181006,-81.901749149
11895,11/30/2022,C and D,26.4640320337,-81.9541036656
11896,01/13/2023,C and D,26.4582111966,-81.9396692143
11897,05/04/2023,C and D,26.4603976698,-81.9475132129
11898,11/01/2022,C and D,26.4286880611,-81.9114850536
11899,11/13/2022,C and D,26.435655762,-81.91979982
11900,10/16/2022,C and D,26.4099094298,-81.8986257173
11901,03/19/2023,C and D,26.4047384,-81.8913735
11902,12/01/2022,C and D,26.4377331,-81.922459
11903,12/01/2022,C and D,26.4646598,-81.950609
11904,11/19/2022,C and D,26.4108458581,-81.8991486636
11905,12/03/2022,C and D,26.4591786309,-81.9403065287
11906,02/02/2023,C and D,26.4427569,-81.9313758
11907,12/07/2022,C and D,26.4612329682,-81.9503250077
11908,12/03/2022,C and D,26.4048728173,-81.88595463
11909,02/27/2023,Concrete to FDS,26.4485964,-81.9404355
11910,11/04/2022,C and D,26.4202664048,-81.9028873277
11911,11/21/2022,C and D,26.4422825509,-81.9305921355
11912,10/31/2022,Dirty Sand Soil,26.4112014,-81.8992469
11913,10/19/2022,C and D,26.4365385238,-81.9209455418
11914,10/30/2022,C and D,26.4274294284,-81.9101642439
11915,11/14/2022,C and D,26.4067311399,-81.8955988438
11916,01/23/2023,C and D,26.4050413,-81.8932103
11917,01/23/2023,C and D,26.4051727,-81.893386
11918,02/08/2023,C and D,26.4167136,-81.9013954
11919,11/17/2022,C and D,26.4202929879,-81.902955212
11920,11/06/2022,C and D,26.4581101463,-81.9430684797
11921,11/11/2022,C and D,26.4194504,-81.9024568
11922,01/17/2023,C and D,26.4345813,-81.9184175
11923,12/02/2022,C and D,26.4634707899,-81.948670279
11924,11/08/2022,C and D,26.4420795449,-81.9301430362
11925,12/02/2022,C and D,26.4359115,-81.9200921
11926,11/20/2022,Sand CD,26.4525213,-81.954654
11927,01/13/2023,C and D,26.441578,-81.9290764
11928,10/24/2022,C and D,26.4273502445,-81.9099365921
11929,11/11/2022,C and D,26.4408874791,-81.928001186
11930,11/04/2022,C and D,26.4044262842,-81.8887478952
11931,12/19/2022,C and D,26.4264090406,-81.9092706499
11932,10/15/2022,Dirty Sand Soil,26.4492374892,-81.9441992977
11933,01/03/2023,C and D,26.457870429,-81.9390649206
11934,10/25/2022,C and D,26.4355243915,-81.9198916567
11935,11/18/2022,C and D,26.4108502586,-81.899119746
11936,11/05/2022,C and D,26.447778,-81.9408233
11937,11/15/2022,C and D,26.4613453,-81.9538527
11938,02/03/2023,C and D,26.44765,-81.9398567
11939,03/11/2023,C and D,26.4121251,-81.8996766
11940,11/18/2022,C and D,26.4525063511,-81.954760317
11941,11/02/2022,C and D,26.4286186,-81.9114513
11942,12/19/2022,C and D,26.4045261964,-81.8889414334
11943,02/07/2023,C and D,26.4319632236,-81.9149849859
11944,02/25/2023,C and D,26.4310736116,-81.913937945
11945,10/25/2022,C and D,26.4604018998,-81.9538155683
11946,11/01/2022,C and D,26.4525748,-81.9546677
11947,12/05/2022,C and D,26.4596899792,-81.9403438879
11948,02/26/2023,C and D,26.432154961,-81.9152461924
11949,02/03/2023,C and D,26.4417536585,-81.9295683514
11950,10/25/2022,C and D,26.4617921715,-81.9542476246
11951,01/10/2023,C and D,26.4303505,-81.9132236
11952,11/19/2022,C and D,26.4146620284,-81.9007451858
11953,12/10/2022,C and D,26.4584442158,-81.9395512808
11954,10/08/2022,C and D,26.466281,-81.9556792
11955,12/18/2022,Dirty Sand Soil,26.4455697,-81.9368193
11956,10/17/2022,C and D,26.4092858645,-81.8982199782
11957,10/12/2022,C and D,26.4254762738,-81.9072300209
11958,10/30/2022,C and D,26.4503386,-81.9476209
11959,11/07/2022,C and D,26.4593766639,-81.946042722
11960,11/29/2022,C and D,26.4330465607,-81.9163837145
11961,11/08/2022,C and D,26.4509597311,-81.9491198445
11962,12/04/2022,C and D,26.4346538,-81.9187064
11963,11/04/2022,C and D,26.4198041032,-81.9026063855
11964,11/01/2022,C and D,26.4597042231,-81.9461779297
11965,02/12/2023,C and D,26.4482229,-81.9412486
11966,11/10/2022,C and D,26.4610515612,-81.9524723034
11967,12/10/2022,C and D,26.4413388,-81.9287463
11968,12/11/2022,C and D,26.4388371399,-81.9244966284
11969,11/29/2022,C and D,26.4618304186,-81.9477636182
11970,10/29/2022,C and D,26.4192467043,-81.9022908714
11971,01/21/2023,C and D,26.4193872224,-81.9022947958
11972,11/28/2022,C and D,26.4257285139,-81.9084597845
11973,10/22/2022,C and D,26.4339546069,-81.9175255711
11974,01/17/2023,C and D,26.4293538,-81.9121873
11975,11/28/2022,C and D,26.4642164,-81.9469159
11976,12/16/2022,C and D,26.4611525894,-81.949838654
11977,12/07/2022,Dirty Sand Soil,26.4489368,-81.943766
11978,11/13/2022,C and D,26.4348261059,-81.9188893028
11979,10/30/2022,C and D,26.4594218787,-81.9459760935
11980,12/09/2022,C and D,26.4363325347,-81.920634467
11981,12/03/2022,C and D,26.4344567154,-81.918329727
11982,11/11/2022,C and D,26.4255176648,-81.9079244843
11983,10/15/2022,Dirty Sand Soil,26.4516936,-81.9516689
11984,11/30/2022,C and D,26.4351369,-81.9185559
11985,11/09/2022,C and D,26.4612577711,-81.9502089048
11986,12/01/2022,C and D,26.4618308261,-81.9486746021
11987,10/21/2022,C and D,26.4289329538,-81.9116564722
11988,10/18/2022,C and D,26.4305072083,-81.9133167665
11989,02/26/2023,C and D,26.4102473483,-81.8989316561
11990,12/07/2022,C and D,26.4107196,-81.898799
11991,10/15/2022,C and D,26.4496605427,-81.9457057331
11992,10/15/2022,C and D,26.4497191249,-81.945664151
11993,10/25/2022,C and D,26.462328514,-81.9537907315
11994,02/15/2023,C and D,26.4633466,-81.9532306
11995,10/24/2022,Dirty Sand Soil,26.4045826,-81.8868675
11996,10/31/2022,Dirty Sand Soil,26.4183309,-81.9019523
11997,11/15/2022,C and D,26.4354864001,-81.9189834407
11998,03/29/2023,C and D,26.452600037,-81.9534088785
11999,11/02/2022,Dirty Sand Soil,26.4048397,-81.8857242
12000,01/15/2023,C and D,26.4401815,-81.9267288
12001,11/17/2022,C and D,26.418568518,-81.9020246464
12002,11/19/2022,C and D,26.4275813624,-81.9103269615
12003,11/28/2022,C and D,26.4593214,-81.941726
12004,11/05/2022,C and D,26.4204420056,-81.9029755891
12005,11/02/2022,C and D,26.4061160339,-81.8948398624
12006,10/15/2022,Dirty Sand Soil,26.4491469431,-81.9440255261
12007,12/11/2022,C and D,26.4613269,-81.9519865
12008,11/29/2022,C and D,26.4510112,-81.9489785
12009,11/30/2022,C and D,26.4614967371,-81.9486886313
12010,03/01/2023,C and D,26.4584947,-81.9408527
12011,01/31/2023,C and D,26.4379163,-81.9229606
12012,11/04/2022,C and D,26.458005032,-81.9429231055
12013,11/02/2022,C and D,26.4288131423,-81.9115986228
12014,11/04/2022,C and D,26.4600856,-81.9469959
12015,12/09/2022,C and D,26.4581133074,-81.939631596
12016,11/28/2022,C and D,26.4212553,-81.9035391
12017,12/02/2022,C and D,26.4635612528,-81.9486400585
12018,12/07/2022,C and D,26.4612393997,-81.9501799346
12019,11/02/2022,C and D,26.4595135479,-81.9462458662
12020,12/03/2022,C and D,26.4220826375,-81.9042376523
12021,12/17/2022,C and D,26.4055605652,-81.8945934345
12022,02/10/2023,C and D,26.4443128722,-81.9344942383
12023,05/06/2023,C and D,26.4350285,-81.9188825
12024,01/30/2023,C and D,26.429149,-81.9120595
12025,12/05/2022,C and D,26.4276578,-81.9105736
12026,12/03/2022,C and D,26.4617402862,-81.9511979213
12027,12/03/2022,C and D,26.4617188334,-81.9514293342
12028,12/07/2022,C and D,26.4661509,-81.955631
12029,01/11/2023,C and D,26.4642717256,-81.950604776
12030,10/23/2022,Dirty Sand Soil,26.4512546,-81.9499999
12031,11/05/2022,C and D,26.4255885202,-81.9081773125
12032,10/17/2022,C and D,26.4621692,-81.9512604
12033,12/17/2022,C and D,26.4054356,-81.8943506
12034,02/02/2023,C and D,26.4319026,-81.9149934
12035,03/24/2023,C and D,26.4057653,-81.8945159
12036,12/03/2022,C and D,26.4359894,-81.9204383
12037,01/20/2023,C and D,26.4054383,-81.8941117
12038,11/13/2022,C and D,26.4107951121,-81.899260203
12039,10/31/2022,C and D,26.4179484,-81.901876
12040,11/11/2022,C and D,26.4096783391,-81.8984964179
12041,11/27/2022,C and D,26.4338084753,-81.9172413702
12042,01/12/2023,C and D,26.459000301,-81.9483342641
12043,11/19/2022,C and D,26.4045532513,-81.8909913676
12044,03/23/2023,HHW to DMS,26.4610996,-81.9458782
12045,12/10/2022,C and D,26.4363105,-81.9204898
12046,10/24/2022,C and D,26.4098487,-81.8987628
12047,01/13/2023,Sand CD,26.4370025,-81.9222776
12048,01/19/2023,C and D,26.4220319,-81.904177
12049,10/28/2022,C and D,26.4255710598,-81.9078923297
12050,11/08/2022,C and D,26.443282608,-81.9323880226
12051,11/07/2022,C and D,26.4436932775,-81.9331797982
12052,12/09/2022,Dirty Sand Soil,26.4186626,-81.9022081
12053,11/12/2022,C and D,26.4079040615,-81.8969167304
12054,12/03/2022,C and D,26.4049032571,-81.8860096511
12055,10/21/2022,C and D,26.4308036305,-81.9136478473
12056,12/15/2022,Dirty Sand Soil,26.4359972,-81.9202074
12057,11/13/2022,C and D,26.4513570311,-81.9504755898
12058,12/03/2022,C and D,26.4610996421,-81.9537507005
12059,01/20/2023,C and D,26.4114772882,-81.8996269149
12060,11/16/2022,C and D,26.4326781,-81.9159665
12061,11/05/2022,C and D,26.420729002,-81.9031585661
12062,12/04/2022,C and D,26.4414494857,-81.9290950243
12063,12/02/2022,C and D,26.4613777489,-81.9537873021
12064,03/17/2023,HHW to DMS,26.4613127,-81.9505473
12065,12/06/2022,C and D,26.418094486,-81.9019016159
12066,11/26/2022,Dirty Sand Soil,26.4465077,-81.9381981
12067,11/03/2022,C and D,26.4303573,-81.9130991
12068,11/19/2022,C and D,26.4233433162,-81.9050298868
12069,11/02/2022,C and D,26.4488953,-81.9437117
12070,10/28/2022,Clean Sand Soil,26.4526855,-81.9552838
12071,10/29/2022,Vegetation,26.4121377,-81.8995904
12072,01/16/2023,C and D,26.4599825049,-81.9403093586
12073,10/15/2022,Dirty Sand Soil,26.4508547,-81.9491455
12074,10/14/2022,Dirty Sand Soil,26.4515200909,-81.9512367436
12075,01/17/2023,C and D,26.4641440077,-81.9469649159
12076,01/13/2023,C and D,26.4589587399,-81.9484230249
12077,10/22/2022,Dirty Sand Soil,26.4292143,-81.912032
12078,12/07/2022,C and D,26.4613232762,-81.9505049638
12079,12/12/2022,C and D,26.4503918,-81.9475361
12080,01/16/2023,C and D,26.4224183,-81.9043676
12081,11/08/2022,C and D,26.4420781285,-81.9300953206
12082,01/04/2023,Dirty Sand Soil,26.4426741,-81.9310816
12083,10/19/2022,Dirty Sand Soil,26.4514106,-81.951287
12084,12/12/2022,C and D,26.4598492548,-81.9416745905
12085,10/31/2022,C and D,26.4182821987,-81.9018752967
12086,11/11/2022,C and D,26.4407008561,-81.9277507347
12087,12/15/2022,C and D,26.4586035535,-81.9394570683
12088,11/01/2022,C and D,26.4105681876,-81.8990377694
12089,11/11/2022,C and D,26.4409960248,-81.9280122501
12090,10/14/2022,C and D,26.416332855,-81.9009497295
12091,10/17/2022,C and D,26.4313915783,-81.9144648167
12092,05/06/2023,C and D,26.4300836,-81.9129283
12093,05/06/2023,C and D,26.4404278,-81.9274098
12094,10/16/2022,C and D,26.4507978,-81.9485231
12095,02/11/2023,C and D,26.4611006,-81.9462705
12096,10/29/2022,C and D,26.4524611,-81.9546581
12097,10/30/2022,C and D,26.4046524,-81.8859855
12098,11/03/2022,C and D,26.4287284,-81.9115979
12099,11/01/2022,C and D,26.4288277226,-81.911562346
12100,01/09/2023,C and D,26.4582506763,-81.9441834817
12101,12/13/2022,C and D,26.4599132414,-81.9403190455
12102,10/06/2022,C and D,26.4610119,-81.9494241
12103,10/06/2022,C and D,26.4635734086,-81.9530779909
12104,12/06/2022,C and D,26.4603370604,-81.9476141855
12105,01/09/2023,Clean Sand Soil,26.436537,-81.9223563
12106,02/28/2023,C and D,26.4592268779,-81.9417184193
12107,10/28/2022,C and D,26.4255225286,-81.9078022242
12108,10/14/2022,C and D,26.417791141,-81.9018331036
12109,11/18/2022,C and D,26.4253822792,-81.9076379328
12110,12/02/2022,C and D,26.4629842774,-81.9532877695
12111,11/12/2022,C and D,26.4098431,-81.8985996
12112,12/11/2022,C and D,26.4642078,-81.9542932
12113,10/23/2022,Dirty Sand Soil,26.4232591,-81.904809
12114,12/02/2022,C and D,26.4284303,-81.9113861
12115,11/29/2022,C and D,26.4049557,-81.8853534
12116,12/01/2022,C and D,26.4640659,-81.9507346
12117,12/15/2022,Dirty Sand Soil,26.4513612,-81.9506403
12118,11/05/2022,C and D,26.4048596705,-81.8845170458
12119,10/20/2022,Dirty Sand Soil,26.4514296,-81.9512304
12120,02/04/2023,C and D,26.4480714,-81.9402296
12121,12/20/2022,C and D,26.4612559,-81.9538527
12122,02/19/2023,C and D,26.425809,-81.9086099
12123,05/06/2023,C and D,26.4434995,-81.9326846
12124,05/06/2023,C and D,26.4467701,-81.938205
12125,05/06/2023,C and D,26.4504299,-81.9475094
12126,10/20/2022,Dirty Sand Soil,26.451414,-81.9512546
12127,03/24/2023,C and D,26.4101965,-81.8989244
12128,03/23/2023,HHW to DMS,26.4579428,-81.942706
12129,10/14/2022,C and D,26.4500765596,-81.9465178997
12130,01/12/2023,C and D,26.443997276,-81.933320397
12131,12/07/2022,C and D,26.4612989367,-81.9502247934
12132,01/20/2023,C and D,26.4601099328,-81.947599941
12133,11/11/2022,C and D,26.4255996952,-81.9081848103
12134,10/27/2022,C and D,26.4044468198,-81.8861772493
12135,10/19/2022,Dirty Sand Soil,26.4514334,-81.9513031
12136,01/17/2023,C and D,26.4345219,-81.9184241
12137,11/16/2022,C and D,26.4497529417,-81.945874856
12138,10/16/2022,C and D,26.4309937526,-81.9139189137
12139,03/24/2023,C and D,26.4371879,-81.9220365
12140,11/15/2022,C and D,26.4427567097,-81.9314294983
12141,12/15/2022,C and D,26.4578046984,-81.9394796345
12142,10/20/2022,C and D,26.4155922,-81.9010942
12143,11/27/2022,C and D,26.4339831378,-81.9175852463
12144,01/11/2023,Clean Sand Soil,26.4366377,-81.9220554
12145,01/16/2023,Dirty Sand Soil,26.4317555,-81.9148191
12146,11/05/2022,C and D,26.4254475,-81.9077766
12147,11/22/2022,C and D,26.4598654,-81.9416963
12148,03/17/2023,C and D,26.4630745535,-81.9469076772
12149,02/08/2023,Dirty Sand Soil,26.4318939,-81.9150231
12150,12/02/2022,C and D,26.4662885,-81.9556676
12151,10/14/2022,C and D,26.4507040165,-81.9483136944
12152,11/03/2022,C and D,26.4445781149,-81.934604114
12153,01/03/2023,Dirty Sand Soil,26.4189401,-81.9020907
12154,11/03/2022,C and D,26.4255632884,-81.9078568857
12155,01/25/2023,C and D,26.4070900332,-81.8962109718
12156,10/30/2022,C and D,26.404576404,-81.8868099154
12157,10/22/2022,C and D,26.4255382866,-81.9078451396
12158,12/11/2022,C and D,26.4183316,-81.9018252
12159,11/30/2022,C and D,26.4598938637,-81.9414507878
12160,02/01/2023,Dirty Sand Soil,26.4264864,-81.909228
12161,01/08/2023,C and D,26.4327107833,-81.9159219231
12162,11/05/2022,C and D,26.4385947,-81.92385
12163,01/21/2023,C and D,26.458312715,-81.9440680067
12164,10/30/2022,C and D,26.4501089,-81.947079
12165,01/25/2023,C and D,26.4324922703,-81.9155119853
12166,10/14/2022,C and D,26.4044141955,-81.8906610503
12167,10/28/2022,Clean Sand Soil,26.4526784,-81.9552727
12168,01/03/2023,C and D,26.4507986,-81.9488976
12169,11/02/2022,C and D,26.4065586648,-81.8955399092
12170,10/22/2022,C and D,26.4254208051,-81.9071307687
12171,10/05/2022,C and D,26.4633314152,-81.9541965335
12172,11/08/2022,C and D,26.4623463247,-81.9511936606
12173,12/17/2022,C and D,26.461445312,-81.9538070542
12174,12/16/2022,C and D,26.4611391514,-81.9498275662
12175,12/09/2022,C and D,26.457861195,-81.9403478706
12176,10/20/2022,Dirty Sand Soil,26.4512578,-81.9499455
12177,01/03/2023,C and D,26.4660076,-81.9552426
12178,05/06/2023,C and D,26.4355576,-81.9197496
12179,10/19/2022,C and D,26.4444010766,-81.9342788278
12180,12/03/2022,C and D,26.4581313659,-81.9437101651
12181,10/25/2022,C and D,26.4615221208,-81.9514462055
12182,10/18/2022,Dirty Sand Soil,26.4405953,-81.9272748
12183,11/01/2022,Dirty Sand Soil,26.4127198,-81.8998397
12184,12/05/2022,C and D,26.4050934,-81.8929021
12185,11/19/2022,C and D,26.4614992,-81.9538355
12186,10/28/2022,C and D,26.4636160573,-81.9486387727
12187,11/22/2022,C and D,26.4269842508,-81.9099260935
12188,01/20/2023,C and D,26.405662,-81.8941596
12189,12/04/2022,Dirty Sand Soil,26.4500265,-81.9465616
12190,01/21/2023,C and D,26.465478012,-81.9552705286
12191,10/14/2022,C and D,26.4508801392,-81.9488255306
12192,11/14/2022,C and D,26.4417797468,-81.9296272141
12193,11/09/2022,C and D,26.4599354094,-81.9467170991
12194,12/12/2022,C and D,26.4064538899,-81.8954084359
12195,10/17/2022,Dirty Sand Soil,26.4366926,-81.9211356
12196,11/08/2022,C and D,26.4338562,-81.9174453
12197,12/01/2022,C and D,26.4615852156,-81.948616835
12198,02/07/2023,C and D,26.431963394,-81.9151539908
12199,02/02/2023,Dirty Sand Soil,26.4311436,-81.9141039
12200,12/14/2022,C and D,26.4057629882,-81.8944297359
12201,11/04/2022,C and D,26.419699032,-81.9026077027
12202,11/15/2022,C and D,26.4328002,-81.9161101
12203,01/26/2023,Dirty Sand Soil,26.4114662,-81.8994531
12204,11/13/2022,C and D,26.4112419,-81.8994048
12205,01/13/2023,Sand CD,26.4369795,-81.9223435
12206,11/03/2022,C and D,26.4047577123,-81.8919239406
12207,10/19/2022,C and D,26.4045298426,-81.8863784988
12208,11/13/2022,C and D,26.4459881405,-81.9374071646
12209,12/14/2022,C and D,26.4057149993,-81.894440016
12210,12/03/2022,C and D,26.4614314368,-81.9512483295
12211,01/03/2023,Dirty Sand Soil,26.4252602,-81.906577
12212,10/15/2022,Vegetation,26.4048281964,-81.8843255193
12213,10/31/2022,C and D,26.4181482684,-81.9019653821
12214,11/17/2022,C and D,26.4044999585,-81.8872355635
12215,12/10/2022,C and D,26.4656742,-81.9555986
12216,12/17/2022,C and D,26.4602211681,-81.9474133817
12217,11/11/2022,C and D,26.4307767,-81.9137146
12218,11/13/2022,C and D,26.4174145,-81.9016127
12219,12/01/2022,C and D,26.4641377497,-81.9529079663
12220,01/07/2023,C and D,26.4326744,-81.9155636
12221,11/19/2022,C and D,26.4102236803,-81.8988151661
12222,11/18/2022,C and D,26.4526320172,-81.9551972115
12223,10/27/2022,C and D,26.4590375396,-81.9452712357
12224,05/02/2023,C and D,26.4320366,-81.9150697
12225,10/15/2022,Dirty Sand Soil,26.449203469,-81.9441412364
12226,11/09/2022,Dirty Sand Soil,26.4145757,-81.9007528
12227,11/29/2022,C and D,26.404861,-81.8853269
12228,11/29/2022,C and D,26.4324714,-81.9153712
12229,10/05/2022,C and D,26.463703,-81.9541924
12230,01/16/2023,C and D,26.4586755026,-81.9403434317
12231,01/16/2023,C and D,26.4604104181,-81.9403074049
12232,11/19/2022,C and D,26.4601019,-81.9535932
12233,01/19/2023,C and D,26.4292573,-81.9122016
12234,11/21/2022,C and D,26.4349903,-81.9189939
12235,10/05/2022,C and D,26.4622711,-81.9540339
12236,11/12/2022,C and D,26.4075998,-81.8966712
12237,11/19/2022,C and D,26.4317328,-81.9148316
12238,10/13/2022,Vegetation,26.433004059,-81.9162727861
12239,11/02/2022,Dirty Sand Soil,26.4238202,-81.905259
12240,12/18/2022,C and D,26.4613234392,-81.9538245723
12241,10/17/2022,C and D,26.4073142078,-81.8965300005
12242,11/22/2022,C and D,26.43372,-81.9171525
12243,12/17/2022,C and D,26.46241827,-81.9486152059
12244,10/27/2022,HHW to DMS,26.4592070086,-81.9528453984
12245,12/10/2022,C and D,26.4594960682,-81.9457463821
12246,12/04/2022,C and D,26.4278716,-81.910865
12247,12/14/2022,C and D,26.4054917079,-81.8944864814
12248,12/20/2022,C and D,26.4611670993,-81.9503334403
12249,11/02/2022,C and D,26.4449604554,-81.9353257959
12250,11/02/2022,C and D,26.4076928376,-81.8966943585
12251,01/14/2023,C and D,26.4507734,-81.9488361
12252,10/17/2022,Dirty Sand Soil,26.4358967,-81.9200915
12253,10/27/2022,C and D,26.4045445629,-81.8918244022
12254,10/15/2022,Dirty Sand Soil,26.449262132,-81.94416577
12255,11/01/2022,C and D,26.4113137,-81.8993779
12256,03/19/2023,C and D,26.4659335356,-81.9549253143
12257,10/17/2022,C and D,26.4073011093,-81.8965358567
12258,02/03/2023,C and D,26.4417778547,-81.9295385823
12259,11/30/2022,C and D,26.4650514,-81.9508828
12260,12/12/2022,C and D,26.4067240991,-81.8957513106
12261,10/15/2022,Dirty Sand Soil,26.4511256477,-81.9496314789
12262,11/19/2022,Sand CD,26.452526,-81.9546263
12263,10/30/2022,C and D,26.4232872,-81.9049564
12264,01/03/2023,Dirty Sand Soil,26.4218066,-81.9038867
12265,10/20/2022,C and D,26.4321309678,-81.9151704893
12266,10/06/2022,C and D,26.4636491,-81.9541834
12267,12/11/2022,C and D,26.4179074902,-81.9019086734
12268,10/17/2022,Dirty Sand Soil,26.4355048,-81.9195208
12269,11/01/2022,Dirty Sand Soil,26.4117646,-81.8996328
12270,01/11/2023,C and D,26.4645938856,-81.9507286771
12271,03/01/2023,C and D,26.4584442,-81.9409222
12272,12/11/2022,C and D,26.4216179447,-81.9039903023
12273,11/08/2022,C and D,26.4044152,-81.8905447
12274,10/21/2022,Dirty Sand Soil,26.4515013,-81.951355
12275,12/12/2022,C and D,26.4482799,-81.9417646
12276,11/07/2022,C and D,26.4594227471,-81.9459819749
12277,01/04/2023,Dirty Sand Soil,26.4417004,-81.9292735
12278,01/27/2023,Dirty Sand Soil,26.411255,-81.899478
12279,11/06/2022,C and D,26.4048093371,-81.8923239504
12280,10/30/2022,C and D,26.4500708,-81.9470616
12281,11/02/2022,C and D,26.4288065755,-81.9116484773
12282,10/14/2022,Dirty Sand Soil,26.4519807603,-81.9526602422
12283,01/29/2023,Compact CD,26.4483483,-81.940495
12284,11/27/2022,C and D,26.4336922439,-81.9172192924
12285,12/07/2022,C and D,26.4603122,-81.9403128
12286,11/21/2022,C and D,26.42722,-81.9099073
12287,10/17/2022,Dirty Sand Soil,26.4354608,-81.9195055
12288,01/14/2023,C and D,26.4609523723,-81.9463452325
12289,10/13/2022,C and D,26.4254771676,-81.9071897375
12290,10/14/2022,C and D,26.4509394026,-81.9490554058
12291,12/18/2022,Dirty Sand Soil,26.4512921,-81.9503449
12292,05/06/2023,C and D,26.4346063,-81.9186658
12293,12/07/2022,C and D,26.434063,-81.9175473
12294,11/19/2022,C and D,26.410227106,-81.8989295606
12295,11/06/2022,Vegetation,26.451501,-81.951343
12296,12/08/2022,C and D,26.4045375,-81.8888626
12297,11/01/2022,C and D,26.4608062297,-81.9483366325
12298,10/31/2022,C and D,26.4501292,-81.9472412
12299,10/31/2022,Dirty Sand Soil,26.4237791,-81.9051921
12300,11/07/2022,C and D,26.4250299,-81.9063896
12301,03/24/2023,C and D,26.4044383,-81.8901817
12302,11/19/2022,C and D,26.4247628916,-81.9061537282
12303,11/29/2022,C and D,26.4208825465,-81.9034061161
12304,12/21/2022,C and D,26.4630564,-81.9541275
12305,11/17/2022,C and D,26.4525498661,-81.9547162292
12306,12/21/2022,C and D,26.4607887,-81.9537883
12307,12/02/2022,C and D,26.4639526507,-81.9485850545
12308,11/30/2022,C and D,26.4425076776,-81.9308785992
12309,11/04/2022,C and D,26.4513738,-81.9504749
12310,11/16/2022,C and D,26.4344708985,-81.9185874062
12311,11/19/2022,C and D,26.4667361,-81.9544
12312,10/11/2022,C and D,26.415912721,-81.9010700341
12313,02/07/2023,C and D,26.4321585233,-81.9151461963
12314,11/30/2022,C and D,26.4349027,-81.9189327
12315,12/19/2022,C and D,26.4045161382,-81.8877569866
12316,10/13/2022,C and D,26.4238809,-81.905311
12317,02/18/2023,C and D,26.4633249824,-81.9530118174
12318,12/04/2022,Vegetation,26.4390922,-81.9251045
12319,10/15/2022,Dirty Sand Soil,26.449061,-81.9437944
