WKT,fid,osmid,y,x,street_count,highway,ref
"POINT (-81.885036 26.518882)",21,98011186,26.518882,-81.885036,3,,
"POINT (-81.885196 26.518531)",22,98011191,26.518531,-81.885196,2,,
"POINT (-81.885342 26.517658)",23,98011223,26.517658,-81.885342,1,turning_circle,
"POINT (-81.8881544 26.5219825)",152,98021151,26.5219825,-81.8881544,4,,
"POINT (-81.8880576 26.5217543)",153,98021155,26.5217543,-81.8880576,3,,
"POINT (-81.868044 26.5328821)",154,98021231,26.5328821,-81.868044,3,,
"POINT (-81.896709 26.526655)",168,98022211,26.526655,-81.896709,1,,
"POINT (-81.8713781 26.5306888)",172,98022475,26.5306888,-81.8713781,3,,
"POINT (-81.872608 26.530654)",173,98022479,26.530654,-81.872608,3,,
"POINT (-81.8733447 26.5308346)",174,98022484,26.5308346,-81.8733447,3,,
"POINT (-81.8733279 26.5298605)",175,98022493,26.5298605,-81.8733279,3,,
"POINT (-81.8726055 26.5303074)",176,98022497,26.5303074,-81.8726055,3,,
"POINT (-81.8713728 26.5303513)",177,98022506,26.5303513,-81.8713728,3,,
"POINT (-81.8715373 26.5246602)",187,98023184,26.5246602,-81.8715373,1,turning_loop,
"POINT (-81.918314 26.527039)",244,98027842,26.527039,-81.918314,3,,
"POINT (-81.91831 26.526273)",245,98027843,26.526273,-81.91831,3,,
"POINT (-81.918311 26.526128)",246,98027845,26.526128,-81.918311,3,,
"POINT (-81.917542 26.5244)",247,98027876,26.5244,-81.917542,3,,
"POINT (-81.91589 26.524614)",248,98027890,26.524614,-81.91589,4,,
"POINT (-81.891939 26.515202)",261,98029304,26.515202,-81.891939,3,,
"POINT (-81.891947 26.515875)",262,98029308,26.515875,-81.891947,3,,
"POINT (-81.894171 26.516191)",263,98029324,26.516191,-81.894171,3,,
"POINT (-81.894237 26.514226)",264,98029338,26.514226,-81.894237,3,,
"POINT (-81.89413 26.514132)",265,98029340,26.514132,-81.89413,3,,
"POINT (-81.893091 26.514137)",266,98029346,26.514137,-81.893091,3,,
"POINT (-81.891994 26.514192)",267,98029351,26.514192,-81.891994,3,,
"POINT (-81.891952 26.514247)",268,98029353,26.514247,-81.891952,3,,
"POINT (-81.901661 26.522255)",284,98030116,26.522255,-81.901661,3,,
"POINT (-81.900902 26.529465)",324,98032266,26.529465,-81.900902,3,,
"POINT (-81.8788266 26.5170432)",522,98040418,26.5170432,-81.8788266,3,,
"POINT (-81.878225 26.516427)",523,98040434,26.516427,-81.878225,3,,
"POINT (-81.890913 26.532657)",558,98042552,26.532657,-81.890913,3,,
"POINT (-81.888441 26.532726)",559,98042569,26.532726,-81.888441,3,,
"POINT (-81.898912 26.524321)",746,98050973,26.524321,-81.898912,3,,
"POINT (-81.899479 26.524313)",747,98050978,26.524313,-81.899479,3,,
"POINT (-81.900351 26.5243)",748,98050980,26.5243,-81.900351,3,,
"POINT (-81.901237 26.524287)",749,98050986,26.524287,-81.901237,3,,
"POINT (-81.902065 26.524277)",750,98050988,26.524277,-81.902065,3,,
"POINT (-81.902921 26.524261)",751,98050992,26.524261,-81.902921,3,,
"POINT (-81.903258 26.524257)",752,98050995,26.524257,-81.903258,1,,
"POINT (-81.900719 26.48861)",792,98053164,26.48861,-81.900719,3,,
"POINT (-81.899236 26.487826)",793,98053177,26.487826,-81.899236,3,,
"POINT (-81.8848192 26.4070972)",797,98053284,26.4070972,-81.8848192,3,,
"POINT (-81.8844258 26.4063622)",798,98053295,26.4063622,-81.8844258,1,,
"POINT (-81.874689 26.524633)",823,98054410,26.524633,-81.874689,3,,
"POINT (-81.8748007 26.5222584)",824,98054440,26.5222584,-81.8748007,3,,
"POINT (-81.874795 26.521504)",825,98054450,26.521504,-81.874795,3,,
"POINT (-81.895055 26.407529)",832,98054683,26.407529,-81.895055,3,,
"POINT (-81.916212 26.525856)",833,98054746,26.525856,-81.916212,3,,
"POINT (-81.91633 26.525635)",834,98054764,26.525635,-81.91633,3,,
"POINT (-81.902959 26.526053)",842,98055130,26.526053,-81.902959,1,turning_circle,
"POINT (-81.916477 26.531836)",897,98058580,26.531836,-81.916477,3,,
"POINT (-81.916652 26.532143)",898,98058585,26.532143,-81.916652,3,,
"POINT (-81.916812 26.531836)",900,98058615,26.531836,-81.916812,3,,
"POINT (-81.912106 26.432122)",958,98062323,26.432122,-81.912106,3,,
"POINT (-81.913219 26.432645)",959,98062337,26.432645,-81.913219,3,,
"POINT (-81.913639 26.432986)",960,98062341,26.432986,-81.913639,1,,
"POINT (-81.8987588 26.5133076)",978,98063976,26.5133076,-81.8987588,3,,
"POINT (-81.897736 26.513346)",979,98063979,26.513346,-81.897736,4,,
"POINT (-81.8963234 26.513373)",980,98063981,26.513373,-81.8963234,3,,
"POINT (-81.883773 26.53338)",982,98064275,26.53338,-81.883773,3,,
"POINT (-81.8976083 26.4964537)",994,98064758,26.4964537,-81.8976083,3,,
"POINT (-81.8980533 26.4960825)",995,98064760,26.4960825,-81.8980533,1,turning_loop,
"POINT (-81.899141 26.531585)",1001,98065022,26.531585,-81.899141,4,,
"POINT (-81.901362 26.531791)",1002,98065041,26.531791,-81.901362,3,,
"POINT (-81.902247 26.531788)",1003,98065046,26.531788,-81.902247,3,,
"POINT (-81.90496 26.531853)",1004,98065062,26.531853,-81.90496,3,,
"POINT (-81.908218 26.531767)",1005,98065065,26.531767,-81.908218,3,,
"POINT (-81.8892865 26.5221921)",1026,98065793,26.5221921,-81.8892865,3,,
"POINT (-81.887206 26.521752)",1027,98065801,26.521752,-81.887206,1,,
"POINT (-81.8976798 26.5078262)",1043,98068438,26.5078262,-81.8976798,5,,
"POINT (-81.895512 26.508214)",1044,98068454,26.508214,-81.895512,3,,
"POINT (-81.892626 26.508306)",1045,98068473,26.508306,-81.892626,3,,
"POINT (-81.890587 26.508289)",1046,98068497,26.508289,-81.890587,3,,
"POINT (-81.8922203 26.5236847)",1060,98069258,26.5236847,-81.8922203,3,,
"POINT (-81.893398 26.522173)",1061,98069271,26.522173,-81.893398,3,,
"POINT (-81.8933885 26.5216365)",1062,98069297,26.5216365,-81.8933885,4,,
"POINT (-81.900151 26.530209)",1157,98073950,26.530209,-81.900151,3,,
"POINT (-81.900332 26.529987)",1158,98073953,26.529987,-81.900332,3,,
"POINT (-81.900484 26.529876)",1159,98073955,26.529876,-81.900484,3,,
"POINT (-81.901026 26.529261)",1160,98073966,26.529261,-81.901026,3,,
"POINT (-81.901198 26.528807)",1161,98073973,26.528807,-81.901198,3,,
"POINT (-81.901245 26.528426)",1162,98073976,26.528426,-81.901245,3,,
"POINT (-81.901278 26.528067)",1163,98073977,26.528067,-81.901278,3,,
"POINT (-81.901028 26.526428)",1164,98073991,26.526428,-81.901028,4,,
"POINT (-81.90058 26.525775)",1165,98074008,26.525775,-81.90058,4,,
"POINT (-81.899025 26.53033)",1166,98074027,26.53033,-81.899025,3,,
"POINT (-81.899591 26.530282)",1167,98074031,26.530282,-81.899591,3,,
"POINT (-81.908071 26.425265)",1173,98074455,26.425265,-81.908071,3,,
"POINT (-81.907005 26.424041)",1174,98074465,26.424041,-81.907005,1,,
"POINT (-81.898756 26.52745)",1212,98075446,26.52745,-81.898756,3,,
"POINT (-81.898076 26.527463)",1213,98075448,26.527463,-81.898076,1,,
"POINT (-81.902255 26.532731)",1247,98076677,26.532731,-81.902255,1,turning_circle,
"POINT (-81.916401 26.527084)",1340,98080660,26.527084,-81.916401,3,,
"POINT (-81.916248 26.527226)",1341,98080674,26.527226,-81.916248,3,,
"POINT (-81.9043939 26.5228636)",1382,98081646,26.5228636,-81.9043939,1,turning_loop,
"POINT (-81.904623 26.522606)",1383,98081665,26.522606,-81.904623,3,,
"POINT (-81.904833 26.529269)",1463,98083465,26.529269,-81.904833,4,,
"POINT (-81.873887 26.504451)",1467,98083679,26.504451,-81.873887,2,,
"POINT (-81.873393 26.504556)",1468,98083694,26.504556,-81.873393,3,,
"POINT (-81.9085086 26.5267528)",1527,98085257,26.5267528,-81.9085086,3,,
"POINT (-81.907988 26.526873)",1528,98085296,26.526873,-81.907988,3,,
"POINT (-81.9073025 26.5266843)",1529,98085311,26.5266843,-81.9073025,1,,
"POINT (-81.912101 26.431476)",1578,98087995,26.431476,-81.912101,3,,
"POINT (-81.910259 26.431486)",1579,98088001,26.431486,-81.910259,1,,
"POINT (-81.898974 26.502934)",1582,98088426,26.502934,-81.898974,4,,
"POINT (-81.899704 26.50313)",1583,98088440,26.50313,-81.899704,3,,
"POINT (-81.902597 26.50387)",1584,98088533,26.50387,-81.902597,3,,
"POINT (-81.901173 26.502883)",1585,98088567,26.502883,-81.901173,3,,
"POINT (-81.91876 26.532715)",1599,98089921,26.532715,-81.91876,3,,
"POINT (-81.918286 26.532766)",1601,98090041,26.532766,-81.918286,3,,
"POINT (-81.864318 26.504015)",1626,98090905,26.504015,-81.864318,3,,
"POINT (-81.8872309 26.5206163)",1667,98093020,26.5206163,-81.8872309,3,,
"POINT (-81.887215 26.519848)",1668,98093022,26.519848,-81.887215,3,,
"POINT (-81.887164 26.516937)",1669,98093026,26.516937,-81.887164,3,,
"POINT (-81.904909 26.423218)",1683,98093609,26.423218,-81.904909,3,,
"POINT (-81.9047103 26.4233448)",1684,98093611,26.4233448,-81.9047103,3,,
"POINT (-81.9045097 26.4234881)",1685,98093613,26.4234881,-81.9045097,3,,
"POINT (-81.902299 26.42512)",1686,98093619,26.42512,-81.902299,1,,
"POINT (-81.905418 26.426031)",1733,98096713,26.426031,-81.905418,3,,
"POINT (-81.904163 26.431017)",1734,98096766,26.431017,-81.904163,1,,
"POINT (-81.88826 26.40546)",1806,98098767,26.40546,-81.88826,1,,
"POINT (-81.888269 26.406148)",1807,98098769,26.406148,-81.888269,3,,
"POINT (-81.898983 26.528079)",1815,98099220,26.528079,-81.898983,3,,
"POINT (-81.898956 26.526697)",1816,98099222,26.526697,-81.898956,3,,
"POINT (-81.898942 26.525982)",1817,98099224,26.525982,-81.898942,3,,
"POINT (-81.898926 26.525064)",1818,98099226,26.525064,-81.898926,3,,
"POINT (-81.898925 26.524985)",1819,98099228,26.524985,-81.898925,3,,
"POINT (-81.8989076 26.5236772)",1820,98099230,26.5236772,-81.8989076,4,,
"POINT (-81.8987868 26.5206272)",1821,98099245,26.5206272,-81.8987868,4,traffic_signals,
"POINT (-81.898781 26.5204581)",1822,98099246,26.5204581,-81.898781,4,traffic_signals,
"POINT (-81.8987423 26.5185586)",1823,98099247,26.5185586,-81.8987423,4,,
"POINT (-81.8984491 26.4801899)",1824,98099334,26.4801899,-81.8984491,3,,
"POINT (-81.8985535 26.4833863)",1825,98099340,26.4833863,-81.8985535,3,,
"POINT (-81.898579 26.485563)",1826,98099341,26.485563,-81.898579,3,,
"POINT (-81.898632 26.487839)",1827,98099345,26.487839,-81.898632,3,,
"POINT (-81.898655 26.488857)",1828,98099347,26.488857,-81.898655,3,,
"POINT (-81.898718 26.490863)",1829,98099351,26.490863,-81.898718,3,,
"POINT (-81.898721 26.490968)",1830,98099353,26.490968,-81.898721,3,,
"POINT (-81.8987264 26.4911137)",1831,98099355,26.4911137,-81.8987264,3,,
"POINT (-81.898727 26.49124)",1832,98099359,26.49124,-81.898727,3,,
"POINT (-81.898769 26.493736)",1833,98099365,26.493736,-81.898769,3,,
"POINT (-81.898803 26.49519)",1834,98099369,26.49519,-81.898803,3,,
"POINT (-81.89885 26.497672)",1835,98099377,26.497672,-81.89885,4,,
"POINT (-81.898907 26.500477)",1836,98099381,26.500477,-81.898907,3,,
"POINT (-81.8990518 26.5077868)",1837,98099391,26.5077868,-81.8990518,4,,
"POINT (-81.8987395 26.5129872)",1838,98099405,26.5129872,-81.8987395,3,,
"POINT (-81.8986757 26.5142996)",1839,98099407,26.5142996,-81.8986757,4,traffic_signals,
"POINT (-81.8986778 26.5145517)",1840,98099409,26.5145517,-81.8986778,4,traffic_signals,
"POINT (-81.8986877 26.515655)",1841,98099413,26.515655,-81.8986877,3,,
"POINT (-81.8988789 26.5185559)",1842,98099416,26.5185559,-81.8988789,4,,
"POINT (-81.8989157 26.5204562)",1843,98099418,26.5204562,-81.8989157,4,traffic_signals,
"POINT (-81.8989179 26.5206271)",1844,98099420,26.5206271,-81.8989179,4,traffic_signals,
"POINT (-81.8988796 26.5218319)",1845,98099423,26.5218319,-81.8988796,4,,
"POINT (-81.873791 26.505781)",1936,98103193,26.505781,-81.873791,3,,
"POINT (-81.873119 26.506157)",1937,98103195,26.506157,-81.873119,3,,
"POINT (-81.9155748 26.5041277)",1940,98103283,26.5041277,-81.9155748,4,,
"POINT (-81.900265 26.526633)",1964,98103882,26.526633,-81.900265,3,,
"POINT (-81.900392 26.527276)",1965,98103884,26.527276,-81.900392,1,turning_circle,
"POINT (-81.866234 26.5242)",1968,98104105,26.5242,-81.866234,1,,
"POINT (-81.866224 26.523403)",1969,98104107,26.523403,-81.866224,4,,
"POINT (-81.866216 26.522878)",1970,98104110,26.522878,-81.866216,1,,
"POINT (-81.9110969 26.4276028)",2030,98105248,26.4276028,-81.9110969,1,,
"POINT (-81.910741 26.427893)",2031,98105250,26.427893,-81.910741,4,,
"POINT (-81.909955 26.428561)",2032,98105254,26.428561,-81.909955,3,,
"POINT (-81.867965 26.523387)",2075,98107798,26.523387,-81.867965,3,,
"POINT (-81.867983 26.524181)",2076,98107800,26.524181,-81.867983,1,,
"POINT (-81.9061308 26.5211128)",2098,98108459,26.5211128,-81.9061308,1,turning_loop,
"POINT (-81.905551 26.521036)",2099,98108474,26.521036,-81.905551,3,,
"POINT (-81.911239 26.505242)",2104,98108500,26.505242,-81.911239,4,,
"POINT (-81.911236 26.50513)",2105,98108543,26.50513,-81.911236,4,,
"POINT (-81.9067296 26.5218253)",2117,98108670,26.5218253,-81.9067296,3,,
"POINT (-81.906856 26.521392)",2118,98108674,26.521392,-81.906856,3,,
"POINT (-81.9078538 26.5250785)",2119,98108680,26.5250785,-81.9078538,3,,
"POINT (-81.9082122 26.5252527)",2120,98108682,26.5252527,-81.9082122,4,,
"POINT (-81.908436 26.525357)",2121,98108684,26.525357,-81.908436,4,,
"POINT (-81.909241 26.525536)",2122,98108691,26.525536,-81.909241,3,,
"POINT (-81.9095856 26.5255166)",2123,98108697,26.5255166,-81.9095856,3,,
"POINT (-81.9100413 26.5253892)",2124,98108701,26.5253892,-81.9100413,2,,
"POINT (-81.9102349 26.5252834)",2125,98108712,26.5252834,-81.9102349,2,,
"POINT (-81.910863 26.524595)",2126,98108718,26.524595,-81.910863,3,,
"POINT (-81.906083 26.523625)",2127,98108760,26.523625,-81.906083,4,,
"POINT (-81.9076577 26.5249813)",2128,98108784,26.5249813,-81.9076577,3,,
"POINT (-81.9077014 26.5251223)",2129,98108788,26.5251223,-81.9077014,3,,
"POINT (-81.889523 26.52568)",2146,98109541,26.52568,-81.889523,3,,
"POINT (-81.888247 26.525691)",2147,98109576,26.525691,-81.888247,3,,
"POINT (-81.9101215 26.5291201)",2222,98112342,26.5291201,-81.9101215,3,,
"POINT (-81.865049 26.521845)",2239,98113096,26.521845,-81.865049,3,,
"POINT (-81.86503 26.521188)",2240,98113098,26.521188,-81.86503,1,,
"POINT (-81.865044 26.521955)",2241,98113104,26.521955,-81.865044,3,,
"POINT (-81.865053 26.52248)",2242,98113106,26.52248,-81.865053,1,,
"POINT (-81.910403 26.496499)",2244,98113802,26.496499,-81.910403,4,,
"POINT (-81.906085 26.500687)",2245,98113953,26.500687,-81.906085,3,,
"POINT (-81.903097 26.495859)",2246,98114003,26.495859,-81.903097,3,,
"POINT (-81.902951 26.494559)",2247,98114016,26.494559,-81.902951,3,,
"POINT (-81.90389 26.489562)",2248,98114066,26.489562,-81.90389,3,,
"POINT (-81.906094 26.5021)",2249,98114087,26.5021,-81.906094,3,,
"POINT (-81.9171325 26.5161007)",2373,98119510,26.5161007,-81.9171325,3,,
"POINT (-81.9171677 26.5168224)",2374,98119526,26.5168224,-81.9171677,3,,
"POINT (-81.8711822 26.5316202)",2375,98119551,26.5316202,-81.8711822,4,,
"POINT (-81.8708682 26.5316219)",2376,98119553,26.5316219,-81.8708682,4,,
"POINT (-81.903186 26.420623)",2492,98124288,26.420623,-81.903186,3,,
"POINT (-81.899233 26.423503)",2493,98124294,26.423503,-81.899233,1,,
"POINT (-81.92342 26.4382)",2506,98125738,26.4382,-81.92342,4,,
"POINT (-81.91514 26.529059)",2507,98125742,26.529059,-81.91514,3,,
"POINT (-81.9137022 26.5281793)",2508,98125753,26.5281793,-81.9137022,1,turning_loop,
"POINT (-81.893039 26.511087)",2547,98128390,26.511087,-81.893039,3,,
"POINT (-81.894633 26.511066)",2548,98128392,26.511066,-81.894633,1,turning_circle,
"POINT (-81.918062 26.434305)",2552,98128527,26.434305,-81.918062,3,,
"POINT (-81.917225 26.435303)",2553,98128539,26.435303,-81.917225,3,,
"POINT (-81.916457 26.434768)",2554,98128546,26.434768,-81.916457,3,,
"POINT (-81.913153 26.434192)",2555,98128554,26.434192,-81.913153,3,,
"POINT (-81.910495 26.496435)",2573,98130153,26.496435,-81.910495,4,,
"POINT (-81.908702 26.493527)",2574,98130228,26.493527,-81.908702,4,,
"POINT (-81.907035 26.489572)",2575,98130270,26.489572,-81.907035,3,,
"POINT (-81.907017 26.487763)",2576,98130280,26.487763,-81.907017,3,,
"POINT (-81.902798 26.487528)",2577,98130292,26.487528,-81.902798,3,,
"POINT (-81.906367 26.487408)",2578,98130309,26.487408,-81.906367,3,,
"POINT (-81.864462 26.521851)",2628,98131703,26.521851,-81.864462,3,,
"POINT (-81.865621 26.521864)",2629,98131709,26.521864,-81.865621,3,,
"POINT (-81.866209 26.521973)",2630,98131718,26.521973,-81.866209,3,,
"POINT (-81.866791 26.521966)",2631,98131719,26.521966,-81.866791,3,,
"POINT (-81.867373 26.521961)",2632,98131721,26.521961,-81.867373,3,,
"POINT (-81.8696175 26.5220591)",2633,98131765,26.5220591,-81.8696175,4,traffic_signals,
"POINT (-81.8697066 26.5221942)",2634,98131800,26.5221942,-81.8697066,4,traffic_signals,
"POINT (-81.867362 26.522071)",2635,98131826,26.522071,-81.867362,3,,
"POINT (-81.866792 26.522078)",2636,98131829,26.522078,-81.866792,3,,
"POINT (-81.866207 26.522084)",2637,98131831,26.522084,-81.866207,3,,
"POINT (-81.86565 26.521989)",2638,98131842,26.521989,-81.86565,3,,
"POINT (-81.864464 26.521962)",2639,98131847,26.521962,-81.864464,3,,
"POINT (-81.895447 26.53116)",2687,98132991,26.53116,-81.895447,1,,
"POINT (-81.895429 26.528167)",2688,98133000,26.528167,-81.895429,3,,
"POINT (-81.901366 26.484944)",2702,98134594,26.484944,-81.901366,3,,
"POINT (-81.898843 26.485011)",2703,98134661,26.485011,-81.898843,3,,
"POINT (-81.902616 26.48441)",2722,98136499,26.48441,-81.902616,4,,
"POINT (-81.902198 26.484227)",2723,98136509,26.484227,-81.902198,3,,
"POINT (-81.90191 26.484125)",2724,98136514,26.484125,-81.90191,3,,
"POINT (-81.8990546 26.4834102)",2725,98136561,26.4834102,-81.8990546,3,,
"POINT (-81.90262 26.48431)",2726,98136574,26.48431,-81.90262,4,,
"POINT (-81.918998 26.524008)",2806,98137989,26.524008,-81.918998,1,,
"POINT (-81.898724 26.525983)",2919,98145609,26.525983,-81.898724,3,,
"POINT (-81.897294 26.526009)",2920,98145614,26.526009,-81.897294,3,,
"POINT (-81.897951 26.526956)",2921,98145775,26.526956,-81.897951,1,,
"POINT (-81.897285 26.526967)",2922,98145777,26.526967,-81.897285,3,,
"POINT (-81.917753 26.528758)",2952,98148625,26.528758,-81.917753,3,,
"POINT (-81.917497 26.528765)",2953,98148638,26.528765,-81.917497,3,,
"POINT (-81.884939 26.404842)",3030,98153412,26.404842,-81.884939,4,,
"POINT (-81.8845141 26.4078093)",3031,98153441,26.4078093,-81.8845141,1,turning_loop,
"POINT (-81.906366 26.4242508)",3087,98157371,26.4242508,-81.906366,3,,
"POINT (-81.9145101 26.5207708)",3111,98159361,26.5207708,-81.9145101,3,,
"POINT (-81.9145326 26.5220034)",3112,98159367,26.5220034,-81.9145326,3,,
"POINT (-81.9143691 26.5204037)",3113,98159374,26.5204037,-81.9143691,3,,
"POINT (-81.917187 26.5173337)",3136,98161330,26.5173337,-81.917187,3,,
"POINT (-81.9157524 26.5173413)",3137,98161331,26.5173413,-81.9157524,1,turning_loop,
"POINT (-81.8907744 26.5294806)",3140,98161524,26.5294806,-81.8907744,3,,
"POINT (-81.8909425 26.5298583)",3141,98161530,26.5298583,-81.8909425,3,,
"POINT (-81.892932 26.530554)",3142,98161550,26.530554,-81.892932,3,,
"POINT (-81.891011 26.530599)",3143,98161598,26.530599,-81.891011,3,,
"POINT (-81.890673 26.529516)",3144,98161618,26.529516,-81.890673,3,,
"POINT (-81.9149944 26.5217517)",3153,98162532,26.5217517,-81.9149944,1,,
"POINT (-81.9150065 26.522156)",3154,98162533,26.522156,-81.9150065,4,,
"POINT (-81.9150118 26.5226411)",3155,98162534,26.5226411,-81.9150118,1,,
"POINT (-81.899392 26.490986)",3177,98164656,26.490986,-81.899392,3,,
"POINT (-81.887127 26.405423)",3197,98166589,26.405423,-81.887127,1,,
"POINT (-81.887128 26.405889)",3198,98166591,26.405889,-81.887128,3,,
"POINT (-81.899428 26.496408)",3237,98168159,26.496408,-81.899428,3,,
"POINT (-81.900977 26.496375)",3238,98168161,26.496375,-81.900977,3,,
"POINT (-81.90538 26.527823)",3244,98168769,26.527823,-81.90538,3,,
"POINT (-81.90548 26.527664)",3245,98168784,26.527664,-81.90548,3,,
"POINT (-81.9227084 26.4376888)",3300,98170208,26.4376888,-81.9227084,3,,
"POINT (-81.918815 26.527066)",3301,98170391,26.527066,-81.918815,3,,
"POINT (-81.918973 26.52721)",3302,98170404,26.52721,-81.918973,3,,
"POINT (-81.9095563 26.5289028)",3365,98173523,26.5289028,-81.9095563,2,,
"POINT (-81.9093869 26.5288249)",3366,98173530,26.5288249,-81.9093869,2,,
"POINT (-81.8850999 26.5198526)",3373,98173925,26.5198526,-81.8850999,3,,
"POINT (-81.8953527 26.4846588)",3469,98181991,26.4846588,-81.8953527,3,,
"POINT (-81.8953676 26.4852944)",3470,98181993,26.4852944,-81.8953676,1,turning_loop,
"POINT (-81.868529 26.502062)",3524,98184098,26.502062,-81.868529,3,,
"POINT (-81.868803 26.500592)",3525,98184115,26.500592,-81.868803,3,,
"POINT (-81.868979 26.499592)",3526,98184130,26.499592,-81.868979,1,,
"POINT (-81.868624 26.50206)",3527,98184140,26.50206,-81.868624,3,,
"POINT (-81.8922646 26.4972076)",3554,98184704,26.4972076,-81.8922646,3,,
"POINT (-81.891753 26.4970476)",3555,98184705,26.4970476,-81.891753,1,turning_loop,
"POINT (-81.892141 26.500884)",3583,98186580,26.500884,-81.892141,3,,
"POINT (-81.89024 26.500548)",3584,98186595,26.500548,-81.89024,3,,
"POINT (-81.889064 26.496675)",3585,98186609,26.496675,-81.889064,1,turning_loop,
"POINT (-81.887568 26.529606)",3589,98187074,26.529606,-81.887568,3,,
"POINT (-81.890103 26.526898)",3590,98187186,26.526898,-81.890103,1,,
"POINT (-81.909143 26.523464)",3621,98189099,26.523464,-81.909143,3,,
"POINT (-81.908468 26.524932)",3622,98189151,26.524932,-81.908468,3,,
"POINT (-81.908669 26.524228)",3623,98189161,26.524228,-81.908669,3,,
"POINT (-81.869139 26.524168)",3667,98192633,26.524168,-81.869139,1,,
"POINT (-81.892296 26.532802)",3672,98193156,26.532802,-81.892296,1,,
"POINT (-81.90591 26.526996)",3713,98194453,26.526996,-81.90591,4,,
"POINT (-81.872804 26.502046)",3756,98195752,26.502046,-81.872804,3,,
"POINT (-81.870057 26.509234)",3757,98195874,26.509234,-81.870057,3,,
"POINT (-81.867715 26.513606)",3764,98197213,26.513606,-81.867715,3,,
"POINT (-81.8672305 26.5135037)",3765,98197220,26.5135037,-81.8672305,3,,
"POINT (-81.9064398 26.5271785)",3771,98197792,26.5271785,-81.9064398,1,turning_loop,
"POINT (-81.8830916 26.5188852)",3777,98197945,26.5188852,-81.8830916,4,turning_circle,
"POINT (-81.8829845 26.5187518)",3778,98197951,26.5187518,-81.8829845,3,,
"POINT (-81.88131 26.5173073)",3779,98197956,26.5173073,-81.88131,1,,
"POINT (-81.885106 26.520797)",3780,98197963,26.520797,-81.885106,4,traffic_signals,
"POINT (-81.8851144 26.5232772)",3781,98197970,26.5232772,-81.8851144,1,,
"POINT (-81.885104 26.520644)",3782,98197980,26.520644,-81.885104,4,traffic_signals,
"POINT (-81.902439 26.496761)",3851,98200308,26.496761,-81.902439,3,,
"POINT (-81.902422 26.495957)",3852,98200319,26.495957,-81.902422,3,,
"POINT (-81.8651598 26.5151656)",3866,98201406,26.5151656,-81.8651598,4,traffic_signals,
"POINT (-81.866835 26.515067)",3867,98201420,26.515067,-81.866835,3,,
"POINT (-81.870853 26.513577)",3868,98201443,26.513577,-81.870853,3,,
"POINT (-81.8652309 26.5152677)",3869,98201473,26.5152677,-81.8652309,4,traffic_signals,
"POINT (-81.912109 26.432351)",3916,98203979,26.432351,-81.912109,3,,
"POINT (-81.910293 26.432368)",3917,98203983,26.432368,-81.910293,1,,
"POINT (-81.9075482 26.5177407)",3976,98206072,26.5177407,-81.9075482,4,,
"POINT (-81.865075 26.524214)",3982,98206409,26.524214,-81.865075,1,,
"POINT (-81.865063 26.523415)",3983,98206411,26.523415,-81.865063,4,,
"POINT (-81.865056 26.522893)",3984,98206413,26.522893,-81.865056,1,,
"POINT (-81.8975349 26.4200771)",3985,98206415,26.4200771,-81.8975349,1,turning_loop,
"POINT (-81.8988 26.422587)",3986,98206428,26.422587,-81.8988,3,,
"POINT (-81.9127544 26.5321918)",3989,98206725,26.5321918,-81.9127544,1,turning_loop,
"POINT (-81.890157 26.515227)",4020,98209094,26.515227,-81.890157,3,,
"POINT (-81.864443 26.51996)",4108,98212461,26.51996,-81.864443,3,,
"POINT (-81.9070876 26.4237222)",4224,98218152,26.4237222,-81.9070876,1,,
"POINT (-81.9066806 26.4240156)",4225,98218157,26.4240156,-81.9066806,3,,
"POINT (-81.9051243 26.425102)",4226,98218165,26.425102,-81.9051243,3,,
"POINT (-81.9033952 26.426358)",4227,98218174,26.426358,-81.9033952,1,turning_circle,
"POINT (-81.907095 26.526644)",4232,98218527,26.526644,-81.907095,3,,
"POINT (-81.904612 26.530601)",4233,98218623,26.530601,-81.904612,3,,
"POINT (-81.90476 26.530724)",4234,98218626,26.530724,-81.90476,3,,
"POINT (-81.9065691 26.5305589)",4235,98218650,26.5305589,-81.9065691,3,,
"POINT (-81.907067 26.529229)",4236,98218662,26.529229,-81.907067,3,,
"POINT (-81.907314 26.52872)",4237,98218666,26.52872,-81.907314,3,,
"POINT (-81.90775 26.528045)",4238,98218673,26.528045,-81.90775,3,,
"POINT (-81.911373 26.511111)",4239,98218819,26.511111,-81.911373,4,traffic_signals,
"POINT (-81.912968 26.511071)",4240,98218826,26.511071,-81.912968,4,,
"POINT (-81.9113723 26.511244)",4241,98218850,26.511244,-81.9113723,4,traffic_signals,
"POINT (-81.863768 26.487106)",4264,98220405,26.487106,-81.863768,3,,
"POINT (-81.863755 26.486371)",4265,98220423,26.486371,-81.863755,3,,
"POINT (-81.8884934 26.5298046)",4317,98221775,26.5298046,-81.8884934,4,,
"POINT (-81.888797 26.531066)",4318,98221788,26.531066,-81.888797,1,,
"POINT (-81.9080307 26.5222536)",4344,98224480,26.5222536,-81.9080307,1,turning_loop,
"POINT (-81.908127 26.521238)",4345,98224496,26.521238,-81.908127,3,,
"POINT (-81.89673 26.527264)",4346,98225666,26.527264,-81.89673,1,,
"POINT (-81.870162 26.502039)",4360,98226462,26.502039,-81.870162,3,,
"POINT (-81.87119 26.502026)",4361,98226464,26.502026,-81.87119,3,,
"POINT (-81.9104337 26.530248)",4390,98228841,26.530248,-81.9104337,3,,
"POINT (-81.914948 26.432989)",4417,98231941,26.432989,-81.914948,1,,
"POINT (-81.913871 26.432065)",4418,98231946,26.432065,-81.913871,4,,
"POINT (-81.865619 26.521181)",4451,98234897,26.521181,-81.865619,1,,
"POINT (-81.865634 26.522467)",4452,98234898,26.522467,-81.865634,1,,
"POINT (-81.877624 26.516569)",4465,98235030,26.516569,-81.877624,3,,
"POINT (-81.874296 26.518386)",4466,98235083,26.518386,-81.874296,3,,
"POINT (-81.887306 26.408614)",4471,98235454,26.408614,-81.887306,3,,
"POINT (-81.887866 26.408636)",4472,98235466,26.408636,-81.887866,3,,
"POINT (-81.888563 26.408957)",4473,98235475,26.408957,-81.888563,3,,
"POINT (-81.893052 26.411553)",4474,98235542,26.411553,-81.893052,3,,
"POINT (-81.89317 26.411584)",4475,98235544,26.411584,-81.89317,3,,
"POINT (-81.897108 26.411402)",4476,98235590,26.411402,-81.897108,3,,
"POINT (-81.898483 26.409758)",4477,98235630,26.409758,-81.898483,4,,
"POINT (-81.8984 26.409653)",4478,98235674,26.409653,-81.8984,3,,
"POINT (-81.9140897 26.5220198)",4506,98238936,26.5220198,-81.9140897,3,,
"POINT (-81.91399 26.521289)",4507,98238939,26.521289,-81.91399,1,,
"POINT (-81.9136307 26.5222969)",4508,98238951,26.5222969,-81.9136307,1,,
"POINT (-81.864821 26.509789)",4524,98240373,26.509789,-81.864821,3,,
"POINT (-81.864721 26.50611)",4525,98240404,26.50611,-81.864721,3,,
"POINT (-81.9023 26.526765)",4539,98241084,26.526765,-81.9023,3,,
"POINT (-81.902157 26.527512)",4540,98241090,26.527512,-81.902157,1,turning_circle,
"POINT (-81.911293 26.42985)",4556,98241915,26.42985,-81.911293,3,,
"POINT (-81.910242 26.42884)",4557,98241918,26.42884,-81.910242,3,,
"POINT (-81.909125 26.4277835)",4558,98241924,26.4277835,-81.909125,3,,
"POINT (-81.908614 26.427298)",4559,98241934,26.427298,-81.908614,3,,
"POINT (-81.909125 26.528639)",4560,98242411,26.528639,-81.909125,4,,
"POINT (-81.889277 26.53019)",4570,98243761,26.53019,-81.889277,3,,
"POINT (-81.889702 26.531347)",4571,98243774,26.531347,-81.889702,1,,
"POINT (-81.8942 26.4151995)",4572,98243788,26.4151995,-81.8942,3,,
"POINT (-81.8943634 26.4152698)",4573,98243793,26.4152698,-81.8943634,3,,
"POINT (-81.900838 26.415216)",4574,98243801,26.415216,-81.900838,3,,
"POINT (-81.9004532 26.4152372)",4575,98243803,26.4152372,-81.9004532,3,,
"POINT (-81.892007 26.52714)",4597,98245391,26.52714,-81.892007,3,,
"POINT (-81.8916368 26.5271504)",4598,98245393,26.5271504,-81.8916368,4,,
"POINT (-81.904567 26.523794)",4599,98245398,26.523794,-81.904567,3,,
"POINT (-81.897578 26.491488)",4602,98245811,26.491488,-81.897578,1,,
"POINT (-81.897568 26.491127)",4603,98245813,26.491127,-81.897568,3,,
"POINT (-81.871157 26.498731)",4619,98247303,26.498731,-81.871157,3,,
"POINT (-81.905027 26.523642)",4634,98248272,26.523642,-81.905027,3,,
"POINT (-81.905034 26.522881)",4635,98248278,26.522881,-81.905034,3,,
"POINT (-81.905343 26.522556)",4636,98248284,26.522556,-81.905343,3,,
"POINT (-81.8841963 26.4047774)",4648,98248812,26.4047774,-81.8841963,4,,
"POINT (-81.916885 26.530163)",4687,98251920,26.530163,-81.916885,4,,
"POINT (-81.915023 26.529725)",4688,98251930,26.529725,-81.915023,3,,
"POINT (-81.897917 26.485571)",4747,98258838,26.485571,-81.897917,3,,
"POINT (-81.9072603 26.5241838)",4752,98259693,26.5241838,-81.9072603,3,,
"POINT (-81.907079 26.522537)",4753,98259726,26.522537,-81.907079,3,,
"POINT (-81.907468 26.52309)",4754,98259758,26.52309,-81.907468,3,,
"POINT (-81.907652 26.523212)",4755,98259778,26.523212,-81.907652,3,,
"POINT (-81.906975 26.522924)",4756,98259782,26.522924,-81.906975,3,,
"POINT (-81.906691 26.523495)",4757,98259793,26.523495,-81.906691,3,,
"POINT (-81.907206 26.524048)",4758,98259814,26.524048,-81.907206,3,,
"POINT (-81.872863 26.521037)",4765,98260673,26.521037,-81.872863,1,,
"POINT (-81.872592 26.521093)",4766,98260676,26.521093,-81.872592,3,,
"POINT (-81.871953 26.521215)",4767,98260678,26.521215,-81.871953,3,,
"POINT (-81.871991 26.523637)",4768,98260708,26.523637,-81.871991,3,,
"POINT (-81.872639 26.524142)",4769,98260715,26.524142,-81.872639,3,,
"POINT (-81.871999 26.52415)",4770,98260721,26.52415,-81.871999,3,,
"POINT (-81.872947 26.524139)",4771,98260723,26.524139,-81.872947,1,,
"POINT (-81.8982858 26.5046366)",4785,98261333,26.5046366,-81.8982858,1,turning_loop,
"POINT (-81.896817 26.504027)",4786,98261353,26.504027,-81.896817,3,,
"POINT (-81.895347 26.507153)",4811,98264148,26.507153,-81.895347,3,,
"POINT (-81.919758 26.529746)",4823,98264599,26.529746,-81.919758,3,,
"POINT (-81.9195872 26.520063)",4824,98264613,26.520063,-81.9195872,4,traffic_signals,
"POINT (-81.902476 26.500388)",4826,98265129,26.500388,-81.902476,3,,
"POINT (-81.900899 26.500422)",4827,98265133,26.500422,-81.900899,1,turning_loop,
"POINT (-81.89728 26.526457)",4843,98266558,26.526457,-81.89728,3,,
"POINT (-81.89729 26.527473)",4844,98266561,26.527473,-81.89729,3,,
"POINT (-81.897294 26.527965)",4845,98266565,26.527965,-81.897294,4,,
"POINT (-81.897298 26.528092)",4846,98266568,26.528092,-81.897298,3,,
"POINT (-81.9247624 26.4390708)",4948,98272065,26.4390708,-81.9247624,4,,
"POINT (-81.924111 26.438678)",4949,98272072,26.438678,-81.924111,3,,
"POINT (-81.922039 26.437222)",4950,98272073,26.437222,-81.922039,3,,
"POINT (-81.9205098 26.4361169)",4951,98272079,26.4361169,-81.9205098,3,,
"POINT (-81.919555 26.435414)",4952,98272090,26.435414,-81.919555,3,,
"POINT (-81.918787 26.434844)",4953,98272096,26.434844,-81.918787,3,,
"POINT (-81.916437 26.433102)",4954,98272103,26.433102,-81.916437,3,,
"POINT (-81.914518 26.431482)",4955,98272109,26.431482,-81.914518,4,,
"POINT (-81.9125578 26.429782)",4956,98272120,26.429782,-81.9125578,3,,
"POINT (-81.91208 26.429181)",4957,98272125,26.429181,-81.91208,4,,
"POINT (-81.909408 26.426618)",4958,98272136,26.426618,-81.909408,4,,
"POINT (-81.907901 26.425489)",4959,98272162,26.425489,-81.907901,3,,
"POINT (-81.906821 26.425303)",4960,98272180,26.425303,-81.906821,4,,
"POINT (-81.90539 26.423895)",4961,98272207,26.423895,-81.90539,3,,
"POINT (-81.9052523 26.4237198)",4962,98272215,26.4237198,-81.9052523,3,,
"POINT (-81.905143 26.423571)",4963,98272222,26.423571,-81.905143,3,,
"POINT (-81.904361 26.422395)",4964,98272226,26.422395,-81.904361,3,,
"POINT (-81.903802 26.421548)",4965,98272231,26.421548,-81.903802,3,,
"POINT (-81.902649 26.4198)",4966,98272235,26.4198,-81.902649,3,,
"POINT (-81.902606 26.419723)",4967,98272236,26.419723,-81.902606,3,,
"POINT (-81.901581 26.417219)",4968,98272245,26.417219,-81.901581,3,,
"POINT (-81.899579 26.411833)",4969,98272259,26.411833,-81.899579,3,,
"POINT (-81.899549 26.411751)",4970,98272261,26.411751,-81.899549,3,,
"POINT (-81.896228 26.407141)",4971,98272281,26.407141,-81.896228,3,,
"POINT (-81.896134 26.40704)",4972,98272282,26.40704,-81.896134,3,,
"POINT (-81.894552 26.405797)",4973,98272296,26.405797,-81.894552,3,,
"POINT (-81.892473 26.40486)",4974,98272308,26.40486,-81.892473,3,,
"POINT (-81.890671 26.404487)",4975,98272332,26.404487,-81.890671,3,,
"POINT (-81.889438 26.404434)",4976,98272355,26.404434,-81.889438,3,,
"POINT (-81.885915 26.40472)",4977,98272390,26.40472,-81.885915,3,,
"POINT (-81.867661 26.394242)",4978,98272501,26.394242,-81.867661,3,,
"POINT (-81.8672343 26.3931791)",4979,98272509,26.3931791,-81.8672343,3,,
"POINT (-81.891569 26.405518)",5019,98274443,26.405518,-81.891569,3,,
"POINT (-81.891372 26.405947)",5020,98274447,26.405947,-81.891372,1,turning_loop,
"POINT (-81.9014988 26.4205854)",5027,98275373,26.4205854,-81.9014988,4,,
"POINT (-81.900562 26.421297)",5028,98275382,26.421297,-81.900562,3,,
"POINT (-81.899677 26.421937)",5029,98275387,26.421937,-81.899677,3,,
"POINT (-81.864492 26.524218)",5039,98276792,26.524218,-81.864492,1,,
"POINT (-81.864479 26.523419)",5040,98276794,26.523419,-81.864479,4,,
"POINT (-81.864472 26.522903)",5041,98276797,26.522903,-81.864472,1,,
"POINT (-81.87309 26.501951)",5045,98277178,26.501951,-81.87309,3,,
"POINT (-81.873265 26.501562)",5046,98277183,26.501562,-81.873265,3,,
"POINT (-81.873347 26.50058)",5047,98277193,26.50058,-81.873347,3,,
"POINT (-81.873483 26.499839)",5048,98277195,26.499839,-81.873483,3,,
"POINT (-81.898329 26.502911)",5069,98277781,26.502911,-81.898329,3,,
"POINT (-81.895433 26.504137)",5070,98277835,26.504137,-81.895433,3,,
"POINT (-81.8954527 26.5046895)",5071,98277841,26.5046895,-81.8954527,1,turning_loop,
"POINT (-81.866862 26.502503)",5098,98278994,26.502503,-81.866862,3,,
"POINT (-81.866699 26.5031608)",5099,98279006,26.5031608,-81.866699,3,,
"POINT (-81.8666141 26.5034104)",5100,98279008,26.5034104,-81.8666141,3,,
"POINT (-81.866519 26.503929)",5101,98279013,26.503929,-81.866519,3,,
"POINT (-81.89022 26.5224)",5114,98280881,26.5224,-81.89022,3,,
"POINT (-81.888798 26.524051)",5115,98280898,26.524051,-81.888798,1,,
"POINT (-81.889925 26.522566)",5116,98280902,26.522566,-81.889925,3,,
"POINT (-81.8899154 26.522442)",5117,98280925,26.522442,-81.8899154,3,,
"POINT (-81.896536 26.515483)",5118,98280948,26.515483,-81.896536,1,turning_loop,
"POINT (-81.896897 26.514442)",5119,98280979,26.514442,-81.896897,3,,
"POINT (-81.896701 26.514338)",5120,98280985,26.514338,-81.896701,3,,
"POINT (-81.896554 26.514318)",5121,98280988,26.514318,-81.896554,3,,
"POINT (-81.896529 26.514618)",5122,98280994,26.514618,-81.896529,3,,
"POINT (-81.880321 26.520772)",5183,98284674,26.520772,-81.880321,4,,
"POINT (-81.880023 26.519743)",5184,98284690,26.519743,-81.880023,3,,
"POINT (-81.879552 26.519136)",5185,98284692,26.519136,-81.879552,3,,
"POINT (-81.879871 26.517419)",5186,98284723,26.517419,-81.879871,1,,
"POINT (-81.914454 26.532349)",5205,98284942,26.532349,-81.914454,3,,
"POINT (-81.914663 26.53194)",5206,98284950,26.53194,-81.914663,3,,
"POINT (-81.914712 26.531568)",5207,98284958,26.531568,-81.914712,1,,
"POINT (-81.889452 26.405301)",5261,98285619,26.405301,-81.889452,3,,
"POINT (-81.889455 26.406152)",5262,98285620,26.406152,-81.889455,3,,
"POINT (-81.912105 26.4316748)",5289,98286233,26.4316748,-81.912105,3,,
"POINT (-81.8882888 26.5208774)",5309,98287293,26.5208774,-81.8882888,4,,
"POINT (-81.8951956 26.5207578)",5310,98287321,26.5207578,-81.8951956,4,,
"POINT (-81.9156379 26.5203803)",5311,98287362,26.5203803,-81.9156379,4,,
"POINT (-81.9251206 26.5183581)",5312,98287428,26.5183581,-81.9251206,4,traffic_signals,
"POINT (-81.8934429 26.5205799)",5313,98287475,26.5205799,-81.8934429,3,,
"POINT (-81.882143 26.520657)",5314,98287578,26.520657,-81.882143,3,,
"POINT (-81.8801393 26.5208137)",5315,98287588,26.5208137,-81.8801393,3,,
"POINT (-81.878822 26.521381)",5316,98287595,26.521381,-81.878822,3,,
"POINT (-81.878539 26.521574)",5317,98287600,26.521574,-81.878539,3,,
"POINT (-81.8766873 26.5245628)",5318,98287617,26.5245628,-81.8766873,4,traffic_signals,
"POINT (-81.874786 26.527311)",5319,98287638,26.527311,-81.874786,3,,
"POINT (-81.8713503 26.5278567)",5320,98287653,26.5278567,-81.8713503,4,traffic_signals,
"POINT (-81.9013744 26.521261)",5344,98288708,26.521261,-81.9013744,3,,
"POINT (-81.899519 26.523736)",5345,98289215,26.523736,-81.899519,3,,
"POINT (-81.8995312 26.5236328)",5346,98289270,26.5236328,-81.8995312,3,,
"POINT (-81.893067 26.406002)",5410,98291437,26.406002,-81.893067,3,,
"POINT (-81.890333 26.40627)",5411,98291458,26.40627,-81.890333,3,,
"POINT (-81.908234 26.532521)",5418,98291876,26.532521,-81.908234,4,,
"POINT (-81.866199 26.521174)",5428,98293796,26.521174,-81.866199,1,,
"POINT (-81.866217 26.522468)",5429,98293799,26.522468,-81.866217,1,,
"POINT (-81.892016 26.502969)",5430,98293802,26.502969,-81.892016,3,,
"POINT (-81.890983 26.503967)",5431,98293816,26.503967,-81.890983,3,,
"POINT (-81.896976 26.490992)",5452,98295128,26.490992,-81.896976,3,,
"POINT (-81.890629 26.490932)",5453,98295236,26.490932,-81.890629,3,,
"POINT (-81.8975527 26.490747)",5454,98295297,26.490747,-81.8975527,3,,
"POINT (-81.893369 26.519877)",5473,98296566,26.519877,-81.893369,3,,
"POINT (-81.894456 26.519717)",5474,98296573,26.519717,-81.894456,1,,
"POINT (-81.897961 26.526447)",5501,98297971,26.526447,-81.897961,1,,
"POINT (-81.895863 26.528102)",5505,98298342,26.528102,-81.895863,3,,
"POINT (-81.864235 26.496019)",5518,98299870,26.496019,-81.864235,3,,
"POINT (-81.864293 26.498978)",5519,98299903,26.498978,-81.864293,1,turning_circle,
"POINT (-81.893731 26.50677)",5521,98300512,26.50677,-81.893731,3,,
"POINT (-81.892533 26.507462)",5522,98300529,26.507462,-81.892533,3,,
"POINT (-81.890836 26.507292)",5523,98300546,26.507292,-81.890836,3,,
"POINT (-81.9048959 26.494557)",5560,98302930,26.494557,-81.9048959,1,turning_loop,
"POINT (-81.916447 26.528767)",5570,98303593,26.528767,-81.916447,3,,
"POINT (-81.916276 26.528625)",5571,98303605,26.528625,-81.916276,3,,
"POINT (-81.871848 26.517133)",5620,98308614,26.517133,-81.871848,3,,
"POINT (-81.8718822 26.5197074)",5621,98308618,26.5197074,-81.8718822,3,,
"POINT (-81.8894541 26.5223634)",5637,98309700,26.5223634,-81.8894541,3,,
"POINT (-81.890887 26.521321)",5638,98309724,26.521321,-81.890887,1,,
"POINT (-81.9089682 26.5296099)",5642,98309834,26.5296099,-81.9089682,3,,
"POINT (-81.9088872 26.5309836)",5643,98309849,26.5309836,-81.9088872,1,turning_circle,
"POINT (-81.869839 26.517154)",5649,98310377,26.517154,-81.869839,3,,
"POINT (-81.9095846 26.5276565)",5680,98311425,26.5276565,-81.9095846,1,turning_loop,
"POINT (-81.891475 26.523467)",5690,98311820,26.523467,-81.891475,4,,
"POINT (-81.891532 26.526244)",5691,98311822,26.526244,-81.891532,4,,
"POINT (-81.891551 26.52715)",5692,98311823,26.52715,-81.891551,3,,
"POINT (-81.8915756 26.5282664)",5693,98311828,26.5282664,-81.8915756,4,,
"POINT (-81.89091 26.529402)",5694,98311844,26.529402,-81.89091,3,,
"POINT (-81.8884864 26.5296634)",5695,98311853,26.5296634,-81.8884864,4,,
"POINT (-81.887142 26.529597)",5696,98311858,26.529597,-81.887142,4,traffic_signals,
"POINT (-81.891498 26.528923)",5697,98311878,26.528923,-81.891498,4,,
"POINT (-81.891662 26.528271)",5698,98311887,26.528271,-81.891662,3,,
"POINT (-81.8916037 26.5249182)",5699,98311892,26.5249182,-81.8916037,4,,
"POINT (-81.8915914 26.5217301)",5700,98311904,26.5217301,-81.8915914,3,,
"POINT (-81.895057 26.521594)",5701,98311908,26.521594,-81.895057,3,,
"POINT (-81.872001 26.524654)",5704,98312217,26.524654,-81.872001,3,,
"POINT (-81.912655 26.498937)",5707,98312842,26.498937,-81.912655,3,,
"POINT (-81.912718 26.498697)",5708,98312856,26.498697,-81.912718,3,,
"POINT (-81.912621 26.498749)",5709,98312859,26.498749,-81.912621,3,,
"POINT (-81.911115 26.500522)",5710,98312864,26.500522,-81.911115,4,,
"POINT (-81.89514 26.419287)",5713,98313024,26.419287,-81.89514,1,,
"POINT (-81.895124 26.40765)",5744,98315980,26.40765,-81.895124,3,,
"POINT (-81.8944768 26.4080993)",5745,98315994,26.4080993,-81.8944768,1,,
"POINT (-81.893942 26.406458)",5746,98315998,26.406458,-81.893942,3,,
"POINT (-81.894066 26.406527)",5747,98316007,26.406527,-81.894066,3,,
"POINT (-81.8987379 26.4200845)",5749,98316112,26.4200845,-81.8987379,1,turning_loop,
"POINT (-81.895135 26.527942)",5751,98316221,26.527942,-81.895135,3,,
"POINT (-81.895283 26.527411)",5752,98316235,26.527411,-81.895283,3,,
"POINT (-81.892501 26.524376)",5753,98316281,26.524376,-81.892501,3,,
"POINT (-81.8919743 26.52489)",5754,98316297,26.52489,-81.8919743,5,,
"POINT (-81.899442 26.497665)",5769,98316787,26.497665,-81.899442,3,,
"POINT (-81.899394 26.495185)",5770,98316790,26.495185,-81.899394,3,,
"POINT (-81.90816 26.429341)",5776,98317275,26.429341,-81.90816,3,,
"POINT (-81.903355 26.526915)",5786,98318230,26.526915,-81.903355,1,,
"POINT (-81.902964 26.526907)",5787,98318236,26.526907,-81.902964,3,,
"POINT (-81.901675 26.526132)",5788,98318248,26.526132,-81.901675,3,,
"POINT (-81.8981544 26.5250372)",5799,98319178,26.5250372,-81.8981544,3,,
"POINT (-81.8955087 26.5250691)",5800,98319184,26.5250691,-81.8955087,1,turning_loop,
"POINT (-81.877725 26.520052)",5801,98319724,26.520052,-81.877725,3,,
"POINT (-81.878364 26.521222)",5802,98319733,26.521222,-81.878364,4,,
"POINT (-81.878168 26.520183)",5803,98319756,26.520183,-81.878168,3,,
"POINT (-81.898735 26.526437)",5865,98323662,26.526437,-81.898735,3,,
"POINT (-81.898743 26.526946)",5866,98323736,26.526946,-81.898743,3,,
"POINT (-81.864767 26.485948)",5896,98326756,26.485948,-81.864767,3,,
"POINT (-81.873606 26.524638)",5900,98326951,26.524638,-81.873606,3,,
"POINT (-81.900298 26.424095)",5925,98329901,26.424095,-81.900298,1,,
"POINT (-81.904205 26.503369)",5961,98333702,26.503369,-81.904205,3,,
"POINT (-81.904066 26.503409)",5962,98333706,26.503409,-81.904066,3,,
"POINT (-81.910994 26.501517)",5963,98333727,26.501517,-81.910994,4,,
"POINT (-81.907977 26.503513)",5964,98333793,26.503513,-81.907977,4,,
"POINT (-81.9055181 26.525628)",5975,98334787,26.525628,-81.9055181,1,turning_loop,
"POINT (-81.905058 26.525629)",5976,98334810,26.525629,-81.905058,3,,
"POINT (-81.89307 26.512903)",6023,98337838,26.512903,-81.89307,4,,
"POINT (-81.891627 26.512925)",6024,98337844,26.512925,-81.891627,1,turning_circle,
"POINT (-81.897971 26.527462)",6035,98338471,26.527462,-81.897971,1,,
"POINT (-81.904424 26.523918)",6047,98339443,26.523918,-81.904424,3,,
"POINT (-81.904488 26.523858)",6048,98339445,26.523858,-81.904488,3,,
"POINT (-81.90504 26.52445)",6049,98339503,26.52445,-81.90504,3,,
"POINT (-81.901482 26.530869)",6050,98339911,26.530869,-81.901482,3,,
"POINT (-81.906114 26.487165)",6070,98341638,26.487165,-81.906114,3,,
"POINT (-81.905397 26.483284)",6071,98341682,26.483284,-81.905397,3,,
"POINT (-81.904386 26.483056)",6072,98341694,26.483056,-81.904386,3,,
"POINT (-81.903783 26.483233)",6073,98341709,26.483233,-81.903783,3,,
"POINT (-81.903019 26.483331)",6074,98341731,26.483331,-81.903019,4,,
"POINT (-81.90281 26.487071)",6075,98341778,26.487071,-81.90281,3,,
"POINT (-81.9115144 26.5174007)",6083,98342148,26.5174007,-81.9115144,4,,
"POINT (-81.9107011 26.5174181)",6084,98342150,26.5174181,-81.9107011,4,,
"POINT (-81.9100959 26.5174149)",6085,98342152,26.5174149,-81.9100959,3,,
"POINT (-81.9090704 26.5167424)",6086,98342159,26.5167424,-81.9090704,3,,
"POINT (-81.9089898 26.5166942)",6087,98342161,26.5166942,-81.9089898,3,,
"POINT (-81.9083125 26.5164972)",6088,98342163,26.5164972,-81.9083125,3,,
"POINT (-81.9073099 26.5162514)",6089,98342168,26.5162514,-81.9073099,3,,
"POINT (-81.906703 26.5159548)",6090,98342172,26.5159548,-81.906703,3,,
"POINT (-81.904234 26.5156253)",6091,98342213,26.5156253,-81.904234,3,,
"POINT (-81.904473 26.5136411)",6092,98342222,26.5136411,-81.904473,3,,
"POINT (-81.9062324 26.5136154)",6093,98342233,26.5136154,-81.9062324,3,,
"POINT (-81.9065173 26.5138762)",6094,98342238,26.5138762,-81.9065173,3,,
"POINT (-81.899512 26.500459)",6095,98342290,26.500459,-81.899512,3,,
"POINT (-81.872445 26.514621)",6111,98343626,26.514621,-81.872445,2,,
"POINT (-81.872212 26.514714)",6112,98343640,26.514714,-81.872212,3,,
"POINT (-81.870924 26.51491)",6113,98343652,26.51491,-81.870924,3,,
"POINT (-81.872348 26.510436)",6114,98343919,26.510436,-81.872348,3,,
"POINT (-81.874264 26.517124)",6136,98348531,26.517124,-81.874264,3,,
"POINT (-81.8665703 26.5172344)",6137,98348597,26.5172344,-81.8665703,4,,
"POINT (-81.87876 26.515805)",6138,98348605,26.515805,-81.87876,3,,
"POINT (-81.87452 26.516747)",6139,98348836,26.516747,-81.87452,3,,
"POINT (-81.867197 26.495982)",6150,98351561,26.495982,-81.867197,3,,
"POINT (-81.86762 26.501849)",6151,98351644,26.501849,-81.86762,3,,
"POINT (-81.865657 26.524205)",6177,98354316,26.524205,-81.865657,1,,
"POINT (-81.865644 26.523409)",6178,98354327,26.523409,-81.865644,4,,
"POINT (-81.865638 26.522886)",6179,98354330,26.522886,-81.865638,1,,
"POINT (-81.893056 26.511996)",6203,98355906,26.511996,-81.893056,3,,
"POINT (-81.893049 26.511772)",6204,98355908,26.511772,-81.893049,3,,
"POINT (-81.893007 26.510444)",6205,98355917,26.510444,-81.893007,3,,
"POINT (-81.9042341 26.5185378)",6227,98357277,26.5185378,-81.9042341,3,,
"POINT (-81.9054207 26.5185209)",6228,98357279,26.5185209,-81.9054207,1,turning_loop,
"POINT (-81.8963143 26.5263308)",6387,98373403,26.5263308,-81.8963143,1,turning_loop,
"POINT (-81.867385 26.523393)",6399,98376247,26.523393,-81.867385,3,,
"POINT (-81.867396 26.524187)",6400,98376248,26.524187,-81.867396,1,,
"POINT (-81.905395 26.5244415)",6406,98377901,26.5244415,-81.905395,1,turning_loop,
"POINT (-81.912099 26.430994)",6428,98379275,26.430994,-81.912099,3,,
"POINT (-81.904088 26.505415)",6429,98379347,26.505415,-81.904088,3,,
"POINT (-81.917481 26.531905)",6469,98386589,26.531905,-81.917481,1,,
"POINT (-81.916128 26.531836)",6470,98386596,26.531836,-81.916128,1,,
"POINT (-81.8842667 26.5137691)",6472,98387285,26.5137691,-81.8842667,1,turning_loop,
"POINT (-81.885965 26.516731)",6473,98387420,26.516731,-81.885965,3,,
"POINT (-81.88617 26.516366)",6474,98387429,26.516366,-81.88617,3,,
"POINT (-81.890568 26.405328)",6484,98388518,26.405328,-81.890568,4,,
"POINT (-81.8893707 26.501295)",6517,98389689,26.501295,-81.8893707,1,turning_loop,
"POINT (-81.91053 26.521556)",6548,98392817,26.521556,-81.91053,3,,
"POINT (-81.868551 26.523385)",6550,98393647,26.523385,-81.868551,3,,
"POINT (-81.868557 26.524176)",6551,98393649,26.524176,-81.868557,1,,
"POINT (-81.8945818 26.4956031)",6564,98394314,26.4956031,-81.8945818,3,,
"POINT (-81.898117 26.4976813)",6565,98394398,26.4976813,-81.898117,3,,
"POINT (-81.893097 26.50544)",6566,98394567,26.50544,-81.893097,3,,
"POINT (-81.904968 26.532609)",6587,98396830,26.532609,-81.904968,3,,
"POINT (-81.918557 26.529708)",6589,98397009,26.529708,-81.918557,3,,
"POINT (-81.915033 26.530572)",6590,98397040,26.530572,-81.915033,3,,
"POINT (-81.904841 26.508878)",6600,98397564,26.508878,-81.904841,4,,
"POINT (-81.9064466 26.5098519)",6601,98397579,26.5098519,-81.9064466,3,,
"POINT (-81.911185 26.5111078)",6602,98397618,26.5111078,-81.911185,4,traffic_signals,
"POINT (-81.914733 26.436666)",6604,98397814,26.436666,-81.914733,1,,
"POINT (-81.9121318 26.4328927)",6642,98400774,26.4328927,-81.9121318,3,,
"POINT (-81.912123 26.433071)",6643,98400778,26.433071,-81.912123,1,,
"POINT (-81.864422 26.501722)",6646,98400918,26.501722,-81.864422,3,,
"POINT (-81.864212 26.501791)",6647,98400924,26.501791,-81.864212,3,,
"POINT (-81.9022512 26.4936681)",6652,98401135,26.4936681,-81.9022512,1,turning_loop,
"POINT (-81.90299 26.528776)",6753,98413031,26.528776,-81.90299,3,,
"POINT (-81.900616 26.5303)",6782,98415718,26.5303,-81.900616,3,,
"POINT (-81.9060979 26.4233454)",6795,98416001,26.4233454,-81.9060979,1,,
"POINT (-81.882149 26.520445)",6801,98416556,26.520445,-81.882149,3,,
"POINT (-81.882146 26.519865)",6802,98416582,26.519865,-81.882146,3,,
"POINT (-81.905671 26.425485)",6848,98420994,26.425485,-81.905671,3,,
"POINT (-81.899521 26.526692)",6853,98421417,26.526692,-81.899521,3,,
"POINT (-81.910223 26.430401)",6862,98421825,26.430401,-81.910223,3,,
"POINT (-81.908923 26.430985)",6863,98421833,26.430985,-81.908923,3,,
"POINT (-81.9155863 26.5186199)",6875,98422831,26.5186199,-81.9155863,3,,
"POINT (-81.9121332 26.5161827)",6876,98422837,26.5161827,-81.9121332,3,,
"POINT (-81.9121513 26.5174025)",6877,98422871,26.5174025,-81.9121513,4,,
"POINT (-81.864469 26.522488)",6879,98423326,26.522488,-81.864469,1,,
"POINT (-81.864434 26.519309)",6880,98423351,26.519309,-81.864434,1,,
"POINT (-81.9056235 26.5227617)",6886,98424246,26.5227617,-81.9056235,1,turning_loop,
"POINT (-81.9051523 26.4240411)",6966,98428988,26.4240411,-81.9051523,3,,
"POINT (-81.902807 26.425754)",6967,98428992,26.425754,-81.902807,1,,
"POINT (-81.864885 26.487132)",6980,98430249,26.487132,-81.864885,3,,
"POINT (-81.90914 26.430056)",6990,98431359,26.430056,-81.90914,1,,
"POINT (-81.907709 26.494436)",7006,98432973,26.494436,-81.907709,4,,
"POINT (-81.866806 26.523398)",7030,98435295,26.523398,-81.866806,4,,
"POINT (-81.9091705 26.5135123)",7038,98436459,26.5135123,-81.9091705,3,,
"POINT (-81.909204 26.5149731)",7039,98436464,26.5149731,-81.909204,3,,
"POINT (-81.9092213 26.5162462)",7040,98436466,26.5162462,-81.9092213,3,,
"POINT (-81.905099 26.489743)",7068,98438883,26.489743,-81.905099,3,,
"POINT (-81.866779 26.521177)",7071,98439199,26.521177,-81.866779,1,,
"POINT (-81.866813 26.524192)",7072,98439207,26.524192,-81.866813,1,,
"POINT (-81.908382 26.425036)",7077,98440048,26.425036,-81.908382,1,,
"POINT (-81.909856 26.525851)",7147,98447068,26.525851,-81.909856,3,,
"POINT (-81.9100635 26.5261106)",7148,98447069,26.5261106,-81.9100635,3,,
"POINT (-81.907117 26.517679)",7156,98448028,26.517679,-81.907117,4,,
"POINT (-81.9063133 26.5197458)",7157,98448068,26.5197458,-81.9063133,1,turning_loop,
"POINT (-81.902795 26.489004)",7177,98449429,26.489004,-81.902795,3,,
"POINT (-81.899215 26.488838)",7178,98449443,26.488838,-81.899215,3,,
"POINT (-81.8711466 26.5278643)",7183,98450571,26.5278643,-81.8711466,4,traffic_signals,
"POINT (-81.8711471 26.528023)",7186,98450668,26.528023,-81.8711471,4,traffic_signals,
"POINT (-81.9105583 26.5137835)",7247,98457384,26.5137835,-81.9105583,3,,
"POINT (-81.908127 26.5136202)",7248,98457411,26.5136202,-81.908127,1,turning_loop,
"POINT (-81.911144 26.5028266)",7249,98457424,26.5028266,-81.911144,4,traffic_signals,
"POINT (-81.911062 26.5052451)",7250,98457530,26.5052451,-81.911062,4,,
"POINT (-81.911025 26.503635)",7251,98457536,26.503635,-81.911025,3,,
"POINT (-81.911013 26.503199)",7252,98457539,26.503199,-81.911013,4,traffic_signals,
"POINT (-81.9110099 26.5029514)",7253,98457552,26.5029514,-81.9110099,4,traffic_signals,
"POINT (-81.9111494 26.503081)",7254,98457630,26.503081,-81.9111494,4,traffic_signals,
"POINT (-81.902787 26.486675)",7257,98458155,26.486675,-81.902787,3,,
"POINT (-81.9091195 26.5020378)",7258,98458503,26.5020378,-81.9091195,3,,
"POINT (-81.911169 26.532453)",7269,98460971,26.532453,-81.911169,3,,
"POINT (-81.88126 26.5197)",7322,98469039,26.5197,-81.88126,1,,
"POINT (-81.881931 26.520442)",7323,98469066,26.520442,-81.881931,3,,
"POINT (-81.8650364 26.5153406)",7399,98482391,26.5153406,-81.8650364,5,traffic_signals,
"POINT (-81.8872679 26.5236897)",7417,98484037,26.5236897,-81.8872679,3,,
"POINT (-81.887261 26.522904)",7418,98484043,26.522904,-81.887261,3,,
"POINT (-81.8990449 26.489888)",7442,98485984,26.489888,-81.8990449,1,turning_loop,
"POINT (-81.865714 26.502154)",7445,98487541,26.502154,-81.865714,3,,
"POINT (-81.894429 26.511977)",7464,98489507,26.511977,-81.894429,1,turning_circle,
"POINT (-81.909094 26.43224)",7470,98490148,26.43224,-81.909094,3,,
"POINT (-81.908946 26.432149)",7471,98490196,26.432149,-81.908946,3,,
"POINT (-81.908011 26.432311)",7472,98490217,26.432311,-81.908011,1,,
"POINT (-81.867357 26.521174)",7497,98494565,26.521174,-81.867357,1,,
"POINT (-81.8944647 26.5128935)",7507,98498433,26.5128935,-81.8944647,1,turning_loop,
"POINT (-81.918991 26.528574)",7523,98501922,26.528574,-81.918991,3,,
"POINT (-81.918836 26.528718)",7524,98502011,26.528718,-81.918836,3,,
"POINT (-81.9009614 26.4119186)",7541,98504727,26.4119186,-81.9009614,3,,
"POINT (-81.9009407 26.411843)",7542,98504747,26.411843,-81.9009407,3,,
"POINT (-81.8902041 26.5086138)",7566,98510138,26.5086138,-81.8902041,1,turning_loop,
"POINT (-81.8909333 26.5060162)",7567,98510173,26.5060162,-81.8909333,1,turning_loop,
"POINT (-81.8911054 26.5271156)",7568,98510181,26.5271156,-81.8911054,5,,
"POINT (-81.89805 26.526444)",7576,98513443,26.526444,-81.89805,1,,
"POINT (-81.9142988 26.5173978)",7580,98514436,26.5173978,-81.9142988,1,turning_circle,
"POINT (-81.9126202 26.4328824)",7590,98516965,26.4328824,-81.9126202,1,,
"POINT (-81.9082066 26.5280611)",7597,98518757,26.5280611,-81.9082066,1,,
"POINT (-81.909107 26.525859)",7598,98518787,26.525859,-81.909107,3,,
"POINT (-81.8975505 26.4902182)",7634,98524121,26.4902182,-81.8975505,3,,
"POINT (-81.8975692 26.4900298)",7635,98524144,26.4900298,-81.8975692,3,,
"POINT (-81.8743093 26.5188163)",7660,98530199,26.5188163,-81.8743093,3,,
"POINT (-81.873476 26.521905)",7674,98535017,26.521905,-81.873476,3,,
"POINT (-81.899243 26.522398)",7679,98536616,26.522398,-81.899243,1,,
"POINT (-81.8999483 26.4200814)",7695,98538693,26.4200814,-81.8999483,1,turning_loop,
"POINT (-81.8982349 26.5077917)",7724,98545057,26.5077917,-81.8982349,3,,
"POINT (-81.895717 26.507868)",7725,98545093,26.507868,-81.895717,3,,
"POINT (-81.890541 26.503707)",7726,98545204,26.503707,-81.890541,4,,
"POINT (-81.890133 26.503569)",7727,98545219,26.503569,-81.890133,4,,
"POINT (-81.8898448 26.5033166)",7728,98545222,26.5033166,-81.8898448,3,,
"POINT (-81.9074936 26.5293822)",7753,98549800,26.5293822,-81.9074936,1,turning_loop,
"POINT (-81.91865 26.434986)",7757,98550561,26.434986,-81.91865,3,,
"POINT (-81.9027247 26.4806554)",7764,98551612,26.4806554,-81.9027247,1,turning_circle,
"POINT (-81.915656 26.437147)",7805,98558374,26.437147,-81.915656,1,,
"POINT (-81.898075 26.526956)",7806,98558387,26.526956,-81.898075,1,,
"POINT (-81.88986 26.516011)",7808,98558743,26.516011,-81.88986,3,,
"POINT (-81.888349 26.514373)",7809,98558823,26.514373,-81.888349,3,,
"POINT (-81.887808 26.514316)",7810,98558831,26.514316,-81.887808,3,turning_circle,
"POINT (-81.9080466 26.5149937)",7811,98560194,26.5149937,-81.9080466,1,turning_loop,
"POINT (-81.907998 26.429324)",7812,98560201,26.429324,-81.907998,3,,
"POINT (-81.905493 26.425469)",7836,98565023,26.425469,-81.905493,3,,
"POINT (-81.8871106 26.5280328)",7915,98576401,26.5280328,-81.8871106,3,,
"POINT (-81.8870044 26.5296017)",7918,98577158,26.5296017,-81.8870044,3,traffic_signals,
"POINT (-81.8875127 26.5245658)",7919,98577183,26.5245658,-81.8875127,3,,
"POINT (-81.8879154 26.5238458)",7920,98577194,26.5238458,-81.8879154,3,,
"POINT (-81.8941015 26.5178814)",7921,98577223,26.5178814,-81.8941015,3,,
"POINT (-81.8991409 26.5138652)",7922,98577244,26.5138652,-81.8991409,3,,
"POINT (-81.873193 26.5196021)",7936,98580224,26.5196021,-81.873193,3,,
"POINT (-81.8963966 26.4202244)",7938,98580739,26.4202244,-81.8963966,1,turning_loop,
"POINT (-81.9129483 26.5102975)",7943,98581240,26.5102975,-81.9129483,3,,
"POINT (-81.9130212 26.510135)",7944,98581249,26.510135,-81.9130212,3,,
"POINT (-81.9128772 26.5101294)",7945,98581253,26.5101294,-81.9128772,3,,
"POINT (-81.877747 26.52213)",7955,98582945,26.52213,-81.877747,1,,
"POINT (-81.9013595 26.5205939)",7964,384230105,26.5205939,-81.9013595,4,,
"POINT (-81.9113932 26.5204535)",7965,384230115,26.5204535,-81.9113932,4,,
"POINT (-81.9115697 26.5204521)",7966,384230116,26.5204521,-81.9115697,4,,
"POINT (-81.9079431 26.5163088)",8122,537942416,26.5163088,-81.9079431,3,,
"POINT (-81.9111409 26.5015148)",8140,612760907,26.5015148,-81.9111409,4,,
"POINT (-81.9110594 26.505131)",8141,612760941,26.505131,-81.9110594,4,,
"POINT (-81.9283714 26.49478)",8142,612761038,26.49478,-81.9283714,3,,
"POINT (-81.9109898 26.5005261)",8143,612761051,26.5005261,-81.9109898,3,,
"POINT (-81.9047111 26.5087448)",8144,612761809,26.5087448,-81.9047111,3,,
"POINT (-81.891147 26.5208605)",8145,614657492,26.5208605,-81.891147,4,traffic_signals,
"POINT (-81.8914585 26.5206017)",8146,614657494,26.5206017,-81.8914585,4,traffic_signals,
"POINT (-81.8928461 26.5193369)",8147,614657499,26.5193369,-81.8928461,3,,
"POINT (-81.8947443 26.5176244)",8148,614657501,26.5176244,-81.8947443,3,,
"POINT (-81.8961175 26.5205452)",8149,614657561,26.5205452,-81.8961175,3,,
"POINT (-81.8870831 26.520853)",8150,614657603,26.520853,-81.8870831,3,,
"POINT (-81.8910028 26.5206065)",8151,614657650,26.5206065,-81.8910028,4,traffic_signals,
"POINT (-81.8907132 26.5208696)",8152,614657692,26.5208696,-81.8907132,4,traffic_signals,
"POINT (-81.9067353 26.5205352)",8281,681211172,26.5205352,-81.9067353,4,traffic_signals,
"POINT (-81.9068547 26.520535)",8282,681211173,26.520535,-81.9068547,4,traffic_signals,
"POINT (-81.8713519 26.5280188)",8283,681211228,26.5280188,-81.8713519,4,traffic_signals,
"POINT (-81.906199 26.422994)",8332,1335983161,26.422994,-81.906199,1,,
"POINT (-81.9052548 26.4231484)",8333,1335983164,26.4231484,-81.9052548,3,,
"POINT (-81.9059811 26.4228021)",8334,1335983167,26.4228021,-81.9059811,1,,
"POINT (-81.905652 26.4228343)",8335,1335983169,26.4228343,-81.905652,3,,
"POINT (-81.9048436 26.4231214)",8336,1335983175,26.4231214,-81.9048436,3,,
"POINT (-81.9053602 26.4232705)",8337,1335983177,26.4232705,-81.9053602,3,,
"POINT (-81.9057624 26.4229646)",8338,1335983179,26.4229646,-81.9057624,3,,
"POINT (-81.9023122 26.4159553)",8340,1387634859,26.4159553,-81.9023122,1,,
"POINT (-81.9015149 26.4162967)",8341,1387634866,26.4162967,-81.9015149,3,,
"POINT (-81.9012646 26.4163693)",8342,1387634867,26.4163693,-81.9012646,4,,
"POINT (-81.9017534 26.4170233)",8343,1387634872,26.4170233,-81.9017534,3,,
"POINT (-81.9025344 26.4170254)",8344,1387634873,26.4170254,-81.9025344,1,,
"POINT (-81.901522 26.4170568)",8345,1387634874,26.4170568,-81.901522,3,,
"POINT (-81.9057548 26.4225552)",8346,1387634887,26.4225552,-81.9057548,1,,
"POINT (-81.9057857 26.4227285)",8347,1387634893,26.4227285,-81.9057857,1,,
"POINT (-81.9055801 26.4228912)",8348,1387634904,26.4228912,-81.9055801,3,,
"POINT (-81.904094 26.4219942)",8349,1387637810,26.4219942,-81.904094,3,,
"POINT (-81.9038304 26.4221175)",8350,1387637811,26.4221175,-81.9038304,3,,
"POINT (-81.904142 26.4225292)",8351,1390578781,26.4225292,-81.904142,3,,
"POINT (-81.9045054 26.4230508)",8352,1390578786,26.4230508,-81.9045054,3,,
"POINT (-81.9043382 26.4232349)",8353,1390578792,26.4232349,-81.9043382,2,,
"POINT (-81.9045607 26.4234512)",8354,1390578798,26.4234512,-81.9045607,3,,
"POINT (-81.9046956 26.4216814)",8355,1390589090,26.4216814,-81.9046956,3,,
"POINT (-81.9049483 26.4220778)",8356,1390589102,26.4220778,-81.9049483,3,,
"POINT (-81.9044404 26.4221855)",8357,1390589103,26.4221855,-81.9044404,3,,
"POINT (-81.9042837 26.4222778)",8358,1390589104,26.4222778,-81.9042837,3,,
"POINT (-81.9126647 26.4317455)",8367,1412670487,26.4317455,-81.9126647,1,,
"POINT (-81.913293 26.5253917)",8368,1412809413,26.5253917,-81.913293,1,,
"POINT (-81.913437 26.5254177)",8369,1412809414,26.5254177,-81.913437,4,,
"POINT (-81.9135704 26.5265673)",8370,1412809541,26.5265673,-81.9135704,1,,
"POINT (-81.882006 26.5243302)",8371,1422404625,26.5243302,-81.882006,3,,
"POINT (-81.8768617 26.5245768)",8372,1422404633,26.5245768,-81.8768617,4,traffic_signals,
"POINT (-81.8778464 26.5244384)",8373,1422404711,26.5244384,-81.8778464,3,,
"POINT (-81.8778489 26.5245467)",8374,1422404762,26.5245467,-81.8778489,3,,
"POINT (-81.8826832 26.5244897)",8375,1422404844,26.5244897,-81.8826832,1,,
"POINT (-81.8769033 26.52447)",8376,1422404873,26.52447,-81.8769033,4,traffic_signals,
"POINT (-81.8786357 26.5246151)",8377,1422404906,26.5246151,-81.8786357,3,,
"POINT (-81.8816496 26.5243561)",8378,1422404968,26.5243561,-81.8816496,3,,
"POINT (-81.8945955 26.4920841)",8451,1440323397,26.4920841,-81.8945955,3,,
"POINT (-81.8944409 26.4920896)",8452,1440323400,26.4920896,-81.8944409,3,,
"POINT (-81.8909631 26.4922065)",8453,1440323429,26.4922065,-81.8909631,3,,
"POINT (-81.8945793 26.492214)",8454,1440323433,26.492214,-81.8945793,3,,
"POINT (-81.8928686 26.4934235)",8455,1440323686,26.4934235,-81.8928686,1,turning_loop,
"POINT (-81.898016 26.4936598)",8456,1440323700,26.4936598,-81.898016,3,,
"POINT (-81.898768 26.4936968)",8457,1440323710,26.4936968,-81.898768,3,,
"POINT (-81.8982826 26.4937021)",8458,1440323713,26.4937021,-81.8982826,3,,
"POINT (-81.8979802 26.4937272)",8459,1440323717,26.4937272,-81.8979802,3,,
"POINT (-81.898771 26.4938212)",8460,1440323733,26.4938212,-81.898771,3,,
"POINT (-81.8982791 26.4938261)",8461,1440323735,26.4938261,-81.8982791,3,,
"POINT (-81.8948533 26.4942172)",8462,1440323812,26.4942172,-81.8948533,3,,
"POINT (-81.8912843 26.4942692)",8463,1440323823,26.4942692,-81.8912843,3,,
"POINT (-81.8948318 26.4943432)",8464,1440323834,26.4943432,-81.8948318,3,,
"POINT (-81.8949889 26.4943447)",8465,1440323835,26.4943447,-81.8949889,3,,
"POINT (-81.891424 26.4943948)",8466,1440323845,26.4943948,-81.891424,3,,
"POINT (-81.8912675 26.4944003)",8467,1440323847,26.4944003,-81.8912675,3,,
"POINT (-81.8928911 26.4944794)",8468,1440323868,26.4944794,-81.8928911,3,,
"POINT (-81.8985442 26.4831017)",8469,1440328089,26.4831017,-81.8985442,3,,
"POINT (-81.8982898 26.4830745)",8470,1440328091,26.4830745,-81.8982898,3,,
"POINT (-81.8979074 26.4832181)",8471,1440328095,26.4832181,-81.8979074,4,,
"POINT (-81.8985473 26.4831945)",8472,1440328100,26.4831945,-81.8985473,3,,
"POINT (-81.8982868 26.483152)",8473,1440328103,26.483152,-81.8982868,3,,
"POINT (-81.8769002 26.4050248)",8517,1620821904,26.4050248,-81.8769002,3,,
"POINT (-81.8753792 26.4037721)",8518,1621351072,26.4037721,-81.8753792,3,,
"POINT (-81.8715112 26.4023697)",8519,1623448481,26.4023697,-81.8715112,3,,
"POINT (-81.8704571 26.4013486)",8520,1623448491,26.4013486,-81.8704571,3,,
"POINT (-81.8719609 26.4019283)",8521,1623448499,26.4019283,-81.8719609,3,,
"POINT (-81.9003683 26.5129941)",8574,1715951933,26.5129941,-81.9003683,4,,
"POINT (-81.8894093 26.5205944)",8575,1715951936,26.5205944,-81.8894093,3,,
"POINT (-81.8915003 26.5249096)",8601,1754856875,26.5249096,-81.8915003,4,,
"POINT (-81.8916219 26.5262429)",8602,1754856878,26.5262429,-81.8916219,3,,
"POINT (-81.912091 26.5019644)",8604,1756886988,26.5019644,-81.912091,3,,
"POINT (-81.9111417 26.5023017)",8605,1756886991,26.5023017,-81.9111417,3,,
"POINT (-81.9103417 26.5038187)",8606,1756887004,26.5038187,-81.9103417,3,,
"POINT (-81.9161479 26.5104889)",8607,1756887011,26.5104889,-81.9161479,3,,
"POINT (-81.9129712 26.5112105)",8608,1756887021,26.5112105,-81.9129712,4,,
"POINT (-81.9078897 26.5165446)",8609,1756887030,26.5165446,-81.9078897,3,,
"POINT (-81.9113324 26.5174061)",8610,1756887038,26.5174061,-81.9113324,4,,
"POINT (-81.9074574 26.517725)",8611,1756887039,26.517725,-81.9074574,4,,
"POINT (-81.9251152 26.5182266)",8612,1756887055,26.5182266,-81.9251152,4,traffic_signals,
"POINT (-81.9155069 26.518622)",8613,1756887069,26.518622,-81.9155069,3,,
"POINT (-81.9195692 26.5199131)",8614,1756887083,26.5199131,-81.9195692,3,traffic_signals,
"POINT (-81.9156205 26.5202085)",8615,1756887096,26.5202085,-81.9156205,4,,
"POINT (-81.9155169 26.5202091)",8616,1756887097,26.5202091,-81.9155169,4,,
"POINT (-81.9115591 26.5202661)",8617,1756887102,26.5202661,-81.9115591,4,,
"POINT (-81.9113816 26.5202779)",8618,1756887103,26.5202779,-81.9113816,4,,
"POINT (-81.9068492 26.5203577)",8619,1756887108,26.5203577,-81.9068492,4,traffic_signals,
"POINT (-81.9067414 26.5203593)",8620,1756887110,26.5203593,-81.9067414,4,traffic_signals,
"POINT (-81.915513 26.520385)",8621,1756887111,26.520385,-81.915513,4,,
"POINT (-81.9019107 26.5204155)",8622,1756887114,26.5204155,-81.9019107,3,,
"POINT (-81.9156363 26.5206451)",8623,1756887129,26.5206451,-81.9156363,3,,
"POINT (-81.9155407 26.5206677)",8624,1756887130,26.5206677,-81.9155407,4,,
"POINT (-81.918411 26.5207053)",8625,1756887134,26.5207053,-81.918411,1,turning_loop,
"POINT (-81.9159924 26.521134)",8626,1756887154,26.521134,-81.9159924,4,,
"POINT (-81.9177329 26.5211474)",8627,1756887155,26.5211474,-81.9177329,3,,
"POINT (-81.9158941 26.5211792)",8628,1756887157,26.5211792,-81.9158941,4,,
"POINT (-81.9113925 26.5216175)",8629,1756887166,26.5216175,-81.9113925,3,,
"POINT (-81.9160269 26.5215578)",8630,1756887167,26.5215578,-81.9160269,3,,
"POINT (-81.9116001 26.5216186)",8631,1756887169,26.5216186,-81.9116001,3,,
"POINT (-81.9190252 26.5227439)",8632,1756887184,26.5227439,-81.9190252,4,,
"POINT (-81.9160658 26.5234062)",8633,1756887198,26.5234062,-81.9160658,3,,
"POINT (-81.9078743 26.5060822)",8672,1757897173,26.5060822,-81.9078743,3,,
"POINT (-81.9086753 26.5066118)",8673,1757897174,26.5066118,-81.9086753,3,,
"POINT (-81.9076823 26.5062584)",8674,1757897176,26.5062584,-81.9076823,4,,
"POINT (-81.9091456 26.5054698)",8675,1757897202,26.5054698,-81.9091456,3,,
"POINT (-81.9105228 26.5065286)",8676,1757897207,26.5065286,-81.9105228,3,,
"POINT (-81.9086534 26.5059295)",8677,1757897217,26.5059295,-81.9086534,3,,
"POINT (-81.9087802 26.5060421)",8678,1757897224,26.5060421,-81.9087802,3,,
"POINT (-81.9111185 26.5076375)",8679,1757897226,26.5076375,-81.9111185,3,,
"POINT (-81.9086992 26.5070471)",8680,1757897228,26.5070471,-81.9086992,3,,
"POINT (-81.9111168 26.5075656)",8681,1757897229,26.5075656,-81.9111168,3,,
"POINT (-81.9101543 26.5077481)",8682,1757897234,26.5077481,-81.9101543,3,,
"POINT (-81.9094842 26.5074684)",8683,1757897242,26.5074684,-81.9094842,3,,
"POINT (-81.9100101 26.5069925)",8684,1757897244,26.5069925,-81.9100101,3,,
"POINT (-81.9101605 26.5079088)",8685,1757897247,26.5079088,-81.9101605,3,,
"POINT (-81.9096813 26.5075363)",8686,1757897249,26.5075363,-81.9096813,3,,
"POINT (-81.910734 26.5070196)",8687,1757897251,26.5070196,-81.910734,1,,
"POINT (-81.9086629 26.5068358)",8688,1757897254,26.5068358,-81.9086629,3,,
"POINT (-81.908798 26.5069567)",8689,1757897259,26.5069567,-81.908798,3,,
"POINT (-81.9083721 26.5067772)",8690,1757897261,26.5067772,-81.9083721,3,,
"POINT (-81.9105284 26.5067853)",8691,1757897273,26.5067853,-81.9105284,3,,
"POINT (-81.9102727 26.5074948)",8692,1757897275,26.5074948,-81.9102727,1,,
"POINT (-81.9092822 26.5055855)",8693,1757897278,26.5055855,-81.9092822,4,,
"POINT (-81.9102754 26.5052554)",8694,1757897282,26.5052554,-81.9102754,4,,
"POINT (-81.9095421 26.5058056)",8695,1757897285,26.5058056,-81.9095421,4,,
"POINT (-81.9085395 26.5064968)",8696,1757897287,26.5064968,-81.9085395,4,,
"POINT (-81.9093409 26.5074191)",8697,1757897296,26.5074191,-81.9093409,3,,
"POINT (-81.9096649 26.5059249)",8698,1757897297,26.5059249,-81.9096649,3,,
"POINT (-81.9089088 26.5061562)",8699,1757897299,26.5061562,-81.9089088,4,,
"POINT (-81.9093148 26.5053118)",8700,1757897301,26.5053118,-81.9093148,3,,
"POINT (-81.90904 26.5062726)",8701,1757897304,26.5062726,-81.90904,4,,
"POINT (-81.9101002 26.5053376)",8702,1757897309,26.5053376,-81.9101002,3,,
"POINT (-81.9101388 26.507348)",8703,1757897316,26.507348,-81.9101388,3,,
"POINT (-81.9107751 26.5077304)",8704,1757897320,26.5077304,-81.9107751,1,,
"POINT (-81.9105324 26.5069678)",8705,1757897325,26.5069678,-81.9105324,4,,
"POINT (-81.9094395 26.5051954)",8706,1757897327,26.5051954,-81.9094395,3,,
"POINT (-81.9092966 26.5065004)",8707,1757897329,26.5065004,-81.9092966,3,,
"POINT (-81.9101491 26.5076136)",8708,1757897349,26.5076136,-81.9101491,3,,
"POINT (-81.9097052 26.5055232)",8709,1757897356,26.5055232,-81.9097052,3,,
"POINT (-81.9097514 26.5070346)",8710,1757897359,26.5070346,-81.9097514,3,,
"POINT (-81.9102642 26.5072269)",8711,1757897360,26.5072269,-81.9102642,4,,
"POINT (-81.9105181 26.5063126)",8712,1757897362,26.5063126,-81.9105181,3,,
"POINT (-81.9091566 26.5073349)",8713,1757897368,26.5073349,-81.9091566,3,,
"POINT (-81.9097913 26.5060478)",8714,1757897371,26.5060478,-81.9097913,3,,
"POINT (-81.9083722 26.5066512)",8715,1757897373,26.5066512,-81.9083722,3,,
"POINT (-81.9091626 26.5063815)",8716,1757897391,26.5063815,-81.9091626,4,,
"POINT (-81.9102899 26.5072021)",8717,1757897393,26.5072021,-81.9102899,3,,
"POINT (-81.9101497 26.5071211)",8718,1757897396,26.5071211,-81.9101497,4,,
"POINT (-81.9105732 26.5076149)",8719,1757897403,26.5076149,-81.9105732,3,,
"POINT (-81.9081962 26.5066843)",8720,1757897409,26.5066843,-81.9081962,3,,
"POINT (-81.9082566 26.5066294)",8721,1757897422,26.5066294,-81.9082566,3,,
"POINT (-81.9104949 26.5052525)",8722,1757897427,26.5052525,-81.9104949,4,,
"POINT (-81.9084089 26.5063862)",8723,1757897430,26.5063862,-81.9084089,3,,
"POINT (-81.910732 26.5068382)",8724,1757897432,26.5068382,-81.910732,3,,
"POINT (-81.9101722 26.5082088)",8725,1757897434,26.5082088,-81.9101722,3,,
"POINT (-81.9082806 26.5062776)",8726,1757897436,26.5062776,-81.9082806,3,,
"POINT (-81.9104812 26.5051638)",8727,1757897447,26.5051638,-81.9104812,4,,
"POINT (-81.8996765 26.5141231)",8908,1762748196,26.5141231,-81.8996765,3,,
"POINT (-81.8994203 26.5143641)",8909,1762748198,26.5143641,-81.8994203,3,,
"POINT (-81.900973 26.5137592)",8910,1762748200,26.5137592,-81.900973,3,,
"POINT (-81.9019872 26.5132577)",8911,1762748202,26.5132577,-81.9019872,1,,
"POINT (-81.9006541 26.5134689)",8912,1762748204,26.5134689,-81.9006541,3,,
"POINT (-81.8999021 26.5151697)",8913,1762748205,26.5151697,-81.8999021,3,,
"POINT (-81.8993516 26.5150853)",8914,1762748212,26.5150853,-81.8993516,3,,
"POINT (-81.9013411 26.513857)",8915,1762748214,26.513857,-81.9013411,4,,
"POINT (-81.8995761 26.5148707)",8916,1762748216,26.5148707,-81.8995761,3,,
"POINT (-81.9011014 26.5136443)",8917,1762748218,26.5136443,-81.9011014,3,,
"POINT (-81.8992462 26.5145085)",8918,1762748219,26.5145085,-81.8992462,3,,
"POINT (-81.9004668 26.5146117)",8919,1762748220,26.5146117,-81.9004668,3,,
"POINT (-81.9007762 26.5133558)",8920,1762748222,26.5133558,-81.9007762,4,,
"POINT (-81.8995614 26.5142314)",8921,1762748224,26.5142314,-81.8995614,3,,
"POINT (-81.9008217 26.5143054)",8922,1762748228,26.5143054,-81.9008217,3,,
"POINT (-81.9013533 26.5128209)",8923,1762748230,26.5128209,-81.9013533,4,,
"POINT (-81.8997289 26.5150188)",8924,1762748232,26.5150188,-81.8997289,3,,
"POINT (-81.9010852 26.5140779)",8925,1762748235,26.5140779,-81.9010852,3,,
"POINT (-81.9009555 26.5141899)",8926,1762748237,26.5141899,-81.9009555,3,,
"POINT (-81.898704 26.5165239)",8927,1762748244,26.5165239,-81.898704,4,,
"POINT (-81.900851 26.5138684)",8928,1762748245,26.5138684,-81.900851,3,,
"POINT (-81.9019028 26.5133359)",8929,1762748246,26.5133359,-81.9019028,3,,
"POINT (-81.8994284 26.5149078)",8930,1762748247,26.5149078,-81.8994284,4,,
"POINT (-81.901757 26.5131993)",8931,1762748251,26.5131993,-81.901757,3,,
"POINT (-81.9005815 26.5145127)",8932,1762748252,26.5145127,-81.9005815,3,,
"POINT (-81.8998049 26.5154716)",8933,1762748258,26.5154716,-81.8998049,3,,
"POINT (-81.8992767 26.5154666)",8934,1762748260,26.5154666,-81.8992767,3,,
"POINT (-81.9005895 26.5141024)",8935,1762748261,26.5141024,-81.9005895,3,,
"POINT (-81.9014078 26.5127704)",8936,1762748262,26.5127704,-81.9014078,1,,
"POINT (-81.8999054 26.5139079)",8937,1762748265,26.5139079,-81.8999054,3,,
"POINT (-81.9003466 26.5147155)",8938,1762748268,26.5147155,-81.9003466,3,,
"POINT (-81.9000162 26.5150553)",8939,1762748270,26.5150553,-81.9000162,3,,
"POINT (-81.9012081 26.5139718)",8940,1762748271,26.5139718,-81.9012081,3,,
"POINT (-81.9007236 26.5139824)",8941,1762748272,26.5139824,-81.9007236,3,,
"POINT (-81.900115 26.5149261)",8942,1762748276,26.5149261,-81.900115,3,,
"POINT (-81.9004795 26.5142008)",8943,1762748278,26.5142008,-81.9004795,3,,
"POINT (-81.8994396 26.5150828)",8944,1762748284,26.5150828,-81.8994396,3,,
"POINT (-81.9000283 26.5137923)",8945,1762748285,26.5137923,-81.9000283,3,,
"POINT (-81.8993676 26.5156402)",8946,1762748288,26.5156402,-81.8993676,3,,
"POINT (-81.8997824 26.5140137)",8947,1762748292,26.5140137,-81.8997824,3,,
"POINT (-81.8994464 26.5143396)",8948,1762748296,26.5143396,-81.8994464,3,,
"POINT (-81.9001093 26.5137161)",8949,1762748297,26.5137161,-81.9001093,3,,
"POINT (-81.8995397 26.5146433)",8950,1762748298,26.5146433,-81.8995397,3,,
"POINT (-81.9003657 26.5127429)",8951,1762748299,26.5127429,-81.9003657,3,,
"POINT (-81.9002223 26.5148227)",8952,1762748306,26.5148227,-81.9002223,3,,
"POINT (-81.8998154 26.5156301)",8953,1762748308,26.5156301,-81.8998154,4,,
"POINT (-81.8993613 26.5154634)",8954,1762748309,26.5154634,-81.8993613,3,,
"POINT (-81.9007057 26.5144055)",8955,1762748310,26.5144055,-81.9007057,3,,
"POINT (-81.9027598 26.522155)",8956,1762750572,26.522155,-81.9027598,3,,
"POINT (-81.9028954 26.5219822)",8957,1762750583,26.5219822,-81.9028954,1,turning_loop,
"POINT (-81.9016955 26.5227488)",8958,1762750597,26.5227488,-81.9016955,2,,
"POINT (-81.9016772 26.5229206)",8959,1762750606,26.5229206,-81.9016772,2,,
"POINT (-81.9059537 26.4245528)",9437,1769035619,26.4245528,-81.9059537,3,,
"POINT (-81.9059228 26.424518)",9438,1769035621,26.424518,-81.9059228,3,,
"POINT (-81.8775861 26.4044233)",9780,1775637503,26.4044233,-81.8775861,1,,
"POINT (-81.8769069 26.4053612)",9781,1775637523,26.4053612,-81.8769069,3,,
"POINT (-81.8762313 26.4058121)",9782,1775637525,26.4058121,-81.8762313,3,,
"POINT (-81.8769378 26.4045478)",9783,1775637529,26.4045478,-81.8769378,3,,
"POINT (-81.8754457 26.4060161)",9784,1775637532,26.4060161,-81.8754457,1,,
"POINT (-81.8772536 26.404916)",9785,1775637536,26.404916,-81.8772536,3,,
"POINT (-81.8770491 26.4049792)",9786,1775637539,26.4049792,-81.8770491,3,,
"POINT (-81.8769731 26.4058445)",9787,1775637585,26.4058445,-81.8769731,1,,
"POINT (-81.8768768 26.4054304)",9788,1775637594,26.4054304,-81.8768768,3,,
"POINT (-81.8773474 26.4060713)",9789,1775637604,26.4060713,-81.8773474,1,,
"POINT (-81.8772876 26.4055816)",9790,1775637606,26.4055816,-81.8772876,3,,
"POINT (-81.8764461 26.4062251)",9791,1775637643,26.4062251,-81.8764461,1,,
"POINT (-81.8771382 26.4054462)",9792,1775637647,26.4054462,-81.8771382,3,,
"POINT (-81.8763925 26.4047429)",9793,1775637661,26.4047429,-81.8763925,3,,
"POINT (-81.8771057 26.4055201)",9794,1775637671,26.4055201,-81.8771057,4,,
"POINT (-81.8770684 26.4058079)",9795,1775637673,26.4058079,-81.8770684,3,,
"POINT (-81.8753733 26.4058695)",9796,1775637700,26.4058695,-81.8753733,1,,
"POINT (-81.876059 26.405792)",9797,1775637709,26.405792,-81.876059,4,,
"POINT (-81.8762664 26.4061602)",9798,1775637710,26.4061602,-81.8762664,1,,
"POINT (-81.8769273 26.4051684)",9799,1775637729,26.4051684,-81.8769273,3,,
"POINT (-81.8758307 26.4043155)",9800,1775637748,26.4043155,-81.8758307,3,,
"POINT (-81.87625 26.4060762)",9801,1775637759,26.4060762,-81.87625,3,,
"POINT (-81.8761959 26.4057813)",9802,1775637768,26.4057813,-81.8761959,3,,
"POINT (-81.8771247 26.4058719)",9803,1775637793,26.4058719,-81.8771247,3,,
"POINT (-81.8772163 26.404928)",9804,1775637803,26.404928,-81.8772163,3,,
"POINT (-81.8774572 26.4048642)",9805,1775637817,26.4048642,-81.8774572,3,,
"POINT (-81.8910915 26.4106046)",9806,1775763042,26.4106046,-81.8910915,3,,
"POINT (-81.8936589 26.4119013)",9807,1775763043,26.4119013,-81.8936589,3,,
"POINT (-81.8940607 26.4131101)",9808,1775763045,26.4131101,-81.8940607,1,,
"POINT (-81.8921032 26.4110555)",9809,1775763047,26.4110555,-81.8921032,3,,
"POINT (-81.8936911 26.4120526)",9810,1775763066,26.4120526,-81.8936911,1,,
"POINT (-81.8939051 26.4126945)",9811,1775763075,26.4126945,-81.8939051,1,,
"POINT (-81.8942851 26.4132065)",9812,1775763083,26.4132065,-81.8942851,3,,
"POINT (-81.893814 26.4116428)",9813,1775763089,26.4116428,-81.893814,3,,
"POINT (-81.895037 26.4140037)",9814,1775763090,26.4140037,-81.895037,1,,
"POINT (-81.8965968 26.4116037)",9815,1775763099,26.4116037,-81.8965968,3,,
"POINT (-81.8944076 26.4135685)",9816,1775763103,26.4135685,-81.8944076,3,,
"POINT (-81.894505 26.4136838)",9817,1775763107,26.4136838,-81.894505,3,,
"POINT (-81.8988779 26.4114718)",9818,1775763110,26.4114718,-81.8988779,2,,
"POINT (-81.8948042 26.4117858)",9819,1775763115,26.4117858,-81.8948042,3,,
"POINT (-81.894131 26.4118749)",9820,1775763126,26.4118749,-81.894131,1,,
"POINT (-81.8979216 26.4102621)",9821,1775763132,26.4102621,-81.8979216,3,,
"POINT (-81.8942624 26.4123096)",9822,1775763133,26.4123096,-81.8942624,1,,
"POINT (-81.8963565 26.4116113)",9823,1775763146,26.4116113,-81.8963565,3,,
"POINT (-81.8943516 26.4129544)",9824,1775763153,26.4129544,-81.8943516,4,,
"POINT (-81.8944072 26.4140488)",9825,1775763154,26.4140488,-81.8944072,1,,
"POINT (-81.8938574 26.4125546)",9826,1775763158,26.4125546,-81.8938574,3,,
"POINT (-81.8939995 26.4119061)",9827,1775763159,26.4119061,-81.8939995,3,,
"POINT (-81.894021 26.412507)",9828,1775763160,26.412507,-81.894021,3,,
"POINT (-81.8978318 26.4100816)",9829,1775763180,26.4100816,-81.8978318,3,,
"POINT (-81.8977163 26.4102415)",9830,1775763185,26.4102415,-81.8977163,3,,
"POINT (-81.8938246 26.4118778)",9831,1775763188,26.4118778,-81.8938246,3,,
"POINT (-81.8942029 26.4129972)",9832,1775763193,26.4129972,-81.8942029,3,,
"POINT (-81.8941471 26.4123882)",9833,1775763199,26.4123882,-81.8941471,4,,
"POINT (-81.8978158 26.4103007)",9834,1775763200,26.4103007,-81.8978158,3,,
"POINT (-81.8942785 26.4123552)",9835,1775763205,26.4123552,-81.8942785,3,,
"POINT (-81.8941122 26.4132512)",9836,1775763206,26.4132512,-81.8941122,3,,
"POINT (-81.8902895 26.4103475)",9837,1775763207,26.4103475,-81.8902895,1,,
"POINT (-81.8990769 26.4111518)",9838,1775763218,26.4111518,-81.8990769,2,,
"POINT (-81.8909499 26.4107722)",9839,1775763228,26.4107722,-81.8909499,1,,
"POINT (-81.8972387 26.4095597)",9840,1775763250,26.4095597,-81.8972387,3,,
"POINT (-81.8942967 26.4124135)",9841,1775763261,26.4124135,-81.8942967,1,,
"POINT (-81.8956056 26.4116206)",9842,1775763267,26.4116206,-81.8956056,3,,
"POINT (-81.8979362 26.4101435)",9843,1775763274,26.4101435,-81.8979362,3,,
"POINT (-81.8914731 26.4106493)",9844,1775763290,26.4106493,-81.8914731,3,,
"POINT (-81.8912562 26.4105095)",9845,1775763296,26.4105095,-81.8912562,3,,
"POINT (-81.8947473 26.4116306)",9846,1775763304,26.4116306,-81.8947473,3,,
"POINT (-81.8941739 26.4134266)",9847,1775763311,26.4134266,-81.8941739,1,,
"POINT (-81.8939957 26.4124263)",9848,1775763327,26.4124263,-81.8939957,3,,
"POINT (-81.8936369 26.4117961)",9849,1775763328,26.4117961,-81.8936369,1,,
"POINT (-81.8971374 26.4113229)",9850,1775763337,26.4113229,-81.8971374,4,,
"POINT (-81.893844 26.4119414)",9851,1775763345,26.4119414,-81.893844,3,,
"POINT (-81.8947393 26.4133551)",9852,1775763352,26.4133551,-81.8947393,1,,
"POINT (-81.8944684 26.412817)",9853,1775763360,26.412817,-81.8944684,1,,
"POINT (-81.897187 26.4113664)",9854,1775763364,26.4113664,-81.897187,4,,
"POINT (-81.8938273 26.4124591)",9855,1775763367,26.4124591,-81.8938273,1,,
"POINT (-81.8977655 26.4100902)",9856,1775763368,26.4100902,-81.8977655,3,,
"POINT (-81.8945413 26.4136796)",9857,1775763372,26.4136796,-81.8945413,3,,
"POINT (-81.8846489 26.5263791)",9896,1795943307,26.5263791,-81.8846489,3,,
"POINT (-81.8869767 26.5264762)",9897,1795943321,26.5264762,-81.8869767,4,,
"POINT (-81.8851223 26.5262575)",9898,1795943342,26.5262575,-81.8851223,4,,
"POINT (-81.8847901 26.5263282)",9899,1795943357,26.5263282,-81.8847901,3,,
"POINT (-81.8864469 26.5263788)",9900,1795943363,26.5263788,-81.8864469,4,,
"POINT (-81.8846392 26.5261752)",9901,1795943433,26.5261752,-81.8846392,3,,
"POINT (-81.885489 26.5262559)",9902,1795943566,26.5262559,-81.885489,4,,
"POINT (-81.8851112 26.5263615)",9903,1795943605,26.5263615,-81.8851112,4,,
"POINT (-81.8809052 26.5184585)",9904,1795943842,26.5184585,-81.8809052,1,,
"POINT (-81.8864373 26.526466)",9905,1795943989,26.526466,-81.8864373,3,,
"POINT (-81.8847917 26.5262257)",9906,1795944004,26.5262257,-81.8847917,3,,
"POINT (-81.8730066 26.5308394)",9907,1795962708,26.5308394,-81.8730066,3,,
"POINT (-81.8726075 26.5301341)",9908,1795962755,26.5301341,-81.8726075,3,,
"POINT (-81.8729583 26.529875)",9909,1795962758,26.529875,-81.8729583,3,,
"POINT (-81.8734218 26.5315883)",9910,1795962762,26.5315883,-81.8734218,1,,
"POINT (-81.873315 26.5284959)",9911,1795962776,26.5284959,-81.873315,3,,
"POINT (-81.9164658 26.504852)",9984,1800539066,26.504852,-81.9164658,1,,
"POINT (-81.917123 26.5066546)",9985,1800539071,26.5066546,-81.917123,1,,
"POINT (-81.9156504 26.5058073)",9986,1800539073,26.5058073,-81.9156504,1,,
"POINT (-81.9146148 26.5027361)",9987,1800539084,26.5027361,-81.9146148,3,,
"POINT (-81.9140776 26.5027294)",9988,1800539109,26.5027294,-81.9140776,3,,
"POINT (-81.9141913 26.5030543)",9989,1800539159,26.5030543,-81.9141913,3,,
"POINT (-81.9149335 26.5030212)",9990,1800539167,26.5030212,-81.9149335,4,,
"POINT (-81.9155306 26.5026663)",9991,1800539173,26.5026663,-81.9155306,3,,
"POINT (-81.915044 26.5026669)",9992,1800539176,26.5026669,-81.915044,3,,
"POINT (-81.915531 26.5025007)",9993,1800539184,26.5025007,-81.915531,3,,
"POINT (-81.9155316 26.5022798)",9994,1800539187,26.5022798,-81.9155316,3,,
"POINT (-81.9151603 26.5022747)",9995,1800539212,26.5022747,-81.9151603,1,,
"POINT (-81.9147707 26.5026915)",9996,1800539219,26.5026915,-81.9147707,4,,
"POINT (-81.9148856 26.5032602)",9997,1800539231,26.5032602,-81.9148856,4,,
"POINT (-81.915063 26.5020605)",9998,1800539232,26.5020605,-81.915063,1,,
"POINT (-81.914846 26.5030338)",9999,1800539240,26.5030338,-81.914846,4,,
"POINT (-81.9155302 26.5028343)",10000,1800539245,26.5028343,-81.9155302,3,,
"POINT (-81.9141291 26.5028983)",10001,1800539246,26.5028983,-81.9141291,3,,
"POINT (-81.9152794 26.5038836)",10002,1800539247,26.5038836,-81.9152794,3,,
"POINT (-81.9149799 26.5032367)",10003,1800539250,26.5032367,-81.9149799,3,,
"POINT (-81.9149004 26.5028513)",10004,1800539253,26.5028513,-81.9149004,4,,
"POINT (-81.9148178 26.502872)",10005,1800539260,26.502872,-81.9148178,4,,
"POINT (-81.915032 26.5033426)",10006,1800539264,26.5033426,-81.915032,3,,
"POINT (-81.9149053 26.5033734)",10007,1800539271,26.5033734,-81.9149053,4,,
"POINT (-81.9186432 26.5063986)",10008,1800539277,26.5063986,-81.9186432,3,,
"POINT (-81.9148915 26.502675)",10009,1800539281,26.502675,-81.9148915,4,,
"POINT (-81.9143733 26.5024142)",10010,1800539284,26.5024142,-81.9143733,1,,
"POINT (-81.9166691 26.5047345)",10011,1800540762,26.5047345,-81.9166691,3,,
"POINT (-81.9161448 26.5046677)",10012,1800540772,26.5046677,-81.9161448,3,,
"POINT (-81.9157715 26.5042308)",10013,1800540783,26.5042308,-81.9157715,4,,
"POINT (-81.9167425 26.5034463)",10014,1800540786,26.5034463,-81.9167425,3,,
"POINT (-81.9162692 26.5045021)",10015,1800540787,26.5045021,-81.9162692,4,,
"POINT (-81.9163907 26.5043401)",10016,1800540788,26.5043401,-81.9163907,4,,
"POINT (-81.9156469 26.5045318)",10017,1800540789,26.5045318,-81.9156469,3,,
"POINT (-81.9154355 26.5045025)",10018,1800540790,26.5045025,-81.9154355,1,,
"POINT (-81.9160443 26.5040129)",10019,1800540799,26.5040129,-81.9160443,3,,
"POINT (-81.9166773 26.5045193)",10020,1800540801,26.5045193,-81.9166773,1,,
"POINT (-81.9165671 26.5024933)",10021,1800544357,26.5024933,-81.9165671,3,,
"POINT (-81.9173511 26.5036412)",10022,1800544371,26.5036412,-81.9173511,3,,
"POINT (-81.9165809 26.5030562)",10023,1800544373,26.5030562,-81.9165809,3,,
"POINT (-81.9174546 26.5039407)",10024,1800544375,26.5039407,-81.9174546,3,,
"POINT (-81.9180239 26.5033999)",10025,1800544381,26.5033999,-81.9180239,3,,
"POINT (-81.9172593 26.5033874)",10026,1800544386,26.5033874,-81.9172593,3,,
"POINT (-81.9178916 26.5041968)",10027,1800544406,26.5041968,-81.9178916,3,,
"POINT (-81.9176516 26.5042672)",10028,1800544407,26.5042672,-81.9176516,3,,
"POINT (-81.9179758 26.5038472)",10029,1800544420,26.5038472,-81.9179758,3,,
"POINT (-81.9180006 26.5023264)",10030,1800544436,26.5023264,-81.9180006,3,,
"POINT (-81.9173632 26.5023686)",10031,1800544437,26.5023686,-81.9173632,3,,
"POINT (-81.9180062 26.5035473)",10032,1800544444,26.5035473,-81.9180062,3,,
"POINT (-81.9191155 26.5049803)",10033,1800545058,26.5049803,-81.9191155,3,,
"POINT (-81.9189359 26.5113431)",10034,1800569338,26.5113431,-81.9189359,3,,
"POINT (-81.9189039 26.5101575)",10035,1800569343,26.5101575,-81.9189039,3,,
"POINT (-81.9187749 26.5093371)",10036,1800569348,26.5093371,-81.9187749,3,,
"POINT (-81.9173586 26.5093006)",10037,1800569361,26.5093006,-81.9173586,1,,
"POINT (-81.9172489 26.5097513)",10038,1800569373,26.5097513,-81.9172489,3,,
"POINT (-81.9168565 26.5088988)",10039,1800569379,26.5088988,-81.9168565,3,,
"POINT (-81.9174949 26.5077743)",10040,1800569385,26.5077743,-81.9174949,3,,
"POINT (-81.9169106 26.5107857)",10041,1800569390,26.5107857,-81.9169106,3,,
"POINT (-81.917102 26.511379)",10042,1800569394,26.511379,-81.917102,3,,
"POINT (-81.9176539 26.5095471)",10043,1800569395,26.5095471,-81.9176539,3,,
"POINT (-81.9173645 26.5090702)",10044,1800569409,26.5090702,-81.9173645,3,,
"POINT (-81.9182087 26.5079221)",10045,1800569412,26.5079221,-81.9182087,3,,
"POINT (-81.9174395 26.5094701)",10046,1800569422,26.5094701,-81.9174395,1,,
"POINT (-81.9188766 26.509241)",10047,1800569441,26.509241,-81.9188766,3,,
"POINT (-81.9188819 26.5094352)",10048,1800569447,26.5094352,-81.9188819,3,,
"POINT (-81.9189412 26.5119357)",10049,1800569462,26.5119357,-81.9189412,3,,
"POINT (-81.9189198 26.5107455)",10050,1800569464,26.5107455,-81.9189198,3,,
"POINT (-81.9174005 26.5093884)",10051,1800569466,26.5093884,-81.9174005,3,,
"POINT (-81.9175548 26.509342)",10052,1800569476,26.509342,-81.9175548,3,,
"POINT (-81.9166156 26.5102367)",10053,1800569481,26.5102367,-81.9166156,3,,
"POINT (-81.9173627 26.5119782)",10054,1800569491,26.5119782,-81.9173627,3,,
"POINT (-81.9130085 26.5082988)",10055,1800580271,26.5082988,-81.9130085,3,,
"POINT (-81.9135851 26.5057137)",10056,1800580274,26.5057137,-81.9135851,4,,
"POINT (-81.9128216 26.5086117)",10057,1800580276,26.5086117,-81.9128216,4,,
"POINT (-81.9132199 26.5083045)",10058,1800580292,26.5083045,-81.9132199,1,,
"POINT (-81.9120832 26.5078573)",10059,1800580293,26.5078573,-81.9120832,4,,
"POINT (-81.9111158 26.5075221)",10060,1800580297,26.5075221,-81.9111158,3,,
"POINT (-81.9126416 26.5092969)",10061,1800580300,26.5092969,-81.9126416,4,,
"POINT (-81.9111191 26.5076613)",10062,1800580303,26.5076613,-81.9111191,3,,
"POINT (-81.9145615 26.509261)",10063,1800580305,26.509261,-81.9145615,3,,
"POINT (-81.9123006 26.5083552)",10064,1800580306,26.5083552,-81.9123006,3,,
"POINT (-81.9112955 26.5076541)",10065,1800580313,26.5076541,-81.9112955,4,,
"POINT (-81.911611 26.5086444)",10066,1800580357,26.5086444,-81.911611,3,,
"POINT (-81.9116915 26.5081308)",10067,1800580362,26.5081308,-81.9116915,3,,
"POINT (-81.9142436 26.5086115)",10068,1800580365,26.5086115,-81.9142436,3,,
"POINT (-81.9129709 26.5079195)",10069,1800580377,26.5079195,-81.9129709,1,,
"POINT (-81.9112924 26.5075234)",10070,1800580378,26.5075234,-81.9112924,4,,
"POINT (-81.9116598 26.5075477)",10071,1800580380,26.5075477,-81.9116598,4,,
"POINT (-81.9119985 26.5079154)",10072,1800580394,26.5079154,-81.9119985,4,,
"POINT (-81.9146607 26.5066682)",10073,1800586012,26.5066682,-81.9146607,3,,
"POINT (-81.9134452 26.5056739)",10074,1800586022,26.5056739,-81.9134452,4,,
"POINT (-81.9140625 26.5068049)",10075,1800586024,26.5068049,-81.9140625,4,,
"POINT (-81.9139188 26.5078279)",10076,1800586025,26.5078279,-81.9139188,3,,
"POINT (-81.9136035 26.5086754)",10077,1800586029,26.5086754,-81.9136035,3,,
"POINT (-81.9132187 26.5062289)",10078,1800586040,26.5062289,-81.9132187,3,,
"POINT (-81.9134986 26.5063274)",10079,1800586050,26.5063274,-81.9134986,3,,
"POINT (-81.914427 26.5080084)",10080,1800586058,26.5080084,-81.914427,3,,
"POINT (-81.9133417 26.5062669)",10081,1800586064,26.5062669,-81.9133417,3,,
"POINT (-81.91318 26.5057807)",10082,1800590149,26.5057807,-81.91318,3,,
"POINT (-81.9144607 26.5067139)",10083,1800590216,26.5067139,-81.9144607,4,,
"POINT (-81.9140625 26.5078789)",10084,1800590217,26.5078789,-81.9140625,4,,
"POINT (-81.9137067 26.5059479)",10085,1800590219,26.5059479,-81.9137067,3,,
"POINT (-81.9142537 26.5079468)",10086,1800590225,26.5079468,-81.9142537,4,,
"POINT (-81.9137694 26.5057852)",10087,1800590233,26.5057852,-81.9137694,3,,
"POINT (-81.9132634 26.5056196)",10088,1800590246,26.5056196,-81.9132634,4,,
"POINT (-81.9142691 26.5067577)",10089,1800590268,26.5067577,-81.9142691,4,,
"POINT (-81.9143002 26.5088102)",10090,1800591390,26.5088102,-81.9143002,3,,
"POINT (-81.9118293 26.5080207)",10091,1800591393,26.5080207,-81.9118293,3,,
"POINT (-81.9127252 26.5089817)",10092,1800591397,26.5089817,-81.9127252,4,,
"POINT (-81.912769 26.5088163)",10093,1800591399,26.5088163,-81.912769,4,,
"POINT (-81.9126819 26.5091448)",10094,1800591400,26.5091448,-81.9126819,4,,
"POINT (-81.9144752 26.5091218)",10095,1800591409,26.5091218,-81.9144752,3,,
"POINT (-81.9131917 26.5086633)",10096,1800591411,26.5086633,-81.9131917,3,,
"POINT (-81.9133922 26.50802)",10097,1800591423,26.50802,-81.9133922,3,,
"POINT (-81.9116176 26.508343)",10098,1800591426,26.508343,-81.9116176,3,,
"POINT (-81.9143833 26.5089625)",10099,1800591430,26.5089625,-81.9143833,3,,
"POINT (-81.8820141 26.5245208)",10368,1818293061,26.5245208,-81.8820141,3,,
"POINT (-81.877839 26.5252647)",10369,1818297968,26.5252647,-81.877839,3,,
"POINT (-81.8810244 26.5243784)",10370,1818297995,26.5243784,-81.8810244,3,,
"POINT (-81.8810566 26.5247553)",10371,1818298019,26.5247553,-81.8810566,3,,
"POINT (-81.8810424 26.5245892)",10372,1818298023,26.5245892,-81.8810424,4,,
"POINT (-81.8776727 26.5251294)",10373,1818298089,26.5251294,-81.8776727,3,,
"POINT (-81.8772931 26.5264233)",10374,1818298100,26.5264233,-81.8772931,3,,
"POINT (-81.8792917 26.5246353)",10375,1818298142,26.5246353,-81.8792917,3,,
"POINT (-81.8792564 26.5244865)",10376,1818298177,26.5244865,-81.8792564,3,,
"POINT (-81.8798871 26.5244527)",10377,1818308350,26.5244527,-81.8798871,3,,
"POINT (-81.8801097 26.524448)",10378,1818308415,26.524448,-81.8801097,3,,
"POINT (-81.8783505 26.5247214)",10379,1818379988,26.5247214,-81.8783505,3,,
"POINT (-81.9112356 26.5128366)",10499,1826815084,26.5128366,-81.9112356,3,,
"POINT (-81.908092 26.5110726)",10500,1826815157,26.5110726,-81.908092,3,,
"POINT (-81.9076224 26.5125112)",10501,1826815176,26.5125112,-81.9076224,3,,
"POINT (-81.8960919 26.5215708)",10502,1826815184,26.5215708,-81.8960919,3,,
"POINT (-81.9081053 26.5116534)",10503,1826815192,26.5116534,-81.9081053,3,,
"POINT (-81.8983071 26.5218402)",10504,1826815227,26.5218402,-81.8983071,3,,
"POINT (-81.9098356 26.5121965)",10505,1826815241,26.5121965,-81.9098356,3,,
"POINT (-81.8985944 26.5226459)",10506,1826815252,26.5226459,-81.8985944,3,,
"POINT (-81.9103395 26.5127608)",10507,1826815299,26.5127608,-81.9103395,3,,
"POINT (-81.8979765 26.5240763)",10508,1826815361,26.5240763,-81.8979765,2,,
"POINT (-81.8917945 26.5291588)",10509,1826815364,26.5291588,-81.8917945,3,,
"POINT (-81.8986195 26.5236749)",10510,1826815385,26.5236749,-81.8986195,3,,
"POINT (-81.8920231 26.5291899)",10511,1826815394,26.5291899,-81.8920231,3,,
"POINT (-81.9087875 26.5106524)",10512,1826815409,26.5106524,-81.9087875,3,,
"POINT (-81.9086899 26.5105993)",10513,1826815422,26.5105993,-81.9086899,3,,
"POINT (-81.9085348 26.511065)",10514,1826815438,26.511065,-81.9085348,3,,
"POINT (-81.9061901 26.5105839)",10515,1826815446,26.5105839,-81.9061901,3,,
"POINT (-81.9106506 26.5128232)",10516,1826815448,26.5128232,-81.9106506,3,,
"POINT (-81.9086528 26.5110629)",10517,1826815465,26.5110629,-81.9086528,3,,
"POINT (-81.8953811 26.5215867)",10518,1826815504,26.5215867,-81.8953811,3,,
"POINT (-81.8914243 26.5288848)",10519,1826815521,26.5288848,-81.8914243,3,,
"POINT (-81.9079121 26.5127944)",10520,1826815535,26.5127944,-81.9079121,1,,
"POINT (-81.9098257 26.5116269)",10521,1826815546,26.5116269,-81.9098257,3,,
"POINT (-81.8988945 26.5226418)",10522,1826815548,26.5226418,-81.8988945,3,,
"POINT (-81.9081186 26.5122208)",10523,1826815552,26.5122208,-81.9081186,3,,
"POINT (-81.9081298 26.5127906)",10524,1826815558,26.5127906,-81.9081298,3,,
"POINT (-81.8918135 26.5290757)",10525,1826815561,26.5290757,-81.8918135,3,,
"POINT (-81.9062693 26.5105926)",10526,1826815567,26.5105926,-81.9062693,3,,
"POINT (-81.8920463 26.5290894)",10527,1826815572,26.5290894,-81.8920463,3,,
"POINT (-81.8970119 26.5225686)",10528,1826815598,26.5225686,-81.8970119,3,,
"POINT (-81.8914395 26.52901)",10529,1826815603,26.52901,-81.8914395,4,,
"POINT (-81.9080864 26.5108287)",10530,1826815622,26.5108287,-81.9080864,1,,
"POINT (-81.9129861 26.5120316)",10531,1826815629,26.5120316,-81.9129861,3,,
"POINT (-81.8913712 26.5289652)",10532,1826815642,26.5289652,-81.8913712,3,,
"POINT (-81.9106482 26.5127555)",10533,1826815688,26.5127555,-81.9106482,4,,
"POINT (-81.9063541 26.5098338)",10534,1826815722,26.5098338,-81.9063541,3,,
"POINT (-81.9112336 26.5127453)",10535,1826815733,26.5127453,-81.9112336,3,,
"POINT (-81.8913452 26.4890421)",10536,1826983220,26.4890421,-81.8913452,3,,
"POINT (-81.8959103 26.4823813)",10537,1826983248,26.4823813,-81.8959103,1,turning_loop,
"POINT (-81.8914534 26.4893856)",10538,1826983256,26.4893856,-81.8914534,3,,
"POINT (-81.8977225 26.5128999)",10539,1826983262,26.5128999,-81.8977225,3,,
"POINT (-81.896554 26.4809728)",10540,1826983433,26.4809728,-81.896554,3,,
"POINT (-81.8983466 26.4883565)",10541,1826983470,26.4883565,-81.8983466,3,,
"POINT (-81.9007123 26.5079714)",10542,1826983630,26.5079714,-81.9007123,3,,
"POINT (-81.9000956 26.5081294)",10543,1826983687,26.5081294,-81.9000956,4,,
"POINT (-81.898753 26.4927669)",10544,1826983735,26.4927669,-81.898753,3,,
"POINT (-81.9000281 26.5081702)",10545,1826983742,26.5081702,-81.9000281,4,,
"POINT (-81.9026634 26.5091608)",10546,1826983781,26.5091608,-81.9026634,3,,
"POINT (-81.8994864 26.4928436)",10547,1826983791,26.4928436,-81.8994864,3,,
"POINT (-81.8944598 26.4824075)",10548,1826983804,26.4824075,-81.8944598,1,turning_loop,
"POINT (-81.9017198 26.509177)",10549,1826983820,26.509177,-81.9017198,3,,
"POINT (-81.8986435 26.4883496)",10550,1826983846,26.4883496,-81.8986435,3,,
"POINT (-81.8984561 26.5118864)",10551,1826983856,26.5118864,-81.8984561,3,,
"POINT (-81.9024721 26.5069752)",10552,1826983885,26.5069752,-81.9024721,3,,
"POINT (-81.8994866 26.4928748)",10553,1826983929,26.4928748,-81.8994866,3,,
"POINT (-81.9001874 26.5084861)",10554,1826983944,26.5084861,-81.9001874,3,,
"POINT (-81.8979049 26.4882961)",10555,1826983956,26.4882961,-81.8979049,3,,
"POINT (-81.8990477 26.5076517)",10556,1826984019,26.5076517,-81.8990477,3,,
"POINT (-81.8982253 26.5076346)",10557,1826984020,26.5076346,-81.8982253,3,,
"POINT (-81.898813 26.5119929)",10558,1826984068,26.5119929,-81.898813,3,,
"POINT (-81.8984747 26.4809736)",10559,1826984094,26.4809736,-81.8984747,3,,
"POINT (-81.8973577 26.5021493)",10560,1826984098,26.5021493,-81.8973577,1,turning_circle,
"POINT (-81.8959407 26.483256)",10561,1826984139,26.483256,-81.8959407,4,,
"POINT (-81.8983386 26.4882249)",10562,1826984226,26.4882249,-81.8983386,3,,
"POINT (-81.8984515 26.5119738)",10563,1826984248,26.5119738,-81.8984515,3,,
"POINT (-81.8980168 26.5119408)",10564,1826984259,26.5119408,-81.8980168,4,,
"POINT (-81.8987538 26.4928677)",10565,1826984284,26.4928677,-81.8987538,3,,
"POINT (-81.9010296 26.507538)",10566,1826984348,26.507538,-81.9010296,3,,
"POINT (-81.890225 26.4884664)",10567,1826984350,26.4884664,-81.890225,3,,
"POINT (-81.8995966 26.5077763)",10568,1826984385,26.5077763,-81.8995966,4,,
"POINT (-81.8996124 26.5076668)",10569,1826984402,26.5076668,-81.8996124,4,,
"POINT (-81.894487 26.4832863)",10570,1826984425,26.4832863,-81.894487,4,,
"POINT (-81.8972792 26.4832335)",10571,1826984457,26.4832335,-81.8972792,4,,
"POINT (-81.8945377 26.4884184)",10572,1826984552,26.4884184,-81.8945377,3,,
"POINT (-81.8909974 26.4879176)",10573,1826984572,26.4879176,-81.8909974,3,,
"POINT (-81.8989382 26.5018767)",10574,1826984604,26.5018767,-81.8989382,3,,
"POINT (-81.8986407 26.4882225)",10575,1826984663,26.4882225,-81.8986407,3,,
"POINT (-81.899047 26.5076205)",10576,1826984669,26.5076205,-81.899047,3,,
"POINT (-81.8953483 26.5020569)",10577,1826984742,26.5020569,-81.8953483,3,,
"POINT (-81.8973326 26.5009147)",10578,1826984816,26.5009147,-81.8973326,3,,
"POINT (-81.9301154 26.4943562)",10579,1843518784,26.4943562,-81.9301154,4,,
"POINT (-81.8730247 26.5161713)",10580,1844685973,26.5161713,-81.8730247,3,,
"POINT (-81.8698402 26.5220412)",10582,1844685989,26.5220412,-81.8698402,5,traffic_signals,
"POINT (-81.8677245 26.5189344)",10583,1844685994,26.5189344,-81.8677245,4,,
"POINT (-81.8736362 26.5161689)",10585,1844686009,26.5161689,-81.8736362,1,,
"POINT (-81.8663674 26.5196442)",10586,1844686016,26.5196442,-81.8663674,3,,
"POINT (-81.8730367 26.5171265)",10587,1844686020,26.5171265,-81.8730367,3,,
"POINT (-81.864061 26.5188623)",10588,1844686029,26.5188623,-81.864061,3,,
"POINT (-81.8640633 26.5109961)",10590,1844686033,26.5109961,-81.8640633,3,,
"POINT (-81.8675504 26.519028)",10593,1844686054,26.519028,-81.8675504,4,,
"POINT (-81.866379 26.517299)",10595,1844686056,26.517299,-81.866379,4,,
"POINT (-81.8640587 26.5108307)",10596,1844686074,26.5108307,-81.8640587,3,,
"POINT (-81.8724614 26.5161737)",10597,1844686076,26.5161737,-81.8724614,1,,
"POINT (-81.8640558 26.5105785)",10598,1844686081,26.5105785,-81.8640558,3,,
"POINT (-81.8690877 26.5204993)",10599,1844686087,26.5204993,-81.8690877,3,,
"POINT (-81.8688721 26.5206191)",10600,1844686099,26.5206191,-81.8688721,3,,
"POINT (-81.8702754 26.5220753)",10602,1844686107,26.5220753,-81.8702754,3,,
"POINT (-81.8689772 26.5203353)",10603,1844686111,26.5203353,-81.8689772,1,,
"POINT (-81.8640607 26.5109078)",10604,1844686119,26.5109078,-81.8640607,3,,
"POINT (-81.8654985 26.5181641)",10605,1844686133,26.5181641,-81.8654985,4,,
"POINT (-81.8701467 26.5218665)",10607,1844686143,26.5218665,-81.8701467,3,,
"POINT (-81.9076576 26.5162409)",11787,1870543239,26.5162409,-81.9076576,3,,
"POINT (-81.9075656 26.5164504)",11788,1870543245,26.5164504,-81.9075656,3,,
"POINT (-81.9075874 26.5164947)",11789,1870543267,26.5164947,-81.9075874,3,,
"POINT (-81.9078619 26.5178259)",11790,1870543281,26.5178259,-81.9078619,3,,
"POINT (-81.9083053 26.517904)",11791,1870543286,26.517904,-81.9083053,3,,
"POINT (-81.9083198 26.5198233)",11792,1870543329,26.5198233,-81.9083198,3,,
"POINT (-81.9162817 26.4997079)",11824,1921020698,26.4997079,-81.9162817,4,,
"POINT (-81.9156661 26.4974432)",11825,1921020701,26.4974432,-81.9156661,3,,
"POINT (-81.9163658 26.4998659)",11826,1921020705,26.4998659,-81.9163658,4,,
"POINT (-81.9210956 26.436543)",11833,1925188171,26.436543,-81.9210956,3,,
"POINT (-81.9210328 26.4364946)",11834,1925188198,26.4364946,-81.9210328,3,,
"POINT (-81.8849446 26.4051462)",11835,1925244888,26.4051462,-81.8849446,3,,
"POINT (-81.8840902 26.4055735)",11836,1925244896,26.4055735,-81.8840902,3,,
"POINT (-81.8841586 26.4054271)",11837,1925244902,26.4054271,-81.8841586,3,,
"POINT (-81.8763636 26.391963)",11838,1926196238,26.391963,-81.8763636,3,,
"POINT (-81.8752157 26.3932247)",11839,1926196241,26.3932247,-81.8752157,3,,
"POINT (-81.8754487 26.3928788)",11840,1926196256,26.3928788,-81.8754487,3,,
"POINT (-81.8742353 26.3921026)",11841,1926196263,26.3921026,-81.8742353,3,,
"POINT (-81.8755598 26.3930493)",11842,1926196264,26.3930493,-81.8755598,3,,
"POINT (-81.8747164 26.3926918)",11843,1926196269,26.3926918,-81.8747164,3,,
"POINT (-81.8754193 26.3933937)",11844,1926196272,26.3933937,-81.8754193,3,,
"POINT (-81.8756845 26.3932704)",11845,1926196276,26.3932704,-81.8756845,3,,
"POINT (-81.8752294 26.3925592)",11846,1926196279,26.3925592,-81.8752294,3,,
"POINT (-81.8761032 26.3924339)",11847,1926196286,26.3924339,-81.8761032,3,,
"POINT (-81.8754861 26.3937263)",11848,1926196288,26.3937263,-81.8754861,3,,
"POINT (-81.8750572 26.3930724)",11849,1926196289,26.3930724,-81.8750572,3,,
"POINT (-81.8760767 26.3917351)",11850,1926196292,26.3917351,-81.8760767,3,,
"POINT (-81.8761456 26.3941962)",11851,1926196296,26.3941962,-81.8761456,3,,
"POINT (-81.8762775 26.3918308)",11852,1926196299,26.3918308,-81.8762775,3,,
"POINT (-81.8762015 26.3925967)",11853,1926196300,26.3925967,-81.8762015,3,,
"POINT (-81.8760943 26.3943252)",11854,1926196301,26.3943252,-81.8760943,3,,
"POINT (-81.8747624 26.3925376)",11855,1926196311,26.3925376,-81.8747624,3,,
"POINT (-81.875317 26.3926845)",11856,1926196314,26.3926845,-81.875317,3,,
"POINT (-81.8671784 26.3930487)",11857,1926196316,26.3930487,-81.8671784,3,,
"POINT (-81.8749473 26.3928834)",11858,1926196320,26.3928834,-81.8749473,3,,
"POINT (-81.8760679 26.3938395)",11859,1926196321,26.3938395,-81.8760679,3,,
"POINT (-81.8757648 26.3933876)",11860,1926196333,26.3933876,-81.8757648,3,,
"POINT (-81.8755136 26.3918911)",11861,1926196334,26.3918911,-81.8755136,3,,
"POINT (-81.8765088 26.3943756)",11862,1926196340,26.3943756,-81.8765088,3,,
"POINT (-81.8755316 26.3939456)",11863,1926196349,26.3939456,-81.8755316,3,,
"POINT (-81.8748287 26.3927726)",11864,1926196361,26.3927726,-81.8748287,3,,
"POINT (-81.8765182 26.3942362)",11865,1926196367,26.3942362,-81.8765182,3,,
"POINT (-81.8745603 26.3924706)",11866,1926196374,26.3924706,-81.8745603,3,,
"POINT (-81.8758784 26.3935346)",11867,1926196376,26.3935346,-81.8758784,3,,
"POINT (-81.8754494 26.3935563)",11868,1926196381,26.3935563,-81.8754494,3,,
"POINT (-81.8689067 26.3924789)",11869,1926196387,26.3924789,-81.8689067,3,,
"POINT (-81.8761058 26.394191)",11870,1926196398,26.394191,-81.8761058,3,,
"POINT (-81.8718552 26.3906443)",11871,1926196399,26.3906443,-81.8718552,3,,
"POINT (-81.8707984 26.3915285)",11872,1926196424,26.3915285,-81.8707984,3,,
"POINT (-81.8762699 26.3916357)",11873,1926242295,26.3916357,-81.8762699,3,,
"POINT (-81.8756539 26.3920081)",11874,1926242299,26.3920081,-81.8756539,3,,
"POINT (-81.8764972 26.3916245)",11875,1926242339,26.3916245,-81.8764972,3,,
"POINT (-81.8763961 26.3920187)",11876,1926242407,26.3920187,-81.8763961,3,,
"POINT (-81.8759888 26.3923062)",11877,1926242423,26.3923062,-81.8759888,3,,
"POINT (-81.8747019 26.3860106)",11878,1926242511,26.3860106,-81.8747019,3,,
"POINT (-81.8764623 26.3921759)",11879,1926242514,26.3921759,-81.8764623,3,,
"POINT (-81.8689686 26.3925874)",11880,1926242570,26.3925874,-81.8689686,4,,
"POINT (-81.868673 26.3945379)",11881,1926242574,26.3945379,-81.868673,3,,
"POINT (-81.867817 26.3929735)",11882,1926242585,26.3929735,-81.867817,4,,
"POINT (-81.8677609 26.3928649)",11883,1926242606,26.3928649,-81.8677609,3,,
"POINT (-81.8690406 26.3947057)",11884,1926242670,26.3947057,-81.8690406,1,,
"POINT (-81.8765173 26.3923163)",11885,1926242718,26.3923163,-81.8765173,3,,
"POINT (-81.8757826 26.3921212)",11886,1926242721,26.3921212,-81.8757826,3,,
"POINT (-81.8764543 26.3917426)",11887,1926242728,26.3917426,-81.8764543,3,,
"POINT (-81.8745488 26.3857862)",11888,1926242730,26.3857862,-81.8745488,2,,
"POINT (-81.8747184 26.385734)",11889,1926242763,26.385734,-81.8747184,2,,
"POINT (-81.8712931 26.3912063)",11890,1926268881,26.3912063,-81.8712931,4,,
"POINT (-81.8711899 26.3910777)",11891,1926268983,26.3910777,-81.8711899,3,,
"POINT (-81.8709143 26.3914547)",11892,1926269057,26.3914547,-81.8709143,3,,
"POINT (-81.8708266 26.3913433)",11893,1926269178,26.3913433,-81.8708266,3,,
"POINT (-81.8716456 26.4024945)",11894,1926499502,26.4024945,-81.8716456,1,,
"POINT (-81.8675508 26.3930677)",11895,1926591264,26.3930677,-81.8675508,3,,
"POINT (-81.8674927 26.392937)",11896,1926591301,26.392937,-81.8674927,3,,
"POINT (-81.8672081 26.394419)",11897,1926611060,26.394419,-81.8672081,3,,
"POINT (-81.8666875 26.3936916)",11898,1926611165,26.3936916,-81.8666875,3,,
"POINT (-81.8664734 26.3935164)",11899,1928188496,26.3935164,-81.8664734,1,,
"POINT (-81.8705518 26.3919226)",11900,1928244716,26.3919226,-81.8705518,1,,
"POINT (-81.8703486 26.3918322)",11901,1928244729,26.3918322,-81.8703486,3,,
"POINT (-81.913078 26.5046272)",11907,1928648249,26.5046272,-81.913078,4,,
"POINT (-81.9129728 26.5047295)",11908,1928648414,26.5047295,-81.9129728,4,,
"POINT (-81.9129885 26.5045497)",11909,1928648427,26.5045497,-81.9129885,3,,
"POINT (-81.9128792 26.5046585)",11910,1928648438,26.5046585,-81.9128792,3,,
"POINT (-81.9118759 26.5100335)",11911,1930104789,26.5100335,-81.9118759,3,,
"POINT (-81.9126913 26.510411)",11912,1930104817,26.510411,-81.9126913,3,,
"POINT (-81.9126222 26.5100006)",11913,1930104819,26.5100006,-81.9126222,3,,
"POINT (-81.9120529 26.5100347)",11914,1930104847,26.5100347,-81.9120529,1,,
"POINT (-81.9127425 26.5099265)",11915,1930104849,26.5099265,-81.9127425,3,,
"POINT (-81.9124157 26.5097198)",11916,1930104864,26.5097198,-81.9124157,3,,
"POINT (-81.9122487 26.5097204)",11917,1930104883,26.5097204,-81.9122487,3,,
"POINT (-81.9125391 26.5104134)",11918,1930104916,26.5104134,-81.9125391,3,,
"POINT (-81.912958 26.5104067)",11919,1930104942,26.5104067,-81.912958,3,,
"POINT (-81.9135872 26.5107043)",11920,1930106727,26.5107043,-81.9135872,1,,
"POINT (-81.9131364 26.5100754)",11921,1930106736,26.5100754,-81.9131364,3,,
"POINT (-81.912962 26.5106732)",11922,1930106752,26.5106732,-81.912962,3,,
"POINT (-81.915444 26.51096)",11923,1930113257,26.51096,-81.915444,4,,
"POINT (-81.9155453 26.5111643)",11924,1930113267,26.5111643,-81.9155453,3,,
"POINT (-81.9147995 26.5114046)",11925,1930113274,26.5114046,-81.9147995,4,,
"POINT (-81.9148067 26.5115684)",11926,1930113278,26.5115684,-81.9148067,3,,
"POINT (-81.9147749 26.5111512)",11927,1930113279,26.5111512,-81.9147749,4,,
"POINT (-81.9123184 26.5118244)",11928,1930113284,26.5118244,-81.9123184,4,,
"POINT (-81.9119619 26.5118305)",11929,1930113287,26.5118305,-81.9119619,3,,
"POINT (-81.9147487 26.5110255)",11930,1930113296,26.5110255,-81.9147487,4,,
"POINT (-81.9141713 26.5115731)",11931,1930113298,26.5115731,-81.9141713,3,,
"POINT (-81.9153795 26.5108401)",11932,1930113306,26.5108401,-81.9153795,3,,
"POINT (-81.9129822 26.5118131)",11933,1930113318,26.5118131,-81.9129822,3,,
"POINT (-81.9148369 26.5117129)",11934,1930113319,26.5117129,-81.9148369,3,,
"POINT (-81.9154117 26.5112197)",11935,1930113321,26.5112197,-81.9154117,3,,
"POINT (-81.9149605 26.5116668)",11936,1930113346,26.5116668,-81.9149605,1,,
"POINT (-81.9066358 26.5096097)",11937,1930127972,26.5096097,-81.9066358,3,,
"POINT (-81.9076683 26.510052)",11938,1930128042,26.510052,-81.9076683,3,,
"POINT (-81.9076628 26.5097798)",11939,1930128124,26.5097798,-81.9076628,3,,
"POINT (-81.9064103 26.5098448)",11940,1930128156,26.5098448,-81.9064103,3,,
"POINT (-81.9068313 26.5090765)",11941,1930128158,26.5090765,-81.9068313,1,,
"POINT (-81.9074727 26.5097256)",11942,1930128172,26.5097256,-81.9074727,3,,
"POINT (-81.9111576 26.5093604)",11943,1930139036,26.5093604,-81.9111576,3,,
"POINT (-81.910235 26.5120359)",11944,1930139039,26.5120359,-81.910235,1,,
"POINT (-81.910693 26.5092455)",11945,1930139048,26.5092455,-81.910693,3,,
"POINT (-81.910146 26.5108972)",11946,1930139051,26.5108972,-81.910146,3,,
"POINT (-81.9108895 26.5120311)",11947,1930139053,26.5120311,-81.9108895,1,,
"POINT (-81.9104524 26.504935)",11948,1930139056,26.504935,-81.9104524,3,,
"POINT (-81.9102967 26.5095709)",11949,1930139066,26.5095709,-81.9102967,3,,
"POINT (-81.910514 26.508462)",11950,1930139075,26.508462,-81.910514,3,,
"POINT (-81.9107448 26.504705)",11951,1930139082,26.504705,-81.9107448,3,,
"POINT (-81.9104167 26.5049627)",11952,1930139126,26.5049627,-81.9104167,4,,
"POINT (-81.9106963 26.5095685)",11953,1930139129,26.5095685,-81.9106963,3,,
"POINT (-81.9103102 26.5103844)",11954,1930139145,26.5103844,-81.9103102,1,,
"POINT (-81.9103605 26.5120325)",11955,1930139146,26.5120325,-81.9103605,3,,
"POINT (-81.911161 26.509414)",11956,1930139150,26.509414,-81.911161,3,,
"POINT (-81.9101464 26.5111482)",11957,1930139154,26.5111482,-81.9101464,4,,
"POINT (-81.9102846 26.5050481)",11958,1930139171,26.5050481,-81.9102846,3,,
"POINT (-81.9106948 26.5094172)",11959,1930139194,26.5094172,-81.9106948,3,,
"POINT (-81.9087377 26.5050405)",11960,1930139203,26.5050405,-81.9087377,3,,
"POINT (-81.9105113 26.5094317)",11961,1930139208,26.5094317,-81.9105113,1,,
"POINT (-81.9108626 26.5113902)",11962,1930139210,26.5113902,-81.9108626,1,,
"POINT (-81.9100505 26.5111777)",11963,1930139224,26.5111777,-81.9100505,3,,
"POINT (-81.910694 26.5093653)",11964,1930139313,26.5093653,-81.910694,3,,
"POINT (-81.9103503 26.5115222)",11965,1930139315,26.5115222,-81.9103503,3,,
"POINT (-81.911199 26.5112381)",11966,1930139322,26.5112381,-81.911199,4,traffic_signals,
"POINT (-81.9101502 26.5112076)",11967,1930139334,26.5112076,-81.9101502,4,,
"POINT (-81.8656702 26.4853143)",12154,1938153355,26.4853143,-81.8656702,1,,
"POINT (-81.9089798 26.5104841)",12206,1942379552,26.5104841,-81.9089798,3,,
"POINT (-81.9087445 26.510629)",12207,1942379561,26.510629,-81.9087445,3,,
"POINT (-81.9100459 26.510899)",12208,1942379573,26.510899,-81.9100459,3,,
"POINT (-81.8713895 26.5321886)",12692,1972365575,26.5321886,-81.8713895,3,,
"POINT (-81.8679843 26.5279032)",12809,1997091297,26.5279032,-81.8679843,4,traffic_signals,
"POINT (-81.8679829 26.5280809)",12810,1997091304,26.5280809,-81.8679829,4,traffic_signals,
"POINT (-81.8681251 26.528478)",12811,1997091316,26.528478,-81.8681251,4,,
"POINT (-81.8754837 26.5245977)",12812,2003969981,26.5245977,-81.8754837,5,,
"POINT (-81.8753216 26.5256604)",12813,2003969994,26.5256604,-81.8753216,3,,
"POINT (-81.8753191 26.5258669)",12814,2003969998,26.5258669,-81.8753191,3,,
"POINT (-81.8757959 26.5260733)",12815,2003970003,26.5260733,-81.8757959,4,,
"POINT (-81.8759952 26.5261671)",12816,2003970010,26.5261671,-81.8759952,3,,
"POINT (-81.9227553 26.4377225)",12876,2019424575,26.4377225,-81.9227553,3,,
"POINT (-81.9148806 26.4311393)",12877,2019424577,26.4311393,-81.9148806,1,,
"POINT (-81.8657411 26.516386)",13003,2071118308,26.516386,-81.8657411,3,,
"POINT (-81.8673265 26.5183553)",13004,2071118317,26.5183553,-81.8673265,3,,
"POINT (-81.8703137 26.5231667)",13005,2071118325,26.5231667,-81.8703137,3,,
"POINT (-81.8706365 26.5238366)",13006,2071118330,26.5238366,-81.8706365,3,,
"POINT (-81.8709979 26.5242822)",13007,2071118337,26.5242822,-81.8709979,4,,
"POINT (-81.8708966 26.5246581)",13008,2071118340,26.5246581,-81.8708966,4,,
"POINT (-81.8712267 26.525213)",13009,2071118347,26.525213,-81.8712267,3,,
"POINT (-81.8712748 26.52553)",13010,2071118350,26.52553,-81.8712748,3,,
"POINT (-81.8711318 26.5263464)",13011,2071118354,26.5263464,-81.8711318,3,,
"POINT (-81.8713477 26.5275365)",13012,2071118358,26.5275365,-81.8713477,3,traffic_signals,
"POINT (-81.871959 26.5278445)",13013,2071118366,26.5278445,-81.871959,3,,
"POINT (-81.8735613 26.5332542)",13040,2079875361,26.5332542,-81.8735613,3,,
"POINT (-81.8713928 26.5325391)",13042,2079875370,26.5325391,-81.8713928,3,,
"POINT (-81.8711655 26.5299754)",13045,2079883705,26.5299754,-81.8711655,3,,
"POINT (-81.8711524 26.52877)",13046,2079883707,26.52877,-81.8711524,3,,
"POINT (-81.8694144 26.5284372)",13047,2079883722,26.5284372,-81.8694144,3,,
"POINT (-81.8694571 26.5301319)",13048,2079883727,26.5301319,-81.8694571,3,,
"POINT (-81.8683523 26.5301369)",13049,2079883733,26.5301369,-81.8683523,3,,
"POINT (-81.8692626 26.5280704)",13050,2079883746,26.5280704,-81.8692626,3,,
"POINT (-81.8706858 26.5287732)",13051,2079883747,26.5287732,-81.8706858,3,,
"POINT (-81.8692691 26.5283723)",13052,2079883750,26.5283723,-81.8692691,3,,
"POINT (-81.8694681 26.5305202)",13053,2079883762,26.5305202,-81.8694681,1,,
"POINT (-81.8671805 26.5307735)",13054,2079883767,26.5307735,-81.8671805,3,,
"POINT (-81.8694531 26.5299882)",13055,2079883775,26.5299882,-81.8694531,3,,
"POINT (-81.8707407 26.5299898)",13056,2079883782,26.5299898,-81.8707407,4,,
"POINT (-81.8671881 26.5316483)",13057,2079883784,26.5316483,-81.8671881,3,,
"POINT (-81.8911597 26.5204703)",13107,2133256617,26.5204703,-81.8911597,3,,
"POINT (-81.8913681 26.5208581)",13108,2133256622,26.5208581,-81.8913681,3,crossing,
"POINT (-81.890726 26.5206044)",13109,2133256632,26.5206044,-81.890726,3,,
"POINT (-81.8917535 26.5203406)",13110,2133256636,26.5203406,-81.8917535,3,,
"POINT (-81.8918235 26.5202815)",13111,2133256655,26.5202815,-81.8918235,3,,
"POINT (-81.890273 26.5212638)",13112,2133256661,26.5212638,-81.890273,3,,
"POINT (-81.891143 26.5206023)",13113,2133256673,26.5206023,-81.891143,4,traffic_signals,
"POINT (-81.8920206 26.5205995)",13114,2133256678,26.5205995,-81.8920206,4,,
"POINT (-81.8909197 26.520678)",13115,2133256695,26.520678,-81.8909197,4,,
"POINT (-81.8915184 26.5201659)",13116,2133256699,26.5201659,-81.8915184,3,,
"POINT (-81.8894479 26.5208714)",13117,2133256702,26.5208714,-81.8894479,3,,
"POINT (-81.8915615 26.5234673)",13118,2133326879,26.5234673,-81.8915615,4,,
"POINT (-81.8891577 26.5240527)",13119,2133326880,26.5240527,-81.8891577,3,,
"POINT (-81.8891529 26.5235584)",13120,2133326882,26.5235584,-81.8891529,1,,
"POINT (-81.891387 26.5234669)",13121,2133326883,26.5234669,-81.891387,3,,
"POINT (-81.8700612 26.5134276)",13122,2133330711,26.5134276,-81.8700612,3,,
"POINT (-81.9097977 26.4262994)",13165,2213482532,26.4262994,-81.9097977,1,,
"POINT (-81.9124291 26.4289031)",13166,2213576180,26.4289031,-81.9124291,1,,
"POINT (-81.8922196 26.5234669)",13196,2883622392,26.5234669,-81.8922196,3,,
"POINT (-81.8882836 26.5213803)",13282,2912378489,26.5213803,-81.8882836,4,,
"POINT (-81.8876956 26.5213853)",13283,2912378490,26.5213853,-81.8876956,3,,
"POINT (-81.887704 26.5215966)",13284,2912378494,26.5215966,-81.887704,3,,
"POINT (-81.8877102 26.5217538)",13285,2912378495,26.5217538,-81.8877102,3,,
"POINT (-81.8968435 26.5206904)",13286,2912378853,26.5206904,-81.8968435,3,,
"POINT (-81.8969475 26.5210491)",13287,2912378854,26.5210491,-81.8969475,4,,
"POINT (-81.8977268 26.5216379)",13288,2912378856,26.5216379,-81.8977268,3,,
"POINT (-81.8965281 26.5216221)",13289,2912378858,26.5216221,-81.8965281,3,,
"POINT (-81.8969445 26.5216447)",13290,2912378859,26.5216447,-81.8969445,3,,
"POINT (-81.896741 26.5210491)",13291,2912378860,26.5210491,-81.896741,4,,
"POINT (-81.8967381 26.5216472)",13292,2912378861,26.5216472,-81.8967381,3,,
"POINT (-81.8971447 26.5216423)",13293,2912378862,26.5216423,-81.8971447,3,,
"POINT (-81.8971477 26.5210491)",13294,2912378863,26.5210491,-81.8971477,3,,
"POINT (-81.8973449 26.5216399)",13295,2912378864,26.5216399,-81.8973449,3,,
"POINT (-81.897348 26.5210491)",13296,2912378865,26.5210491,-81.897348,3,,
"POINT (-81.8975175 26.5210491)",13297,2912378866,26.5210491,-81.8975175,3,,
"POINT (-81.8975174 26.5216378)",13298,2912378867,26.5216378,-81.8975174,3,,
"POINT (-81.896414 26.516415)",13299,2918603688,26.516415,-81.896414,3,,
"POINT (-81.8982132 26.5165309)",13300,2918603692,26.5165309,-81.8982132,3,,
"POINT (-81.8982267 26.5163181)",13301,2918603693,26.5163181,-81.8982267,3,,
"POINT (-81.8977761 26.5158572)",13302,2918603694,26.5158572,-81.8977761,3,,
"POINT (-81.8981274 26.5155524)",13303,2918603695,26.5155524,-81.8981274,3,,
"POINT (-81.898511 26.5156556)",13304,2918603698,26.5156556,-81.898511,3,,
"POINT (-81.8983505 26.5157795)",13305,2918603699,26.5157795,-81.8983505,3,,
"POINT (-81.8932334 26.5196697)",13306,2919871623,26.5196697,-81.8932334,3,,
"POINT (-81.8934298 26.5202219)",13307,2919871626,26.5202219,-81.8934298,3,,
"POINT (-81.9094082 26.5056922)",13359,2935181381,26.5056922,-81.9094082,4,,
"POINT (-81.9009585 26.5131868)",13360,2935181382,26.5131868,-81.9009585,4,,
"POINT (-81.8667208 26.3935475)",13372,3009960890,26.3935475,-81.8667208,3,,
"POINT (-81.8665426 26.3934504)",13373,3009960891,26.3934504,-81.8665426,1,,
"POINT (-81.8909978 26.5208651)",13398,3069755057,26.5208651,-81.8909978,4,traffic_signals,
"POINT (-81.9074908 26.5236435)",13626,3529525923,26.5236435,-81.9074908,3,,
"POINT (-81.9087184 26.5303248)",13627,3529525926,26.5303248,-81.9087184,3,,
"POINT (-81.9068416 26.523062)",13628,3529525935,26.523062,-81.9068416,3,,
"POINT (-81.9119006 26.5161832)",13629,3529525947,26.5161832,-81.9119006,1,,
"POINT (-81.9069653 26.5239117)",13630,3529525953,26.5239117,-81.9069653,3,,
"POINT (-81.9045343 26.5172444)",13631,3529525955,26.5172444,-81.9045343,3,,
"POINT (-81.9101707 26.5307723)",13632,3529525956,26.5307723,-81.9101707,3,,
"POINT (-81.910278 26.5135488)",13633,3529525970,26.5135488,-81.910278,3,,
"POINT (-81.9074041 26.5238117)",13634,3529525976,26.5238117,-81.9074041,3,,
"POINT (-81.908339 26.5273142)",13635,3529525984,26.5273142,-81.908339,3,,
"POINT (-81.8908624 26.5299062)",13636,3529527393,26.5299062,-81.8908624,4,,
"POINT (-81.9042772 26.5174745)",13637,3529527402,26.5174745,-81.9042772,3,,
"POINT (-81.9101936 26.5305791)",13638,3529527410,26.5305791,-81.9101936,4,,
"POINT (-81.9104827 26.5286262)",13639,3529527414,26.5286262,-81.9104827,3,,
"POINT (-81.9087706 26.5300048)",13640,3529527419,26.5300048,-81.9087706,3,,
"POINT (-81.9107156 26.5186049)",13641,3529527423,26.5186049,-81.9107156,3,,
"POINT (-81.9067556 26.5232316)",13642,3529527446,26.5232316,-81.9067556,3,,
"POINT (-81.9098211 26.5254596)",13643,3529527472,26.5254596,-81.9098211,3,,
"POINT (-81.9068447 26.5237617)",13644,3529527496,26.5237617,-81.9068447,3,,
"POINT (-81.9089237 26.5300526)",13645,3529527520,26.5300526,-81.9089237,3,,
"POINT (-81.891822 26.5254539)",14246,3703240451,26.5254539,-81.891822,3,,
"POINT (-81.8921463 26.5255408)",14247,3703240452,26.5255408,-81.8921463,3,,
"POINT (-81.8922781 26.5251402)",14248,3703240748,26.5251402,-81.8922781,1,,
"POINT (-81.8677122 26.5224099)",14409,4052222818,26.5224099,-81.8677122,1,,
"POINT (-81.8677078 26.5220667)",14410,4052222820,26.5220667,-81.8677078,3,,
"POINT (-81.8671681 26.5222579)",14411,4052222821,26.5222579,-81.8671681,1,,
"POINT (-81.8675644 26.5222603)",14412,4052222822,26.5222603,-81.8675644,1,,
"POINT (-81.8673712 26.5222592)",14413,4052222823,26.5222592,-81.8673712,3,,
"POINT (-81.868163 26.5233854)",14414,4052222835,26.5233854,-81.868163,3,,
"POINT (-81.8671597 26.5233949)",14415,4052222839,26.5233949,-81.8671597,3,,
"POINT (-81.867977 26.5274158)",14416,4052239585,26.5274158,-81.867977,4,,
"POINT (-81.8703481 26.5274661)",14417,4052239792,26.5274661,-81.8703481,3,,
"POINT (-81.8703527 26.5264086)",14418,4052239794,26.5264086,-81.8703527,3,,
"POINT (-81.8703509 26.5261286)",14419,4052239795,26.5261286,-81.8703509,3,,
"POINT (-81.8702254 26.5259089)",14420,4052239796,26.5259089,-81.8702254,3,,
"POINT (-81.8679595 26.5259119)",14421,4052239797,26.5259119,-81.8679595,4,,
"POINT (-81.8699943 26.5232799)",14422,4052239802,26.5232799,-81.8699943,4,,
"POINT (-81.8689464 26.5227932)",14423,4052239807,26.5227932,-81.8689464,3,,
"POINT (-81.870404 26.524234)",14424,4052239813,26.524234,-81.870404,3,,
"POINT (-81.8689288 26.5222631)",14425,4052239816,26.5222631,-81.8689288,4,,
"POINT (-81.8689865 26.5221761)",14426,4052239817,26.5221761,-81.8689865,4,,
"POINT (-81.8703139 26.5246735)",14427,4052239819,26.5246735,-81.8703139,4,,
"POINT (-81.870781 26.5263981)",14428,4052239852,26.5263981,-81.870781,3,,
"POINT (-81.874253 26.5268651)",14429,4052239864,26.5268651,-81.874253,3,,
"POINT (-81.8734048 26.5268418)",14430,4052239866,26.5268418,-81.8734048,3,,
"POINT (-81.8719194 26.5268541)",14431,4052239868,26.5268541,-81.8719194,4,,
"POINT (-81.8738853 26.5256609)",14432,4052239875,26.5256609,-81.8738853,3,,
"POINT (-81.8738613 26.524634)",14433,4052239876,26.524634,-81.8738613,3,,
"POINT (-81.8912239 26.5208025)",14435,4100176787,26.5208025,-81.8912239,4,,
"POINT (-81.9143268 26.5134332)",14456,4216673490,26.5134332,-81.9143268,3,,
"POINT (-81.911789 26.513519)",14457,4216673500,26.513519,-81.911789,1,,
"POINT (-81.9121861 26.5137074)",14458,4216673514,26.5137074,-81.9121861,4,,
"POINT (-81.9114335 26.5139116)",14459,4216673519,26.5139116,-81.9114335,4,,
"POINT (-81.9112534 26.5139076)",14460,4216673520,26.5139076,-81.9112534,3,,
"POINT (-81.9118832 26.5152636)",14461,4216673539,26.5152636,-81.9118832,2,turning_circle,
"POINT (-81.9143894 26.5153271)",14462,4216673540,26.5153271,-81.9143894,3,,
"POINT (-81.9143927 26.5155533)",14463,4216673543,26.5155533,-81.9143927,1,,
"POINT (-81.9139091 26.5233526)",14464,4218561990,26.5233526,-81.9139091,3,,
"POINT (-81.915001 26.5219727)",14465,4218561995,26.5219727,-81.915001,3,,
"POINT (-81.9154117 26.5219673)",14466,4218562013,26.5219673,-81.9154117,1,,
"POINT (-81.915299 26.5221497)",14467,4218562061,26.5221497,-81.915299,1,,
"POINT (-81.9075226 26.525435)",14494,4231017465,26.525435,-81.9075226,4,,
"POINT (-81.9106878 26.5216718)",14495,4231017468,26.5216718,-81.9106878,3,,
"POINT (-81.9073234 26.525784)",14496,4231017496,26.525784,-81.9073234,3,,
"POINT (-81.9109874 26.5223246)",14497,4231017502,26.5223246,-81.9109874,1,turning_loop,
"POINT (-81.9082069 26.5212713)",14498,4231017503,26.5212713,-81.9082069,3,,
"POINT (-81.9090227 26.5255189)",14499,4231017510,26.5255189,-81.9090227,3,,
"POINT (-81.9080277 26.5211811)",14500,4231017524,26.5211811,-81.9080277,3,,
"POINT (-81.9073527 26.5257311)",14501,4231017535,26.5257311,-81.9073527,3,,
"POINT (-81.8884604 26.5273585)",14502,4231031720,26.5273585,-81.8884604,3,,
"POINT (-81.8879202 26.5281458)",14503,4231031752,26.5281458,-81.8879202,3,,
"POINT (-81.8897957 26.5283602)",14504,4231031757,26.5283602,-81.8897957,3,,
"POINT (-81.8898137 26.5289306)",14505,4231031772,26.5289306,-81.8898137,3,,
"POINT (-81.8893138 26.5293025)",14506,4231038824,26.5293025,-81.8893138,1,,
"POINT (-81.8884877 26.5293139)",14507,4231038825,26.5293139,-81.8884877,3,,
"POINT (-81.888497 26.5287085)",14508,4231038826,26.5287085,-81.888497,1,,
"POINT (-81.8650185 26.5279269)",14509,4231050928,26.5279269,-81.8650185,4,,
"POINT (-81.8648836 26.5279285)",14510,4231050929,26.5279285,-81.8648836,4,,
"POINT (-81.8650204 26.5281024)",14511,4231050930,26.5281024,-81.8650204,4,,
"POINT (-81.8648873 26.5281063)",14512,4231050931,26.5281063,-81.8648873,4,,
"POINT (-81.8671011 26.5283662)",14513,4231050935,26.5283662,-81.8671011,3,,
"POINT (-81.8650443 26.5292472)",14514,4231050947,26.5292472,-81.8650443,4,,
"POINT (-81.864913 26.5292486)",14515,4231050948,26.5292486,-81.864913,4,,
"POINT (-81.8880717 26.5213821)",14820,4297104076,26.5213821,-81.8880717,4,,
"POINT (-81.898235 26.4829292)",14837,4307034765,26.4829292,-81.898235,1,,
"POINT (-81.895954 26.4839984)",14847,4326838577,26.4839984,-81.895954,1,turning_loop,
"POINT (-81.8975412 26.4839538)",14848,4326838580,26.4839538,-81.8975412,1,turning_loop,
"POINT (-81.9075517 26.5117115)",14880,4334579036,26.5117115,-81.9075517,4,,
"POINT (-81.9073772 26.5117856)",14881,4334579037,26.5117856,-81.9073772,3,,
"POINT (-81.9044468 26.5128513)",14882,4334579043,26.5128513,-81.9044468,3,,
"POINT (-81.9041795 26.511708)",14883,4334579052,26.511708,-81.9041795,1,,
"POINT (-81.9039512 26.5122589)",14884,4334579054,26.5122589,-81.9039512,3,,
"POINT (-81.9037646 26.5122623)",14885,4334579055,26.5122623,-81.9037646,3,,
"POINT (-81.9044483 26.513057)",14886,4334579056,26.513057,-81.9044483,3,,
"POINT (-81.9063598 26.5130195)",14887,4334579057,26.5130195,-81.9063598,3,,
"POINT (-81.9062914 26.5127611)",14888,4334579062,26.5127611,-81.9062914,3,,
"POINT (-81.9068339 26.5129225)",14889,4334579063,26.5129225,-81.9068339,1,,
"POINT (-81.9075471 26.5122749)",14890,4334579064,26.5122749,-81.9075471,1,,
"POINT (-81.9073542 26.5127896)",14891,4334579065,26.5127896,-81.9073542,3,,
"POINT (-81.9071562 26.5126298)",14892,4334579066,26.5126298,-81.9071562,3,,
"POINT (-81.9070621 26.5129996)",14893,4334579075,26.5129996,-81.9070621,3,,
"POINT (-81.907248 26.5116193)",14894,4334579077,26.5116193,-81.907248,3,,
"POINT (-81.9068746 26.5114119)",14895,4334579079,26.5114119,-81.9068746,1,,
"POINT (-81.9069136 26.5119281)",14896,4334579080,26.5119281,-81.9069136,1,,
"POINT (-81.9073772 26.5113501)",14897,4334579088,26.5113501,-81.9073772,1,,
"POINT (-81.9068289 26.5111647)",14898,4334579389,26.5111647,-81.9068289,3,,
"POINT (-81.9069366 26.5110714)",14899,4334579390,26.5110714,-81.9069366,3,,
"POINT (-81.9073492 26.5105475)",14900,4334579394,26.5105475,-81.9073492,3,,
"POINT (-81.9075048 26.5106916)",14901,4334579399,26.5106916,-81.9075048,3,,
"POINT (-81.907655 26.5108307)",14902,4334579401,26.5108307,-81.907655,1,,
"POINT (-81.9071472 26.5103604)",14903,4334579402,26.5103604,-81.9071472,1,,
"POINT (-81.9062207 26.5105871)",14904,4334579403,26.5105871,-81.9062207,3,,
"POINT (-81.9061987 26.5107626)",14905,4334579404,26.5107626,-81.9061987,3,,
"POINT (-81.9064694 26.5109542)",14906,4334579405,26.5109542,-81.9064694,1,,
"POINT (-81.9058624 26.5108196)",14907,4334579415,26.5108196,-81.9058624,1,,
"POINT (-81.9050238 26.5111972)",14908,4334579416,26.5111972,-81.9050238,3,,
"POINT (-81.9045806 26.5107277)",14909,4334579421,26.5107277,-81.9045806,3,,
"POINT (-81.9049005 26.5102722)",14910,4334579425,26.5102722,-81.9049005,3,,
"POINT (-81.9043635 26.5098042)",14911,4334579427,26.5098042,-81.9043635,1,,
"POINT (-81.905517 26.5097582)",14912,4334579430,26.5097582,-81.905517,1,,
"POINT (-81.9050627 26.5101818)",14913,4334579431,26.5101818,-81.9050627,3,,
"POINT (-81.90505 26.5105606)",14914,4334579437,26.5105606,-81.90505,1,,
"POINT (-81.9038827 26.5117516)",14915,4334579443,26.5117516,-81.9038827,3,,
"POINT (-81.9044197 26.5108763)",14916,4334579444,26.5108763,-81.9044197,3,,
"POINT (-81.9037797 26.5103182)",14917,4334579445,26.5103182,-81.9037797,1,,
"POINT (-81.9110396 26.4981461)",14918,4334649518,26.4981461,-81.9110396,4,,
"POINT (-81.9116875 26.4979893)",14919,4334649525,26.4979893,-81.9116875,3,,
"POINT (-81.9115965 26.4979455)",14920,4334649528,26.4979455,-81.9115965,3,,
"POINT (-81.9110348 26.4980187)",14921,4334649533,26.4980187,-81.9110348,4,,
"POINT (-81.9109131 26.4980228)",14922,4334649534,26.4980228,-81.9109131,3,,
"POINT (-81.9109174 26.4981545)",14923,4334649535,26.4981545,-81.9109174,3,,
"POINT (-81.9128037 26.4963803)",14924,4334649546,26.4963803,-81.9128037,3,,
"POINT (-81.9128387 26.4963155)",14925,4334649547,26.4963155,-81.9128387,1,,
"POINT (-81.9144458 26.4963509)",14926,4334649574,26.4963509,-81.9144458,3,,
"POINT (-81.9129636 26.4965383)",14927,4334649575,26.4965383,-81.9129636,3,,
"POINT (-81.9131967 26.496768)",14928,4334649584,26.496768,-81.9131967,3,,
"POINT (-81.9121858 26.4984228)",14929,4334650051,26.4984228,-81.9121858,3,,
"POINT (-81.9123092 26.4984492)",14930,4334650052,26.4984492,-81.9123092,3,,
"POINT (-81.9114873 26.4980888)",14931,4334650060,26.4980888,-81.9114873,3,,
"POINT (-81.9120373 26.4979398)",14932,4334650066,26.4979398,-81.9120373,3,,
"POINT (-81.9157344 26.4977946)",14933,4334650073,26.4977946,-81.9157344,3,,
"POINT (-81.9154702 26.497448)",14934,4334650074,26.497448,-81.9154702,3,,
"POINT (-81.914073 26.4971667)",14935,4334650080,26.4971667,-81.914073,3,,
"POINT (-81.9152063 26.4974544)",14936,4334650081,26.4974544,-81.9152063,3,,
"POINT (-81.9140802 26.49733)",14937,4334650086,26.49733,-81.9140802,3,,
"POINT (-81.8656738 26.5294684)",14943,4350530120,26.5294684,-81.8656738,3,,
"POINT (-81.8650443 26.5294885)",14944,4350530123,26.5294885,-81.8650443,3,,
"POINT (-81.8649121 26.529489)",14945,4350530124,26.529489,-81.8649121,3,,
"POINT (-81.864922 26.529489)",14946,4350530125,26.529489,-81.864922,3,,
"POINT (-81.8644358 26.5294909)",14947,4350530126,26.5294909,-81.8644358,3,,
"POINT (-81.8656743 26.5296588)",14948,4350530150,26.5296588,-81.8656743,3,,
"POINT (-81.8657489 26.5298377)",14949,4350530185,26.5298377,-81.8657489,3,,
"POINT (-81.8658522 26.5305615)",14950,4350530754,26.5305615,-81.8658522,1,,
"POINT (-81.8664377 26.531204)",14951,4350530787,26.531204,-81.8664377,1,,
"POINT (-81.8644438 26.5314115)",14952,4350530833,26.5314115,-81.8644438,3,,
"POINT (-81.8664409 26.531537)",14954,4350530848,26.531537,-81.8664409,3,,
"POINT (-81.8647711 26.5315626)",14955,4350530850,26.5315626,-81.8647711,3,,
"POINT (-81.9021711 26.5055654)",14962,4465982469,26.5055654,-81.9021711,1,turning_loop,
"POINT (-81.8895693 26.5191245)",15055,4730094478,26.5191245,-81.8895693,2,,
"POINT (-81.889572 26.5188765)",15056,4730094483,26.5188765,-81.889572,2,,
"POINT (-81.8883661 26.5199995)",15057,4730094484,26.5199995,-81.8883661,3,,
"POINT (-81.8883662 26.5206008)",15058,4730094485,26.5206008,-81.8883662,3,,
"POINT (-81.8881832 26.520601)",15059,4730094486,26.520601,-81.8881832,3,,
"POINT (-81.8882233 26.5200003)",15060,4730094591,26.5200003,-81.8882233,3,,
"POINT (-81.893206 26.518681)",15061,4730094596,26.518681,-81.893206,3,,
"POINT (-81.8928455 26.5179759)",15062,4730094597,26.5179759,-81.8928455,4,,
"POINT (-81.8892505 26.5203353)",15063,4730094615,26.5203353,-81.8892505,1,,
"POINT (-81.8892441 26.5199881)",15064,4730094616,26.5199881,-81.8892441,3,,
"POINT (-81.8895868 26.5199)",15065,4730094620,26.5199,-81.8895868,3,,
"POINT (-81.8896715 26.5200234)",15066,4730094626,26.5200234,-81.8896715,3,,
"POINT (-81.8894815 26.5199901)",15067,4730094633,26.5199901,-81.8894815,3,,
"POINT (-81.8879876 26.5199998)",15068,4730094634,26.5199998,-81.8879876,3,,
"POINT (-81.8879885 26.5203586)",15069,4730094635,26.5203586,-81.8879885,1,,
"POINT (-81.8879378 26.5175405)",15070,4730094644,26.5175405,-81.8879378,1,,
"POINT (-81.8879548 26.5179241)",15071,4730094645,26.5179241,-81.8879548,3,,
"POINT (-81.8894724 26.5179019)",15072,4730094653,26.5179019,-81.8894724,3,,
"POINT (-81.8895659 26.5179879)",15073,4730094657,26.5179879,-81.8895659,3,,
"POINT (-81.8896658 26.5178661)",15074,4730094661,26.5178661,-81.8896658,3,,
"POINT (-81.9094422 26.5204947)",15259,4971345810,26.5204947,-81.9094422,3,,
"POINT (-81.9094523 26.5207221)",15260,4971345811,26.5207221,-81.9094523,3,,
"POINT (-81.9089825 26.5209833)",15261,4971345813,26.5209833,-81.9089825,1,,
"POINT (-81.9113946 26.5209135)",15262,4971345816,26.5209135,-81.9113946,3,,
"POINT (-81.9119062 26.5227359)",15293,4972595876,26.5227359,-81.9119062,1,,
"POINT (-81.9118739 26.5216323)",15294,4972595877,26.5216323,-81.9118739,3,,
"POINT (-81.9115978 26.5215306)",15295,4972595903,26.5215306,-81.9115978,3,,
"POINT (-81.9118866 26.5220929)",15296,4972595904,26.5220929,-81.9118866,3,,
"POINT (-81.9120409 26.5216295)",15297,4972595910,26.5216295,-81.9120409,3,,
"POINT (-81.9128107 26.5218463)",15298,4972595911,26.5218463,-81.9128107,1,,
"POINT (-81.9127995 26.5213929)",15299,4972595919,26.5213929,-81.9127995,3,,
"POINT (-81.9122334 26.5215277)",15300,4972595920,26.5215277,-81.9122334,3,,
"POINT (-81.9122269 26.5214012)",15301,4972596021,26.5214012,-81.9122269,3,,
"POINT (-81.9125582 26.5207742)",15302,4972596025,26.5207742,-81.9125582,3,,
"POINT (-81.9125735 26.5213962)",15303,4972596026,26.5213962,-81.9125735,3,,
"POINT (-81.9123526 26.5213994)",15304,4972596027,26.5213994,-81.9123526,3,,
"POINT (-81.912333 26.5207575)",15305,4972596028,26.5207575,-81.912333,3,,
"POINT (-81.9120902 26.5207798)",15306,4972596029,26.5207798,-81.9120902,3,,
"POINT (-81.9121081 26.521403)",15307,4972596030,26.521403,-81.9121081,3,,
"POINT (-81.9153442 26.5195736)",15313,4980283158,26.5195736,-81.9153442,3,,
"POINT (-81.9155235 26.519572)",15314,4980283159,26.519572,-81.9155235,4,,
"POINT (-81.9149463 26.520009)",15315,4980283161,26.520009,-81.9149463,1,,
"POINT (-81.9149761 26.5191468)",15316,4980283163,26.5191468,-81.9149761,1,,
"POINT (-81.9156069 26.519578)",15317,4980283172,26.519578,-81.9156069,4,,
"POINT (-81.9161446 26.5190934)",15318,4980283174,26.5190934,-81.9161446,1,,
"POINT (-81.9160993 26.5198723)",15319,4980283175,26.5198723,-81.9160993,1,,
"POINT (-81.916089 26.5195768)",15320,4980283176,26.5195768,-81.916089,3,,
"POINT (-81.9159759 26.5195771)",15321,4980283177,26.5195771,-81.9159759,3,,
"POINT (-81.9159611 26.5191017)",15322,4980283178,26.5191017,-81.9159611,1,,
"POINT (-81.9157797 26.5195776)",15323,4980283179,26.5195776,-81.9157797,3,,
"POINT (-81.9157698 26.5191117)",15324,4980283180,26.5191117,-81.9157698,1,,
"POINT (-81.8707421 26.5208599)",15325,4980298505,26.5208599,-81.8707421,3,,
"POINT (-81.8693836 26.5209385)",15326,4980298507,26.5209385,-81.8693836,3,,
"POINT (-81.8707392 26.5207364)",15327,4980298508,26.5207364,-81.8707392,3,,
"POINT (-81.8692264 26.5207052)",15328,4980298512,26.5207052,-81.8692264,3,,
"POINT (-81.8697614 26.5214995)",15329,4980298516,26.5214995,-81.8697614,3,,
"POINT (-81.8701776 26.5216202)",15330,4980298517,26.5216202,-81.8701776,1,,
"POINT (-81.8703552 26.5216219)",15331,4980298518,26.5216219,-81.8703552,3,,
"POINT (-81.9013623 26.5214085)",15356,5006059920,26.5214085,-81.9013623,3,,
"POINT (-81.8989313 26.5214302)",15357,5006073921,26.5214302,-81.8989313,3,,
"POINT (-81.8988875 26.5222183)",15358,5006073922,26.5222183,-81.8988875,3,,
"POINT (-81.8994993 26.5222181)",15359,5006073923,26.5222181,-81.8994993,3,,
"POINT (-81.8994848 26.5214252)",15360,5006073924,26.5214252,-81.8994848,4,,
"POINT (-81.9000202 26.5206121)",15361,5006073925,26.5206121,-81.9000202,3,,
"POINT (-81.9000491 26.5214202)",15362,5006073926,26.5214202,-81.9000491,3,,
"POINT (-81.913145 26.5204296)",15363,5074699936,26.5204296,-81.913145,3,,
"POINT (-81.9131525 26.5205152)",15364,5074699937,26.5205152,-81.9131525,3,,
"POINT (-81.9131425 26.5220582)",15365,5074699946,26.5220582,-81.9131425,3,,
"POINT (-81.9131217 26.5206973)",15366,5074699950,26.5206973,-81.9131217,3,,
"POINT (-81.8854471 26.4096514)",15536,5094979733,26.4096514,-81.8854471,3,,
"POINT (-81.8858046 26.4088185)",15537,5094979738,26.4088185,-81.8858046,3,,
"POINT (-81.8857684 26.408724)",15538,5094979739,26.408724,-81.8857684,3,,
"POINT (-81.8851067 26.4096661)",15539,5094979740,26.4096661,-81.8851067,3,,
"POINT (-81.8850732 26.4089157)",15540,5094979746,26.4089157,-81.8850732,3,,
"POINT (-81.8863992 26.4086894)",15541,5094979808,26.4086894,-81.8863992,4,,
"POINT (-81.886384 26.4088515)",15542,5094979809,26.4088515,-81.886384,3,,
"POINT (-81.8869341 26.4088144)",15543,5094979813,26.4088144,-81.8869341,3,,
"POINT (-81.8869264 26.4086865)",15544,5094979814,26.4086865,-81.8869264,3,,
"POINT (-81.8862549 26.4083562)",15545,5094979958,26.4083562,-81.8862549,3,,
"POINT (-81.8863003 26.4079049)",15546,5094979961,26.4079049,-81.8863003,1,,
"POINT (-81.8841741 26.404944)",15590,5095138163,26.404944,-81.8841741,3,,
"POINT (-81.8838425 26.4050875)",15591,5095138164,26.4050875,-81.8838425,1,,
"POINT (-81.8832919 26.4049059)",15592,5095138173,26.4049059,-81.8832919,1,,
"POINT (-81.8858745 26.4045282)",15593,5095138217,26.4045282,-81.8858745,4,,
"POINT (-81.8854759 26.4046113)",15594,5095138218,26.4046113,-81.8854759,3,,
"POINT (-81.885323 26.4042761)",15595,5095138219,26.4042761,-81.885323,1,,
"POINT (-81.8850735 26.4041764)",15596,5095138421,26.4041764,-81.8850735,1,,
"POINT (-81.8850213 26.4042792)",15597,5095138425,26.4042792,-81.8850213,1,,
"POINT (-81.8851049 26.4044691)",15598,5095138426,26.4044691,-81.8851049,3,,
"POINT (-81.8842271 26.4046203)",15599,5095138429,26.4046203,-81.8842271,4,,
"POINT (-81.8844901 26.4042912)",15600,5095138432,26.4042912,-81.8844901,3,,
"POINT (-81.8846235 26.4042437)",15601,5095138433,26.4042437,-81.8846235,1,,
"POINT (-81.8843756 26.4043272)",15602,5095138434,26.4043272,-81.8843756,1,,
"POINT (-81.8842709 26.405387)",15603,5095138435,26.405387,-81.8842709,3,,
"POINT (-81.8846453 26.4054526)",15604,5095138445,26.4054526,-81.8846453,3,,
"POINT (-81.884264 26.4055623)",15605,5095138446,26.4055623,-81.884264,4,,
"POINT (-81.8850198 26.4057839)",15606,5095138449,26.4057839,-81.8850198,3,,
"POINT (-81.8852001 26.4057239)",15607,5095138450,26.4057239,-81.8852001,3,,
"POINT (-81.8838402 26.4061941)",15608,5095138452,26.4061941,-81.8838402,1,,
"POINT (-81.8697705 26.517155)",15631,5095228502,26.517155,-81.8697705,3,,
"POINT (-81.8698063 26.5182833)",15632,5095228504,26.5182833,-81.8698063,3,,
"POINT (-81.8692557 26.518534)",15633,5095228506,26.518534,-81.8692557,1,,
"POINT (-81.870002 26.5182151)",15634,5095228507,26.5182151,-81.870002,1,,
"POINT (-81.8704547 26.5171428)",15635,5095228520,26.5171428,-81.8704547,3,,
"POINT (-81.870448 26.5175334)",15636,5095228521,26.5175334,-81.870448,1,,
"POINT (-81.8909295 26.5210283)",16830,5565775979,26.5210283,-81.8909295,3,crossing,
"POINT (-81.8927274 26.4117887)",16831,5594768019,26.4117887,-81.8927274,4,,
"POINT (-81.8925176 26.41187)",16832,5594768020,26.41187,-81.8925176,3,,
"POINT (-81.8770156 26.5241819)",16861,5653444415,26.5241819,-81.8770156,3,,
"POINT (-81.8773754 26.5244574)",16862,5653444419,26.5244574,-81.8773754,3,,
"POINT (-81.8765614 26.5248809)",16863,5653444420,26.5248809,-81.8765614,3,,
"POINT (-81.8763449 26.5245638)",16864,5653444623,26.5245638,-81.8763449,3,,
"POINT (-81.8767161 26.5244765)",16865,5653444628,26.5244765,-81.8767161,4,traffic_signals,
"POINT (-81.8918986 26.5208575)",16874,5674528959,26.5208575,-81.8918986,3,,
"POINT (-81.9215716 26.4369115)",16884,5750060796,26.4369115,-81.9215716,3,,
"POINT (-81.9205945 26.4361775)",16885,5750312026,26.4361775,-81.9205945,3,,
"POINT (-81.9194952 26.4353696)",16886,5750312039,26.4353696,-81.9194952,3,,
"POINT (-81.9193165 26.435237)",16887,5750312041,26.435237,-81.9193165,3,,
"POINT (-81.9180505 26.4342965)",16888,5750312072,26.4342965,-81.9180505,3,,
"POINT (-81.9177088 26.4336869)",16889,5750312073,26.4336869,-81.9177088,1,,
"POINT (-81.9168998 26.4334496)",16890,5750312075,26.4334496,-81.9168998,3,,
"POINT (-81.9169828 26.4333619)",16891,5750312076,26.4333619,-81.9169828,3,,
"POINT (-81.9181193 26.4342172)",16892,5750312077,26.4342172,-81.9181193,3,,
"POINT (-81.9191594 26.4351204)",16893,5750312083,26.4351204,-81.9191594,3,,
"POINT (-81.919002 26.4350036)",16894,5750312085,26.4350036,-81.919002,3,,
"POINT (-81.9186549 26.4347458)",16895,5750312126,26.4347458,-81.9186549,3,,
"POINT (-81.9182506 26.4344452)",16896,5750312128,26.4344452,-81.9182506,3,,
"POINT (-81.9196492 26.4354833)",16897,5750312186,26.4354833,-81.9196492,3,,
"POINT (-81.9222131 26.4373386)",16898,5751752807,26.4373386,-81.9222131,3,,
"POINT (-81.9223836 26.4374592)",16899,5751752810,26.4374592,-81.9223836,3,,
"POINT (-81.9149144 26.4313732)",16906,5754062419,26.4313732,-81.9149144,1,,
"POINT (-81.9146636 26.4316067)",16907,5754062420,26.4316067,-81.9146636,3,,
"POINT (-81.9143258 26.4306345)",16908,5754063115,26.4306345,-81.9143258,1,,
"POINT (-81.9139977 26.4308754)",16909,5754063117,26.4308754,-81.9139977,3,,
"POINT (-81.9136227 26.4305502)",16910,5754063118,26.4305502,-81.9136227,3,,
"POINT (-81.913869 26.4303192)",16911,5754063119,26.4303192,-81.913869,1,,
"POINT (-81.9135286 26.4306385)",16912,5754063120,26.4306385,-81.9135286,3,,
"POINT (-81.9139082 26.4309621)",16913,5754063221,26.4309621,-81.9139082,3,,
"POINT (-81.9057817 26.4236674)",16914,5754569573,26.4236674,-81.9057817,1,,
"POINT (-81.9054187 26.4239285)",16915,5754569574,26.4239285,-81.9054187,3,,
"POINT (-81.9063105 26.4242915)",16916,5754569575,26.4242915,-81.9063105,3,,
"POINT (-81.9060951 26.4244492)",16917,5754569579,26.4244492,-81.9060951,3,,
"POINT (-81.9064485 26.4244878)",16918,5754578330,26.4244878,-81.9064485,1,,
"POINT (-81.9061137 26.4247328)",16919,5754578331,26.4247328,-81.9061137,3,,
"POINT (-81.9056712 26.4253641)",16920,5755082378,26.4253641,-81.9056712,2,,
"POINT (-81.9063765 26.4249975)",16921,5755082380,26.4249975,-81.9063765,3,,
"POINT (-81.9062108 26.4248415)",16922,5755082393,26.4248415,-81.9062108,3,,
"POINT (-81.9056168 26.4253685)",16923,5755082395,26.4253685,-81.9056168,3,,
"POINT (-81.9056883 26.4246889)",16924,5755082407,26.4246889,-81.9056883,3,,
"POINT (-81.9054423 26.4248682)",16925,5755082408,26.4248682,-81.9054423,3,,
"POINT (-81.9061505 26.4247742)",16926,5755082409,26.4247742,-81.9061505,4,,
"POINT (-81.9059302 26.4249331)",16927,5755082410,26.4249331,-81.9059302,3,,
"POINT (-81.9052265 26.4245946)",16928,5755082522,26.4245946,-81.9052265,1,,
"POINT (-81.9054576 26.424857)",16929,5755082523,26.424857,-81.9054576,3,,
"POINT (-81.9053461 26.4247304)",16930,5755082524,26.4247304,-81.9053461,3,,
"POINT (-81.9057306 26.4242932)",16931,5755082527,26.4242932,-81.9057306,3,,
"POINT (-81.9051625 26.424124)",16932,5755082543,26.424124,-81.9051625,1,,
"POINT (-81.90565 26.424199)",16933,5755082546,26.424199,-81.90565,3,,
"POINT (-81.9039149 26.422243)",16934,5755082593,26.422243,-81.9039149,3,,
"POINT (-81.9038605 26.4224755)",16935,5755082599,26.4224755,-81.9038605,1,,
"POINT (-81.903762 26.4223314)",16936,5755082604,26.4223314,-81.903762,1,,
"POINT (-81.9036703 26.422192)",16937,5755082605,26.422192,-81.9036703,1,,
"POINT (-81.9135714 26.5262355)",16949,5756053356,26.5262355,-81.9135714,3,,
"POINT (-81.9041221 26.4215534)",16952,5756963343,26.4215534,-81.9041221,3,,
"POINT (-81.9049435 26.4209502)",16953,5756963345,26.4209502,-81.9049435,1,,
"POINT (-81.9038536 26.4216269)",16954,5756963348,26.4216269,-81.9038536,3,,
"POINT (-81.903947 26.4217695)",16955,5756963352,26.4217695,-81.903947,3,,
"POINT (-81.9046009 26.4205337)",16956,5756963367,26.4205337,-81.9046009,1,,
"POINT (-81.903615 26.4212671)",16957,5756963368,26.4212671,-81.903615,3,,
"POINT (-81.9041509 26.4208685)",16958,5756963369,26.4208685,-81.9041509,3,,
"POINT (-81.9047446 26.4207034)",16959,5756963371,26.4207034,-81.9047446,1,,
"POINT (-81.903351 26.4211525)",16960,5756963381,26.4211525,-81.903351,2,,
"POINT (-81.903659 26.421631)",16961,5756963382,26.421631,-81.903659,3,,
"POINT (-81.9034872 26.4210753)",16962,5756963383,26.4210753,-81.9034872,3,,
"POINT (-81.9035675 26.4209467)",16963,5756987937,26.4209467,-81.9035675,3,,
"POINT (-81.9034502 26.4210198)",16964,5756987938,26.4210198,-81.9034502,3,,
"POINT (-81.9033863 26.4206308)",16965,5758643548,26.4206308,-81.9033863,3,,
"POINT (-81.903259 26.4207327)",16966,5758643550,26.4207327,-81.903259,3,,
"POINT (-81.903084 26.420152)",16967,5758643551,26.420152,-81.903084,3,,
"POINT (-81.9029356 26.4202392)",16968,5758643552,26.4202392,-81.9029356,3,,
"POINT (-81.9036759 26.4199437)",16969,5758643556,26.4199437,-81.9036759,3,,
"POINT (-81.9038083 26.4200902)",16970,5758643557,26.4200902,-81.9038083,3,,
"POINT (-81.9027867 26.420011)",16971,5758996101,26.420011,-81.9027867,3,,
"POINT (-81.9038062 26.4193318)",16972,5758996102,26.4193318,-81.9038062,1,,
"POINT (-81.9036191 26.4191267)",16973,5758996105,26.4191267,-81.9036191,1,,
"POINT (-81.9026949 26.4198704)",16974,5758996108,26.4198704,-81.9026949,3,,
"POINT (-81.9029514 26.4199027)",16975,5758996109,26.4199027,-81.9029514,3,,
"POINT (-81.9028431 26.419757)",16976,5758996110,26.419757,-81.9028431,3,,
"POINT (-81.9033316 26.4196574)",16977,5758996111,26.4196574,-81.9033316,3,,
"POINT (-81.9031594 26.4194825)",16978,5758996112,26.4194825,-81.9031594,3,,
"POINT (-81.9032393 26.4191823)",16979,5758996153,26.4191823,-81.9032393,1,,
"POINT (-81.9025521 26.4196253)",16980,5758996155,26.4196253,-81.9025521,3,,
"POINT (-81.9022183 26.4189187)",16981,5758996157,26.4189187,-81.9022183,3,,
"POINT (-81.9027586 26.419507)",16982,5758996158,26.419507,-81.9027586,3,,
"POINT (-81.9024606 26.4172416)",16983,5759422371,26.4172416,-81.9024606,1,,
"POINT (-81.9023775 26.4185019)",16984,5759422376,26.4185019,-81.9023775,4,,
"POINT (-81.9020613 26.4185068)",16985,5759422377,26.4185068,-81.9020613,3,,
"POINT (-81.9025597 26.4184991)",16986,5759422378,26.4184991,-81.9025597,3,,
"POINT (-81.9020978 26.4172492)",16987,5759422379,26.4172492,-81.9020978,3,,
"POINT (-81.9022669 26.4177066)",16988,5759422381,26.4177066,-81.9022669,4,,
"POINT (-81.9020701 26.4176892)",16989,5759422382,26.4176892,-81.9020701,4,,
"POINT (-81.9017781 26.4177448)",16990,5759422383,26.4177448,-81.9017781,3,,
"POINT (-81.9022207 26.4175817)",16991,5759422387,26.4175817,-81.9022207,3,,
"POINT (-81.9028483 26.4184947)",16992,5759422388,26.4184947,-81.9028483,3,,
"POINT (-81.9029884 26.4184483)",16993,5759422390,26.4184483,-81.9029884,3,,
"POINT (-81.902987 26.4183295)",16994,5759422396,26.4183295,-81.902987,3,,
"POINT (-81.902499 26.4183346)",16995,5759422397,26.4183346,-81.902499,3,,
"POINT (-81.9027223 26.4183323)",16996,5759422398,26.4183323,-81.9027223,3,,
"POINT (-81.902454 26.418213)",16997,5759422400,26.418213,-81.902454,3,,
"POINT (-81.9009288 26.4154616)",17002,5763946153,26.4154616,-81.9009288,3,,
"POINT (-81.9010308 26.4157372)",17003,5763946155,26.4157372,-81.9010308,3,,
"POINT (-81.901506 26.4150124)",17004,5763946217,26.4150124,-81.901506,1,,
"POINT (-81.9008252 26.4151819)",17005,5763946218,26.4151819,-81.9008252,3,,
"POINT (-81.9005999 26.4145821)",17006,5763946233,26.4145821,-81.9005999,3,,
"POINT (-81.9007932 26.4145136)",17007,5763946235,26.4145136,-81.9007932,3,,
"POINT (-81.9007566 26.4149994)",17008,5763946236,26.4149994,-81.9007566,3,,
"POINT (-81.9011328 26.4148062)",17009,5763946237,26.4148062,-81.9011328,1,,
"POINT (-81.900934 26.4148698)",17010,5763946238,26.4148698,-81.900934,3,,
"POINT (-81.9019134 26.4142425)",17011,5763946358,26.4142425,-81.9019134,1,,
"POINT (-81.9017468 26.4148141)",17012,5763946360,26.4148141,-81.9017468,3,,
"POINT (-81.9012063 26.4144153)",17013,5763946363,26.4144153,-81.9012063,3,,
"POINT (-81.9015541 26.4148619)",17014,5763946364,26.4148619,-81.9015541,3,,
"POINT (-81.9014138 26.4143679)",17015,5763946365,26.4143679,-81.9014138,3,,
"POINT (-81.9015149 26.4139736)",17016,5764153773,26.4139736,-81.9015149,2,,
"POINT (-81.9018126 26.4139075)",17017,5764153790,26.4139075,-81.9018126,1,,
"POINT (-81.9014704 26.414355)",17018,5764153791,26.414355,-81.9014704,3,,
"POINT (-81.9013995 26.4140977)",17019,5764153792,26.4140977,-81.9013995,1,,
"POINT (-81.9004559 26.4141986)",17020,5764153794,26.4141986,-81.9004559,4,crossing,
"POINT (-81.901247 26.4130711)",17021,5764153844,26.4130711,-81.901247,2,,
"POINT (-81.9015588 26.4129889)",17022,5764153845,26.4129889,-81.9015588,1,,
"POINT (-81.9011101 26.4131193)",17023,5764153846,26.4131193,-81.9011101,2,,
"POINT (-81.9001456 26.4133634)",17024,5764153847,26.4133634,-81.9001456,3,,
"POINT (-81.9006627 26.4132325)",17025,5764153848,26.4132325,-81.9006627,3,,
"POINT (-81.9009229 26.4141009)",17026,5764153849,26.4141009,-81.9009229,3,,
"POINT (-81.9007511 26.4142572)",17027,5764153870,26.4142572,-81.9007511,1,,
"POINT (-81.9008308 26.414501)",17028,5764153871,26.414501,-81.9008308,3,,
"POINT (-81.9015401 26.4128223)",17029,5766143306,26.4128223,-81.9015401,1,,
"POINT (-81.9012254 26.4128946)",17030,5766143309,26.4128946,-81.9012254,3,,
"POINT (-81.900805 26.4113473)",17031,5766143310,26.4113473,-81.900805,3,,
"POINT (-81.9008617 26.4115544)",17032,5766143313,26.4115544,-81.9008617,3,,
"POINT (-81.8999605 26.4117618)",17033,5766143315,26.4117618,-81.8999605,3,,
"POINT (-81.8999532 26.4116682)",17034,5766143316,26.4116682,-81.8999532,3,,
"POINT (-81.9010345 26.4121888)",17035,5766143319,26.4121888,-81.9010345,4,,
"POINT (-81.901144 26.4125939)",17036,5766143320,26.4125939,-81.901144,3,,
"POINT (-81.9003085 26.4129133)",17037,5766143329,26.4129133,-81.9003085,3,,
"POINT (-81.9011771 26.412716)",17038,5766143330,26.412716,-81.9011771,3,,
"POINT (-81.9011275 26.4125327)",17039,5766143331,26.4125327,-81.9011275,3,,
"POINT (-81.9010814 26.4123625)",17040,5766143333,26.4123625,-81.9010814,3,,
"POINT (-81.9005143 26.4120956)",17041,5766143334,26.4120956,-81.9005143,1,,
"POINT (-81.9006527 26.4120901)",17042,5766143335,26.4120901,-81.9006527,3,,
"POINT (-81.9009868 26.4120125)",17043,5766143336,26.4120125,-81.9009868,3,,
"POINT (-81.900701 26.4122636)",17044,5766143337,26.4122636,-81.900701,3,,
"POINT (-81.9004764 26.4115828)",17045,5766143338,26.4115828,-81.9004764,1,,
"POINT (-81.9008458 26.4114962)",17046,5766143339,26.4114962,-81.9008458,3,,
"POINT (-81.8996231 26.4114607)",17047,5766143342,26.4114607,-81.8996231,1,,
"POINT (-81.8992529 26.411011)",17048,5766143557,26.411011,-81.8992529,3,,
"POINT (-81.9007375 26.4111451)",17049,5766143566,26.4111451,-81.9007375,3,,
"POINT (-81.9000714 26.4113352)",17050,5766143568,26.4113352,-81.9000714,1,,
"POINT (-81.8998898 26.4108338)",17051,5766143569,26.4108338,-81.8998898,3,,
"POINT (-81.9000465 26.4112664)",17052,5766143570,26.4112664,-81.9000465,3,,
"POINT (-81.9006725 26.4108357)",17053,5766143571,26.4108357,-81.9006725,3,,
"POINT (-81.9007098 26.4110135)",17054,5766143572,26.4110135,-81.9007098,3,,
"POINT (-81.8999583 26.4110229)",17055,5766143573,26.4110229,-81.8999583,3,,
"POINT (-81.9012533 26.4106199)",17056,5766449219,26.4106199,-81.9012533,1,,
"POINT (-81.8991066 26.4107136)",17057,5766449221,26.4107136,-81.8991066,3,,
"POINT (-81.9003757 26.4106283)",17058,5766449223,26.4106283,-81.9003757,3,,
"POINT (-81.9009289 26.41062)",17059,5766449224,26.41062,-81.9009289,3,,
"POINT (-81.8988467 26.4102624)",17060,5766451157,26.4102624,-81.8988467,3,,
"POINT (-81.8991449 26.4100585)",17061,5766451159,26.4100585,-81.8991449,3,,
"POINT (-81.8994193 26.4104972)",17062,5766451160,26.4104972,-81.8994193,3,,
"POINT (-81.8994215 26.4106426)",17063,5766451161,26.4106426,-81.8994215,3,,
"POINT (-81.8992376 26.4102015)",17064,5766451162,26.4102015,-81.8992376,3,,
"POINT (-81.8993658 26.4101192)",17065,5766451166,26.4101192,-81.8993658,3,,
"POINT (-81.8992432 26.4097408)",17066,5768234068,26.4097408,-81.8992432,1,,
"POINT (-81.8987055 26.4089906)",17067,5768234071,26.4089906,-81.8987055,1,,
"POINT (-81.8988978 26.4090615)",17068,5768234072,26.4090615,-81.8988978,1,,
"POINT (-81.8985013 26.4093395)",17069,5768234073,26.4093395,-81.8985013,3,,
"POINT (-81.899264 26.4095183)",17070,5768234074,26.4095183,-81.899264,1,,
"POINT (-81.8988806 26.4097953)",17071,5768234075,26.4097953,-81.8988806,3,,
"POINT (-81.8991681 26.4095876)",17072,5768234076,26.4095876,-81.8991681,3,,
"POINT (-81.898713 26.4091911)",17073,5768234080,26.4091911,-81.898713,3,,
"POINT (-81.8987194 26.4096016)",17074,5768234124,26.4096016,-81.8987194,3,,
"POINT (-81.898538 26.4088793)",17075,5768540101,26.4088793,-81.898538,1,,
"POINT (-81.8982047 26.4091062)",17076,5768540102,26.4091062,-81.8982047,3,,
"POINT (-81.8978623 26.408755)",17077,5768540103,26.408755,-81.8978623,1,,
"POINT (-81.8980517 26.4092449)",17078,5768540105,26.4092449,-81.8980517,3,,
"POINT (-81.8978671 26.4083788)",17079,5768796994,26.4083788,-81.8978671,1,,
"POINT (-81.8976525 26.4081336)",17080,5768796997,26.4081336,-81.8976525,1,,
"POINT (-81.8976342 26.4083411)",17081,5768796998,26.4083411,-81.8976342,3,,
"POINT (-81.897413 26.4084995)",17082,5768796999,26.4084995,-81.897413,3,,
"POINT (-81.8976619 26.4078123)",17083,5768797047,26.4078123,-81.8976619,1,,
"POINT (-81.8972088 26.407332)",17084,5768797050,26.407332,-81.8972088,1,,
"POINT (-81.8969941 26.4077515)",17085,5768797052,26.4077515,-81.8969941,3,,
"POINT (-81.8971495 26.4079271)",17086,5768797054,26.4079271,-81.8971495,3,,
"POINT (-81.8970641 26.4078306)",17087,5768797088,26.4078306,-81.8970641,3,,
"POINT (-81.8969222 26.4079288)",17088,5768797089,26.4079288,-81.8969222,3,,
"POINT (-81.8971155 26.4072123)",17089,5768797104,26.4072123,-81.8971155,1,,
"POINT (-81.8965967 26.4069632)",17090,5768797106,26.4069632,-81.8965967,1,,
"POINT (-81.8966957 26.4070831)",17091,5768797107,26.4070831,-81.8966957,3,,
"POINT (-81.8965239 26.4073263)",17092,5768797109,26.4073263,-81.8965239,3,,
"POINT (-81.8968125 26.4072247)",17093,5768797111,26.4072247,-81.8968125,3,,
"POINT (-81.8964487 26.4073783)",17094,5768797112,26.4073783,-81.8964487,3,,
"POINT (-81.8954568 26.4058995)",17095,5768797207,26.4058995,-81.8954568,3,,
"POINT (-81.8951597 26.4062061)",17096,5768797214,26.4062061,-81.8951597,3,,
"POINT (-81.8952476 26.4056557)",17097,5768797217,26.4056557,-81.8952476,1,,
"POINT (-81.8950051 26.4060987)",17098,5768797223,26.4060987,-81.8950051,3,,
"POINT (-81.8948585 26.4052666)",17099,5770662455,26.4052666,-81.8948585,1,,
"POINT (-81.894207 26.4048595)",17100,5770662458,26.4048595,-81.894207,1,,
"POINT (-81.8944454 26.4054938)",17101,5770662459,26.4054938,-81.8944454,3,,
"POINT (-81.8943212 26.4056627)",17102,5770662460,26.4056627,-81.8943212,3,,
"POINT (-81.8941197 26.4053112)",17103,5770662461,26.4053112,-81.8941197,4,,
"POINT (-81.8939955 26.4054857)",17104,5770662462,26.4054857,-81.8939955,3,,
"POINT (-81.8944498 26.4054962)",17105,5770662465,26.4054962,-81.8944498,3,,
"POINT (-81.893406 26.4052067)",17106,5770662549,26.4052067,-81.893406,3,,
"POINT (-81.8937695 26.4048937)",17107,5770662550,26.4048937,-81.8937695,1,,
"POINT (-81.8936029 26.4051118)",17108,5770662551,26.4051118,-81.8936029,1,,
"POINT (-81.8934674 26.405058)",17109,5770662552,26.405058,-81.8934674,3,,
"POINT (-81.8931949 26.4051177)",17110,5770662561,26.4051177,-81.8931949,3,,
"POINT (-81.8934324 26.4045961)",17111,5770662564,26.4045961,-81.8934324,1,,
"POINT (-81.8930987 26.4050792)",17112,5770662574,26.4050792,-81.8930987,3,,
"POINT (-81.8931744 26.4048186)",17113,5770662575,26.4048186,-81.8931744,1,,
"POINT (-81.8929159 26.4048272)",17114,5770662576,26.4048272,-81.8929159,1,,
"POINT (-81.8928484 26.4049851)",17115,5770662577,26.4049851,-81.8928484,3,,
"POINT (-81.8925834 26.4048968)",17116,5770662582,26.4048968,-81.8925834,3,,
"POINT (-81.8926989 26.4049353)",17117,5770662583,26.4049353,-81.8926989,3,,
"POINT (-81.8925328 26.4047144)",17118,5770662598,26.4047144,-81.8925328,1,,
"POINT (-81.892252 26.4046393)",17119,5770662608,26.4046393,-81.892252,1,,
"POINT (-81.8922011 26.4047793)",17120,5770662609,26.4047793,-81.8922011,3,,
"POINT (-81.8917464 26.4045134)",17121,5770662617,26.4045134,-81.8917464,1,,
"POINT (-81.8917083 26.4046563)",17122,5770662618,26.4046563,-81.8917083,3,,
"POINT (-81.8916655 26.4044572)",17123,5770662622,26.4044572,-81.8916655,1,,
"POINT (-81.8916221 26.4046383)",17124,5770662623,26.4046383,-81.8916221,3,,
"POINT (-81.891547 26.4044364)",17125,5770662624,26.4044364,-81.891547,1,,
"POINT (-81.8915085 26.4046145)",17126,5770662625,26.4046145,-81.8915085,3,,
"POINT (-81.8912833 26.4045744)",17127,5770662630,26.4045744,-81.8912833,3,,
"POINT (-81.8913871 26.4045916)",17128,5770662631,26.4045916,-81.8913871,3,,
"POINT (-81.8894534 26.4044337)",17129,5770662655,26.4044337,-81.8894534,3,,
"POINT (-81.8895919 26.4044312)",17130,5770662656,26.4044312,-81.8895919,3,,
"POINT (-81.8890021 26.4044393)",17131,5770662663,26.4044393,-81.8890021,3,,
"POINT (-81.8891334 26.4044377)",17132,5770662664,26.4044377,-81.8891334,4,,
"POINT (-81.8888796 26.4041823)",17133,5770662673,26.4041823,-81.8888796,1,,
"POINT (-81.888888 26.4044407)",17134,5770662674,26.4044407,-81.888888,3,,
"POINT (-81.8887434 26.4042561)",17135,5770662675,26.4042561,-81.8887434,1,,
"POINT (-81.888882 26.4042557)",17136,5770662676,26.4042557,-81.888882,3,,
"POINT (-81.8886279 26.4044439)",17137,5770662677,26.4044439,-81.8886279,3,,
"POINT (-81.8885045 26.4044454)",17138,5770662680,26.4044454,-81.8885045,3,,
"POINT (-81.8901668 26.4044457)",17139,5770662683,26.4044457,-81.8901668,3,,
"POINT (-81.8902751 26.4044528)",17140,5770662684,26.4044528,-81.8902751,3,,
"POINT (-81.8904502 26.4043303)",17141,5770662685,26.4043303,-81.8904502,1,,
"POINT (-81.8904382 26.4044669)",17142,5770662686,26.4044669,-81.8904382,3,,
"POINT (-81.8907182 26.4044919)",17143,5770662687,26.4044919,-81.8907182,3,,
"POINT (-81.8905963 26.4044806)",17144,5770662691,26.4044806,-81.8905963,3,,
"POINT (-81.8911644 26.4045548)",17145,5770662692,26.4045548,-81.8911644,3,,
"POINT (-81.8910527 26.4045377)",17146,5770662695,26.4045377,-81.8910527,3,,
"POINT (-81.8898214 26.404434)",17147,5770662696,26.404434,-81.8898214,3,,
"POINT (-81.8897131 26.4044327)",17148,5770662699,26.4044327,-81.8897131,3,,
"POINT (-81.8876192 26.4044562)",17149,5770662708,26.4044562,-81.8876192,3,,
"POINT (-81.8875004 26.4042514)",17150,5770662710,26.4042514,-81.8875004,1,,
"POINT (-81.8872362 26.4041267)",17151,5771293186,26.4041267,-81.8872362,1,,
"POINT (-81.8872456 26.4044654)",17152,5771293187,26.4044654,-81.8872456,3,,
"POINT (-81.8869215 26.4041356)",17153,5771293188,26.4041356,-81.8869215,1,,
"POINT (-81.8869518 26.4044951)",17154,5771293189,26.4044951,-81.8869518,3,,
"POINT (-81.8839625 26.4044755)",17155,5771293248,26.4044755,-81.8839625,1,,
"POINT (-81.9231909 26.4380354)",17205,5781896148,26.4380354,-81.9231909,3,,
"POINT (-81.9230447 26.4379304)",17206,5781896275,26.4379304,-81.9230447,3,,
"POINT (-81.9208051 26.4363305)",17207,5783014101,26.4363305,-81.9208051,3,,
"POINT (-81.9155695 26.4323826)",17218,5784212568,26.4323826,-81.9155695,3,,
"POINT (-81.9158997 26.4320692)",17219,5784212569,26.4320692,-81.9158997,1,,
"POINT (-81.9161489 26.432627)",17220,5784212570,26.432627,-81.9161489,1,,
"POINT (-81.9160052 26.4327557)",17221,5784212571,26.4327557,-81.9160052,3,,
"POINT (-81.9160491 26.4325691)",17222,5784212577,26.4325691,-81.9160491,1,,
"POINT (-81.9159261 26.432688)",17223,5784212578,26.432688,-81.9159261,3,,
"POINT (-81.9149523 26.431854)",17224,5784212617,26.431854,-81.9149523,3,,
"POINT (-81.9154325 26.4314248)",17225,5784212618,26.4314248,-81.9154325,1,,
"POINT (-81.9127197 26.4296466)",17227,5784803018,26.4296466,-81.9127197,1,,
"POINT (-81.9125656 26.4297892)",17228,5784803019,26.4297892,-81.9125656,3,,
"POINT (-81.912513 26.4297256)",17229,5784803030,26.4297256,-81.912513,3,,
"POINT (-81.9126183 26.429657)",17230,5784803031,26.429657,-81.9126183,1,,
"POINT (-81.9124021 26.4295861)",17231,5784803032,26.4295861,-81.9124021,3,,
"POINT (-81.9125564 26.4294835)",17232,5784803033,26.4294835,-81.9125564,1,,
"POINT (-81.912588 26.4296767)",17233,5784803556,26.4296767,-81.912588,3,,
"POINT (-81.9124834 26.4295321)",17234,5784803557,26.4295321,-81.9124834,3,,
"POINT (-81.9112317 26.4280387)",17235,5784803682,26.4280387,-81.9112317,1,,
"POINT (-81.9110634 26.4281996)",17236,5784803684,26.4281996,-81.9110634,3,,
"POINT (-81.9106763 26.4275227)",17241,5787253593,26.4275227,-81.9106763,1,,
"POINT (-81.9104313 26.4275968)",17242,5787253595,26.4275968,-81.9104313,3,,
"POINT (-81.9102085 26.4270555)",17243,5787253620,26.4270555,-81.9102085,1,,
"POINT (-81.9100253 26.4272084)",17244,5787253621,26.4272084,-81.9100253,3,,
"POINT (-81.9097392 26.4269348)",17245,5787254818,26.4269348,-81.9097392,3,,
"POINT (-81.9096238 26.4268244)",17246,5787254821,26.4268244,-81.9096238,3,,
"POINT (-81.9092827 26.4261706)",17247,5787531652,26.4261706,-81.9092827,1,,
"POINT (-81.9091053 26.4263235)",17248,5787532253,26.4263235,-81.9091053,3,,
"POINT (-81.9089386 26.4258951)",17249,5787532260,26.4258951,-81.9089386,1,,
"POINT (-81.908788 26.4260149)",17250,5787532261,26.4260149,-81.908788,3,,
"POINT (-81.9086766 26.4259065)",17251,5787532264,26.4259065,-81.9086766,3,,
"POINT (-81.9085759 26.4258171)",17252,5787532267,26.4258171,-81.9085759,3,,
"POINT (-81.9085175 26.4253441)",17253,5787532319,26.4253441,-81.9085175,1,,
"POINT (-81.9082384 26.4255969)",17254,5787532321,26.4255969,-81.9082384,3,,
"POINT (-81.9083489 26.4254696)",17255,5787532323,26.4254696,-81.9083489,3,,
"POINT (-81.9084312 26.4254083)",17256,5787532325,26.4254083,-81.9084312,3,,
"POINT (-81.9075729 26.4253283)",17257,5787669196,26.4253283,-81.9075729,1,,
"POINT (-81.9074072 26.4251756)",17258,5787669198,26.4251756,-81.9074072,1,,
"POINT (-81.907538 26.4253304)",17259,5787669199,26.4253304,-81.907538,3,,
"POINT (-81.9075391 26.4254563)",17260,5787669200,26.4254563,-81.9075391,3,,
"POINT (-81.9072033 26.425345)",17261,5787669210,26.425345,-81.9072033,1,,
"POINT (-81.9068347 26.4247325)",17262,5787669219,26.4247325,-81.9068347,3,,
"POINT (-81.9070994 26.4252499)",17263,5787669226,26.4252499,-81.9070994,1,,
"POINT (-81.9070486 26.4253842)",17264,5787669227,26.4253842,-81.9070486,3,,
"POINT (-81.9069045 26.4253346)",17265,5787669232,26.4253346,-81.9069045,3,,
"POINT (-81.9067632 26.4248114)",17266,5787669253,26.4248114,-81.9067632,1,,
"POINT (-81.9065761 26.4247604)",17267,5787669257,26.4247604,-81.9065761,1,,
"POINT (-81.9067471 26.4246425)",17268,5787669258,26.4246425,-81.9067471,3,,
"POINT (-81.9068697 26.4250068)",17269,5787669259,26.4250068,-81.9068697,1,,
"POINT (-81.90698 26.4248254)",17270,5787669260,26.4248254,-81.90698,3,,
"POINT (-81.9063786 26.4246044)",17271,5787669270,26.4246044,-81.9063786,1,,
"POINT (-81.9077106 26.4250125)",17280,5789781070,26.4250125,-81.9077106,1,,
"POINT (-81.9078149 26.4249363)",17281,5789781071,26.4249363,-81.9078149,3,,
"POINT (-81.9069541 26.4248131)",17282,5789781098,26.4248131,-81.9069541,3,,
"POINT (-81.907029 26.4247665)",17283,5789781099,26.4247665,-81.907029,1,,
"POINT (-81.9069164 26.4246755)",17284,5789781116,26.4246755,-81.9069164,1,,
"POINT (-81.9068407 26.424737)",17285,5789781117,26.424737,-81.9068407,3,,
"POINT (-81.9065443 26.4242485)",17286,5789781143,26.4242485,-81.9065443,1,,
"POINT (-81.906475 26.4241693)",17287,5789781144,26.4241693,-81.906475,3,,
"POINT (-81.9070644 26.4241094)",17288,5789834735,26.4241094,-81.9070644,3,,
"POINT (-81.9071648 26.424033)",17289,5789834736,26.424033,-81.9071648,1,,
"POINT (-81.9073326 26.4241556)",17290,5789834737,26.4241556,-81.9073326,1,,
"POINT (-81.9071884 26.4242523)",17291,5789834738,26.4242523,-81.9071884,3,,
"POINT (-81.9062374 26.4240473)",17292,5789834751,26.4240473,-81.9062374,1,,
"POINT (-81.9063948 26.4242293)",17293,5789834753,26.4242293,-81.9063948,3,,
"POINT (-81.9065034 26.4241481)",17294,5789834754,26.4241481,-81.9065034,3,,
"POINT (-81.9063291 26.4241621)",17295,5789834756,26.4241621,-81.9063291,3,,
"POINT (-81.9064699 26.423404)",17296,5789834829,26.423404,-81.9064699,1,,
"POINT (-81.9063391 26.4236205)",17297,5789834832,26.4236205,-81.9063391,3,,
"POINT (-81.9061402 26.4233937)",17298,5789834835,26.4233937,-81.9061402,3,,
"POINT (-81.9063305 26.4236107)",17299,5789834844,26.4236107,-81.9063305,3,,
"POINT (-81.8852548 26.4052198)",17312,5797187881,26.4052198,-81.8852548,1,,
"POINT (-81.8851912 26.4048321)",17313,5797187885,26.4048321,-81.8851912,3,,
"POINT (-81.8856708 26.4050995)",17314,5797187888,26.4050995,-81.8856708,1,,
"POINT (-81.8855142 26.4047961)",17315,5797187890,26.4047961,-81.8855142,3,,
"POINT (-81.8858902 26.4050239)",17316,5797187893,26.4050239,-81.8858902,1,,
"POINT (-81.8857981 26.4047431)",17317,5797187895,26.4047431,-81.8857981,3,,
"POINT (-81.8863648 26.4048274)",17318,5797187907,26.4048274,-81.8863648,1,,
"POINT (-81.8862867 26.4046322)",17319,5797187908,26.4046322,-81.8862867,3,,
"POINT (-81.8866311 26.4045556)",17320,5797187911,26.4045556,-81.8866311,3,,
"POINT (-81.8867723 26.4045258)",17321,5797187918,26.4045258,-81.8867723,3,,
"POINT (-81.8868684 26.4045067)",17322,5797187934,26.4045067,-81.8868684,3,,
"POINT (-81.8870158 26.4044862)",17323,5797187943,26.4044862,-81.8870158,3,,
"POINT (-81.8871223 26.4044758)",17324,5797187948,26.4044758,-81.8871223,3,,
"POINT (-81.8873066 26.4044634)",17325,5797188158,26.4044634,-81.8873066,3,,
"POINT (-81.8873942 26.4046515)",17326,5797188162,26.4046515,-81.8873942,1,,
"POINT (-81.8873912 26.4044606)",17327,5797188164,26.4044606,-81.8873912,3,,
"POINT (-81.8877669 26.4046555)",17328,5797188167,26.4046555,-81.8877669,1,,
"POINT (-81.8876411 26.4046581)",17329,5797188174,26.4046581,-81.8876411,1,,
"POINT (-81.8877026 26.4045892)",17330,5797188175,26.4045892,-81.8877026,3,,
"POINT (-81.8876997 26.4044552)",17331,5797188177,26.4044552,-81.8876997,3,,
"POINT (-81.8878498 26.4044534)",17332,5797188178,26.4044534,-81.8878498,3,,
"POINT (-81.8879863 26.4044517)",17333,5797188187,26.4044517,-81.8879863,3,,
"POINT (-81.888125 26.40445)",17334,5797188199,26.40445,-81.888125,3,,
"POINT (-81.8882436 26.4044486)",17335,5797188204,26.4044486,-81.8882436,3,,
"POINT (-81.8888304 26.4044414)",17336,5797188209,26.4044414,-81.8888304,3,,
"POINT (-81.8922975 26.4049754)",17337,5797188338,26.4049754,-81.8922975,1,,
"POINT (-81.8923424 26.4048212)",17338,5797188340,26.4048212,-81.8923424,3,,
"POINT (-81.8924377 26.4050993)",17339,5797188341,26.4050993,-81.8924377,1,,
"POINT (-81.8925097 26.4048722)",17340,5797188342,26.4048722,-81.8925097,3,,
"POINT (-81.8927621 26.4051376)",17341,5797188360,26.4051376,-81.8927621,1,,
"POINT (-81.8928355 26.4049808)",17342,5797188361,26.4049808,-81.8928355,3,,
"POINT (-81.8929519 26.4050229)",17343,5797188404,26.4050229,-81.8929519,3,,
"POINT (-81.893085 26.405074)",17344,5797188413,26.405074,-81.893085,3,,
"POINT (-81.8934009 26.4053649)",17345,5797188422,26.4053649,-81.8934009,1,,
"POINT (-81.8934691 26.4052333)",17346,5797188423,26.4052333,-81.8934691,3,,
"POINT (-81.8935926 26.4052892)",17347,5797188460,26.4052892,-81.8935926,3,,
"POINT (-81.8937195 26.4053487)",17348,5797188466,26.4053487,-81.8937195,3,,
"POINT (-81.8937295 26.4055394)",17349,5797188497,26.4055394,-81.8937295,1,,
"POINT (-81.8938138 26.4053928)",17350,5797188499,26.4053928,-81.8938138,3,,
"POINT (-81.8940362 26.4056958)",17351,5797188500,26.4056958,-81.8940362,1,,
"POINT (-81.8941258 26.4055535)",17352,5797188502,26.4055535,-81.8941258,3,,
"POINT (-81.8944486 26.4059506)",17353,5797188528,26.4059506,-81.8944486,1,,
"POINT (-81.8946591 26.4060932)",17354,5797188537,26.4060932,-81.8946591,1,,
"POINT (-81.8947751 26.4059392)",17355,5797188539,26.4059392,-81.8947751,3,,
"POINT (-81.8945925 26.4059903)",17356,5797188540,26.4059903,-81.8945925,1,,
"POINT (-81.8946735 26.4058744)",17357,5797188542,26.4058744,-81.8946735,3,,
"POINT (-81.8948813 26.4060127)",17358,5797188668,26.4060127,-81.8948813,3,,
"POINT (-81.8949733 26.4060766)",17359,5797188677,26.4060766,-81.8949733,3,,
"POINT (-81.8950577 26.4061352)",17373,5798972027,26.4061352,-81.8950577,3,,
"POINT (-81.8951503 26.4061996)",17374,5798972035,26.4061996,-81.8951503,3,,
"POINT (-81.8950936 26.4064248)",17375,5798972453,26.4064248,-81.8950936,1,,
"POINT (-81.8952425 26.4062669)",17376,5798972455,26.4062669,-81.8952425,3,,
"POINT (-81.8952938 26.406511)",17377,5798972463,26.406511,-81.8952938,1,,
"POINT (-81.8954102 26.4063973)",17378,5798972465,26.4063973,-81.8954102,3,,
"POINT (-81.8964791 26.4076114)",17379,5798972592,26.4076114,-81.8964791,3,,
"POINT (-81.8965862 26.4075382)",17380,5798972594,26.4075382,-81.8965862,3,,
"POINT (-81.8958712 26.4075072)",17381,5798972595,26.4075072,-81.8958712,3,,
"POINT (-81.8958076 26.4074187)",17382,5798972596,26.4074187,-81.8958076,3,,
"POINT (-81.8970052 26.4080253)",17383,5798972600,26.4080253,-81.8970052,3,,
"POINT (-81.896616 26.4080735)",17384,5798972604,26.4080735,-81.896616,3,,
"POINT (-81.8994751 26.4115557)",17385,5799216664,26.4115557,-81.8994751,3,,
"POINT (-81.8993383 26.4121099)",17386,5799216665,26.4121099,-81.8993383,1,,
"POINT (-81.8991544 26.4115942)",17387,5799216666,26.4115942,-81.8991544,3,,
"POINT (-81.8991923 26.4117004)",17388,5799216667,26.4117004,-81.8991923,3,,
"POINT (-81.8994999 26.4116212)",17389,5799216668,26.4116212,-81.8994999,3,,
"POINT (-81.8986392 26.4118286)",17390,5799216669,26.4118286,-81.8986392,1,,
"POINT (-81.8986355 26.411603)",17391,5799216670,26.411603,-81.8986355,3,,
"POINT (-81.898443 26.4120193)",17392,5799216671,26.4120193,-81.898443,1,,
"POINT (-81.8984375 26.4116063)",17393,5799216672,26.4116063,-81.8984375,3,,
"POINT (-81.8973786 26.4116711)",17394,5799216673,26.4116711,-81.8973786,1,,
"POINT (-81.8981166 26.4116653)",17395,5799216674,26.4116653,-81.8981166,3,,
"POINT (-81.8977558 26.4119961)",17396,5799216681,26.4119961,-81.8977558,2,,
"POINT (-81.8978058 26.4119075)",17397,5799216694,26.4119075,-81.8978058,2,,
"POINT (-81.8973823 26.411853)",17398,5799216695,26.411853,-81.8973823,1,,
"POINT (-81.8978627 26.4118552)",17399,5799216696,26.4118552,-81.8978627,3,,
"POINT (-81.8975968 26.4124484)",17400,5799216697,26.4124484,-81.8975968,1,,
"POINT (-81.9000612 26.4131354)",17401,5801434578,26.4131354,-81.9000612,3,,
"POINT (-81.899089 26.4148813)",17402,5801434579,26.4148813,-81.899089,1,,
"POINT (-81.8997606 26.4132229)",17403,5801434580,26.4132229,-81.8997606,3,,
"POINT (-81.9004159 26.4147496)",17404,5801434582,26.4147496,-81.9004159,3,,
"POINT (-81.8997618 26.41339)",17405,5801434583,26.41339,-81.8997618,3,,
"POINT (-81.9002322 26.414754)",17406,5801434589,26.414754,-81.9002322,3,,
"POINT (-81.8997694 26.41386)",17407,5801434593,26.41386,-81.8997694,3,,
"POINT (-81.9002414 26.4142652)",17408,5801434594,26.4142652,-81.9002414,4,,
"POINT (-81.9000703 26.4143184)",17409,5801434595,26.4143184,-81.9000703,4,,
"POINT (-81.8998971 26.4143722)",17410,5801434596,26.4143722,-81.8998971,3,,
"POINT (-81.8997777 26.4143762)",17411,5801434597,26.4143762,-81.8997777,3,,
"POINT (-81.9000318 26.4147588)",17412,5801434598,26.4147588,-81.9000318,3,,
"POINT (-81.8994093 26.4133252)",17413,5801434599,26.4133252,-81.8994093,3,,
"POINT (-81.8992608 26.4131027)",17414,5801434604,26.4131027,-81.8992608,3,,
"POINT (-81.8989902 26.412357)",17415,5801434605,26.412357,-81.8989902,1,,
"POINT (-81.8992199 26.4130414)",17416,5801434609,26.4130414,-81.8992199,3,,
"POINT (-81.8996673 26.4130009)",17417,5801434610,26.4130009,-81.8996673,1,,
"POINT (-81.8992704 26.4131172)",17418,5801434611,26.4131172,-81.8992704,3,,
"POINT (-81.89427 26.4153188)",17419,5801434616,26.4153188,-81.89427,3,,
"POINT (-81.8942743 26.415157)",17420,5801434621,26.415157,-81.8942743,3,,
"POINT (-81.8988635 26.4143805)",17421,5801434627,26.4143805,-81.8988635,1,,
"POINT (-81.8987964 26.4131534)",17422,5801434630,26.4131534,-81.8987964,3,,
"POINT (-81.8979339 26.4129746)",17423,5801434648,26.4129746,-81.8979339,1,,
"POINT (-81.8981352 26.4131284)",17424,5801434650,26.4131284,-81.8981352,3,,
"POINT (-81.8988125 26.4146797)",17425,5801434651,26.4146797,-81.8988125,1,,
"POINT (-81.8993346 26.4146772)",17426,5801434652,26.4146772,-81.8993346,3,,
"POINT (-81.8993358 26.4148797)",17427,5801435553,26.4148797,-81.8993358,3,,
"POINT (-81.8993408 26.4152616)",17428,5801435554,26.4152616,-81.8993408,3,,
"POINT (-81.8990866 26.4150404)",17429,5801435555,26.4150404,-81.8990866,1,,
"POINT (-81.8993379 26.4150386)",17430,5801435556,26.4150386,-81.8993379,3,,
"POINT (-81.900065 26.4152463)",17431,5802006318,26.4152463,-81.900065,3,,
"POINT (-81.9010511 26.4157921)",17432,5802006324,26.4157921,-81.9010511,3,,
"POINT (-81.9000656 26.4154398)",17433,5802006325,26.4154398,-81.9000656,3,,
"POINT (-81.9006881 26.4157983)",17434,5802006328,26.4157983,-81.9006881,3,,
"POINT (-81.9008209 26.4170717)",17435,5802006383,26.4170717,-81.9008209,3,,
"POINT (-81.8994364 26.4161609)",17436,5802006387,26.4161609,-81.8994364,1,,
"POINT (-81.9004504 26.4159941)",17437,5802006388,26.4159941,-81.9004504,3,,
"POINT (-81.9006401 26.4165424)",17438,5802006390,26.4165424,-81.9006401,4,,
"POINT (-81.9009783 26.4164417)",17439,5802006391,26.4164417,-81.9009783,4,,
"POINT (-81.9004464 26.4165785)",17440,5802006394,26.4165785,-81.9004464,3,,
"POINT (-81.9005849 26.4164071)",17441,5802006395,26.4164071,-81.9005849,3,,
"POINT (-81.900334 26.4165798)",17442,5802006396,26.4165798,-81.900334,3,,
"POINT (-81.90001 26.4159963)",17443,5802006400,26.4159963,-81.90001,3,,
"POINT (-81.9000398 26.4162464)",17444,5802006401,26.4162464,-81.9000398,3,,
"POINT (-81.8995157 26.4162276)",17445,5802006405,26.4162276,-81.8995157,1,,
"POINT (-81.9000646 26.4161734)",17446,5802006406,26.4161734,-81.9000646,1,,
"POINT (-81.9001848 26.4159954)",17447,5802006408,26.4159954,-81.9001848,3,,
"POINT (-81.9017535 26.4176787)",17448,5802444795,26.4176787,-81.9017535,3,,
"POINT (-81.9009726 26.4178911)",17449,5802444799,26.4178911,-81.9009726,1,,
"POINT (-81.9014592 26.4179133)",17450,5802444816,26.4179133,-81.9014592,1,,
"POINT (-81.9018222 26.4178636)",17451,5802444818,26.4178636,-81.9018222,3,,
"POINT (-81.9020749 26.4185433)",17452,5802444823,26.4185433,-81.9020749,3,,
"POINT (-81.9017131 26.4184218)",17453,5802444830,26.4184218,-81.9017131,3,,
"POINT (-81.9007677 26.418032)",17454,5802444835,26.418032,-81.9007677,3,,
"POINT (-81.9010294 26.4184358)",17455,5802444837,26.4184358,-81.9010294,3,,
"POINT (-81.900525 26.4178961)",17456,5802444838,26.4178961,-81.900525,1,,
"POINT (-81.9005186 26.4175434)",17457,5802444839,26.4175434,-81.9005186,3,,
"POINT (-81.9004805 26.4171953)",17458,5802444841,26.4171953,-81.9004805,3,,
"POINT (-81.9005207 26.4176565)",17459,5802444842,26.4176565,-81.9005207,3,,
"POINT (-81.899599 26.4176501)",17460,5802444844,26.4176501,-81.899599,1,,
"POINT (-81.9004811 26.4174303)",17461,5802444845,26.4174303,-81.9004811,3,,
"POINT (-81.899406 26.4172076)",17462,5802444847,26.4172076,-81.899406,3,,
"POINT (-81.9016999 26.4181691)",17463,5802444860,26.4181691,-81.9016999,1,,
"POINT (-81.901091 26.4172055)",17464,5802444925,26.4172055,-81.901091,4,,
"POINT (-81.9014299 26.4173649)",17465,5802444926,26.4173649,-81.9014299,1,,
"POINT (-81.9007791 26.4174147)",17466,5802444931,26.4174147,-81.9007791,1,,
"POINT (-81.9007744 26.4171998)",17467,5802444932,26.4171998,-81.9007744,3,,
"POINT (-81.9015628 26.4171689)",17468,5802444936,26.4171689,-81.9015628,3,,
"POINT (-81.9014123 26.4188581)",17469,5802469957,26.4188581,-81.9014123,1,,
"POINT (-81.9023261 26.4197151)",17470,5802469962,26.4197151,-81.9023261,1,,
"POINT (-81.9020099 26.4190516)",17471,5802469963,26.4190516,-81.9020099,4,,
"POINT (-81.90224 26.4189742)",17472,5802469964,26.4189742,-81.90224,3,,
"POINT (-81.9017601 26.4191269)",17473,5802469965,26.4191269,-81.9017601,3,,
"POINT (-81.9013696 26.4189866)",17474,5802469970,26.4189866,-81.9013696,1,,
"POINT (-81.9019399 26.4197211)",17475,5802469973,26.4197211,-81.9019399,3,,
"POINT (-81.9022687 26.4195947)",17476,5802469974,26.4195947,-81.9022687,3,,
"POINT (-81.9019319 26.4201934)",17477,5802469980,26.4201934,-81.9019319,4,,
"POINT (-81.9022754 26.4198424)",17478,5802469982,26.4198424,-81.9022754,1,,
"POINT (-81.9018748 26.4201295)",17479,5802469983,26.4201295,-81.9018748,3,,
"POINT (-81.901985 26.4202499)",17480,5802470186,26.4202499,-81.901985,3,,
"POINT (-81.9072521 26.4254344)",17481,5804156700,26.4254344,-81.9072521,3,,
"POINT (-81.9072292 26.426144)",17482,5804156701,26.426144,-81.9072292,3,,
"POINT (-81.9067031 26.4254368)",17483,5804156703,26.4254368,-81.9067031,3,,
"POINT (-81.906196 26.4264083)",17484,5804156704,26.4264083,-81.906196,1,,
"POINT (-81.9071969 26.4263342)",17485,5804156705,26.4263342,-81.9071969,3,,
"POINT (-81.9067137 26.4263596)",17486,5804156706,26.4263596,-81.9067137,3,,
"POINT (-81.9067123 26.4262384)",17487,5804156709,26.4262384,-81.9067123,3,,
"POINT (-81.9071771 26.4261848)",17488,5804156710,26.4261848,-81.9071771,3,,
"POINT (-81.9077881 26.4260993)",17489,5804156711,26.4260993,-81.9077881,3,,
"POINT (-81.9077093 26.4262621)",17490,5804156712,26.4262621,-81.9077093,3,,
"POINT (-81.9077938 26.4263875)",17491,5804156713,26.4263875,-81.9077938,3,,
"POINT (-81.908293 26.4265146)",17492,5804156714,26.4265146,-81.908293,1,,
"POINT (-81.9069614 26.42725)",17493,5804156725,26.42725,-81.9069614,1,,
"POINT (-81.9072367 26.4266556)",17494,5804156728,26.4266556,-81.9072367,3,,
"POINT (-81.9079014 26.4265237)",17495,5804156729,26.4265237,-81.9079014,3,,
"POINT (-81.9072118 26.4264518)",17496,5804156730,26.4264518,-81.9072118,3,,
"POINT (-81.9071935 26.4263086)",17497,5804156731,26.4263086,-81.9071935,3,,
"POINT (-81.9078123 26.4267785)",17498,5804156732,26.4267785,-81.9078123,1,,
"POINT (-81.9077997 26.4265312)",17499,5804156733,26.4265312,-81.9077997,3,,
"POINT (-81.9083825 26.4262764)",17500,5804156759,26.4262764,-81.9083825,1,,
"POINT (-81.9089095 26.4261332)",17501,5804464458,26.4261332,-81.9089095,3,,
"POINT (-81.9088182 26.4263254)",17502,5804464462,26.4263254,-81.9088182,1,,
"POINT (-81.9087549 26.4265434)",17503,5804464473,26.4265434,-81.9087549,1,,
"POINT (-81.9090615 26.4262809)",17504,5804464474,26.4262809,-81.9090615,3,,
"POINT (-81.9094847 26.4269359)",17505,5804664324,26.4269359,-81.9094847,1,,
"POINT (-81.9096196 26.4268204)",17506,5804664325,26.4268204,-81.9096196,3,,
"POINT (-81.9096577 26.4271907)",17507,5804664342,26.4271907,-81.9096577,1,,
"POINT (-81.9098245 26.4270165)",17508,5804664345,26.4270165,-81.9098245,3,,
"POINT (-81.9098727 26.4272944)",17509,5804668956,26.4272944,-81.9098727,1,,
"POINT (-81.9100031 26.4271871)",17510,5804668957,26.4271871,-81.9100031,3,,
"POINT (-81.9103145 26.4278457)",17511,5804668998,26.4278457,-81.9103145,1,,
"POINT (-81.9105093 26.4276714)",17512,5804668999,26.4276714,-81.9105093,3,,
"POINT (-81.9119233 26.4290226)",17513,5806958410,26.4290226,-81.9119233,3,,
"POINT (-81.9117165 26.4291873)",17514,5806958411,26.4291873,-81.9117165,1,,
"POINT (-81.9117828 26.4292612)",17515,5806958412,26.4292612,-81.9117828,1,,
"POINT (-81.9119921 26.4290909)",17516,5806958413,26.4290909,-81.9119921,3,,
"POINT (-81.9118413 26.4292136)",17517,5806958414,26.4292136,-81.9118413,3,,
"POINT (-81.9117715 26.4291435)",17518,5806958415,26.4291435,-81.9117715,3,,
"POINT (-81.9115215 26.4293076)",17519,5806958420,26.4293076,-81.9115215,1,,
"POINT (-81.9117378 26.4294799)",17520,5806958421,26.4294799,-81.9117378,3,,
"POINT (-81.9124732 26.4302777)",17521,5806958452,26.4302777,-81.9124732,1,,
"POINT (-81.9120895 26.4302873)",17522,5806958453,26.4302873,-81.9120895,3,,
"POINT (-81.9134268 26.4311002)",17523,5807085162,26.4311002,-81.9134268,1,,
"POINT (-81.9137356 26.4308149)",17524,5807085163,26.4308149,-81.9137356,3,,
"POINT (-81.9134435 26.4308537)",17525,5807085164,26.4308537,-81.9134435,1,,
"POINT (-81.913603 26.4307019)",17526,5807085165,26.4307019,-81.913603,3,,
"POINT (-81.9136391 26.430904)",17527,5807085166,26.430904,-81.9136391,3,,
"POINT (-81.9135119 26.4307886)",17528,5807085167,26.4307886,-81.9135119,3,,
"POINT (-81.9138975 26.430953)",17529,5807085205,26.430953,-81.9138975,3,,
"POINT (-81.913784 26.4308562)",17530,5807085213,26.4308562,-81.913784,3,,
"POINT (-81.9160257 26.4329686)",17531,5807601448,26.4329686,-81.9160257,1,,
"POINT (-81.9161342 26.4328596)",17532,5807601449,26.4328596,-81.9161342,3,,
"POINT (-81.9159584 26.4331561)",17533,5807601450,26.4331561,-81.9159584,3,,
"POINT (-81.9159669 26.4330495)",17534,5807601451,26.4330495,-81.9159669,1,,
"POINT (-81.9158712 26.4331577)",17535,5807601452,26.4331577,-81.9158712,3,,
"POINT (-81.9158959 26.4330488)",17536,5807601453,26.4330488,-81.9158959,1,,
"POINT (-81.9166659 26.4328036)",17537,5807601559,26.4328036,-81.9166659,3,,
"POINT (-81.916625 26.4327699)",17538,5807601561,26.4327699,-81.916625,3,,
"POINT (-81.9165327 26.4328975)",17539,5807601567,26.4328975,-81.9165327,3,,
"POINT (-81.9163766 26.4330536)",17540,5807601568,26.4330536,-81.9163766,3,,
"POINT (-81.9165853 26.4330322)",17541,5807601569,26.4330322,-81.9165853,1,,
"POINT (-81.9164847 26.4329455)",17542,5807601570,26.4329455,-81.9164847,3,,
"POINT (-81.9170432 26.4329948)",17543,5807601571,26.4329948,-81.9170432,1,,
"POINT (-81.9162228 26.4328055)",17544,5807601577,26.4328055,-81.9162228,1,,
"POINT (-81.9162898 26.4331456)",17545,5808109809,26.4331456,-81.9162898,3,,
"POINT (-81.9165332 26.4331744)",17546,5808109819,26.4331744,-81.9165332,3,,
"POINT (-81.9164653 26.4334273)",17547,5808110167,26.4334273,-81.9164653,1,,
"POINT (-81.9166306 26.4332477)",17548,5808110168,26.4332477,-81.9166306,3,,
"POINT (-81.9167951 26.4333714)",17549,5808110169,26.4333714,-81.9167951,3,,
"POINT (-81.9169096 26.4334568)",17550,5808110180,26.4334568,-81.9169096,3,,
"POINT (-81.9167052 26.4336509)",17551,5808110181,26.4336509,-81.9167052,1,,
"POINT (-81.9167637 26.4335742)",17552,5808110182,26.4335742,-81.9167637,3,,
"POINT (-81.9169193 26.4336491)",17553,5808110212,26.4336491,-81.9169193,3,,
"POINT (-81.9170202 26.4335382)",17554,5808110213,26.4335382,-81.9170202,3,,
"POINT (-81.9190797 26.4350612)",17555,5808110365,26.4350612,-81.9190797,3,,
"POINT (-81.9191911 26.4351439)",17556,5808110408,26.4351439,-81.9191911,3,,
"POINT (-81.9192923 26.4352191)",17557,5808110414,26.4352191,-81.9192923,3,,
"POINT (-81.9197914 26.4355878)",17566,5812474104,26.4355878,-81.9197914,3,,
"POINT (-81.9188209 26.4348692)",17567,5812474292,26.4348692,-81.9188209,3,,
"POINT (-81.9223611 26.4374433)",17568,5814968579,26.4374433,-81.9223611,3,,
"POINT (-81.9229471 26.4378603)",17569,5814968629,26.4378603,-81.9229471,3,,
"POINT (-81.9231667 26.438018)",17570,5814969781,26.438018,-81.9231667,3,,
"POINT (-81.8895717 26.4047749)",17585,5820587793,26.4047749,-81.8895717,1,,
"POINT (-81.8894435 26.4047763)",17586,5820587794,26.4047763,-81.8894435,3,,
"POINT (-81.8904632 26.4047078)",17587,5820587824,26.4047078,-81.8904632,1,,
"POINT (-81.8906391 26.4047217)",17588,5820587825,26.4047217,-81.8906391,3,,
"POINT (-81.890796 26.4047261)",17589,5820587830,26.4047261,-81.890796,1,,
"POINT (-81.8906414 26.4047046)",17590,5820587831,26.4047046,-81.8906414,3,,
"POINT (-81.9185153 26.4351427)",17591,5820587880,26.4351427,-81.9185153,3,,
"POINT (-81.8917762 26.5199471)",17592,5829707172,26.5199471,-81.8917762,3,,
"POINT (-81.8884324 26.5207685)",17593,5829707179,26.5207685,-81.8884324,3,,
"POINT (-81.8870301 26.5220355)",17594,5829707184,26.5220355,-81.8870301,1,,
"POINT (-81.8865676 26.5208306)",17595,5829709291,26.5208306,-81.8865676,3,,
"POINT (-81.8854779 26.5264099)",17596,5829709307,26.5264099,-81.8854779,4,,
"POINT (-81.8966547 26.5166862)",17597,5829709309,26.5166862,-81.8966547,3,,
"POINT (-81.8988294 26.5156548)",17598,5829709317,26.5156548,-81.8988294,3,,
"POINT (-81.898785 26.514457)",17599,5829709319,26.514457,-81.898785,4,traffic_signals,
"POINT (-81.8987751 26.5142039)",17600,5829709323,26.5142039,-81.8987751,4,traffic_signals,
"POINT (-81.8982979 26.5148942)",17601,5829709330,26.5148942,-81.8982979,3,,
"POINT (-81.8986718 26.5149421)",17602,5829709337,26.5149421,-81.8986718,3,,
"POINT (-81.8962591 26.5207106)",17603,5829709341,26.5207106,-81.8962591,3,,
"POINT (-81.8972288 26.5205008)",17604,5829709345,26.5205008,-81.8972288,4,,
"POINT (-81.8965462 26.5205281)",17605,5829709347,26.5205281,-81.8965462,3,,
"POINT (-81.8935289 26.5103124)",17606,5829709356,26.5103124,-81.8935289,1,,
"POINT (-81.8987766 26.513801)",17607,5829709377,26.513801,-81.8987766,3,,
"POINT (-81.898843 26.5165233)",17608,5829709378,26.5165233,-81.898843,4,,
"POINT (-81.8864053 26.5206384)",17609,5829709389,26.5206384,-81.8864053,3,,
"POINT (-81.8863819 26.5198439)",17610,5829709390,26.5198439,-81.8863819,4,,
"POINT (-81.8883655 26.52027)",17621,6042467995,26.52027,-81.8883655,3,,
"POINT (-81.8881901 26.5202727)",17622,6042467996,26.5202727,-81.8881901,3,,
"POINT (-81.9115731 26.5070153)",18042,6200124633,26.5070153,-81.9115731,3,,
"POINT (-81.9116633 26.5070106)",18043,6200124634,26.5070106,-81.9116633,1,,
"POINT (-81.912425 26.5064357)",18046,6200136003,26.5064357,-81.912425,3,,
"POINT (-81.912189 26.50633)",18047,6200136006,26.50633,-81.912189,3,,
"POINT (-81.9116497 26.507645)",18048,6200136011,26.507645,-81.9116497,3,,
"POINT (-81.9119368 26.5063128)",18049,6200136023,26.5063128,-81.9119368,3,,
"POINT (-81.9115588 26.5063192)",18050,6200136031,26.5063192,-81.9115588,3,,
"POINT (-81.9117612 26.506312)",18051,6200136033,26.506312,-81.9117612,3,,
"POINT (-81.9119905 26.5063132)",18052,6200136038,26.5063132,-81.9119905,3,,
"POINT (-81.9122627 26.5075742)",18061,6200140895,26.5075742,-81.9122627,1,,
"POINT (-81.9125526 26.5096238)",18062,6200142886,26.5096238,-81.9125526,3,,
"POINT (-81.9116379 26.5092229)",18063,6200142892,26.5092229,-81.9116379,3,,
"POINT (-81.9120594 26.5094686)",18064,6200142894,26.5094686,-81.9120594,3,,
"POINT (-81.9125967 26.5094618)",18065,6200142904,26.5094618,-81.9125967,3,,
"POINT (-81.9128932 26.5096262)",18066,6200142905,26.5096262,-81.9128932,1,,
"POINT (-81.9116285 26.5090207)",18067,6200142908,26.5090207,-81.9116285,3,,
"POINT (-81.9149491 26.5106869)",18068,6200145190,26.5106869,-81.9149491,3,,
"POINT (-81.9147746 26.5107321)",18069,6200145192,26.5107321,-81.9147746,3,,
"POINT (-81.9149492 26.5096521)",18070,6200145196,26.5096521,-81.9149492,3,,
"POINT (-81.9147386 26.5095326)",18071,6200145201,26.5095326,-81.9147386,3,,
"POINT (-81.8821917 26.5208101)",18072,6200151061,26.5208101,-81.8821917,3,,
"POINT (-81.8810318 26.5218725)",18073,6200151063,26.5218725,-81.8810318,3,,
"POINT (-81.8818725 26.5219422)",18074,6200151073,26.5219422,-81.8818725,3,,
"POINT (-81.8800266 26.5230137)",18075,6200151690,26.5230137,-81.8800266,3,,
"POINT (-81.8821333 26.521841)",18076,6200151691,26.521841,-81.8821333,3,,
"POINT (-81.8801943 26.5230892)",18077,6200151707,26.5230892,-81.8801943,3,,
"POINT (-81.8805312 26.5219752)",18078,6200151721,26.5219752,-81.8805312,3,,
"POINT (-81.8803827 26.5222955)",18079,6200151747,26.5222955,-81.8803827,3,,
"POINT (-81.8801787 26.5209674)",18080,6200151748,26.5209674,-81.8801787,4,,
"POINT (-81.8802682 26.5209465)",18081,6200151758,26.5209465,-81.8802682,4,,
"POINT (-81.8806848 26.5219594)",18082,6200151778,26.5219594,-81.8806848,3,,
"POINT (-81.8805 26.5220756)",18083,6200151888,26.5220756,-81.8805,3,,
"POINT (-81.8806059 26.522159)",18084,6200151893,26.522159,-81.8806059,3,,
"POINT (-81.8827517 26.5222289)",18085,6200151918,26.5222289,-81.8827517,3,,
"POINT (-81.8820925 26.5208105)",18086,6200151920,26.5208105,-81.8820925,3,,
"POINT (-81.880629 26.5219431)",18087,6200151922,26.5219431,-81.880629,3,,
"POINT (-81.8807413 26.5220504)",18088,6200151932,26.5220504,-81.8807413,3,,
"POINT (-81.8821442 26.5214861)",18089,6200151943,26.5214861,-81.8821442,4,,
"POINT (-81.8802317 26.5207925)",18090,6200162223,26.5207925,-81.8802317,3,,
"POINT (-81.8803573 26.5209253)",18091,6200162224,26.5209253,-81.8803573,3,,
"POINT (-81.8880218 26.531085)",18098,6200583384,26.531085,-81.8880218,1,,
"POINT (-81.8912501 26.5248954)",18172,6215220556,26.5248954,-81.8912501,3,,
"POINT (-81.8911573 26.5260879)",18173,6215220560,26.5260879,-81.8911573,3,,
"POINT (-81.8912071 26.5262856)",18174,6215220568,26.5262856,-81.8912071,3,,
"POINT (-81.8895174 26.5253084)",18175,6215220570,26.5253084,-81.8895174,3,,
"POINT (-81.8896914 26.5253084)",18176,6215220571,26.5253084,-81.8896914,3,,
"POINT (-81.8889503 26.5246257)",18177,6215220576,26.5246257,-81.8889503,3,,
"POINT (-81.8889544 26.5247818)",18178,6215220577,26.5247818,-81.8889544,3,,
"POINT (-81.8880929 26.5251868)",18179,6215220885,26.5251868,-81.8880929,3,,
"POINT (-81.8882501 26.5252314)",18180,6215220886,26.5252314,-81.8882501,3,,
"POINT (-81.8879723 26.5255419)",18181,6215220887,26.5255419,-81.8879723,1,,
"POINT (-81.889698 26.5254713)",18182,6215220888,26.5254713,-81.889698,1,,
"POINT (-81.8891629 26.5256797)",18183,6215220889,26.5256797,-81.8891629,3,,
"POINT (-81.8891702 26.5258462)",18184,6215220890,26.5258462,-81.8891702,3,,
"POINT (-81.8896368 26.5260165)",18185,6215220892,26.5260165,-81.8896368,1,,
"POINT (-81.8879326 26.5265485)",18186,6215220896,26.5265485,-81.8879326,3,,
"POINT (-81.8879555 26.5262173)",18187,6215220897,26.5262173,-81.8879555,3,,
"POINT (-81.8877764 26.5262046)",18188,6215220898,26.5262046,-81.8877764,3,,
"POINT (-81.8877637 26.5266734)",18189,6215220900,26.5266734,-81.8877637,1,,
"POINT (-81.8878449 26.5257955)",18190,6215220902,26.5257955,-81.8878449,1,,
"POINT (-81.9000651 26.5315943)",18196,6215328778,26.5315943,-81.9000651,3,,
"POINT (-81.8999623 26.5318724)",18197,6215328779,26.5318724,-81.8999623,3,,
"POINT (-81.9001908 26.5318822)",18198,6215328890,26.5318822,-81.9001908,3,,
"POINT (-81.9002734 26.531664)",18199,6215328892,26.531664,-81.9002734,3,,
"POINT (-81.8907699 26.5306031)",18238,6270628612,26.5306031,-81.8907699,3,,
"POINT (-81.8907661 26.5312704)",18239,6270628613,26.5312704,-81.8907661,1,,
"POINT (-81.8770226 26.5188866)",18372,6302060427,26.5188866,-81.8770226,1,,
"POINT (-81.8743945 26.521459)",18373,6302060445,26.521459,-81.8743945,1,,
"POINT (-81.8757886 26.5213395)",18374,6302060447,26.5213395,-81.8757886,1,,
"POINT (-81.873074 26.5237294)",18375,6302060448,26.5237294,-81.873074,1,,
"POINT (-81.8738523 26.5238653)",18376,6302060452,26.5238653,-81.8738523,3,,
"POINT (-81.8850942 26.5197523)",18391,6302175657,26.5197523,-81.8850942,3,,
"POINT (-81.8830535 26.5199945)",18392,6302175660,26.5199945,-81.8830535,1,,
"POINT (-81.8837864 26.5200179)",18393,6302175663,26.5200179,-81.8837864,1,,
"POINT (-81.8833707 26.5199831)",18394,6302175664,26.5199831,-81.8833707,3,,
"POINT (-81.8849807 26.5201637)",18395,6302175671,26.5201637,-81.8849807,3,,
"POINT (-81.8851047 26.5201601)",18396,6302175672,26.5201601,-81.8851047,4,,
"POINT (-81.884125 26.5205249)",18397,6302175673,26.5205249,-81.884125,3,,
"POINT (-81.8841311 26.5206481)",18398,6302175674,26.5206481,-81.8841311,3,,
"POINT (-81.9126226 26.4991412)",18414,6302209112,26.4991412,-81.9126226,3,,
"POINT (-81.9133771 26.4996187)",18415,6302209117,26.4996187,-81.9133771,3,,
"POINT (-81.9127755 26.5001779)",18416,6302209118,26.5001779,-81.9127755,1,,
"POINT (-81.913533 26.4994742)",18417,6302209119,26.4994742,-81.913533,1,,
"POINT (-81.9129087 26.500053)",18418,6302209120,26.500053,-81.9129087,3,,
"POINT (-81.9125671 26.4997629)",18419,6302209121,26.4997629,-81.9125671,3,,
"POINT (-81.8696237 26.4971756)",18420,6302217826,26.4971756,-81.8696237,1,,
"POINT (-81.8652041 26.4928917)",18454,6302331619,26.4928917,-81.8652041,3,,
"POINT (-81.8637131 26.492912)",18455,6302331628,26.492912,-81.8637131,3,,
"POINT (-81.8659792 26.4928845)",18456,6302331629,26.4928845,-81.8659792,3,,
"POINT (-81.8656675 26.5267953)",18481,6302408388,26.5267953,-81.8656675,3,,
"POINT (-81.8656795 26.5272578)",18482,6302408389,26.5272578,-81.8656795,3,,
"POINT (-81.8649675 26.5272771)",18483,6302408390,26.5272771,-81.8649675,4,,
"POINT (-81.8648644 26.5272748)",18484,6302408391,26.5272748,-81.8648644,3,,
"POINT (-81.8676395 26.5259067)",18485,6302408393,26.5259067,-81.8676395,1,,
"POINT (-81.8677515 26.5259079)",18486,6302408395,26.5259079,-81.8677515,3,,
"POINT (-81.8677609 26.5267587)",18487,6302408397,26.5267587,-81.8677609,3,,
"POINT (-81.8649539 26.5268079)",18488,6302408398,26.5268079,-81.8649539,3,,
"POINT (-81.8648507 26.5268055)",18489,6302408399,26.5268055,-81.8648507,2,,
"POINT (-81.8859489 26.5193309)",18512,6302433984,26.5193309,-81.8859489,1,,
"POINT (-81.8868166 26.5192949)",18513,6302434191,26.5192949,-81.8868166,1,,
"POINT (-81.8863767 26.5194449)",18514,6302434192,26.5194449,-81.8863767,3,,
"POINT (-81.9056551 26.4274199)",18525,6304043722,26.4274199,-81.9056551,3,,
"POINT (-81.9067241 26.42814)",18526,6304043724,26.42814,-81.9067241,3,,
"POINT (-81.9060159 26.4275527)",18527,6304043726,26.4275527,-81.9060159,3,,
"POINT (-81.9072408 26.4287049)",18528,6304043727,26.4287049,-81.9072408,3,,
"POINT (-81.9077401 26.4291806)",18529,6304043731,26.4291806,-81.9077401,3,,
"POINT (-81.90467 26.4272836)",18530,6304043748,26.4272836,-81.90467,1,,
"POINT (-81.8667799 26.5092828)",18552,6304101891,26.5092828,-81.8667799,3,,
"POINT (-81.8667173 26.5096382)",18553,6304101892,26.5096382,-81.8667173,3,,
"POINT (-81.8681378 26.5092884)",18554,6304101911,26.5092884,-81.8681378,3,,
"POINT (-81.8685582 26.5097302)",18555,6304101916,26.5097302,-81.8685582,3,,
"POINT (-81.9000895 26.5227773)",18563,6304139544,26.5227773,-81.9000895,1,,
"POINT (-81.9184801 26.501826)",18564,6304139927,26.501826,-81.9184801,3,,
"POINT (-81.9187594 26.5011805)",18565,6304139937,26.5011805,-81.9187594,3,,
"POINT (-81.9296416 26.4942591)",18600,6322353560,26.4942591,-81.9296416,4,,
"POINT (-81.9054983 26.5094415)",19236,6753254963,26.5094415,-81.9054983,4,,
"POINT (-81.905679 26.509285)",19237,6753254967,26.509285,-81.905679,3,,
"POINT (-81.9169032 26.5154751)",19246,6756084973,26.5154751,-81.9169032,1,turning_loop,
"POINT (-81.8815161 26.5228421)",19315,6781953867,26.5228421,-81.8815161,3,,
"POINT (-81.8818751 26.5221331)",19352,6782210655,26.5221331,-81.8818751,3,,
"POINT (-81.8820451 26.521918)",19353,6782210661,26.521918,-81.8820451,3,,
"POINT (-81.8828844 26.5223334)",19357,6782289917,26.5223334,-81.8828844,1,,
"POINT (-81.86409 26.5153775)",19390,6788484176,26.5153775,-81.86409,4,,
"POINT (-81.8640658 26.5160054)",19391,6788484178,26.5160054,-81.8640658,3,,
"POINT (-81.864069 26.5163892)",19392,6788484179,26.5163892,-81.864069,3,,
"POINT (-81.8641978 26.5163951)",19393,6788484180,26.5163951,-81.8641978,3,,
"POINT (-81.8642211 26.516823)",19394,6788484182,26.516823,-81.8642211,3,,
"POINT (-81.8640114 26.5168585)",19395,6788484184,26.5168585,-81.8640114,3,,
"POINT (-81.8640813 26.5156557)",19396,6788499591,26.5156557,-81.8640813,3,,
"POINT (-81.865289 26.5163212)",19397,6788499596,26.5163212,-81.865289,3,,
"POINT (-81.866118 26.517418)",19398,6788499598,26.517418,-81.866118,3,,
"POINT (-81.8648716 26.5165207)",19399,6788499600,26.5165207,-81.8648716,3,,
"POINT (-81.8652621 26.5165118)",19400,6788499603,26.5165118,-81.8652621,1,,
"POINT (-81.865066 26.5164184)",19401,6788499604,26.5164184,-81.865066,3,,
"POINT (-81.8640766 26.5158035)",19402,6788499609,26.5158035,-81.8640766,3,,
"POINT (-81.8650224 26.5159401)",19403,6788499610,26.5159401,-81.8650224,3,,
"POINT (-81.8648178 26.5160469)",19404,6788499611,26.5160469,-81.8648178,3,,
"POINT (-81.8644303 26.5167462)",19405,6788499615,26.5167462,-81.8644303,3,,
"POINT (-81.895079 26.4079327)",19701,6947764573,26.4079327,-81.895079,3,,
"POINT (-81.89595 26.4082231)",19702,6947764576,26.4082231,-81.89595,1,,
"POINT (-81.895777 26.5151125)",19787,6957344473,26.5151125,-81.895777,1,,
"POINT (-81.8718565 26.5177141)",19933,6976381324,26.5177141,-81.8718565,3,,
"POINT (-81.8733808 26.5182142)",19934,6976381329,26.5182142,-81.8733808,1,,
"POINT (-81.8728545 26.5184701)",19935,6976381330,26.5184701,-81.8728545,1,,
"POINT (-81.8718736 26.51888)",19936,6976381344,26.51888,-81.8718736,3,,
"POINT (-81.8981917 26.5053664)",19981,6986715239,26.5053664,-81.8981917,3,,
"POINT (-81.8982049 26.5057625)",19982,6986715240,26.5057625,-81.8982049,3,,
"POINT (-81.8978821 26.5057731)",19983,6986715241,26.5057731,-81.8978821,3,,
"POINT (-81.8987185 26.5053546)",19984,6986715242,26.5053546,-81.8987185,3,,
"POINT (-81.8987157 26.5051759)",19985,6986715247,26.5051759,-81.8987157,3,,
"POINT (-81.895567 26.4118083)",20191,7011017093,26.4118083,-81.895567,3,,
"POINT (-81.8953185 26.4117987)",20192,7011017097,26.4117987,-81.8953185,3,,
"POINT (-81.8960081 26.413811)",20193,7011017109,26.413811,-81.8960081,3,,
"POINT (-81.8963525 26.4138087)",20194,7011017110,26.4138087,-81.8963525,3,,
"POINT (-81.8950713 26.4117923)",20195,7011017112,26.4117923,-81.8950713,3,,
"POINT (-81.8934258 26.4127923)",20196,7011017122,26.4127923,-81.8934258,3,,
"POINT (-81.8931951 26.4123273)",20197,7011017133,26.4123273,-81.8931951,3,,
"POINT (-81.8933461 26.4126317)",20198,7011017134,26.4126317,-81.8933461,3,,
"POINT (-81.8931514 26.4127116)",20199,7011017135,26.4127116,-81.8931514,1,,
"POINT (-81.8932676 26.4124735)",20200,7011017136,26.4124735,-81.8932676,3,,
"POINT (-81.8929908 26.4125931)",20201,7011017137,26.4125931,-81.8929908,1,,
"POINT (-81.8942671 26.4147149)",20202,7011017138,26.4147149,-81.8942671,1,,
"POINT (-81.8938426 26.4151078)",20203,7011017139,26.4151078,-81.8938426,3,,
"POINT (-81.8940571 26.4151629)",20204,7011017142,26.4151629,-81.8940571,4,,
"POINT (-81.8940611 26.4156517)",20205,7011017145,26.4156517,-81.8940611,3,,
"POINT (-81.8640078 26.5145852)",20236,7011031396,26.5145852,-81.8640078,3,,
"POINT (-81.8640548 26.5151646)",20242,7011031414,26.5151646,-81.8640548,3,,
"POINT (-81.8640214 26.5135024)",20244,7011031418,26.5135024,-81.8640214,3,,
"POINT (-81.8647679 26.5126791)",20245,7011031424,26.5126791,-81.8647679,3,,
"POINT (-81.8718783 26.5334772)",20255,7011037508,26.5334772,-81.8718783,3,,
"POINT (-81.8724088 26.5334729)",20256,7011037509,26.5334729,-81.8724088,3,,
"POINT (-81.8716889 26.5330964)",20257,7011037517,26.5330964,-81.8716889,4,,
"POINT (-81.871717 26.5334718)",20259,7011037523,26.5334718,-81.871717,3,,
"POINT (-81.8723151 26.5326914)",20260,7011037526,26.5326914,-81.8723151,3,,
"POINT (-81.8713923 26.5330949)",20261,7011037530,26.5330949,-81.8713923,3,,
"POINT (-81.866053 26.517324)",20288,7011065918,26.517324,-81.866053,3,,
"POINT (-81.8652589 26.5177861)",20289,7011065922,26.5177861,-81.8652589,3,,
"POINT (-81.8657347 26.5168629)",20290,7011065923,26.5168629,-81.8657347,3,,
"POINT (-81.8659034 26.5174075)",20291,7011065926,26.5174075,-81.8659034,3,,
"POINT (-81.8644658 26.5187263)",20292,7011065927,26.5187263,-81.8644658,3,,
"POINT (-81.8647189 26.5176107)",20293,7011065933,26.5176107,-81.8647189,1,,
"POINT (-81.8669258 26.5172118)",20294,7011065934,26.5172118,-81.8669258,4,,
"POINT (-81.8662746 26.5168002)",20295,7011065941,26.5168002,-81.8662746,3,,
"POINT (-81.8689843 26.5171663)",20296,7011065942,26.5171663,-81.8689843,3,,
"POINT (-81.8690372 26.5165614)",20297,7011065945,26.5165614,-81.8690372,3,,
"POINT (-81.8694313 26.5171599)",20298,7011065949,26.5171599,-81.8694313,3,,
"POINT (-81.867755 26.5171861)",20299,7011065950,26.5171861,-81.867755,3,,
"POINT (-81.8684991 26.5177538)",20300,7011065956,26.5177538,-81.8684991,1,,
"POINT (-81.8658728 26.517692)",20301,7011065957,26.517692,-81.8658728,3,,
"POINT (-81.8669096 26.519144)",20302,7011065962,26.519144,-81.8669096,3,,
"POINT (-81.8669879 26.5193139)",20303,7011065964,26.5193139,-81.8669879,4,,
"POINT (-81.8661599 26.5178265)",20304,7011065965,26.5178265,-81.8661599,3,,
"POINT (-81.8657008 26.5186857)",20391,7011083496,26.5186857,-81.8657008,3,,
"POINT (-81.8655697 26.5187561)",20392,7011083497,26.5187561,-81.8655697,3,,
"POINT (-81.8661835 26.5196822)",20393,7011083498,26.5196822,-81.8661835,4,,
"POINT (-81.8656369 26.5199728)",20394,7011083499,26.5199728,-81.8656369,3,,
"POINT (-81.8688924 26.5209958)",20395,7011083501,26.5209958,-81.8688924,3,,
"POINT (-81.868659 26.5212043)",20396,7011083503,26.5212043,-81.868659,3,,
"POINT (-81.8687 26.5213191)",20397,7011083504,26.5213191,-81.8687,3,,
"POINT (-81.8693324 26.5221934)",20398,7011083505,26.5221934,-81.8693324,3,,
"POINT (-81.8691855 26.5219897)",20399,7011083506,26.5219897,-81.8691855,3,,
"POINT (-81.8681614 26.5218186)",20400,7011083515,26.5218186,-81.8681614,3,,
"POINT (-81.8681838 26.5219582)",20401,7011083516,26.5219582,-81.8681838,4,,
"POINT (-81.8682047 26.5220639)",20402,7011083517,26.5220639,-81.8682047,3,,
"POINT (-81.9053075 26.509621)",20709,7011148986,26.509621,-81.9053075,3,,
"POINT (-81.9062187 26.4840466)",20911,7011222414,26.4840466,-81.9062187,4,,
"POINT (-81.9050814 26.4829689)",20912,7011222422,26.4829689,-81.9050814,3,,
"POINT (-81.9036542 26.4830624)",20913,7011222427,26.4830624,-81.9036542,3,,
"POINT (-81.9043849 26.4828909)",20914,7011222436,26.4828909,-81.9043849,3,,
"POINT (-81.9050267 26.483139)",20915,7011222437,26.483139,-81.9050267,3,,
"POINT (-81.9056402 26.4834365)",20916,7011222438,26.4834365,-81.9056402,3,,
"POINT (-81.9057731 26.4832819)",20917,7011222439,26.4832819,-81.9057731,3,,
"POINT (-81.9034339 26.4844834)",20918,7011222464,26.4844834,-81.9034339,4,,
"POINT (-81.9052855 26.48347)",20919,7011222465,26.48347,-81.9052855,3,,
"POINT (-81.9040086 26.4834337)",20920,7011222466,26.4834337,-81.9040086,3,,
"POINT (-81.9038114 26.4832116)",20921,7011222467,26.4832116,-81.9038114,3,,
"POINT (-81.9055864 26.4870484)",20922,7011222468,26.4870484,-81.9055864,3,,
"POINT (-81.9033824 26.4870834)",20923,7011222482,26.4870834,-81.9033824,3,,
"POINT (-81.9045838 26.4870911)",20924,7011222483,26.4870911,-81.9045838,3,,
"POINT (-81.9045948 26.4868902)",20925,7011222484,26.4868902,-81.9045948,3,,
"POINT (-81.9122887 26.5000254)",20926,7011222975,26.5000254,-81.9122887,3,,
"POINT (-81.9113288 26.4999379)",20927,7011222978,26.4999379,-81.9113288,1,,
"POINT (-81.9117621 26.5004607)",20928,7011222979,26.5004607,-81.9117621,4,,
"POINT (-81.9117412 26.499925)",20929,7011222980,26.499925,-81.9117412,3,,
"POINT (-81.9118417 26.500427)",20930,7011222981,26.500427,-81.9118417,3,,
"POINT (-81.9026734 26.4848429)",20942,7011226185,26.4848429,-81.9026734,3,,
"POINT (-81.9117527 26.5000456)",20943,7011234785,26.5000456,-81.9117527,3,,
"POINT (-81.9126309 26.4994477)",20944,7011234786,26.4994477,-81.9126309,3,,
"POINT (-81.9112966 26.4994843)",20945,7011234787,26.4994843,-81.9112966,1,,
"POINT (-81.9135007 26.4991776)",20946,7011234796,26.4991776,-81.9135007,3,,
"POINT (-81.9139744 26.4992548)",20947,7011234800,26.4992548,-81.9139744,1,,
"POINT (-81.9129365 26.4985748)",20948,7011234802,26.4985748,-81.9129365,3,,
"POINT (-81.9098685 26.4906163)",20951,7011250408,26.4906163,-81.9098685,4,,
"POINT (-81.9094139 26.4931071)",20952,7011250416,26.4931071,-81.9094139,3,,
"POINT (-81.9092673 26.4929944)",20953,7011250417,26.4929944,-81.9092673,3,,
"POINT (-81.9092739 26.4935289)",20954,7011250420,26.4935289,-81.9092739,3,,
"POINT (-81.9090762 26.4935212)",20955,7011250421,26.4935212,-81.9090762,1,,
"POINT (-81.9089252 26.4879378)",20956,7011250422,26.4879378,-81.9089252,4,,
"POINT (-81.9088598 26.488052)",20957,7011250423,26.488052,-81.9088598,3,,
"POINT (-81.90943 26.4894312)",20958,7011250429,26.4894312,-81.90943,3,,
"POINT (-81.9096401 26.4906487)",20959,7011250431,26.4906487,-81.9096401,3,,
"POINT (-81.9096352 26.4919623)",20960,7011250435,26.4919623,-81.9096352,3,,
"POINT (-81.9088839 26.4931813)",20961,7011250439,26.4931813,-81.9088839,3,,
"POINT (-81.9089983 26.4932769)",20962,7011250440,26.4932769,-81.9089983,3,,
"POINT (-81.9098189 26.4920142)",20963,7011250441,26.4920142,-81.9098189,4,,
"POINT (-81.9096298 26.4893801)",20964,7011250442,26.4893801,-81.9096298,3,,
"POINT (-81.9080199 26.4877376)",20965,7011250447,26.4877376,-81.9080199,3,,
"POINT (-81.9073808 26.4942295)",20966,7011250448,26.4942295,-81.9073808,3,,
"POINT (-81.9071923 26.4944678)",20967,7011250450,26.4944678,-81.9071923,3,,
"POINT (-81.9071993 26.4946038)",20968,7011250451,26.4946038,-81.9071993,3,,
"POINT (-81.9079791 26.4949817)",20969,7011250456,26.4949817,-81.9079791,3,,
"POINT (-81.908259 26.4950468)",20970,7011250458,26.4950468,-81.908259,3,,
"POINT (-81.9083883 26.4949572)",20971,7011250459,26.4949572,-81.9083883,4,,
"POINT (-81.907056 26.4947896)",20972,7011250469,26.4947896,-81.907056,3,,
"POINT (-81.9084568 26.494898)",20973,7011250470,26.494898,-81.9084568,3,,
"POINT (-81.9146834 26.5108106)",20974,7011260936,26.5108106,-81.9146834,3,,
"POINT (-81.9145123 26.510532)",20975,7011260942,26.510532,-81.9145123,3,,
"POINT (-81.872698 26.5246471)",20976,7011267769,26.5246471,-81.872698,3,,
"POINT (-81.8718535 26.5254363)",20977,7011267771,26.5254363,-81.8718535,4,,
"POINT (-81.8717723 26.5255702)",20978,7011267772,26.5255702,-81.8717723,3,,
"POINT (-81.8718904 26.5257107)",20979,7011267773,26.5257107,-81.8718904,3,,
"POINT (-81.8694263 26.5289125)",20980,7011267774,26.5289125,-81.8694263,3,,
"POINT (-81.8682475 26.5289359)",20981,7011267775,26.5289359,-81.8682475,3,,
"POINT (-81.8707433 26.5298156)",20982,7011267776,26.5298156,-81.8707433,3,,
"POINT (-81.8707824 26.5287725)",20983,7011267778,26.5287725,-81.8707824,3,,
"POINT (-81.8707821 26.5289461)",20984,7011267781,26.5289461,-81.8707821,3,,
"POINT (-81.8729869 26.5279668)",20985,7011267782,26.5279668,-81.8729869,3,,
"POINT (-81.8716147 26.5295806)",21022,7011291894,26.5295806,-81.8716147,4,,
"POINT (-81.8713662 26.5296147)",21023,7011291895,26.5296147,-81.8713662,3,,
"POINT (-81.8713692 26.5299515)",21024,7011291898,26.5299515,-81.8713692,3,,
"POINT (-81.8723874 26.5297214)",21025,7011291900,26.5297214,-81.8723874,1,,
"POINT (-81.8716476 26.5299472)",21026,7011291903,26.5299472,-81.8716476,3,,
"POINT (-81.8913588 26.5283198)",21087,7011352519,26.5283198,-81.8913588,3,,
"POINT (-81.8913222 26.5284385)",21088,7011352532,26.5284385,-81.8913222,3,,
"POINT (-81.8913589 26.5282641)",21089,7011352534,26.5282641,-81.8913589,3,,
"POINT (-81.8710549 26.5254185)",21172,7011420060,26.5254185,-81.8710549,3,,
"POINT (-81.8707094 26.5254136)",21173,7011420065,26.5254136,-81.8707094,3,,
"POINT (-81.8704087 26.5256732)",21174,7011420072,26.5256732,-81.8704087,3,,
"POINT (-81.8706964 26.525499)",21175,7011420079,26.525499,-81.8706964,3,,
"POINT (-81.8703746 26.5254231)",21176,7011420080,26.5254231,-81.8703746,3,,
"POINT (-81.8702082 26.5254239)",21177,7011420081,26.5254239,-81.8702082,3,,
"POINT (-81.8981823 26.5133374)",21362,7011573877,26.5133374,-81.8981823,3,,
"POINT (-81.8982786 26.5135877)",21363,7011573880,26.5135877,-81.8982786,3,,
"POINT (-81.8978624 26.5140266)",21405,7011615489,26.5140266,-81.8978624,3,,
"POINT (-81.8977002 26.5139588)",21406,7011615490,26.5139588,-81.8977002,4,,
"POINT (-81.897221 26.5133556)",21407,7011615501,26.5133556,-81.897221,3,,
"POINT (-81.8961189 26.5138777)",21408,7011615505,26.5138777,-81.8961189,1,,
"POINT (-81.8951921 26.5256728)",21481,7011692884,26.5256728,-81.8951921,3,,
"POINT (-81.895008 26.5256548)",21493,7011735585,26.5256548,-81.895008,3,,
"POINT (-81.8931143 26.5246351)",21494,7011735597,26.5246351,-81.8931143,1,,
"POINT (-81.8934185 26.5244105)",21495,7011735598,26.5244105,-81.8934185,3,,
"POINT (-81.893449 26.524619)",21496,7011735599,26.524619,-81.893449,3,,
"POINT (-81.8946455 26.5244057)",21497,7011735600,26.5244057,-81.8946455,3,,
"POINT (-81.8945103 26.5247435)",21498,7011735601,26.5247435,-81.8945103,3,,
"POINT (-81.8931094 26.5279311)",21499,7011735603,26.5279311,-81.8931094,3,,
"POINT (-81.8950106 26.526443)",21500,7011735615,26.526443,-81.8950106,3,,
"POINT (-81.8952052 26.5264344)",21501,7011735618,26.5264344,-81.8952052,3,,
"POINT (-81.8949796 26.5273843)",21502,7011735620,26.5273843,-81.8949796,3,,
"POINT (-81.894033 26.5281295)",21503,7011735621,26.5281295,-81.894033,3,,
"POINT (-81.8940515 26.5279515)",21504,7011735622,26.5279515,-81.8940515,3,,
"POINT (-81.8931085 26.528102)",21505,7011735623,26.528102,-81.8931085,3,,
"POINT (-81.8919766 26.5273277)",21506,7011735624,26.5273277,-81.8919766,3,,
"POINT (-81.8922083 26.5273254)",21507,7011735625,26.5273254,-81.8922083,3,,
"POINT (-81.8918538 26.5265432)",21508,7011735626,26.5265432,-81.8918538,3,,
"POINT (-81.89209 26.5265027)",21509,7011735627,26.5265027,-81.89209,3,,
"POINT (-81.8802926 26.5204497)",21512,7012984801,26.5204497,-81.8802926,3,,
"POINT (-81.8801421 26.5203075)",21513,7012984807,26.5203075,-81.8801421,3,,
"POINT (-81.8801865 26.5204769)",21514,7012984808,26.5204769,-81.8801865,3,,
"POINT (-81.8796935 26.5199538)",21515,7012984817,26.5199538,-81.8796935,3,,
"POINT (-81.878848 26.5209212)",21516,7012984818,26.5209212,-81.878848,3,,
"POINT (-81.8782825 26.5205753)",21517,7012984821,26.5205753,-81.8782825,1,,
"POINT (-81.8779734 26.521658)",21518,7012984822,26.521658,-81.8779734,3,,
"POINT (-81.877194 26.5214659)",21519,7012984826,26.5214659,-81.877194,3,,
"POINT (-81.8772962 26.5211048)",21520,7012984827,26.5211048,-81.8772962,1,,
"POINT (-81.8777569 26.5215822)",21521,7012984828,26.5215822,-81.8777569,3,,
"POINT (-81.8977269 26.5212979)",21538,7013125647,26.5212979,-81.8977269,3,,
"POINT (-81.898062 26.5212897)",21539,7013125648,26.5212897,-81.898062,3,,
"POINT (-81.8980441 26.5209151)",21540,7013125649,26.5209151,-81.8980441,3,,
"POINT (-81.8985469 26.5209103)",21541,7013125650,26.5209103,-81.8985469,2,,
"POINT (-81.8970956 26.5210491)",21542,7013125652,26.5210491,-81.8970956,3,,
"POINT (-81.8961914 26.5209545)",21543,7013125657,26.5209545,-81.8961914,3,,
"POINT (-81.8956508 26.5209711)",21544,7013125658,26.5209711,-81.8956508,3,,
"POINT (-81.89566 26.521434)",21545,7013125659,26.521434,-81.89566,3,,
"POINT (-81.8958055 26.5215772)",21546,7013125661,26.5215772,-81.8958055,3,,
"POINT (-81.8941674 26.5216167)",21547,7013125662,26.5216167,-81.8941674,3,,
"POINT (-81.8941594 26.5213869)",21548,7013125663,26.5213869,-81.8941594,4,,
"POINT (-81.8933857 26.5213988)",21549,7013125664,26.5213988,-81.8933857,3,,
"POINT (-81.8991847 26.5329245)",21572,7013151864,26.5329245,-81.8991847,3,,
"POINT (-81.8995131 26.53303)",21575,7013151870,26.53303,-81.8995131,3,,
"POINT (-81.887158 26.4084762)",21666,7013232985,26.4084762,-81.887158,3,,
"POINT (-81.8948515 26.532519)",21668,7013243049,26.532519,-81.8948515,3,,
"POINT (-81.8950446 26.5318568)",21669,7013243062,26.5318568,-81.8950446,3,,
"POINT (-81.8939261 26.5325269)",21670,7013243063,26.5325269,-81.8939261,3,,
"POINT (-81.8939951 26.532671)",21671,7013243068,26.532671,-81.8939951,3,,
"POINT (-81.8940627 26.53309)",21672,7013243071,26.53309,-81.8940627,1,,
"POINT (-81.8945752 26.5326702)",21673,7013243072,26.5326702,-81.8945752,1,,
"POINT (-81.8919935 26.5320205)",21674,7013243073,26.5320205,-81.8919935,3,,
"POINT (-81.8920062 26.5325542)",21675,7013243074,26.5325542,-81.8920062,1,,
"POINT (-81.8920013 26.5323475)",21676,7013243075,26.5323475,-81.8920013,3,,
"POINT (-81.8923543 26.5325003)",21677,7013243078,26.5325003,-81.8923543,1,,
"POINT (-81.9027323 26.5205811)",21819,7013411758,26.5205811,-81.9027323,3,,
"POINT (-81.9027423 26.5207921)",21820,7013411759,26.5207921,-81.9027423,3,,
"POINT (-81.9029418 26.5213833)",21821,7013411761,26.5213833,-81.9029418,1,,
"POINT (-81.9013626 26.5214329)",21822,7013411766,26.5214329,-81.9013626,3,,
"POINT (-81.9026922 26.5208257)",21823,7013411767,26.5208257,-81.9026922,3,,
"POINT (-81.9024475 26.5215209)",21824,7013411770,26.5215209,-81.9024475,1,,
"POINT (-81.901356 26.5204217)",21825,7013411771,26.5204217,-81.901356,4,,
"POINT (-81.9011365 26.5201925)",21826,7013411776,26.5201925,-81.9011365,3,,
"POINT (-81.9023495 26.5166119)",21851,7013431985,26.5166119,-81.9023495,1,,
"POINT (-81.8713886 26.5320697)",21902,7013543216,26.5320697,-81.8713886,3,,
"POINT (-81.8726418 26.5319939)",21903,7013543219,26.5319939,-81.8726418,1,,
"POINT (-81.8708762 26.5321608)",21904,7013543220,26.5321608,-81.8708762,3,,
"POINT (-81.8706107 26.5321782)",21905,7013543221,26.5321782,-81.8706107,3,,
"POINT (-81.8696834 26.5319262)",21906,7013543223,26.5319262,-81.8696834,3,,
"POINT (-81.8696866 26.5316374)",21907,7013543224,26.5316374,-81.8696866,3,,
"POINT (-81.8708767 26.5326695)",21908,7013543229,26.5326695,-81.8708767,3,,
"POINT (-81.8709044 26.5334485)",21909,7013543230,26.5334485,-81.8709044,3,,
"POINT (-81.8680853 26.5334736)",21910,7013543231,26.5334736,-81.8680853,3,,
"POINT (-81.8706258 26.5326653)",21911,7013543232,26.5326653,-81.8706258,4,,
"POINT (-81.8683059 26.5321199)",21912,7013543234,26.5321199,-81.8683059,3,,
"POINT (-81.8677869 26.5325604)",21913,7013543236,26.5325604,-81.8677869,1,,
"POINT (-81.8683094 26.5327841)",21914,7013543238,26.5327841,-81.8683094,3,,
"POINT (-81.899398 26.50559)",21951,7013594194,26.50559,-81.899398,3,,
"POINT (-81.8990055 26.5056219)",21952,7013594207,26.5056219,-81.8990055,3,,
"POINT (-81.8990045 26.5055573)",21953,7013594209,26.5055573,-81.8990045,3,,
"POINT (-81.8989987 26.5051698)",21954,7013594223,26.5051698,-81.8989987,3,,
"POINT (-81.8981985 26.5055702)",21955,7013594224,26.5055702,-81.8981985,3,,
"POINT (-81.898725 26.5055558)",21956,7013594225,26.5055558,-81.898725,3,,
"POINT (-81.899612 26.507932)",21995,7013614811,26.507932,-81.899612,3,,
"POINT (-81.8993047 26.5079776)",21996,7013614813,26.5079776,-81.8993047,1,,
"POINT (-81.899049 26.5100711)",21997,7013614814,26.5100711,-81.899049,4,,
"POINT (-81.8996165 26.5100933)",21998,7013614815,26.5100933,-81.8996165,3,,
"POINT (-81.8996331 26.5110354)",21999,7013614817,26.5110354,-81.8996331,3,,
"POINT (-81.8989236 26.5110738)",22000,7013614819,26.5110738,-81.8989236,4,,
"POINT (-81.8930299 26.5105942)",22028,7013655016,26.5105942,-81.8930299,3,,
"POINT (-81.8940685 26.5105626)",22029,7013655020,26.5105626,-81.8940685,3,,
"POINT (-81.864572 26.5327741)",22047,7013698264,26.5327741,-81.864572,3,,
"POINT (-81.8645745 26.5325007)",22048,7013698266,26.5325007,-81.8645745,1,,
"POINT (-81.8648492 26.5326502)",22049,7013698267,26.5326502,-81.8648492,1,,
"POINT (-81.8645745 26.5326591)",22050,7013698268,26.5326591,-81.8645745,3,,
"POINT (-81.9101142 26.5025647)",22144,7013789329,26.5025647,-81.9101142,3,,
"POINT (-81.9097479 26.5023081)",22145,7013789336,26.5023081,-81.9097479,3,,
"POINT (-81.909958 26.5024245)",22146,7013789337,26.5024245,-81.909958,3,,
"POINT (-81.9095842 26.5027538)",22147,7013789353,26.5027538,-81.9095842,3,,
"POINT (-81.9094096 26.5029166)",22148,7013789360,26.5029166,-81.9094096,3,,
"POINT (-81.9102779 26.5294683)",22163,7013808026,26.5294683,-81.9102779,3,,
"POINT (-81.9103818 26.529951)",22164,7013808029,26.529951,-81.9103818,3,,
"POINT (-81.8863409 26.5158072)",22169,7013821226,26.5158072,-81.8863409,3,,
"POINT (-81.8857432 26.5156303)",22170,7013821227,26.5156303,-81.8857432,1,,
"POINT (-81.8852181 26.5137503)",22171,7013821232,26.5137503,-81.8852181,1,,
"POINT (-81.8890802 26.5220153)",22189,7013851615,26.5220153,-81.8890802,3,,
"POINT (-81.8891966 26.5212842)",22190,7013851622,26.5212842,-81.8891966,3,,
"POINT (-81.8892067 26.5218179)",22191,7013851626,26.5218179,-81.8892067,3,,
"POINT (-81.88894 26.5218996)",22192,7013851628,26.5218996,-81.88894,3,,
"POINT (-81.8959388 26.5141769)",22194,7013861070,26.5141769,-81.8959388,3,,
"POINT (-81.8958836 26.514192)",22195,7013861080,26.514192,-81.8958836,3,,
"POINT (-81.9118699 26.4342869)",22201,7013881500,26.4342869,-81.9118699,3,,
"POINT (-81.9112042 26.4339395)",22202,7013881502,26.4339395,-81.9112042,1,,
"POINT (-81.9114579 26.5151174)",22208,7013892982,26.5151174,-81.9114579,3,,
"POINT (-81.8735545 26.5228992)",22279,7014018394,26.5228992,-81.8735545,3,,
"POINT (-81.8730439 26.5223017)",22280,7014018399,26.5223017,-81.8730439,1,,
"POINT (-81.9190333 26.5005072)",22346,7014213749,26.5005072,-81.9190333,1,,
"POINT (-81.9032852 26.5311711)",22422,7014411656,26.5311711,-81.9032852,1,,
"POINT (-81.9029986 26.5309508)",22423,7014411658,26.5309508,-81.9029986,3,,
"POINT (-81.9061189 26.5033676)",22458,7016239175,26.5033676,-81.9061189,3,,
"POINT (-81.9062588 26.5023538)",22459,7016239182,26.5023538,-81.9062588,1,,
"POINT (-81.8642299 26.5016654)",22478,7016291972,26.5016654,-81.8642299,3,,
"POINT (-81.8919318 26.5145918)",22493,7016327074,26.5145918,-81.8919318,3,,
"POINT (-81.8919319 26.5143575)",22494,7016327082,26.5143575,-81.8919319,3,,
"POINT (-81.9035041 26.4242302)",22498,7016372995,26.4242302,-81.9035041,3,,
"POINT (-81.9038097 26.4246179)",22499,7016372997,26.4246179,-81.9038097,1,,
"POINT (-81.9162723 26.4371914)",22514,7016461448,26.4371914,-81.9162723,1,,
"POINT (-81.8948163 26.5141281)",22520,7016489936,26.5141281,-81.8948163,1,,
"POINT (-81.894753 26.5146357)",22521,7016489938,26.5146357,-81.894753,1,,
"POINT (-81.8942558 26.5144987)",22522,7016489940,26.5144987,-81.8942558,3,,
"POINT (-81.9100162 26.4920778)",22593,7025409785,26.4920778,-81.9100162,3,,
"POINT (-81.9006099 26.5205981)",22661,7054106110,26.5205981,-81.9006099,3,,
"POINT (-81.9014158 26.520593)",22662,7054106111,26.520593,-81.9014158,3,,
"POINT (-81.8977601 26.5233714)",22663,7054106116,26.5233714,-81.8977601,2,,
"POINT (-81.9118699 26.5174995)",22664,7054127263,26.5174995,-81.9118699,3,,
"POINT (-81.9118685 26.5174037)",22665,7054127264,26.5174037,-81.9118685,3,,
"POINT (-81.9109082 26.5175128)",22666,7054127265,26.5175128,-81.9109082,3,,
"POINT (-81.9109109 26.5174145)",22667,7054127266,26.5174145,-81.9109109,3,,
"POINT (-81.9121527 26.5174973)",22668,7054127267,26.5174973,-81.9121527,4,,
"POINT (-81.9115161 26.5175092)",22669,7054127269,26.5175092,-81.9115161,4,,
"POINT (-81.9113342 26.5175128)",22670,7054127270,26.5175128,-81.9113342,4,,
"POINT (-81.9107029 26.5175148)",22671,7054127271,26.5175148,-81.9107029,4,,
"POINT (-81.9122936 26.5174433)",22672,7054127275,26.5174433,-81.9122936,3,,
"POINT (-81.9072965 26.5183457)",22673,7054127276,26.5183457,-81.9072965,3,,
"POINT (-81.9070499 26.5182857)",22674,7054127280,26.5182857,-81.9070499,4,,
"POINT (-81.9067816 26.5182137)",22675,7054140085,26.5182137,-81.9067816,3,,
"POINT (-81.9069238 26.5178585)",22676,7054140087,26.5178585,-81.9069238,3,,
"POINT (-81.9075304 26.5178266)",22677,7054140089,26.5178266,-81.9075304,4,,
"POINT (-81.9074382 26.517809)",22678,7054140090,26.517809,-81.9074382,4,,
"POINT (-81.8763511 26.5239186)",22712,7059362453,26.5239186,-81.8763511,3,,
"POINT (-81.8758481 26.5237629)",22713,7059362454,26.5237629,-81.8758481,1,,
"POINT (-81.8754757 26.5244392)",22714,7059362459,26.5244392,-81.8754757,3,,
"POINT (-81.8891104 26.5143534)",22717,7059423762,26.5143534,-81.8891104,3,,
"POINT (-81.8890687 26.5142621)",22718,7059423763,26.5142621,-81.8890687,3,,
"POINT (-81.8971435 26.4152856)",22757,7062713920,26.4152856,-81.8971435,3,,
"POINT (-81.8971435 26.4151776)",22758,7062713921,26.4151776,-81.8971435,3,,
"POINT (-81.8962863 26.4151401)",22759,7062713923,26.4151401,-81.8962863,3,,
"POINT (-81.8962924 26.4152949)",22760,7062713924,26.4152949,-81.8962924,3,,
"POINT (-81.8958743 26.4148414)",22761,7062713927,26.4148414,-81.8958743,1,,
"POINT (-81.8974866 26.4148761)",22762,7062713928,26.4148761,-81.8974866,1,,
"POINT (-81.8705191 26.5171416)",22790,7069653778,26.5171416,-81.8705191,3,,
"POINT (-81.8705251 26.5166524)",22791,7069653780,26.5166524,-81.8705251,1,,
"POINT (-81.8707891 26.5223581)",22802,7069779034,26.5223581,-81.8707891,1,,
"POINT (-81.8703855 26.5220755)",22803,7069779037,26.5220755,-81.8703855,3,,
"POINT (-81.8704258 26.5224343)",22804,7069779040,26.5224343,-81.8704258,3,,
"POINT (-81.870813 26.5230499)",22805,7069779042,26.5230499,-81.870813,1,,
"POINT (-81.8740327 26.5161822)",22933,7079450776,26.5161822,-81.8740327,3,,
"POINT (-81.8995394 26.4152587)",22951,7081882020,26.4152587,-81.8995394,3,,
"POINT (-81.8995533 26.4155912)",22952,7081882021,26.4155912,-81.8995533,1,,
"POINT (-81.8685439 26.5010733)",22967,7083844526,26.5010733,-81.8685439,3,,
"POINT (-81.868728 26.5010792)",22968,7083844527,26.5010792,-81.868728,3,,
"POINT (-81.8685342 26.501437)",22969,7083844532,26.501437,-81.8685342,3,,
"POINT (-81.8921636 26.530153)",22973,7087789306,26.530153,-81.8921636,3,,
"POINT (-81.8920863 26.5302925)",22974,7087789308,26.5302925,-81.8920863,3,,
"POINT (-81.8915827 26.5300798)",22975,7087789309,26.5300798,-81.8915827,1,,
"POINT (-81.8923969 26.5304954)",22976,7087789310,26.5304954,-81.8923969,1,,
"POINT (-81.868086 26.5333101)",23000,7087922822,26.5333101,-81.868086,3,,
"POINT (-81.8676924 26.5327294)",23001,7087922824,26.5327294,-81.8676924,3,,
"POINT (-81.8946622 26.5136892)",23002,7088053665,26.5136892,-81.8946622,1,,
"POINT (-81.8986962 26.4152686)",23055,7094841898,26.4152686,-81.8986962,3,,
"POINT (-81.8981528 26.4151279)",23056,7094841905,26.4151279,-81.8981528,3,,
"POINT (-81.8981525 26.4152738)",23057,7094841908,26.4152738,-81.8981525,3,,
"POINT (-81.8981525 26.4152544)",23058,7094841910,26.4152544,-81.8981525,2,,
"POINT (-81.8976093 26.4147026)",23059,7094841912,26.4147026,-81.8976093,1,,
"POINT (-81.8986849 26.4151561)",23060,7094841913,26.4151561,-81.8986849,3,,
"POINT (-81.8987678 26.4148302)",23061,7094841915,26.4148302,-81.8987678,1,,
"POINT (-81.9073272 26.5043541)",23070,7094886489,26.5043541,-81.9073272,3,,
"POINT (-81.9069669 26.5046041)",23071,7094886498,26.5046041,-81.9069669,3,,
"POINT (-81.9064546 26.5053386)",23072,7094886499,26.5053386,-81.9064546,3,,
"POINT (-81.9061679 26.5055217)",23073,7094886508,26.5055217,-81.9061679,3,,
"POINT (-81.9043126 26.5062305)",23074,7094886509,26.5062305,-81.9043126,3,,
"POINT (-81.9041348 26.5063105)",23075,7094886511,26.5063105,-81.9041348,3,,
"POINT (-81.9032982 26.5040045)",23076,7094886529,26.5040045,-81.9032982,1,,
"POINT (-81.8918426 26.5139704)",23139,7101380519,26.5139704,-81.8918426,3,,
"POINT (-81.8885704 26.5161179)",23140,7101380525,26.5161179,-81.8885704,3,,
"POINT (-81.8890401 26.5161024)",23141,7101380531,26.5161024,-81.8890401,3,,
"POINT (-81.8943089 26.5163777)",23142,7101380532,26.5163777,-81.8943089,3,,
"POINT (-81.9020273 26.4871086)",23206,7111227489,26.4871086,-81.9020273,1,,
"POINT (-81.9016038 26.4869431)",23207,7111227494,26.4869431,-81.9016038,3,,
"POINT (-81.894168 26.531037)",23256,7111446670,26.531037,-81.894168,3,,
"POINT (-81.8925085 26.5305502)",23257,7111446684,26.5305502,-81.8925085,1,,
"POINT (-81.892859 26.5307001)",23274,7111476485,26.5307001,-81.892859,3,,
"POINT (-81.8934051 26.5307637)",23275,7111476486,26.5307637,-81.8934051,3,,
"POINT (-81.8933208 26.5309104)",23276,7111476487,26.5309104,-81.8933208,3,,
"POINT (-81.8939715 26.5326612)",23277,7111476488,26.5326612,-81.8939715,3,,
"POINT (-81.8930092 26.5325347)",23278,7111476494,26.5325347,-81.8930092,3,,
"POINT (-81.8899532 26.5326617)",23336,7111624976,26.5326617,-81.8899532,3,,
"POINT (-81.8896655 26.5331469)",23337,7111624982,26.5331469,-81.8896655,1,,
"POINT (-81.8913986 26.5326511)",23338,7111624983,26.5326511,-81.8913986,3,,
"POINT (-81.8910368 26.5326539)",23339,7111647700,26.5326539,-81.8910368,3,,
"POINT (-81.8908292 26.5326561)",23340,7111647701,26.5326561,-81.8908292,3,,
"POINT (-81.8903215 26.5326552)",23341,7111647713,26.5326552,-81.8903215,3,,
"POINT (-81.8894887 26.5326682)",23342,7111647714,26.5326682,-81.8894887,3,,
"POINT (-81.8895141 26.5320457)",23343,7111647729,26.5320457,-81.8895141,1,,
"POINT (-81.88887 26.5326813)",23344,7111647730,26.5326813,-81.88887,3,,
"POINT (-81.888532 26.5326924)",23345,7111647740,26.5326924,-81.888532,3,,
"POINT (-81.8879217 26.5323428)",23346,7111647745,26.5323428,-81.8879217,1,,
"POINT (-81.8900146 26.4101586)",23448,7113549196,26.4101586,-81.8900146,3,,
"POINT (-81.8890076 26.4094997)",23449,7113549208,26.4094997,-81.8890076,3,,
"POINT (-81.8888841 26.409497)",23450,7113549209,26.409497,-81.8888841,3,,
"POINT (-81.8892245 26.409956)",23451,7113549214,26.409956,-81.8892245,3,,
"POINT (-81.8698456 26.5154828)",23475,7113608619,26.5154828,-81.8698456,3,,
"POINT (-81.8707295 26.5158099)",23476,7113608630,26.5158099,-81.8707295,1,,
"POINT (-81.8688114 26.5335771)",23539,7113840555,26.5335771,-81.8688114,3,,
"POINT (-81.8876324 26.5139553)",23549,7113938353,26.5139553,-81.8876324,1,,
"POINT (-81.8883033 26.5250604)",23578,7114174954,26.5250604,-81.8883033,3,,
"POINT (-81.8885967 26.5251475)",23579,7114174955,26.5251475,-81.8885967,3,,
"POINT (-81.8979656 26.4898163)",23693,7122319749,26.4898163,-81.8979656,1,,
"POINT (-81.8678723 26.5335793)",23927,7139099824,26.5335793,-81.8678723,1,,
"POINT (-81.9019136 26.4907781)",23929,7139375497,26.4907781,-81.9019136,3,,
"POINT (-81.9022985 26.4905316)",23930,7139375499,26.4905316,-81.9022985,1,,
"POINT (-81.9045515 26.5158929)",23988,7145107042,26.5158929,-81.9045515,3,,
"POINT (-81.8939552 26.4912913)",24020,7147803812,26.4912913,-81.8939552,3,,
"POINT (-81.8943979 26.4914603)",24021,7147803818,26.4914603,-81.8943979,3,,
"POINT (-81.9008701 26.424603)",24038,7148048346,26.424603,-81.9008701,1,,
"POINT (-81.8952883 26.4153096)",24059,7148341496,26.4153096,-81.8952883,3,,
"POINT (-81.8952793 26.4151672)",24060,7148341497,26.4151672,-81.8952793,3,,
"POINT (-81.8948983 26.415313)",24061,7148341499,26.415313,-81.8948983,3,,
"POINT (-81.8937016 26.413482)",24148,7155292544,26.413482,-81.8937016,3,,
"POINT (-81.8996519 26.5208683)",24274,7171367414,26.5208683,-81.8996519,3,,
"POINT (-81.8996567 26.5214237)",24275,7171367415,26.5214237,-81.8996567,3,,
"POINT (-81.900027 26.5208043)",24276,7171367417,26.5208043,-81.900027,4,,
"POINT (-81.9007681 26.5214138)",24277,7171367418,26.5214138,-81.9007681,4,,
"POINT (-81.9007717 26.5216216)",24278,7171367428,26.5216216,-81.9007717,3,,
"POINT (-81.9006226 26.5214151)",24279,7171367432,26.5214151,-81.9006226,3,,
"POINT (-81.8780432 26.5191158)",24292,7180407974,26.5191158,-81.8780432,3,,
"POINT (-81.8780929 26.5189089)",24293,7180407983,26.5189089,-81.8780929,3,,
"POINT (-81.9033877 26.4845678)",24294,7180842021,26.4845678,-81.9033877,3,,
"POINT (-81.89594 26.5209624)",24300,7183522680,26.5209624,-81.89594,3,,
"POINT (-81.8959496 26.5214639)",24301,7183522682,26.5214639,-81.8959496,3,,
"POINT (-81.8958026 26.5214664)",24302,7183545488,26.5214664,-81.8958026,3,,
"POINT (-81.8920834 26.5129193)",24310,7187744674,26.5129193,-81.8920834,3,,
"POINT (-81.892081 26.5124962)",24311,7187744675,26.5124962,-81.892081,1,,
"POINT (-81.9101218 26.4330948)",24320,7189398659,26.4330948,-81.9101218,1,,
"POINT (-81.9120134 26.4987362)",24340,7192451805,26.4987362,-81.9120134,1,,
"POINT (-81.9077834 26.5038579)",24398,7200279709,26.5038579,-81.9077834,3,,
"POINT (-81.9076157 26.5032959)",24399,7200279715,26.5032959,-81.9076157,3,,
"POINT (-81.8684798 26.5212662)",24448,7203100025,26.5212662,-81.8684798,3,,
"POINT (-81.8684404 26.5215465)",24449,7203100031,26.5215465,-81.8684404,3,,
"POINT (-81.910549 26.5251007)",24452,7203134892,26.5251007,-81.910549,3,,
"POINT (-81.9108261 26.524683)",24453,7203134899,26.524683,-81.9108261,3,,
"POINT (-81.893644 26.4133285)",24454,7203305056,26.4133285,-81.893644,3,,
"POINT (-81.8933133 26.4134842)",24455,7203305057,26.4134842,-81.8933133,1,,
"POINT (-81.8935798 26.4131574)",24456,7203305058,26.4131574,-81.8935798,3,,
"POINT (-81.8932228 26.4133382)",24457,7203305059,26.4133382,-81.8932228,1,,
"POINT (-81.893501 26.4129635)",24458,7203305060,26.4129635,-81.893501,3,,
"POINT (-81.8932088 26.4131113)",24459,7203305061,26.4131113,-81.8932088,1,,
"POINT (-81.8678401 26.518415)",24473,7205525874,26.518415,-81.8678401,1,,
"POINT (-81.8672228 26.5182017)",24512,7207977988,26.5182017,-81.8672228,3,,
"POINT (-81.8674154 26.5180879)",24513,7207977989,26.5180879,-81.8674154,4,,
"POINT (-81.8679055 26.5188415)",24514,7207977990,26.5188415,-81.8679055,3,,
"POINT (-81.8888861 26.409521)",24517,7208366770,26.409521,-81.8888861,3,,
"POINT (-81.888707 26.4095825)",24518,7208366771,26.4095825,-81.888707,3,,
"POINT (-81.8888451 26.4092463)",24519,7208366777,26.4092463,-81.8888451,3,,
"POINT (-81.8747725 26.5230432)",24522,7210873592,26.5230432,-81.8747725,3,,
"POINT (-81.8742763 26.5229951)",24523,7210873595,26.5229951,-81.8742763,1,,
"POINT (-81.888856 26.5156715)",24528,7217729643,26.5156715,-81.888856,1,,
"POINT (-81.8888054 26.5161095)",24529,7217729650,26.5161095,-81.8888054,3,,
"POINT (-81.9107065 26.5305628)",24530,7217793338,26.5305628,-81.9107065,4,,
"POINT (-81.9107219 26.5307585)",24531,7217793340,26.5307585,-81.9107219,3,,
"POINT (-81.8680144 26.5180639)",24544,7218258942,26.5180639,-81.8680144,1,,
"POINT (-81.8669776 26.5173897)",24545,7218258943,26.5173897,-81.8669776,3,,
"POINT (-81.8675918 26.5173448)",24546,7218258947,26.5173448,-81.8675918,3,,
"POINT (-81.8675903 26.5171903)",24547,7218258948,26.5171903,-81.8675903,3,,
"POINT (-81.8922522 26.4111514)",24603,7226537671,26.4111514,-81.8922522,3,,
"POINT (-81.8919815 26.4109771)",24604,7226537681,26.4109771,-81.8919815,3,,
"POINT (-81.8968703 26.5133624)",24661,7227070913,26.5133624,-81.8968703,3,,
"POINT (-81.8964521 26.5133705)",24662,7227070916,26.5133705,-81.8964521,3,,
"POINT (-81.8905711 26.5146173)",24663,7227115105,26.5146173,-81.8905711,1,,
"POINT (-81.8901331 26.5148093)",24664,7227115107,26.5148093,-81.8901331,3,,
"POINT (-81.8877503 26.5161725)",24665,7227115108,26.5161725,-81.8877503,3,,
"POINT (-81.8876909 26.5157476)",24666,7227115113,26.5157476,-81.8876909,1,,
"POINT (-81.8980291 26.4172235)",24698,7229628345,26.4172235,-81.8980291,3,,
"POINT (-81.8991762 26.4172102)",24699,7229628352,26.4172102,-81.8991762,3,,
"POINT (-81.8664261 26.5022621)",24724,7229901937,26.5022621,-81.8664261,3,,
"POINT (-81.8662832 26.5020082)",24725,7229901943,26.5020082,-81.8662832,1,,
"POINT (-81.8724187 26.5283786)",24751,7230604419,26.5283786,-81.8724187,3,,
"POINT (-81.8724561 26.5291863)",24752,7230604422,26.5291863,-81.8724561,3,,
"POINT (-81.8726172 26.5283769)",24753,7230604427,26.5283769,-81.8726172,3,,
"POINT (-81.8716944 26.5292217)",24754,7230604429,26.5292217,-81.8716944,3,,
"POINT (-81.8654882 26.5018946)",24763,7231880498,26.5018946,-81.8654882,1,,
"POINT (-81.8939504 26.5325267)",24783,7232846854,26.5325267,-81.8939504,3,,
"POINT (-81.8939451 26.5324182)",24784,7232846855,26.5324182,-81.8939451,3,,
"POINT (-81.8932857 26.5324275)",24785,7232846856,26.5324275,-81.8932857,3,,
"POINT (-81.8932927 26.5325323)",24786,7232846857,26.5325323,-81.8932927,3,,
"POINT (-81.8944523 26.5324043)",24787,7232846858,26.5324043,-81.8944523,1,,
"POINT (-81.8929019 26.5322711)",24788,7232846860,26.5322711,-81.8929019,1,,
"POINT (-81.8708625 26.5308219)",24800,7238400331,26.5308219,-81.8708625,3,,
"POINT (-81.8704084 26.5308315)",24801,7238400332,26.5308315,-81.8704084,3,,
"POINT (-81.8704191 26.5316258)",24802,7238400333,26.5316258,-81.8704191,3,,
"POINT (-81.8704162 26.5314226)",24803,7238400334,26.5314226,-81.8704162,4,,
"POINT (-81.8690169 26.5314615)",24804,7238400335,26.5314615,-81.8690169,3,,
"POINT (-81.8690187 26.531637)",24805,7238400336,26.531637,-81.8690187,3,,
"POINT (-81.86993 26.53163)",24806,7238400337,26.53163,-81.86993,3,,
"POINT (-81.8699187 26.5314364)",24807,7238400338,26.5314364,-81.8699187,3,,
"POINT (-81.8680469 26.4959763)",24977,7257240452,26.4959763,-81.8680469,3,,
"POINT (-81.8702042 26.4954405)",24978,7257240469,26.4954405,-81.8702042,3,,
"POINT (-81.8689482 26.4965641)",24979,7257240470,26.4965641,-81.8689482,3,,
"POINT (-81.8696907 26.4966656)",24980,7257240472,26.4966656,-81.8696907,1,,
"POINT (-81.8874047 26.5237597)",25043,7262785690,26.5237597,-81.8874047,3,,
"POINT (-81.8966755 26.4908249)",25060,7265416350,26.4908249,-81.8966755,3,,
"POINT (-81.8964038 26.4911497)",25061,7265416355,26.4911497,-81.8964038,1,,
"POINT (-81.8973259 26.5143392)",25125,7281816471,26.5143392,-81.8973259,3,,
"POINT (-81.8974442 26.5144506)",25126,7281816472,26.5144506,-81.8974442,3,,
"POINT (-81.8976362 26.5145854)",25127,7281816473,26.5145854,-81.8976362,1,,
"POINT (-81.8975081 26.5146873)",25128,7281816474,26.5146873,-81.8975081,1,,
"POINT (-81.8713814 26.5311187)",25170,7287716204,26.5311187,-81.8713814,3,,
"POINT (-81.8716861 26.5311179)",25171,7287716205,26.5311179,-81.8716861,3,,
"POINT (-81.8716907 26.5314212)",25172,7287716206,26.5314212,-81.8716907,3,,
"POINT (-81.8713837 26.5314283)",25173,7287716207,26.5314283,-81.8713837,3,,
"POINT (-81.8659265 26.5327547)",25184,7290745690,26.5327547,-81.8659265,3,,
"POINT (-81.8855892 26.5163196)",25210,7298657144,26.5163196,-81.8855892,1,,
"POINT (-81.8920044 26.5161837)",25250,7353311364,26.5161837,-81.8920044,3,,
"POINT (-81.8916004 26.516512)",25251,7353311369,26.516512,-81.8916004,1,,
"POINT (-81.8642257 26.5016254)",25257,7358971828,26.5016254,-81.8642257,3,,
"POINT (-81.8986212 26.4873901)",25317,7404310617,26.4873901,-81.8986212,3,,
"POINT (-81.872201 26.5171308)",25356,7413409274,26.5171308,-81.872201,3,,
"POINT (-81.8718537 26.5175207)",25357,7413416886,26.5175207,-81.8718537,3,,
"POINT (-81.9093403 26.4877535)",25371,7414264582,26.4877535,-81.9093403,3,,
"POINT (-81.9093457 26.487969)",25372,7414264583,26.487969,-81.9093457,3,,
"POINT (-81.9090097 26.4877999)",25373,7414277087,26.4877999,-81.9090097,3,,
"POINT (-81.8915276 26.5141061)",25418,7457329668,26.5141061,-81.8915276,1,,
"POINT (-81.9007688 26.5212512)",25424,7459075296,26.5212512,-81.9007688,3,,
"POINT (-81.9007553 26.5208318)",25425,7459075297,26.5208318,-81.9007553,3,,
"POINT (-81.8779104 26.5228437)",25510,7546852277,26.5228437,-81.8779104,1,,
"POINT (-81.8773593 26.5233108)",25511,7546852282,26.5233108,-81.8773593,3,,
"POINT (-81.9067639 26.4316283)",25516,7556699107,26.4316283,-81.9067639,1,turning_loop,
"POINT (-81.8865893 26.4059121)",25517,7556699142,26.4059121,-81.8865893,1,turning_loop,
"POINT (-81.9013716 26.4140078)",25518,7556699155,26.4140078,-81.9013716,2,,
"POINT (-81.8969349 26.4175652)",25519,7556699159,26.4175652,-81.8969349,1,turning_circle,
"POINT (-81.8901302 26.5326569)",25541,7561774836,26.5326569,-81.8901302,3,,
"POINT (-81.8897883 26.5326649)",25542,7561774848,26.5326649,-81.8897883,3,,
"POINT (-81.8894621 26.5326685)",25543,7561774849,26.5326685,-81.8894621,3,,
"POINT (-81.8890452 26.5326755)",25544,7561774857,26.5326755,-81.8890452,3,,
"POINT (-81.8924134 26.5214145)",25552,7561840352,26.5214145,-81.8924134,3,,
"POINT (-81.8938591 26.5211861)",25553,7561840356,26.5211861,-81.8938591,3,,
"POINT (-81.89456 26.5211652)",25554,7561840357,26.5211652,-81.89456,3,,
"POINT (-81.8941503 26.5211774)",25555,7561840358,26.5211774,-81.8941503,3,,
"POINT (-81.8936682 26.5211922)",25556,7561840359,26.5211922,-81.8936682,1,,
"POINT (-81.9189735 26.5240079)",25584,7562148366,26.5240079,-81.9189735,3,,
"POINT (-81.8715312 26.5241554)",25645,7562733871,26.5241554,-81.8715312,1,,
"POINT (-81.9164745 26.520985)",25669,7564548391,26.520985,-81.9164745,3,,
"POINT (-81.916027 26.5215627)",25670,7564548399,26.5215627,-81.916027,3,,
"POINT (-81.8990814 26.5094556)",25707,7564667678,26.5094556,-81.8990814,3,,
"POINT (-81.8987631 26.5094792)",25708,7564688785,26.5094792,-81.8987631,3,,
"POINT (-81.8980495 26.5102262)",25709,7564688793,26.5102262,-81.8980495,1,,
"POINT (-81.8980356 26.5100631)",25710,7564688794,26.5100631,-81.8980356,3,,
"POINT (-81.8978242 26.5102495)",25711,7564688796,26.5102495,-81.8978242,1,,
"POINT (-81.8987456 26.5125007)",25712,7564688797,26.5125007,-81.8987456,4,,
"POINT (-81.8997457 26.5128305)",25713,7564688799,26.5128305,-81.8997457,3,,
"POINT (-81.9006934 26.5124468)",25714,7564688806,26.5124468,-81.9006934,3,,
"POINT (-81.8995829 26.5126939)",25715,7564688807,26.5126939,-81.8995829,3,,
"POINT (-81.8990396 26.5131632)",25716,7564688809,26.5131632,-81.8990396,3,,
"POINT (-81.8989117 26.513147)",25717,7564688811,26.513147,-81.8989117,3,,
"POINT (-81.9078976 26.4299305)",25741,7564891014,26.4299305,-81.9078976,1,,
"POINT (-81.9045425 26.5063635)",25776,7565404084,26.5063635,-81.9045425,3,,
"POINT (-81.9039357 26.5077482)",25777,7565433287,26.5077482,-81.9039357,1,,
"POINT (-81.901077 26.5233102)",25880,7568045785,26.5233102,-81.901077,3,,
"POINT (-81.9006469 26.523296)",25881,7568045786,26.523296,-81.9006469,1,,
"POINT (-81.9117777 26.5007066)",26030,7568728173,26.5007066,-81.9117777,3,,
"POINT (-81.9114313 26.5012323)",26031,7568728181,26.5012323,-81.9114313,3,,
"POINT (-81.8899711 26.5036834)",26062,7569259803,26.5036834,-81.8899711,4,,
"POINT (-81.8902465 26.5034096)",26063,7569259812,26.5034096,-81.8902465,3,,
"POINT (-81.8900629 26.5032179)",26064,7569259814,26.5032179,-81.8900629,3,,
"POINT (-81.8706365 26.5334511)",26073,7569358324,26.5334511,-81.8706365,4,,
"POINT (-81.869142 26.5334645)",26075,7569358327,26.5334645,-81.869142,3,,
"POINT (-81.8701479 26.5334557)",26078,7569358330,26.5334557,-81.8701479,3,,
"POINT (-81.8695705 26.5334608)",26080,7569358332,26.5334608,-81.8695705,3,,
"POINT (-81.8942376 26.5161364)",26122,7591904530,26.5161364,-81.8942376,3,,
"POINT (-81.8944152 26.516221)",26123,7591904539,26.516221,-81.8944152,3,,
"POINT (-81.907043 26.494803)",26181,7592719642,26.494803,-81.907043,3,,
"POINT (-81.9082405 26.4952654)",26182,7592719643,26.4952654,-81.9082405,3,,
"POINT (-81.9069296 26.4949912)",26183,7592719644,26.4949912,-81.9069296,3,,
"POINT (-81.8741247 26.5237223)",26246,7594332439,26.5237223,-81.8741247,1,,
"POINT (-81.8747454 26.5237401)",26247,7594332440,26.5237401,-81.8747454,3,,
"POINT (-81.8743363 26.5222302)",26248,7594332441,26.5222302,-81.8743363,1,,
"POINT (-81.8729667 26.5283439)",26262,7594492373,26.5283439,-81.8729667,3,,
"POINT (-81.8716666 26.5293956)",26263,7594492377,26.5293956,-81.8716666,3,,
"POINT (-81.8742 26.5260924)",26264,7594492378,26.5260924,-81.8742,3,,
"POINT (-81.874032 26.5268791)",26265,7594492381,26.5268791,-81.874032,3,,
"POINT (-81.8741499 26.5268716)",26266,7594492382,26.5268716,-81.8741499,3,,
"POINT (-81.8736001 26.5274515)",26282,7594522486,26.5274515,-81.8736001,3,,
"POINT (-81.8717731 26.5268929)",26283,7594522493,26.5268929,-81.8717731,3,,
"POINT (-81.8695447 26.5259128)",26284,7594522495,26.5259128,-81.8695447,3,,
"POINT (-81.8695598 26.527546)",26285,7594522496,26.527546,-81.8695598,3,,
"POINT (-81.8708015 26.5270329)",26286,7594522497,26.5270329,-81.8708015,3,,
"POINT (-81.8706134 26.5264022)",26287,7594522499,26.5264022,-81.8706134,3,,
"POINT (-81.908502 26.4931799)",26304,7594725184,26.4931799,-81.908502,1,,
"POINT (-81.9085876 26.4930439)",26316,7594751085,26.4930439,-81.9085876,1,,
"POINT (-81.9088502 26.4932093)",26317,7594751086,26.4932093,-81.9088502,3,,
"POINT (-81.9011597 26.5169312)",26330,7594830288,26.5169312,-81.9011597,3,,
"POINT (-81.8993928 26.5169545)",26331,7594830291,26.5169545,-81.8993928,1,,
"POINT (-81.8741321 26.5045034)",26437,7601305839,26.5045034,-81.8741321,2,,
"POINT (-81.8744676 26.5043649)",26438,7601305841,26.5043649,-81.8744676,1,,
"POINT (-81.8892426 26.5143514)",26460,7601427886,26.5143514,-81.8892426,3,,
"POINT (-81.8893807 26.5140382)",26461,7601427890,26.5140382,-81.8893807,1,,
"POINT (-81.8877998 26.5161685)",26462,7601427891,26.5161685,-81.8877998,3,,
"POINT (-81.8883464 26.516126)",26463,7601427902,26.516126,-81.8883464,3,,
"POINT (-81.9041379 26.5032864)",26474,7601562010,26.5032864,-81.9041379,3,,
"POINT (-81.9042153 26.5028047)",26475,7601562011,26.5028047,-81.9042153,1,,
"POINT (-81.8656672 26.5189032)",26502,7601780548,26.5189032,-81.8656672,3,,
"POINT (-81.8650909 26.5192194)",26503,7601780549,26.5192194,-81.8650909,3,,
"POINT (-81.865762 26.5190463)",26504,7601780550,26.5190463,-81.865762,3,,
"POINT (-81.8651961 26.5193645)",26505,7601780551,26.5193645,-81.8651961,3,,
"POINT (-81.8658518 26.5191818)",26506,7601780552,26.5191818,-81.8658518,3,,
"POINT (-81.8652921 26.519497)",26507,7601780553,26.519497,-81.8652921,3,,
"POINT (-81.8660947 26.5195483)",26508,7601780554,26.5195483,-81.8660947,3,,
"POINT (-81.8655448 26.5198458)",26509,7601780555,26.5198458,-81.8655448,3,,
"POINT (-81.865968 26.519357)",26510,7601780556,26.519357,-81.865968,3,,
"POINT (-81.8654196 26.519673)",26511,7601780557,26.519673,-81.8654196,3,,
"POINT (-81.8663027 26.5192722)",26512,7601780558,26.5192722,-81.8663027,3,,
"POINT (-81.8670037 26.5188856)",26513,7601780559,26.5188856,-81.8670037,3,,
"POINT (-81.8662039 26.5191457)",26514,7601780560,26.5191457,-81.8662039,3,,
"POINT (-81.8669026 26.5187395)",26515,7601780561,26.5187395,-81.8669026,3,,
"POINT (-81.8668854 26.519155)",26516,7601780562,26.519155,-81.8668854,3,,
"POINT (-81.8667794 26.5190093)",26517,7601780563,26.5190093,-81.8667794,4,,
"POINT (-81.8666835 26.5188669)",26518,7601780564,26.5188669,-81.8666835,3,,
"POINT (-81.8677791 26.5212608)",26587,7601997265,26.5212608,-81.8677791,1,,
"POINT (-81.8969366 26.5144427)",26674,7602433562,26.5144427,-81.8969366,3,,
"POINT (-81.8967253 26.5148928)",26675,7602433567,26.5148928,-81.8967253,3,,
"POINT (-81.8965283 26.5148915)",26676,7602433568,26.5148915,-81.8965283,3,,
"POINT (-81.8967262 26.5151224)",26677,7602433569,26.5151224,-81.8967262,1,,
"POINT (-81.8711413 26.5203157)",26754,7654809651,26.5203157,-81.8711413,1,,
"POINT (-81.900404 26.5208185)",26915,7783249712,26.5208185,-81.900404,3,,
"POINT (-81.9004106 26.521417)",26916,7783249713,26.521417,-81.9004106,3,,
"POINT (-81.9005792 26.5208251)",26917,7783267887,26.5208251,-81.9005792,3,,
"POINT (-81.9006003 26.5214153)",26918,7783267888,26.5214153,-81.9006003,3,,
"POINT (-81.8998642 26.5214218)",26921,7783297163,26.5214218,-81.8998642,3,,
"POINT (-81.8998498 26.5208079)",26922,7783297164,26.5208079,-81.8998498,3,,
"POINT (-81.9002286 26.5214186)",26923,7783318048,26.5214186,-81.9002286,3,,
"POINT (-81.9002058 26.520811)",26924,7783318049,26.520811,-81.9002058,3,,
"POINT (-81.8898602 26.5145086)",26934,7793872278,26.5145086,-81.8898602,4,,
"POINT (-81.8718962 26.5249666)",26976,7808818403,26.5249666,-81.8718962,3,,
"POINT (-81.872698 26.5249224)",26977,7808818405,26.5249224,-81.872698,3,,
"POINT (-81.8699026 26.5250664)",26978,7808818409,26.5250664,-81.8699026,3,,
"POINT (-81.869892 26.5259108)",26979,7808818410,26.5259108,-81.869892,3,,
"POINT (-81.8700779 26.5259097)",26980,7808818415,26.5259097,-81.8700779,3,,
"POINT (-81.8699317 26.5247018)",26981,7808818419,26.5247018,-81.8699317,3,,
"POINT (-81.8899597 26.5159417)",26993,7828697321,26.5159417,-81.8899597,3,,
"POINT (-81.8901333 26.5160155)",26994,7828697345,26.5160155,-81.8901333,3,,
"POINT (-81.8666186 26.529231)",27003,7839485325,26.529231,-81.8666186,3,,
"POINT (-81.8668994 26.5287144)",27004,7839485327,26.5287144,-81.8668994,3,,
"POINT (-81.8708524 26.5260965)",27022,7839966657,26.5260965,-81.8708524,2,,
"POINT (-81.8703914 26.5261283)",27023,7839966664,26.5261283,-81.8703914,2,,
"POINT (-81.8825692 26.5187402)",27058,7842253068,26.5187402,-81.8825692,3,,
"POINT (-81.8829794 26.5184545)",27059,7842253071,26.5184545,-81.8829794,3,,
"POINT (-81.8828033 26.5192204)",27060,7842253077,26.5192204,-81.8828033,1,,
"POINT (-81.8818189 26.5197265)",27061,7842253079,26.5197265,-81.8818189,1,,
"POINT (-81.9041028 26.5059041)",27145,7847873312,26.5059041,-81.9041028,3,,
"POINT (-81.9034652 26.5059817)",27146,7847873319,26.5059817,-81.9034652,1,,
"POINT (-81.8856946 26.5198482)",27196,7848455543,26.5198482,-81.8856946,3,,
"POINT (-81.8854791 26.5200792)",27197,7848455553,26.5200792,-81.8854791,3,,
"POINT (-81.8853202 26.5201106)",27198,7848455560,26.5201106,-81.8853202,3,,
"POINT (-81.8913812 26.5300572)",27251,7852052201,26.5300572,-81.8913812,1,,
"POINT (-81.8909361 26.5300596)",27252,7852052202,26.5300596,-81.8909361,3,,
"POINT (-81.8863607 26.5157294)",27486,8061992710,26.5157294,-81.8863607,3,,
"POINT (-81.8866574 26.5159218)",27487,8061992714,26.5159218,-81.8866574,1,,
"POINT (-81.875202 26.5221818)",27520,8137099878,26.5221818,-81.875202,1,,
"POINT (-81.8748345 26.521939)",27521,8137099881,26.521939,-81.8748345,3,,
"POINT (-81.8950427 26.5316769)",27741,8269675622,26.5316769,-81.8950427,3,,
"POINT (-81.8947225 26.5314008)",27742,8269675624,26.5314008,-81.8947225,1,,
"POINT (-81.894741 26.5325199)",27743,8269675625,26.5325199,-81.894741,3,,
"POINT (-81.8949025 26.5320736)",27744,8269675626,26.5320736,-81.8949025,1,,
"POINT (-81.8984534 26.5322711)",27746,8269675636,26.5322711,-81.8984534,3,,
"POINT (-81.8982916 26.5322193)",27747,8269675637,26.5322193,-81.8982916,3,,
"POINT (-81.8986009 26.5316074)",27748,8269675638,26.5316074,-81.8986009,3,,
"POINT (-81.8987701 26.531672)",27749,8269675639,26.531672,-81.8987701,3,,
"POINT (-81.8980507 26.5321353)",27750,8269675640,26.5321353,-81.8980507,1,,
"POINT (-81.8983477 26.5315116)",27751,8269675641,26.5315116,-81.8983477,1,,
"POINT (-81.8719058 26.5261977)",27752,8269726211,26.5261977,-81.8719058,3,,
"POINT (-81.8719237 26.5275388)",27753,8269726215,26.5275388,-81.8719237,3,,
"POINT (-81.8720973 26.5275356)",27754,8269726216,26.5275356,-81.8720973,3,,
"POINT (-81.8720925 26.5268505)",27755,8269732817,26.5268505,-81.8720925,3,,
"POINT (-81.872474 26.5275287)",27756,8269732818,26.5275287,-81.872474,3,,
"POINT (-81.8724692 26.5268425)",27757,8269732819,26.5268425,-81.8724692,3,,
"POINT (-81.8726515 26.5275254)",27758,8269732820,26.5275254,-81.8726515,3,,
"POINT (-81.8726531 26.5268387)",27759,8269732821,26.5268387,-81.8726531,3,,
"POINT (-81.8728528 26.5275218)",27760,8269732822,26.5275218,-81.8728528,3,,
"POINT (-81.8728464 26.5268382)",27761,8269732823,26.5268382,-81.8728464,3,,
"POINT (-81.873032 26.5275185)",27762,8269732824,26.5275185,-81.873032,3,,
"POINT (-81.8730335 26.5268394)",27763,8269732825,26.5268394,-81.8730335,3,,
"POINT (-81.8732216 26.5275026)",27764,8269732826,26.5275026,-81.8732216,3,,
"POINT (-81.8732174 26.5268406)",27765,8269732827,26.5268406,-81.8732174,3,,
"POINT (-81.8734192 26.5274756)",27766,8269732828,26.5274756,-81.8734192,3,,
"POINT (-81.8735825 26.526861)",27767,8269732829,26.526861,-81.8735825,3,,
"POINT (-81.8737855 26.5274034)",27768,8269732830,26.5274034,-81.8737855,3,,
"POINT (-81.8737764 26.5268923)",27769,8269732831,26.5268923,-81.8737764,3,,
"POINT (-81.8739734 26.5273545)",27770,8269732832,26.5273545,-81.8739734,3,,
"POINT (-81.8739578 26.5268838)",27771,8269732833,26.5268838,-81.8739578,3,,
"POINT (-81.8685406 26.5334697)",27801,8270462032,26.5334697,-81.8685406,3,,
"POINT (-81.868539 26.5329712)",27802,8270462036,26.5329712,-81.868539,3,,
"POINT (-81.8685313 26.5327829)",27803,8270462037,26.5327829,-81.8685313,3,,
"POINT (-81.8683522 26.5327839)",27804,8270462041,26.5327839,-81.8683522,3,,
"POINT (-81.8687161 26.5327819)",27805,8270462042,26.5327819,-81.8687161,3,,
"POINT (-81.8686973 26.5320037)",27806,8270462043,26.5320037,-81.8686973,3,,
"POINT (-81.8949312 26.4151688)",27807,8270558832,26.4151688,-81.8949312,3,,
"POINT (-81.8945751 26.4149203)",27808,8270558834,26.4149203,-81.8945751,1,,
"POINT (-81.8956938 26.4148874)",27809,8270558838,26.4148874,-81.8956938,1,,
"POINT (-81.885864 26.5158663)",28059,8274120817,26.5158663,-81.885864,1,,
"POINT (-81.8862682 26.5160506)",28060,8274120823,26.5160506,-81.8862682,3,,
"POINT (-81.8674496 26.515052)",28061,8274123737,26.515052,-81.8674496,3,,
"POINT (-81.867456 26.5155216)",28062,8274123738,26.5155216,-81.867456,1,,
"POINT (-81.8691615 26.5158913)",28063,8274123742,26.5158913,-81.8691615,1,,
"POINT (-81.8972339 26.5144052)",28135,8276897902,26.5144052,-81.8972339,3,,
"POINT (-81.8971079 26.5144411)",28136,8276897905,26.5144411,-81.8971079,3,,
"POINT (-81.8970865 26.5149615)",28137,8276897907,26.5149615,-81.8970865,1,,
"POINT (-81.8965316 26.5152239)",28138,8276897908,26.5152239,-81.8965316,3,,
"POINT (-81.8961478 26.5152266)",28139,8276897909,26.5152266,-81.8961478,1,,
"POINT (-81.8972003 26.5162924)",28140,8276897910,26.5162924,-81.8972003,3,,
"POINT (-81.8968467 26.5165476)",28141,8276897916,26.5165476,-81.8968467,3,,
"POINT (-81.8657998 26.5172484)",28172,8277126545,26.5172484,-81.8657998,3,,
"POINT (-81.8655831 26.5175938)",28173,8277126548,26.5175938,-81.8655831,3,,
"POINT (-81.8653464 26.5179242)",28174,8277126553,26.5179242,-81.8653464,3,,
"POINT (-81.8677851 26.5180663)",28175,8277126554,26.5180663,-81.8677851,3,,
"POINT (-81.866638 26.5195002)",28176,8277126558,26.5195002,-81.866638,3,,
"POINT (-81.8690678 26.5204697)",28177,8277132811,26.5204697,-81.8690678,3,,
"POINT (-81.9008689 26.4152996)",28276,8277500437,26.4152996,-81.9008689,3,,
"POINT (-81.9015077 26.4152209)",28277,8277500439,26.4152209,-81.9015077,1,,
"POINT (-81.8651323 26.5272726)",28411,8280646777,26.5272726,-81.8651323,3,,
"POINT (-81.8888488 26.5218488)",28413,8280720906,26.5218488,-81.8888488,3,,
"POINT (-81.8884146 26.5222225)",28414,8280720907,26.5222225,-81.8884146,3,,
"POINT (-81.8886735 26.5224594)",28415,8280720908,26.5224594,-81.8886735,2,,
"POINT (-81.8889087 26.5221044)",28416,8280720913,26.5221044,-81.8889087,2,,
"POINT (-81.8887339 26.5219477)",28417,8280720914,26.5219477,-81.8887339,4,,
"POINT (-81.8883281 26.5221243)",28426,8280777319,26.5221243,-81.8883281,3,,
"POINT (-81.9045777 26.5198247)",28483,8288125785,26.5198247,-81.9045777,3,,
"POINT (-81.9043243 26.519603)",28484,8288125798,26.519603,-81.9043243,3,,
"POINT (-81.8909151 26.5268751)",28532,8288373036,26.5268751,-81.8909151,3,,
"POINT (-81.8910033 26.5270264)",28533,8288373045,26.5270264,-81.8910033,3,,
"POINT (-81.8912935 26.5280798)",28534,8288373046,26.5280798,-81.8912935,3,,
"POINT (-81.8910878 26.5273004)",28535,8288373055,26.5273004,-81.8910878,3,,
"POINT (-81.8779877 26.5179058)",28587,8288619426,26.5179058,-81.8779877,1,,
"POINT (-81.8924017 26.5320161)",28600,8288677454,26.5320161,-81.8924017,3,,
"POINT (-81.8923987 26.5319176)",28601,8288677455,26.5319176,-81.8923987,3,,
"POINT (-81.8919329 26.5318879)",28602,8288677457,26.5318879,-81.8919329,1,,
"POINT (-81.892721 26.5319202)",28603,8288677459,26.5319202,-81.892721,1,,
"POINT (-81.8827541 26.5214584)",28609,8288703197,26.5214584,-81.8827541,1,,
"POINT (-81.8659662 26.512672)",28695,8289216841,26.512672,-81.8659662,3,,
"POINT (-81.8660475 26.5132715)",28696,8289216842,26.5132715,-81.8660475,1,,
"POINT (-81.8734455 26.5229023)",28721,8289431072,26.5229023,-81.8734455,3,,
"POINT (-81.8737159 26.5231864)",28722,8289431077,26.5231864,-81.8737159,3,,
"POINT (-81.8970239 26.5230233)",28728,8289481406,26.5230233,-81.8970239,3,,
"POINT (-81.8970211 26.5229183)",28729,8289481416,26.5229183,-81.8970211,3,,
"POINT (-81.8733444 26.5009053)",28733,8289630661,26.5009053,-81.8733444,3,,
"POINT (-81.8851165 26.5231338)",28739,8289836957,26.5231338,-81.8851165,3,,
"POINT (-81.8859367 26.5235678)",28740,8289836961,26.5235678,-81.8859367,1,,
"POINT (-81.9105696 26.5086668)",28782,8292119769,26.5086668,-81.9105696,3,,
"POINT (-81.9102488 26.5084062)",28783,8292119774,26.5084062,-81.9102488,3,,
"POINT (-81.8821906 26.5246566)",28816,8295074123,26.5246566,-81.8821906,1,,
"POINT (-81.8980186 26.5120679)",28826,8318498661,26.5120679,-81.8980186,3,,
"POINT (-81.8981584 26.5123879)",28827,8318498667,26.5123879,-81.8981584,3,,
"POINT (-81.8984338 26.5123848)",28828,8318498668,26.5123848,-81.8984338,1,,
"POINT (-81.8980232 26.5123891)",28829,8318498669,26.5123891,-81.8980232,3,,
"POINT (-81.9013792 26.521879)",28853,8333366933,26.521879,-81.9013792,3,,
"POINT (-81.9013716 26.5216806)",28854,8333366942,26.5216806,-81.9013716,3,,
"POINT (-81.8919502 26.5106563)",28859,8336569544,26.5106563,-81.8919502,3,,
"POINT (-81.8914626 26.510475)",28860,8336569546,26.510475,-81.8914626,1,,
"POINT (-81.8972839 26.5268556)",28863,8336716916,26.5268556,-81.8972839,3,,
"POINT (-81.8972865 26.5271205)",28864,8336725023,26.5271205,-81.8972865,3,,
"POINT (-81.8993522 26.5227993)",28905,8383152486,26.5227993,-81.8993522,3,,
"POINT (-81.8994545 26.522387)",28906,8383152495,26.522387,-81.8994545,3,,
"POINT (-81.8702594 26.5334547)",28922,8386646417,26.5334547,-81.8702594,3,,
"POINT (-81.8702577 26.5332694)",28923,8386646418,26.5332694,-81.8702577,1,,
"POINT (-81.8700613 26.5334565)",28924,8386646419,26.5334565,-81.8700613,3,,
"POINT (-81.8700484 26.5330672)",28925,8386646420,26.5330672,-81.8700484,1,,
"POINT (-81.8919696 26.5254934)",28926,8386900924,26.5254934,-81.8919696,4,,
"POINT (-81.891893 26.5257384)",28927,8386900925,26.5257384,-81.891893,1,,
"POINT (-81.8920936 26.525122)",28928,8386900926,26.525122,-81.8920936,1,,
"POINT (-81.8685626 26.5017001)",28939,8389688287,26.5017001,-81.8685626,5,,
"POINT (-81.8680901 26.501842)",28940,8389688288,26.501842,-81.8680901,1,,
"POINT (-81.9091379 26.5257985)",28944,8389873265,26.5257985,-81.9091379,4,,
"POINT (-81.909578 26.5256939)",28945,8389873273,26.5256939,-81.909578,1,,
"POINT (-81.9090867 26.5257939)",28956,8396925520,26.5257939,-81.9090867,3,,
"POINT (-81.8686878 26.5217539)",28965,8397189785,26.5217539,-81.8686878,2,,
"POINT (-81.8689932 26.5220929)",28966,8397189787,26.5220929,-81.8689932,3,,
"POINT (-81.8688231 26.521941)",28967,8397189789,26.521941,-81.8688231,3,,
"POINT (-81.8687055 26.5220572)",28968,8397189791,26.5220572,-81.8687055,3,,
"POINT (-81.8700534 26.5234136)",28969,8397189792,26.5234136,-81.8700534,3,,
"POINT (-81.8697495 26.5235285)",28970,8397189793,26.5235285,-81.8697495,3,,
"POINT (-81.8701214 26.5235673)",28971,8397189797,26.5235673,-81.8701214,3,,
"POINT (-81.8694791 26.5238172)",28972,8397189798,26.5238172,-81.8694791,3,,
"POINT (-81.8698166 26.5236859)",28973,8397189799,26.5236859,-81.8698166,3,,
"POINT (-81.8885313 26.5213778)",29006,8397391569,26.5213778,-81.8885313,1,,
"POINT (-81.9042008 26.513904)",29013,8397457738,26.513904,-81.9042008,3,,
"POINT (-81.8823654 26.5189371)",29102,8404520158,26.5189371,-81.8823654,1,,
"POINT (-81.8694242 26.5288302)",29124,8404824994,26.5288302,-81.8694242,3,,
"POINT (-81.8701126 26.5288132)",29125,8404824997,26.5288132,-81.8701126,3,,
"POINT (-81.8700892 26.5284346)",29126,8404824998,26.5284346,-81.8700892,3,,
"POINT (-81.8696221 26.5288253)",29127,8404824999,26.5288253,-81.8696221,3,,
"POINT (-81.8696263 26.5284364)",29128,8404825000,26.5284364,-81.8696263,3,,
"POINT (-81.8698858 26.5288188)",29129,8404825001,26.5288188,-81.8698858,3,,
"POINT (-81.8698641 26.5284355)",29130,8404825002,26.5284355,-81.8698641,3,,
"POINT (-81.8713914 26.5323902)",29138,8404893870,26.5323902,-81.8713914,3,,
"POINT (-81.8724549 26.5324202)",29139,8404893875,26.5324202,-81.8724549,1,,
"POINT (-81.8717304 26.5325508)",29140,8404893876,26.5325508,-81.8717304,3,,
"POINT (-81.8717438 26.5324333)",29141,8404893877,26.5324333,-81.8717438,3,,
"POINT (-81.8889762 26.5301981)",29167,8405210835,26.5301981,-81.8889762,1,,
"POINT (-81.870781 26.5295924)",29184,8406255704,26.5295924,-81.870781,3,,
"POINT (-81.8701032 26.5295991)",29185,8406255705,26.5295991,-81.8701032,3,,
"POINT (-81.8705928 26.5308276)",29186,8406255707,26.5308276,-81.8705928,3,,
"POINT (-81.8691524 26.5289179)",29187,8406255808,26.5289179,-81.8691524,3,,
"POINT (-81.8681944 26.5285786)",29188,8406255810,26.5285786,-81.8681944,3,,
"POINT (-81.8691486 26.5287529)",29189,8406255811,26.5287529,-81.8691486,3,,
"POINT (-81.8682462 26.5287578)",29190,8406255812,26.5287578,-81.8682462,3,,
"POINT (-81.8694307 26.5290906)",29191,8406255813,26.5290906,-81.8694307,3,,
"POINT (-81.8682487 26.5291001)",29192,8406255814,26.5291001,-81.8682487,3,,
"POINT (-81.8682512 26.5294558)",29193,8406313738,26.5294558,-81.8682512,3,,
"POINT (-81.8694395 26.5294416)",29194,8406313739,26.5294416,-81.8694395,3,,
"POINT (-81.8694435 26.529603)",29195,8406313740,26.529603,-81.8694435,3,,
"POINT (-81.8682524 26.5296199)",29196,8406313741,26.5296199,-81.8682524,3,,
"POINT (-81.869448 26.5297839)",29197,8406313742,26.5297839,-81.869448,3,,
"POINT (-81.8682537 26.5297938)",29198,8406313743,26.5297938,-81.8682537,3,,
"POINT (-81.8694522 26.5299536)",29199,8406313744,26.5299536,-81.8694522,3,,
"POINT (-81.8683382 26.5299627)",29200,8406313745,26.5299627,-81.8683382,3,,
"POINT (-81.8694353 26.5292736)",29201,8406313746,26.5292736,-81.8694353,3,,
"POINT (-81.86825 26.5292847)",29202,8406313747,26.5292847,-81.86825,3,,
"POINT (-81.8914346 26.5158607)",29231,8406796499,26.5158607,-81.8914346,1,,
"POINT (-81.8916543 26.5158604)",29232,8406796500,26.5158604,-81.8916543,3,,
"POINT (-81.8919543 26.5160822)",29233,8406796511,26.5160822,-81.8919543,3,,
"POINT (-81.8725398 26.5144674)",29286,8406945378,26.5144674,-81.8725398,2,,
"POINT (-81.8674076 26.5022703)",29296,8406960557,26.5022703,-81.8674076,3,,
"POINT (-81.8670385 26.5024936)",29297,8406960563,26.5024936,-81.8670385,3,,
"POINT (-81.9004763 26.5236746)",29316,8407000323,26.5236746,-81.9004763,1,,
"POINT (-81.9000754 26.5237877)",29317,8407000324,26.5237877,-81.9000754,3,,
"POINT (-81.9000824 26.5236859)",29318,8407000325,26.5236859,-81.9000824,3,,
"POINT (-81.896756 26.525054)",29331,8407037966,26.525054,-81.896756,3,,
"POINT (-81.8967464 26.5246303)",29332,8407037967,26.5246303,-81.8967464,1,,
"POINT (-81.9039825 26.5096681)",29359,8424663991,26.5096681,-81.9039825,3,,
"POINT (-81.9058818 26.5076677)",29360,8424663999,26.5076677,-81.9058818,3,,
"POINT (-81.9092753 26.4937869)",29361,8427605644,26.4937869,-81.9092753,1,,
"POINT (-81.8693902 26.527548)",29375,8447559348,26.527548,-81.8693902,3,,
"POINT (-81.8693569 26.5259139)",29376,8447559349,26.5259139,-81.8693569,3,,
"POINT (-81.8691969 26.5259148)",29377,8447559350,26.5259148,-81.8691969,3,,
"POINT (-81.8692228 26.5275501)",29378,8447559351,26.5275501,-81.8692228,3,,
"POINT (-81.8690568 26.5275521)",29379,8447559352,26.5275521,-81.8690568,3,,
"POINT (-81.8690239 26.5259158)",29380,8447559353,26.5259158,-81.8690239,3,,
"POINT (-81.8688301 26.525917)",29381,8447559354,26.525917,-81.8688301,3,,
"POINT (-81.8688622 26.5275538)",29382,8447559355,26.5275538,-81.8688622,3,,
"POINT (-81.8686928 26.527547)",29383,8447559356,26.527547,-81.8686928,3,,
"POINT (-81.8686639 26.5259179)",29384,8447559357,26.5259179,-81.8686639,3,,
"POINT (-81.8684914 26.5259189)",29385,8447559358,26.5259189,-81.8684914,3,,
"POINT (-81.868518 26.52754)",29386,8447559359,26.52754,-81.868518,3,,
"POINT (-81.8683451 26.5274917)",29387,8447559360,26.5274917,-81.8683451,3,,
"POINT (-81.8683289 26.5259199)",29388,8447559361,26.5259199,-81.8683289,3,,
"POINT (-81.8681252 26.5259211)",29389,8447559362,26.5259211,-81.8681252,3,,
"POINT (-81.8681541 26.5274238)",29390,8447559363,26.5274238,-81.8681541,3,,
"POINT (-81.8986817 26.5124715)",29405,8554974467,26.5124715,-81.8986817,3,,
"POINT (-81.8987358 26.5119906)",29406,8554974470,26.5119906,-81.8987358,3,,
"POINT (-81.8987453 26.5119195)",29407,8554974471,26.5119195,-81.8987453,4,,
"POINT (-81.8986512 26.5133384)",29408,8554974480,26.5133384,-81.8986512,4,,
"POINT (-81.8987636 26.5134314)",29409,8554974481,26.5134314,-81.8987636,3,,
"POINT (-81.9086081 26.430982)",29423,8570985714,26.430982,-81.9086081,1,,
"POINT (-81.8912478 26.524833)",29459,8625537987,26.524833,-81.8912478,3,,
"POINT (-81.8914988 26.5248402)",29460,8625537988,26.5248402,-81.8914988,4,,
"POINT (-81.891601 26.5248393)",29461,8625537990,26.5248393,-81.891601,4,,
"POINT (-81.8784875 26.5213489)",29463,8627920767,26.5213489,-81.8784875,3,,
"POINT (-81.9136252 26.4990722)",29471,8672765778,26.4990722,-81.9136252,3,,
"POINT (-81.9131667 26.498572)",29472,8672765781,26.498572,-81.9131667,3,,
"POINT (-81.9116121 26.5004033)",29473,8672765782,26.5004033,-81.9116121,1,,
"POINT (-81.9116079 26.5000537)",29474,8672765783,26.5000537,-81.9116079,1,,
"POINT (-81.9116099 26.5002205)",29475,8672765784,26.5002205,-81.9116099,3,,
"POINT (-81.9118233 26.5002172)",29476,8672765785,26.5002172,-81.9118233,3,,
"POINT (-81.9117566 26.5002182)",29477,8672765786,26.5002182,-81.9117566,4,,
"POINT (-81.8651559 26.5327657)",29505,8707972639,26.5327657,-81.8651559,3,,
"POINT (-81.8651501 26.532257)",29506,8707972640,26.532257,-81.8651501,1,,
"POINT (-81.8864579 26.5149154)",29578,8776546268,26.5149154,-81.8864579,3,,
"POINT (-81.8864197 26.5144479)",29579,8776546275,26.5144479,-81.8864197,3,,
"POINT (-81.8932848 26.4961354)",29621,8777257537,26.4961354,-81.8932848,3,,
"POINT (-81.8928277 26.4959258)",29622,8777257538,26.4959258,-81.8928277,1,,
"POINT (-81.8901589 26.5153615)",29623,8777262187,26.5153615,-81.8901589,3,,
"POINT (-81.8897925 26.5151863)",29624,8777262192,26.5151863,-81.8897925,1,,
"POINT (-81.8900211 26.5161639)",29625,8777262203,26.5161639,-81.8900211,3,,
"POINT (-81.8924955 26.5166303)",29626,8777262204,26.5166303,-81.8924955,1,,
"POINT (-81.892497 26.516236)",29627,8777262205,26.516236,-81.892497,3,,
"POINT (-81.9042209 26.5061299)",29637,8793752157,26.5061299,-81.9042209,3,,
"POINT (-81.9040741 26.5055633)",29638,8793752163,26.5055633,-81.9040741,3,,
"POINT (-81.8936827 26.5141285)",29641,8793755070,26.5141285,-81.8936827,3,,
"POINT (-81.8933603 26.5141321)",29642,8793755076,26.5141321,-81.8933603,3,,
"POINT (-81.869389 26.5104916)",29857,8934138528,26.5104916,-81.869389,1,turning_loop,
"POINT (-81.8720445 26.5126517)",29858,8934138535,26.5126517,-81.8720445,3,,
"POINT (-81.8979063 26.4910362)",29978,9068789925,26.4910362,-81.8979063,3,,
"POINT (-81.8979022 26.4908277)",29979,9068789933,26.4908277,-81.8979022,3,,
"POINT (-81.8904592 26.4887063)",29980,9068789937,26.4887063,-81.8904592,1,turning_loop,
"POINT (-81.8895271 26.488434)",29981,9068789941,26.488434,-81.8895271,1,turning_loop,
"POINT (-81.8944011 26.4840211)",29982,9068789946,26.4840211,-81.8944011,1,turning_loop,
"POINT (-81.8973552 26.4823622)",29983,9068789952,26.4823622,-81.8973552,1,turning_loop,
"POINT (-81.894225 26.4814469)",29984,9068789956,26.4814469,-81.894225,1,turning_loop,
"POINT (-81.9024922 26.4884922)",29985,9068789959,26.4884922,-81.9024922,1,turning_loop,
"POINT (-81.9019814 26.4912083)",29986,9068789960,26.4912083,-81.9019814,1,turning_loop,
"POINT (-81.9112558 26.5140142)",29987,9072228289,26.5140142,-81.9112558,3,,
"POINT (-81.9114355 26.5140096)",29988,9072228290,26.5140096,-81.9114355,4,,
"POINT (-81.9071988 26.519752)",29989,9072235333,26.519752,-81.9071988,1,turning_loop,
"POINT (-81.907839 26.5165705)",29990,9072235349,26.5165705,-81.907839,3,,
"POINT (-81.9065683 26.5155505)",29991,9072235374,26.5155505,-81.9065683,3,,
"POINT (-81.9062919 26.5158457)",29992,9072235381,26.5158457,-81.9062919,3,,
"POINT (-81.9095106 26.5245619)",29993,9072235431,26.5245619,-81.9095106,1,turning_loop,
"POINT (-81.9032029 26.5233682)",29994,9072235437,26.5233682,-81.9032029,1,turning_loop,
"POINT (-81.9017106 26.523666)",29995,9072235440,26.523666,-81.9017106,1,turning_loop,
"POINT (-81.9055779 26.5296127)",29996,9072265040,26.5296127,-81.9055779,1,turning_loop,
"POINT (-81.9066584 26.5285202)",29997,9072265044,26.5285202,-81.9066584,1,turning_loop,
"POINT (-81.9073239 26.530765)",29998,9072265047,26.530765,-81.9073239,1,turning_loop,
"POINT (-81.8966954 26.4110291)",30047,9258320815,26.4110291,-81.8966954,1,,
"POINT (-81.8974592 26.4108625)",30048,9258342816,26.4108625,-81.8974592,3,,
"POINT (-81.8970471 26.4107087)",30049,9258342819,26.4107087,-81.8970471,1,,
"POINT (-81.88697 26.526579)",30063,9405560576,26.526579,-81.88697,3,,
"POINT (-81.8875836 26.5238576)",30064,9405560607,26.5238576,-81.8875836,3,,
"POINT (-81.8882401 26.5233876)",30065,9405560641,26.5233876,-81.8882401,3,,
"POINT (-81.8831331 26.4876014)",30098,9446012291,26.4876014,-81.8831331,1,,
"POINT (-81.8816988 26.48764)",30099,9446012292,26.48764,-81.8816988,1,,
"POINT (-81.8882815 26.5217536)",30106,9462326569,26.5217536,-81.8882815,4,,
"POINT (-81.8836084 26.4046999)",30170,9629857104,26.4046999,-81.8836084,3,,
"POINT (-81.8835881 26.4046106)",30171,9629857105,26.4046106,-81.8835881,1,,
"POINT (-81.8885674 26.5223624)",30222,9799289748,26.5223624,-81.8885674,3,,
"POINT (-81.8888823 26.5220807)",30223,9799289749,26.5220807,-81.8888823,3,,
"POINT (-81.9115591 26.5216184)",30224,9799289773,26.5216184,-81.9115591,3,,
"POINT (-81.9114368 26.524336)",30225,9799289777,26.524336,-81.9114368,1,turning_circle,
"POINT (-81.9114031 26.5226633)",30226,9799289778,26.5226633,-81.9114031,3,,
"POINT (-81.9145166 26.5212005)",30227,9799289779,26.5212005,-81.9145166,3,,
"POINT (-81.9151978 26.5186286)",30228,9799289843,26.5186286,-81.9151978,3,,
"POINT (-81.9151959 26.5183514)",30229,9799289844,26.5183514,-81.9151959,1,,
"POINT (-81.8691857 26.5225259)",30265,9857866233,26.5225259,-81.8691857,1,,
"POINT (-81.8689014 26.5226649)",30266,9857866234,26.5226649,-81.8689014,3,,
"POINT (-81.8679135 26.521949)",30267,9857866235,26.521949,-81.8679135,3,,
"POINT (-81.8676905 26.5219603)",30268,9857866240,26.5219603,-81.8676905,3,,
"POINT (-81.9025543 26.482774)",30489,10005668230,26.482774,-81.9025543,1,,
"POINT (-81.9021332 26.482798)",30490,10005668231,26.482798,-81.9021332,3,,
"POINT (-81.8988421 26.4828052)",30491,10005668235,26.4828052,-81.8988421,1,,
"POINT (-81.9020867 26.4818914)",30492,10005668248,26.4818914,-81.9020867,3,,
"POINT (-81.8992085 26.4828227)",30493,10005668265,26.4828227,-81.8992085,3,,
"POINT (-81.8992203 26.4819821)",30494,10005668281,26.4819821,-81.8992203,3,,
"POINT (-81.8992175 26.4821818)",30495,10005668282,26.4821818,-81.8992175,3,,
"POINT (-81.8985138 26.4821691)",30496,10005668283,26.4821691,-81.8985138,3,,
"POINT (-81.8992189 26.4820819)",30497,10005668284,26.4820819,-81.8992189,3,,
"POINT (-81.899031 26.4820859)",30498,10005668285,26.4820859,-81.899031,3,,
"POINT (-81.8985111 26.4820881)",30499,10005668286,26.4820881,-81.8985111,3,,
"POINT (-81.8990299 26.4821756)",30500,10005668289,26.4821756,-81.8990299,3,,
"POINT (-81.9001485 26.4834592)",30526,10036640518,26.4834592,-81.9001485,3,,
"POINT (-81.9001459 26.4835582)",30527,10036640519,26.4835582,-81.9001459,1,,
"POINT (-81.9002907 26.4834643)",30528,10036640520,26.4834643,-81.9002907,3,,
"POINT (-81.90029 26.4835756)",30529,10036640521,26.4835756,-81.90029,1,,
"POINT (-81.9005006 26.4834618)",30530,10036640522,26.4834618,-81.9005006,3,,
"POINT (-81.9005059 26.4835654)",30531,10036640523,26.4835654,-81.9005059,1,,
"POINT (-81.9006495 26.4834534)",30532,10036640524,26.4834534,-81.9006495,3,,
"POINT (-81.9006555 26.4835726)",30533,10036640525,26.4835726,-81.9006555,1,,
"POINT (-81.90085 26.4834366)",30534,10036640546,26.4834366,-81.90085,3,,
"POINT (-81.9008654 26.483533)",30535,10036640547,26.483533,-81.9008654,1,,
"POINT (-81.9010024 26.4834235)",30536,10036640548,26.4834235,-81.9010024,3,,
"POINT (-81.9010095 26.4835258)",30537,10036640549,26.4835258,-81.9010095,1,,
"POINT (-81.8999422 26.4834507)",30538,10036640550,26.4834507,-81.8999422,3,,
"POINT (-81.8999326 26.4835516)",30539,10036640551,26.4835516,-81.8999326,1,,
"POINT (-81.8998093 26.4834402)",30540,10036640552,26.4834402,-81.8998093,3,,
"POINT (-81.8998032 26.4835372)",30541,10036640553,26.4835372,-81.8998032,1,,
"POINT (-81.9017064 26.4838384)",30542,10036640554,26.4838384,-81.9017064,3,,
"POINT (-81.9016016 26.4838865)",30543,10036640555,26.4838865,-81.9016016,1,,
"POINT (-81.9015854 26.4836656)",30544,10036640556,26.4836656,-81.9015854,3,,
"POINT (-81.901721 26.4836164)",30545,10036640558,26.4836164,-81.901721,1,,
"POINT (-81.9013515 26.4836026)",30546,10036640559,26.4836026,-81.9013515,1,,
"POINT (-81.9013951 26.4835162)",30547,10036640560,26.4835162,-81.9013951,3,,
"POINT (-81.9014791 26.4835696)",30548,10036640561,26.4835696,-81.9014791,3,,
"POINT (-81.901723 26.4834898)",30549,10036640565,26.4834898,-81.901723,1,,
"POINT (-81.8994492 26.4834209)",30550,10036640582,26.4834209,-81.8994492,3,,
"POINT (-81.8994481 26.483524)",30551,10036640583,26.483524,-81.8994481,1,,
"POINT (-81.8995692 26.4834275)",30552,10036640584,26.4834275,-81.8995692,3,,
"POINT (-81.8995655 26.4835303)",30553,10036640585,26.4835303,-81.8995655,1,,
"POINT (-81.8970245 26.4134419)",30599,10069586511,26.4134419,-81.8970245,3,,
"POINT (-81.8972448 26.4133755)",30600,10069586512,26.4133755,-81.8972448,3,,
"POINT (-81.8971015 26.4130068)",30601,10069586513,26.4130068,-81.8971015,3,,
"POINT (-81.896884 26.4130744)",30602,10069586514,26.4130744,-81.896884,3,,
"POINT (-81.8968138 26.4128907)",30603,10069586515,26.4128907,-81.8968138,3,,
"POINT (-81.8970308 26.4128247)",30604,10069586516,26.4128247,-81.8970308,3,,
"POINT (-81.8966103 26.4123582)",30605,10069586517,26.4123582,-81.8966103,3,,
"POINT (-81.8968236 26.4122914)",30606,10069586518,26.4122914,-81.8968236,3,,
"POINT (-81.8967532 26.4121102)",30607,10069586519,26.4121102,-81.8967532,3,,
"POINT (-81.8965421 26.4121798)",30608,10069586520,26.4121798,-81.8965421,3,,
"POINT (-81.8964706 26.4119928)",30609,10069586521,26.4119928,-81.8964706,3,,
"POINT (-81.896683 26.4119293)",30610,10069586522,26.4119293,-81.896683,3,,
"POINT (-81.8645088 26.5292528)",30643,10232856108,26.5292528,-81.8645088,3,,
"POINT (-81.8644879 26.5284949)",30644,10232856109,26.5284949,-81.8644879,3,,
"POINT (-81.8645042 26.5290835)",30645,10232856116,26.5290835,-81.8645042,3,,
"POINT (-81.8645048 26.5291046)",30647,10232872718,26.5291046,-81.8645048,3,,
"POINT (-81.86554 26.5292421)",30750,10576634623,26.5292421,-81.86554,3,,
"POINT (-81.8655413 26.5290314)",30751,10576634624,26.5290314,-81.8655413,3,,
"POINT (-81.8660746 26.5290261)",30752,10576634632,26.5290261,-81.8660746,3,,
"POINT (-81.8662135 26.5290249)",30753,10576634633,26.5290249,-81.8662135,1,,
"POINT (-81.909198 26.5256885)",30754,10598582534,26.5256885,-81.909198,3,,
"POINT (-81.9090585 26.5256943)",30755,10598582535,26.5256943,-81.9090585,3,,
"POINT (-81.8964382 26.5142456)",30759,10660729783,26.5142456,-81.8964382,3,,
"POINT (-81.8963255 26.5143493)",30760,10660729784,26.5143493,-81.8963255,3,,
"POINT (-81.8961617 26.514652)",30761,10660729786,26.514652,-81.8961617,1,,
"POINT (-81.8965217 26.5144796)",30762,10660729787,26.5144796,-81.8965217,3,,
"POINT (-81.896324 26.5144831)",30763,10660729788,26.5144831,-81.896324,4,,
"POINT (-81.8961451 26.5144854)",30764,10660729789,26.5144854,-81.8961451,1,,
"POINT (-81.8965283 26.5150303)",30765,10660729790,26.5150303,-81.8965283,3,,
"POINT (-81.8961504 26.5150307)",30766,10660729791,26.5150307,-81.8961504,1,,
"POINT (-81.8963692 26.5150305)",30767,10660729792,26.5150305,-81.8963692,3,,
"POINT (-81.8963672 26.514806)",30768,10660729793,26.514806,-81.8963672,1,,
"POINT (-81.8964878 26.5142591)",30769,10660729794,26.5142591,-81.8964878,3,,
"POINT (-81.8964891 26.5140162)",30770,10660729795,26.5140162,-81.8964891,1,,
"POINT (-81.9157819 26.5208792)",30844,10734517287,26.5208792,-81.9157819,3,,
"POINT (-81.9156961 26.5209687)",30845,10734517288,26.5209687,-81.9156961,3,,
"POINT (-81.9035819 26.4204928)",31035,10826905931,26.4204928,-81.9035819,2,,
"POINT (-81.9033558 26.4204213)",31036,10826905932,26.4204213,-81.9033558,1,,
"POINT (-81.9032439 26.4202588)",31037,10826905933,26.4202588,-81.9032439,1,,
"POINT (-81.8897689 26.5215528)",31122,10936994136,26.5215528,-81.8897689,3,,
"POINT (-81.8897694 26.5212524)",31123,10936994138,26.5212524,-81.8897694,3,,
"POINT (-81.8896601 26.5212524)",31124,10936994141,26.5212524,-81.8896601,3,,
"POINT (-81.8896619 26.5215543)",31125,10936994144,26.5215543,-81.8896619,3,,
"POINT (-81.8894308 26.5212524)",31126,10936994145,26.5212524,-81.8894308,3,,
"POINT (-81.8894325 26.5215573)",31127,10936994148,26.5215573,-81.8894325,3,,
"POINT (-81.8893201 26.5212524)",31128,10936994149,26.5212524,-81.8893201,3,,
"POINT (-81.8893231 26.5215588)",31129,10936994152,26.5215588,-81.8893231,3,,
"POINT (-81.8895435 26.5215559)",31130,10936994153,26.5215559,-81.8895435,3,,
"POINT (-81.8891018 26.521832)",31131,10936994157,26.521832,-81.8891018,3,,
"POINT (-81.8915503 26.527116)",31258,11150517118,26.527116,-81.8915503,3,,
"POINT (-81.891444 26.5271204)",31259,11150517119,26.5271204,-81.891444,3,,
"POINT (-81.89141 26.5271413)",31260,11150517120,26.5271413,-81.89141,3,,
"POINT (-81.891552 26.5272112)",31261,11150517126,26.5272112,-81.891552,3,,
"POINT (-81.8914123 26.5272126)",31262,11150517127,26.5272126,-81.8914123,3,,
"POINT (-81.8653781 26.4895304)",31316,11243105036,26.4895304,-81.8653781,3,,
"POINT (-81.8702243 26.5258792)",31402,11247753024,26.5258792,-81.8702243,3,,
"POINT (-81.8922197 26.5234948)",31403,11247753138,26.5234948,-81.8922197,3,,
"POINT (-81.8688761 26.501843)",31441,11256582607,26.501843,-81.8688761,1,,
"POINT (-81.8688314 26.4999073)",31442,11256582608,26.4999073,-81.8688314,3,,
"POINT (-81.868859 26.5002964)",31443,11256582615,26.5002964,-81.868859,3,,
"POINT (-81.8730084 26.5021795)",31444,11256582885,26.5021795,-81.8730084,1,,
"POINT (-81.8732858 26.5020324)",31445,11256582887,26.5020324,-81.8732858,3,,
"POINT (-81.9168289 26.5307155)",31454,11257406342,26.5307155,-81.9168289,1,,
"POINT (-81.9165495 26.5304351)",31455,11257406343,26.5304351,-81.9165495,3,,
"POINT (-81.9120357 26.5077979)",31478,11411639444,26.5077979,-81.9120357,3,,
"POINT (-81.9118082 26.5072581)",31479,11411639451,26.5072581,-81.9118082,3,,
"POINT (-81.912184 26.5072584)",31480,11411639452,26.5072584,-81.912184,3,,
"POINT (-81.9120133 26.5072583)",31481,11411639456,26.5072583,-81.9120133,3,,
"POINT (-81.9137538 26.5081905)",31684,11549027133,26.5081905,-81.9137538,3,,
"POINT (-81.913904 26.5078604)",31685,11549027139,26.5078604,-81.913904,3,,
"POINT (-81.8921101 26.527959)",31863,11891307365,26.527959,-81.8921101,3,,
"POINT (-81.891795 26.5279867)",31864,11891354769,26.5279867,-81.891795,1,,
"POINT (-81.8915748 26.5283164)",31937,12058984251,26.5283164,-81.8915748,4,,
"POINT (-81.8916605 26.5283174)",31938,12058984252,26.5283174,-81.8916605,3,,
"POINT (-81.9411283 26.4902332)",80347,98013310,26.4902332,-81.9411283,4,,
"POINT (-81.9411273 26.4899492)",80348,98013312,26.4899492,-81.9411273,4,,
"POINT (-81.9411283 26.4896522)",80349,98013314,26.4896522,-81.9411283,3,,
"POINT (-81.946617 26.516236)",80366,98016719,26.516236,-81.946617,4,,
"POINT (-81.946043 26.515934)",80367,98016721,26.515934,-81.946043,3,,
"POINT (-81.9760564 26.500729)",80378,98019558,26.500729,-81.9760564,1,,
"POINT (-81.938057 26.487602)",80385,98024998,26.487602,-81.938057,4,,
"POINT (-81.938064 26.488154)",80386,98025000,26.488154,-81.938064,3,,
"POINT (-81.943169 26.489577)",80390,98025787,26.489577,-81.943169,4,,
"POINT (-81.9427303 26.4896287)",80391,98025788,26.4896287,-81.9427303,3,,
"POINT (-81.959739 26.45594)",80413,98027430,26.45594,-81.959739,4,,
"POINT (-81.9586471 26.4570741)",80414,98027435,26.4570741,-81.9586471,4,,
"POINT (-81.977928 26.500704)",80422,98029031,26.500704,-81.977928,4,,
"POINT (-81.9480772 26.5217642)",80423,98029057,26.5217642,-81.9480772,3,,
"POINT (-81.949508 26.461042)",80424,98029423,26.461042,-81.949508,4,,
"POINT (-81.952004 26.520197)",80425,98029457,26.520197,-81.952004,3,,
"POINT (-81.9508582 26.5202854)",80426,98029470,26.5202854,-81.9508582,3,,
"POINT (-81.9499019 26.5202999)",80427,98029472,26.5202999,-81.9499019,3,,
"POINT (-81.9494191 26.5203019)",80428,98029475,26.5203019,-81.9494191,3,,
"POINT (-81.948777 26.519779)",80429,98029486,26.519779,-81.948777,3,,
"POINT (-81.941712 26.459724)",80438,98029850,26.459724,-81.941712,3,,
"POINT (-81.941694 26.458085)",80439,98029868,26.458085,-81.941694,4,,
"POINT (-81.940267 26.509529)",80441,98030705,26.509529,-81.940267,3,,
"POINT (-81.938109 26.511527)",80442,98030718,26.511527,-81.938109,3,,
"POINT (-81.938156 26.513381)",80443,98030720,26.513381,-81.938156,3,,
"POINT (-81.938406 26.514427)",80444,98030731,26.514427,-81.938406,3,,
"POINT (-81.949308 26.51781)",80446,98030935,26.51781,-81.949308,4,,
"POINT (-81.94927 26.516212)",80447,98030939,26.516212,-81.94927,3,,
"POINT (-81.9632743 26.5040456)",80448,98031317,26.5040456,-81.9632743,1,turning_loop,
"POINT (-81.958748 26.508051)",80449,98031335,26.508051,-81.958748,3,,
"POINT (-81.959202 26.507154)",80450,98031344,26.507154,-81.959202,3,,
"POINT (-81.959278 26.507096)",80451,98031348,26.507096,-81.959278,3,,
"POINT (-81.9628808 26.5043475)",80452,98031392,26.5043475,-81.9628808,3,,
"POINT (-81.9588758 26.5066348)",80453,98031398,26.5066348,-81.9588758,4,,
"POINT (-81.9587684 26.5067165)",80454,98031414,26.5067165,-81.9587684,4,,
"POINT (-81.958748 26.492039)",80455,98032093,26.492039,-81.958748,3,,
"POINT (-81.94866 26.522476)",80456,98032757,26.522476,-81.94866,3,,
"POINT (-81.942104 26.490217)",80457,98033115,26.490217,-81.942104,3,,
"POINT (-81.9394306 26.4902473)",80458,98033140,26.4902473,-81.9394306,3,,
"POINT (-81.939421 26.4899692)",80459,98033146,26.4899692,-81.939421,3,,
"POINT (-81.9397334 26.5002826)",80466,98034005,26.5002826,-81.9397334,1,turning_loop,
"POINT (-81.943452 26.500223)",80467,98034021,26.500223,-81.943452,4,,
"POINT (-81.929901 26.52946)",80468,98034093,26.52946,-81.929901,5,,
"POINT (-81.940064 26.521291)",80469,98034411,26.521291,-81.940064,4,,
"POINT (-81.940396 26.521645)",80470,98034417,26.521645,-81.940396,3,,
"POINT (-81.940898 26.522046)",80471,98034429,26.522046,-81.940898,3,,
"POINT (-81.941419 26.522601)",80472,98034436,26.522601,-81.941419,4,,
"POINT (-81.942977 26.523644)",80473,98034456,26.523644,-81.942977,3,,
"POINT (-81.943476 26.523681)",80474,98034459,26.523681,-81.943476,3,,
"POINT (-81.943621 26.523669)",80475,98034460,26.523669,-81.943621,3,,
"POINT (-81.944205 26.523591)",80476,98034461,26.523591,-81.944205,3,,
"POINT (-81.946233 26.523451)",80477,98034468,26.523451,-81.946233,3,,
"POINT (-81.947749 26.523593)",80478,98034474,26.523593,-81.947749,3,,
"POINT (-81.947865 26.523599)",80479,98034476,26.523599,-81.947865,3,,
"POINT (-81.9402 26.521186)",80480,98034491,26.521186,-81.9402,3,,
"POINT (-81.967274 26.518935)",80481,98035237,26.518935,-81.967274,3,,
"POINT (-81.967104 26.518925)",80482,98035250,26.518925,-81.967104,3,,
"POINT (-81.966408 26.519548)",80483,98035309,26.519548,-81.966408,3,,
"POINT (-81.9668348 26.4917866)",80489,98036336,26.4917866,-81.9668348,3,,
"POINT (-81.966824 26.490862)",80490,98036339,26.490862,-81.966824,3,,
"POINT (-81.966822 26.490489)",80491,98036341,26.490489,-81.966822,3,,
"POINT (-81.947804 26.48902)",80492,98037016,26.48902,-81.947804,3,,
"POINT (-81.947831 26.490237)",80493,98037018,26.490237,-81.947831,3,,
"POINT (-81.9402942 26.4602397)",80502,98037982,26.4602397,-81.9402942,3,,
"POINT (-81.940339 26.459605)",80503,98037993,26.459605,-81.940339,3,,
"POINT (-81.940334 26.458102)",80504,98037995,26.458102,-81.940334,4,,
"POINT (-81.947387 26.520166)",80509,98040259,26.520166,-81.947387,3,,
"POINT (-81.9254553 26.512292)",80510,98040379,26.512292,-81.9254553,3,,
"POINT (-81.925464 26.5132)",80511,98040407,26.5132,-81.925464,3,,
"POINT (-81.9302083 26.5182907)",80512,98040509,26.5182907,-81.9302083,4,,
"POINT (-81.930228 26.519901)",80513,98040515,26.519901,-81.930228,1,,
"POINT (-81.957689 26.504744)",80515,98041342,26.504744,-81.957689,3,,
"POINT (-81.956029 26.502853)",80516,98041537,26.502853,-81.956029,3,,
"POINT (-81.9288898 26.4414045)",80517,98041592,26.4414045,-81.9288898,3,,
"POINT (-81.927594 26.442294)",80518,98041609,26.442294,-81.927594,3,,
"POINT (-81.9274058 26.4423281)",80519,98041614,26.4423281,-81.9274058,3,,
"POINT (-81.9260618 26.4434237)",80520,98041618,26.4434237,-81.9260618,3,,
"POINT (-81.947158 26.490216)",80521,98041652,26.490216,-81.947158,3,,
"POINT (-81.947123 26.489023)",80522,98041656,26.489023,-81.947123,3,,
"POINT (-81.936971 26.48818)",80523,98041687,26.48818,-81.936971,3,,
"POINT (-81.936987 26.488828)",80524,98041688,26.488828,-81.936987,3,,
"POINT (-81.937002 26.489472)",80525,98041689,26.489472,-81.937002,3,,
"POINT (-81.937006 26.489765)",80526,98041691,26.489765,-81.937006,3,,
"POINT (-81.937016 26.49041)",80527,98041692,26.49041,-81.937016,3,,
"POINT (-81.937026 26.491055)",80528,98041695,26.491055,-81.937026,5,,
"POINT (-81.945397 26.489077)",80534,98042708,26.489077,-81.945397,3,,
"POINT (-81.9415625 26.5287282)",80535,98042784,26.5287282,-81.9415625,3,,
"POINT (-81.9778728 26.4973923)",80543,98043249,26.4973923,-81.9778728,4,,
"POINT (-81.957752 26.51964)",80547,98045426,26.51964,-81.957752,4,,
"POINT (-81.957814 26.520021)",80548,98045428,26.520021,-81.957814,3,,
"POINT (-81.958258 26.521828)",80549,98045453,26.521828,-81.958258,3,,
"POINT (-81.957833 26.522919)",80550,98045460,26.522919,-81.957833,3,,
"POINT (-81.956935 26.523475)",80551,98045477,26.523475,-81.956935,3,,
"POINT (-81.9567622 26.524603)",80552,98045499,26.524603,-81.9567622,3,,
"POINT (-81.956912 26.52456)",80553,98045503,26.52456,-81.956912,3,,
"POINT (-81.957834 26.51964)",80554,98045508,26.51964,-81.957834,4,,
"POINT (-81.948484 26.449852)",80572,98048423,26.449852,-81.948484,1,,
"POINT (-81.948497 26.4507052)",80573,98048425,26.4507052,-81.948497,4,,
"POINT (-81.948553 26.454381)",80574,98048440,26.454381,-81.948553,1,,
"POINT (-81.9542988 26.4714291)",80575,98049229,26.4714291,-81.9542988,3,,
"POINT (-81.953419 26.479084)",80576,98049295,26.479084,-81.953419,4,,
"POINT (-81.971282 26.495842)",80577,98050884,26.495842,-81.971282,3,,
"POINT (-81.96988 26.495188)",80578,98050892,26.495188,-81.96988,3,,
"POINT (-81.968935 26.494347)",80579,98050905,26.494347,-81.968935,3,,
"POINT (-81.965085 26.499846)",80580,98050926,26.499846,-81.965085,3,,
"POINT (-81.964257 26.499864)",80581,98050932,26.499864,-81.964257,3,,
"POINT (-81.963799 26.49987)",80582,98050939,26.49987,-81.963799,1,,
"POINT (-81.9438668 26.4845359)",80583,98051792,26.4845359,-81.9438668,4,,
"POINT (-81.9431551 26.4834672)",80584,98051815,26.4834672,-81.9431551,3,,
"POINT (-81.9434328 26.4804293)",80585,98051863,26.4804293,-81.9434328,1,turning_loop,
"POINT (-81.926676 26.4401562)",80586,98052548,26.4401562,-81.926676,3,,
"POINT (-81.949628 26.526695)",80593,98054306,26.526695,-81.949628,3,,
"POINT (-81.9491768 26.5264421)",80594,98054314,26.5264421,-81.9491768,3,,
"POINT (-81.9525569 26.4520107)",80604,98055554,26.4520107,-81.9525569,3,,
"POINT (-81.952017 26.452311)",80605,98055560,26.452311,-81.952017,3,,
"POINT (-81.951639 26.453206)",80606,98055574,26.453206,-81.951639,3,,
"POINT (-81.951651 26.455277)",80607,98055589,26.455277,-81.951651,3,,
"POINT (-81.9284603 26.5183085)",80608,98055844,26.5183085,-81.9284603,3,,
"POINT (-81.9380807 26.514587)",80609,98056164,26.514587,-81.9380807,1,turning_loop,
"POINT (-81.939183 26.513706)",80610,98056169,26.513706,-81.939183,3,,
"POINT (-81.948465 26.517831)",80611,98057186,26.517831,-81.948465,3,,
"POINT (-81.948428 26.51622)",80612,98057190,26.51622,-81.948428,3,,
"POINT (-81.961784 26.493516)",80613,98057275,26.493516,-81.961784,3,,
"POINT (-81.961754 26.49203)",80618,98058815,26.49203,-81.961754,3,,
"POINT (-81.96173 26.490628)",80619,98058816,26.490628,-81.96173,3,,
"POINT (-81.9390591 26.4465554)",80620,98059314,26.4465554,-81.9390591,3,,
"POINT (-81.938955 26.446783)",80621,98059316,26.446783,-81.938955,3,,
"POINT (-81.938946 26.447308)",80622,98059330,26.447308,-81.938946,4,,
"POINT (-81.937981 26.445972)",80623,98059337,26.445972,-81.937981,1,,
"POINT (-81.9315892 26.5279873)",80638,98062261,26.5279873,-81.9315892,4,,
"POINT (-81.931339 26.5242382)",80639,98062274,26.5242382,-81.931339,1,turning_loop,
"POINT (-81.935572 26.504692)",80643,98064742,26.504692,-81.935572,3,,
"POINT (-81.935569 26.504482)",80644,98064744,26.504482,-81.935569,4,,
"POINT (-81.964239 26.504545)",80645,98064776,26.504545,-81.964239,1,,
"POINT (-81.93333 26.511329)",80646,98064988,26.511329,-81.93333,1,,
"POINT (-81.962848 26.492585)",80650,98066739,26.492585,-81.962848,3,,
"POINT (-81.962503 26.492596)",80651,98066741,26.492596,-81.962503,3,,
"POINT (-81.96214 26.492595)",80652,98066745,26.492595,-81.96214,3,,
"POINT (-81.944257 26.502855)",80653,98066807,26.502855,-81.944257,3,,
"POINT (-81.947517 26.502811)",80654,98066813,26.502811,-81.947517,3,,
"POINT (-81.959952 26.501804)",80656,98067448,26.501804,-81.959952,1,,
"POINT (-81.963189 26.501787)",80657,98067454,26.501787,-81.963189,3,,
"POINT (-81.96519 26.501793)",80658,98067457,26.501793,-81.96519,3,,
"POINT (-81.965767 26.502431)",80659,98067460,26.502431,-81.965767,1,,
"POINT (-81.9394887 26.5248633)",80660,98067482,26.5248633,-81.9394887,2,,
"POINT (-81.9396408 26.5249847)",80661,98067497,26.5249847,-81.9396408,2,,
"POINT (-81.940084 26.52188)",80662,98067508,26.52188,-81.940084,3,,
"POINT (-81.970595 26.497637)",80664,98068920,26.497637,-81.970595,3,,
"POINT (-81.969392 26.496766)",80665,98068935,26.496766,-81.969392,3,,
"POINT (-81.967751 26.496403)",80666,98068967,26.496403,-81.967751,3,,
"POINT (-81.967903 26.50489)",80667,98069121,26.50489,-81.967903,3,,
"POINT (-81.969278 26.504857)",80668,98069124,26.504857,-81.969278,3,,
"POINT (-81.970647 26.504834)",80669,98069126,26.504834,-81.970647,3,,
"POINT (-81.971823 26.504821)",80670,98069129,26.504821,-81.971823,3,,
"POINT (-81.971898 26.504872)",80671,98069131,26.504872,-81.971898,3,,
"POINT (-81.972006 26.508487)",80672,98069143,26.508487,-81.972006,4,,
"POINT (-81.972121 26.514738)",80673,98069144,26.514738,-81.972121,3,,
"POINT (-81.937718 26.489462)",80679,98069627,26.489462,-81.937718,3,,
"POINT (-81.935057 26.486697)",80696,98071227,26.486697,-81.935057,1,,
"POINT (-81.935658 26.48669)",80697,98071228,26.48669,-81.935658,3,,
"POINT (-81.936695 26.486674)",80698,98071230,26.486674,-81.936695,3,,
"POINT (-81.938102 26.486409)",80699,98071246,26.486409,-81.938102,3,,
"POINT (-81.939829 26.486382)",80700,98071250,26.486382,-81.939829,5,,
"POINT (-81.94423 26.502109)",80701,98071328,26.502109,-81.94423,3,,
"POINT (-81.947495 26.502063)",80702,98071334,26.502063,-81.947495,3,,
"POINT (-81.938581 26.488813)",80703,98071718,26.488813,-81.938581,3,,
"POINT (-81.951172 26.484868)",80704,98071898,26.484868,-81.951172,3,,
"POINT (-81.951181 26.485669)",80705,98071902,26.485669,-81.951181,3,,
"POINT (-81.949433 26.486487)",80706,98071921,26.486487,-81.949433,4,,
"POINT (-81.948098 26.486487)",80707,98071923,26.486487,-81.948098,3,,
"POINT (-81.94677 26.486527)",80708,98071928,26.486527,-81.94677,3,,
"POINT (-81.9473606 26.5220475)",80709,98072096,26.5220475,-81.9473606,3,,
"POINT (-81.946881 26.522086)",80710,98072114,26.522086,-81.946881,3,,
"POINT (-81.946727 26.5218959)",80711,98072127,26.5218959,-81.946727,3,,
"POINT (-81.96804 26.511885)",80712,98072451,26.511885,-81.96804,3,,
"POINT (-81.942573 26.503573)",80713,98072707,26.503573,-81.942573,3,,
"POINT (-81.966778 26.500571)",80714,98073515,26.500571,-81.966778,3,,
"POINT (-81.96619 26.499907)",80715,98073519,26.499907,-81.96619,4,,
"POINT (-81.965826 26.499517)",80716,98073523,26.499517,-81.965826,3,,
"POINT (-81.965514 26.499181)",80717,98073526,26.499181,-81.965514,3,,
"POINT (-81.969207 26.501433)",80720,98073818,26.501433,-81.969207,1,,
"POINT (-81.952112 26.507268)",80721,98074180,26.507268,-81.952112,3,,
"POINT (-81.952096 26.506397)",80722,98074184,26.506397,-81.952096,1,,
"POINT (-81.966743 26.519913)",80727,98074583,26.519913,-81.966743,3,,
"POINT (-81.964107 26.518471)",80728,98074590,26.518471,-81.964107,3,,
"POINT (-81.964387 26.518463)",80729,98074592,26.518463,-81.964387,3,,
"POINT (-81.965572 26.518688)",80730,98074606,26.518688,-81.965572,3,,
"POINT (-81.962851 26.4920111)",80731,98074664,26.4920111,-81.962851,4,,
"POINT (-81.962851 26.492108)",80732,98074666,26.492108,-81.962851,3,,
"POINT (-81.962887 26.493493)",80733,98074671,26.493493,-81.962887,3,,
"POINT (-81.96283 26.490608)",80743,98076065,26.490608,-81.96283,3,,
"POINT (-81.9296178 26.5150771)",80745,98077644,26.5150771,-81.9296178,3,,
"POINT (-81.967986 26.508625)",80746,98077657,26.508625,-81.967986,3,,
"POINT (-81.964596 26.514672)",80747,98077678,26.514672,-81.964596,3,,
"POINT (-81.967169 26.498486)",80748,98078499,26.498486,-81.967169,3,,
"POINT (-81.96506 26.498722)",80749,98078512,26.498722,-81.96506,4,,
"POINT (-81.96375 26.498752)",80750,98078516,26.498752,-81.96375,1,,
"POINT (-81.960122 26.50569)",80756,98081056,26.50569,-81.960122,3,,
"POINT (-81.9593693 26.5046874)",80757,98081076,26.5046874,-81.9593693,4,,
"POINT (-81.957947 26.503722)",80758,98081094,26.503722,-81.957947,4,,
"POINT (-81.957547 26.503117)",80759,98081107,26.503117,-81.957547,3,,
"POINT (-81.95728 26.502684)",80760,98081112,26.502684,-81.95728,3,,
"POINT (-81.956575 26.502158)",80761,98081126,26.502158,-81.956575,3,,
"POINT (-81.956556 26.50168)",80762,98081129,26.50168,-81.956556,3,,
"POINT (-81.960205 26.505626)",80763,98081139,26.505626,-81.960205,3,,
"POINT (-81.959921 26.50515)",80764,98081147,26.50515,-81.959921,3,,
"POINT (-81.959431 26.504599)",80765,98081156,26.504599,-81.959431,4,,
"POINT (-81.96778 26.497445)",80766,98081275,26.497445,-81.96778,3,,
"POINT (-81.967429 26.497448)",80767,98081277,26.497448,-81.967429,3,,
"POINT (-81.966541 26.497466)",80768,98081278,26.497466,-81.966541,3,,
"POINT (-81.965258 26.497488)",80769,98081279,26.497488,-81.965258,3,,
"POINT (-81.958803 26.500616)",80770,98081333,26.500616,-81.958803,3,,
"POINT (-81.955241 26.501051)",80771,98081378,26.501051,-81.955241,3,,
"POINT (-81.956777 26.494556)",80772,98081459,26.494556,-81.956777,3,,
"POINT (-81.977901 26.499054)",80773,98081862,26.499054,-81.977901,3,,
"POINT (-81.929605 26.514029)",80774,98081951,26.514029,-81.929605,3,,
"POINT (-81.925488 26.51411)",80775,98081973,26.51411,-81.925488,3,,
"POINT (-81.9437075 26.448074)",80779,98082846,26.448074,-81.9437075,1,,
"POINT (-81.9435458 26.4483827)",80780,98082848,26.4483827,-81.9435458,4,,
"POINT (-81.9433724 26.448882)",80781,98082850,26.448882,-81.9433724,4,,
"POINT (-81.9433715 26.4498836)",80782,98082860,26.4498836,-81.9433715,3,,
"POINT (-81.943385 26.450528)",80783,98082863,26.450528,-81.943385,1,,
"POINT (-81.939808 26.483401)",80790,98084927,26.483401,-81.939808,4,,
"POINT (-81.940788 26.483369)",80791,98084933,26.483369,-81.940788,3,,
"POINT (-81.9398982 26.4807214)",80792,98084965,26.4807214,-81.9398982,1,turning_loop,
"POINT (-81.9475269 26.4503549)",80800,98086066,26.4503549,-81.9475269,3,,
"POINT (-81.947505 26.4495477)",80801,98086072,26.4495477,-81.947505,1,,
"POINT (-81.949038 26.488724)",80807,98086225,26.488724,-81.949038,3,,
"POINT (-81.948627 26.488992)",80808,98086233,26.488992,-81.948627,3,,
"POINT (-81.948447 26.489011)",80809,98086236,26.489011,-81.948447,3,,
"POINT (-81.948229 26.489016)",80810,98086237,26.489016,-81.948229,3,,
"POINT (-81.948017 26.489017)",80811,98086238,26.489017,-81.948017,3,,
"POINT (-81.947571 26.489021)",80812,98086240,26.489021,-81.947571,3,,
"POINT (-81.947344 26.489021)",80813,98086241,26.489021,-81.947344,3,,
"POINT (-81.946915 26.489026)",80814,98086244,26.489026,-81.946915,3,,
"POINT (-81.946703 26.489026)",80815,98086245,26.489026,-81.946703,3,,
"POINT (-81.946491 26.48903)",80816,98086246,26.48903,-81.946491,3,,
"POINT (-81.946276 26.489031)",80817,98086247,26.489031,-81.946276,3,,
"POINT (-81.946062 26.489033)",80818,98086249,26.489033,-81.946062,3,,
"POINT (-81.945848 26.489039)",80819,98086250,26.489039,-81.945848,3,,
"POINT (-81.945635 26.489044)",80820,98086252,26.489044,-81.945635,3,,
"POINT (-81.945143 26.489139)",80821,98086260,26.489139,-81.945143,3,,
"POINT (-81.944231 26.502533)",80824,98086514,26.502533,-81.944231,4,,
"POINT (-81.947504 26.502441)",80825,98086595,26.502441,-81.947504,3,,
"POINT (-81.946891 26.464432)",80826,98087989,26.464432,-81.946891,1,,
"POINT (-81.945102 26.488609)",80827,98088191,26.488609,-81.945102,4,,
"POINT (-81.945512 26.488589)",80828,98088198,26.488589,-81.945512,3,,
"POINT (-81.946102 26.488583)",80829,98088202,26.488583,-81.946102,3,,
"POINT (-81.946681 26.488572)",80830,98088209,26.488572,-81.946681,3,,
"POINT (-81.947258 26.488561)",80831,98088286,26.488561,-81.947258,3,,
"POINT (-81.947848 26.488548)",80832,98088290,26.488548,-81.947848,3,,
"POINT (-81.948421 26.488541)",80833,98088292,26.488541,-81.948421,3,,
"POINT (-81.9476 26.490232)",80851,98089897,26.490232,-81.9476,4,,
"POINT (-81.918717 26.531775)",80852,98089917,26.531775,-81.918717,3,,
"POINT (-81.918723 26.532316)",80853,98089919,26.532316,-81.918723,3,,
"POINT (-81.950786 26.490682)",80864,98090395,26.490682,-81.950786,3,,
"POINT (-81.958759 26.492753)",80865,98092897,26.492753,-81.958759,3,,
"POINT (-81.953933 26.492823)",80866,98092902,26.492823,-81.953933,3,,
"POINT (-81.978074 26.508348)",80875,98094426,26.508348,-81.978074,3,,
"POINT (-81.9780551 26.5074883)",80876,98094432,26.5074883,-81.9780551,4,,
"POINT (-81.978032 26.506425)",80877,98094435,26.506425,-81.978032,3,,
"POINT (-81.97799 26.504818)",80878,98094437,26.504818,-81.97799,3,,
"POINT (-81.97798 26.504454)",80879,98094439,26.504454,-81.97798,3,,
"POINT (-81.977976 26.504109)",80880,98094441,26.504109,-81.977976,3,,
"POINT (-81.977969 26.50368)",80881,98094443,26.50368,-81.977969,3,,
"POINT (-81.977965 26.50319)",80882,98094445,26.50319,-81.977965,3,,
"POINT (-81.977956 26.502685)",80883,98094447,26.502685,-81.977956,3,,
"POINT (-81.977951 26.502305)",80884,98094449,26.502305,-81.977951,3,,
"POINT (-81.977941 26.50152)",80885,98094451,26.50152,-81.977941,3,,
"POINT (-81.977918 26.500155)",80886,98094455,26.500155,-81.977918,3,,
"POINT (-81.977911 26.499697)",80887,98094457,26.499697,-81.977911,3,,
"POINT (-81.977909 26.499603)",80888,98094458,26.499603,-81.977909,3,,
"POINT (-81.977897 26.498789)",80889,98094459,26.498789,-81.977897,3,,
"POINT (-81.977892 26.498507)",80890,98094461,26.498507,-81.977892,3,,
"POINT (-81.977882 26.497953)",80891,98094463,26.497953,-81.977882,4,,
"POINT (-81.977865 26.49685)",80892,98094465,26.49685,-81.977865,3,,
"POINT (-81.977855 26.496305)",80893,98094467,26.496305,-81.977855,3,,
"POINT (-81.977846 26.495755)",80894,98094469,26.495755,-81.977846,3,,
"POINT (-81.977835 26.4952)",80895,98094471,26.4952,-81.977835,3,,
"POINT (-81.977827 26.494652)",80896,98094473,26.494652,-81.977827,3,,
"POINT (-81.977694 26.494018)",80897,98094483,26.494018,-81.977694,3,,
"POINT (-81.977129 26.503669)",80903,98094554,26.503669,-81.977129,3,,
"POINT (-81.976094 26.503649)",80904,98094556,26.503649,-81.976094,3,,
"POINT (-81.974535 26.510016)",80914,98094857,26.510016,-81.974535,4,,
"POINT (-81.973504 26.510016)",80915,98094865,26.510016,-81.973504,3,,
"POINT (-81.97442 26.508785)",80916,98094903,26.508785,-81.97442,4,,
"POINT (-81.9476844 26.5208823)",80917,98095041,26.5208823,-81.9476844,2,,
"POINT (-81.9478452 26.520936)",80918,98095053,26.520936,-81.9478452,2,,
"POINT (-81.947335 26.521549)",80919,98095061,26.521549,-81.947335,3,,
"POINT (-81.944279 26.504136)",80923,98095283,26.504136,-81.944279,3,,
"POINT (-81.944276 26.503937)",80924,98095285,26.503937,-81.944276,3,,
"POINT (-81.944274 26.503768)",80925,98095287,26.503768,-81.944274,3,,
"POINT (-81.944266 26.503246)",80926,98095289,26.503246,-81.944266,3,,
"POINT (-81.944262 26.503043)",80927,98095291,26.503043,-81.944262,3,,
"POINT (-81.944241 26.502681)",80928,98095293,26.502681,-81.944241,3,,
"POINT (-81.944223 26.502291)",80929,98095295,26.502291,-81.944223,3,,
"POINT (-81.943509 26.502547)",80930,98095306,26.502547,-81.943509,3,,
"POINT (-81.959402 26.502099)",80935,98096265,26.502099,-81.959402,3,,
"POINT (-81.941142 26.508876)",80936,98096279,26.508876,-81.941142,3,,
"POINT (-81.941107 26.507294)",80937,98096281,26.507294,-81.941107,3,,
"POINT (-81.967795 26.498166)",80938,98096339,26.498166,-81.967795,3,,
"POINT (-81.967162 26.49817)",80939,98096341,26.49817,-81.967162,4,,
"POINT (-81.965049 26.498257)",80940,98096345,26.498257,-81.965049,4,,
"POINT (-81.963783 26.498279)",80941,98096346,26.498279,-81.963783,1,,
"POINT (-81.964439 26.494522)",80942,98096683,26.494522,-81.964439,3,,
"POINT (-81.961841 26.494466)",80943,98096708,26.494466,-81.961841,3,,
"POINT (-81.9276755 26.5183208)",80947,98098942,26.5183208,-81.9276755,3,,
"POINT (-81.927689 26.519119)",80948,98098946,26.519119,-81.927689,3,,
"POINT (-81.927713 26.520105)",80949,98098948,26.520105,-81.927713,1,,
"POINT (-81.919695 26.526245)",80950,98099006,26.526245,-81.919695,3,,
"POINT (-81.919691 26.5261)",80951,98099013,26.5261,-81.919691,3,,
"POINT (-81.961625 26.509565)",80952,98099720,26.509565,-81.961625,3,,
"POINT (-81.9634078 26.5107154)",80953,98099752,26.5107154,-81.9634078,3,,
"POINT (-81.959535 26.4945579)",80956,98101094,26.4945579,-81.959535,3,,
"POINT (-81.9595385 26.4941379)",80957,98101095,26.4941379,-81.9595385,4,,
"POINT (-81.9596793 26.4945558)",80958,98101096,26.4945558,-81.9596793,3,,
"POINT (-81.959674 26.494134)",80959,98101097,26.494134,-81.959674,4,,
"POINT (-81.958085 26.494532)",80960,98101232,26.494532,-81.958085,3,,
"POINT (-81.951486 26.494673)",80961,98101277,26.494673,-81.951486,3,,
"POINT (-81.941855 26.481311)",80962,98101404,26.481311,-81.941855,3,,
"POINT (-81.941274 26.480755)",80963,98101419,26.480755,-81.941274,3,,
"POINT (-81.9404866 26.4799778)",80964,98101426,26.4799778,-81.9404866,1,turning_loop,
"POINT (-81.9385248 26.5046544)",80970,98102855,26.5046544,-81.9385248,3,,
"POINT (-81.9385085 26.5044367)",80971,98102859,26.5044367,-81.9385085,3,,
"POINT (-81.9467846 26.4500913)",80972,98103826,26.4500913,-81.9467846,3,,
"POINT (-81.9467855 26.450861)",80973,98103830,26.450861,-81.9467855,3,,
"POINT (-81.93076 26.528711)",80977,98104308,26.528711,-81.93076,3,,
"POINT (-81.930497 26.528462)",80978,98104312,26.528462,-81.930497,3,,
"POINT (-81.9303131 26.5240199)",80979,98104328,26.5240199,-81.9303131,1,turning_loop,
"POINT (-81.948007 26.483491)",80980,98105843,26.483491,-81.948007,3,,
"POINT (-81.947927 26.483294)",80981,98105849,26.483294,-81.947927,1,,
"POINT (-81.981225 26.508504)",80998,98110816,26.508504,-81.981225,3,,
"POINT (-81.929573 26.493838)",81008,98112218,26.493838,-81.929573,4,,
"POINT (-81.9294438 26.4897254)",81009,98112233,26.4897254,-81.9294438,1,,
"POINT (-81.9323241 26.4937883)",81010,98112244,26.4937883,-81.9323241,3,,
"POINT (-81.957822 26.490981)",81011,98112280,26.490981,-81.957822,3,,
"POINT (-81.957832 26.491338)",81012,98112282,26.491338,-81.957832,3,,
"POINT (-81.957847 26.491692)",81013,98112284,26.491692,-81.957847,3,,
"POINT (-81.957863 26.492052)",81014,98112286,26.492052,-81.957863,3,,
"POINT (-81.946765 26.485721)",81019,98113115,26.485721,-81.946765,3,,
"POINT (-81.946751 26.485265)",81020,98113117,26.485265,-81.946751,3,,
"POINT (-81.94675 26.484934)",81021,98113119,26.484934,-81.94675,3,,
"POINT (-81.946748 26.48485)",81022,98113125,26.48485,-81.946748,3,,
"POINT (-81.946737 26.484202)",81023,98113126,26.484202,-81.946737,3,,
"POINT (-81.948257 26.490256)",81024,98113127,26.490256,-81.948257,3,,
"POINT (-81.9538424 26.4652131)",81025,98113243,26.4652131,-81.9538424,1,,
"POINT (-81.9555593 26.4659889)",81026,98113261,26.4659889,-81.9555593,3,,
"POINT (-81.951053 26.500026)",81033,98115176,26.500026,-81.951053,3,,
"POINT (-81.950283 26.50004)",81034,98115179,26.50004,-81.950283,4,,
"POINT (-81.935855 26.506011)",81035,98115398,26.506011,-81.935855,4,,
"POINT (-81.936888 26.505599)",81036,98115409,26.505599,-81.936888,3,,
"POINT (-81.937992 26.505983)",81037,98115423,26.505983,-81.937992,3,,
"POINT (-81.938162 26.506103)",81038,98115427,26.506103,-81.938162,3,,
"POINT (-81.938576 26.506257)",81039,98115431,26.506257,-81.938576,3,,
"POINT (-81.939142 26.505549)",81040,98115447,26.505549,-81.939142,1,,
"POINT (-81.946295 26.490183)",81047,98116419,26.490183,-81.946295,3,,
"POINT (-81.953945 26.49354)",81048,98116745,26.49354,-81.953945,3,,
"POINT (-81.953947 26.493717)",81049,98116747,26.493717,-81.953947,1,,
"POINT (-81.9260258 26.4397874)",81050,98117718,26.4397874,-81.9260258,3,,
"POINT (-81.923876 26.441576)",81051,98117723,26.441576,-81.923876,3,,
"POINT (-81.9397831 26.5111882)",81059,98118547,26.5111882,-81.9397831,3,,
"POINT (-81.9397025 26.511254)",81060,98118551,26.511254,-81.9397025,3,,
"POINT (-81.93079 26.503091)",81061,98118878,26.503091,-81.93079,3,,
"POINT (-81.929127 26.50229)",81062,98118902,26.50229,-81.929127,3,,
"POINT (-81.928413 26.502299)",81063,98118904,26.502299,-81.928413,3,,
"POINT (-81.928251 26.502304)",81064,98118906,26.502304,-81.928251,1,,
"POINT (-81.951814 26.491247)",81069,98121553,26.491247,-81.951814,3,,
"POINT (-81.953413 26.49122)",81070,98121557,26.49122,-81.953413,3,,
"POINT (-81.940339 26.458027)",81074,98121991,26.458027,-81.940339,4,,
"POINT (-81.940335 26.457461)",81075,98121994,26.457461,-81.940335,1,,
"POINT (-81.9553009 26.5248386)",81077,98122971,26.5248386,-81.9553009,3,,
"POINT (-81.955529 26.519675)",81078,98122989,26.519675,-81.955529,4,,
"POINT (-81.955543 26.520096)",81079,98122990,26.520096,-81.955543,3,,
"POINT (-81.9550278 26.5237061)",81080,98123032,26.5237061,-81.9550278,3,,
"POINT (-81.956199 26.52017)",81081,98123072,26.52017,-81.956199,3,,
"POINT (-81.9485354 26.4592575)",81089,98123657,26.4592575,-81.9485354,1,,
"POINT (-81.947034 26.460021)",81090,98123675,26.460021,-81.947034,4,,
"POINT (-81.954323 26.520905)",81091,98123706,26.520905,-81.954323,3,,
"POINT (-81.954633 26.51969)",81092,98123720,26.51969,-81.954633,3,,
"POINT (-81.9703239 26.5109592)",81131,98124516,26.5109592,-81.9703239,3,,
"POINT (-81.9710035 26.5104198)",81132,98124526,26.5104198,-81.9710035,3,,
"POINT (-81.9697953 26.5105117)",81133,98124580,26.5105117,-81.9697953,4,,
"POINT (-81.9694027 26.5101553)",81134,98124584,26.5101553,-81.9694027,3,,
"POINT (-81.952634 26.516398)",81135,98125304,26.516398,-81.952634,3,,
"POINT (-81.952661 26.517601)",81136,98125307,26.517601,-81.952661,3,,
"POINT (-81.952705 26.519717)",81137,98125309,26.519717,-81.952705,3,,
"POINT (-81.953566 26.461952)",81138,98125525,26.461952,-81.953566,3,,
"POINT (-81.952886 26.464743)",81139,98125540,26.464743,-81.952886,3,,
"POINT (-81.9323217 26.4433229)",81140,98125669,26.4433229,-81.9323217,3,,
"POINT (-81.930264 26.445099)",81141,98125689,26.445099,-81.930264,3,,
"POINT (-81.921497 26.439959)",81144,98125741,26.439959,-81.921497,1,,
"POINT (-81.930696 26.502432)",81145,98125872,26.502432,-81.930696,3,,
"POINT (-81.931039 26.504497)",81146,98125889,26.504497,-81.931039,3,,
"POINT (-81.974412 26.508412)",81150,98127903,26.508412,-81.974412,4,,
"POINT (-81.97457 26.508409)",81151,98127905,26.508409,-81.97457,4,,
"POINT (-81.9800538 26.5083717)",81152,98127930,26.5083717,-81.9800538,3,,
"POINT (-81.9801913 26.5086756)",81153,98127941,26.5086756,-81.9801913,4,,
"POINT (-81.941884 26.519895)",81154,98127946,26.519895,-81.941884,4,traffic_signals,
"POINT (-81.945869 26.519828)",81155,98127954,26.519828,-81.945869,3,,
"POINT (-81.9460314 26.5198276)",81156,98127955,26.5198276,-81.9460314,3,,
"POINT (-81.947374 26.519803)",81157,98127958,26.519803,-81.947374,3,,
"POINT (-81.950191 26.519758)",81158,98127962,26.519758,-81.950191,3,,
"POINT (-81.951034 26.519744)",81159,98127964,26.519744,-81.951034,3,,
"POINT (-81.951981 26.519728)",81160,98127967,26.519728,-81.951981,4,,
"POINT (-81.953186 26.519712)",81161,98127969,26.519712,-81.953186,3,,
"POINT (-81.953381 26.519708)",81162,98127971,26.519708,-81.953381,3,,
"POINT (-81.953783 26.519703)",81163,98127973,26.519703,-81.953783,3,,
"POINT (-81.956184 26.519666)",81164,98127975,26.519666,-81.956184,3,,
"POINT (-81.959406 26.519616)",81165,98127979,26.519616,-81.959406,3,,
"POINT (-81.959538 26.519614)",81166,98127980,26.519614,-81.959538,3,,
"POINT (-81.961165 26.519589)",81167,98127981,26.519589,-81.961165,5,,
"POINT (-81.962616 26.51957)",81168,98127982,26.51957,-81.962616,3,,
"POINT (-81.964027 26.519457)",81169,98127986,26.519457,-81.964027,3,,
"POINT (-81.964077 26.516823)",81170,98127996,26.516823,-81.964077,4,,
"POINT (-81.964066 26.516062)",81171,98128000,26.516062,-81.964066,3,,
"POINT (-81.964982 26.515025)",81172,98128013,26.515025,-81.964982,3,,
"POINT (-81.966275 26.513814)",81173,98128017,26.513814,-81.966275,3,,
"POINT (-81.967229 26.512912)",81174,98128019,26.512912,-81.967229,3,,
"POINT (-81.96805 26.512144)",81175,98128021,26.512144,-81.96805,4,,
"POINT (-81.917773 26.434632)",81178,98128531,26.434632,-81.917773,3,,
"POINT (-81.9478574 26.4504722)",81179,98128726,26.4504722,-81.9478574,3,,
"POINT (-81.9478635 26.4511389)",81180,98128728,26.4511389,-81.9478635,3,,
"POINT (-81.9478653 26.4538144)",81181,98128739,26.4538144,-81.9478653,1,turning_loop,
"POINT (-81.945524 26.498333)",81185,98129267,26.498333,-81.945524,4,,
"POINT (-81.9466 26.495967)",81186,98129281,26.495967,-81.9466,3,,
"POINT (-81.96787 26.503)",81201,98130961,26.503,-81.96787,3,,
"POINT (-81.967153 26.503012)",81202,98130964,26.503012,-81.967153,1,,
"POINT (-81.959893 26.492163)",81217,98135690,26.492163,-81.959893,3,,
"POINT (-81.960261 26.492154)",81218,98135692,26.492154,-81.960261,3,,
"POINT (-81.960642 26.492146)",81219,98135694,26.492146,-81.960642,3,,
"POINT (-81.961026 26.492141)",81220,98135697,26.492141,-81.961026,3,,
"POINT (-81.961384 26.492134)",81221,98135699,26.492134,-81.961384,3,,
"POINT (-81.963239 26.4921)",81222,98135703,26.4921,-81.963239,4,,
"POINT (-81.963625 26.492095)",81223,98135705,26.492095,-81.963625,3,,
"POINT (-81.963989 26.492088)",81224,98135706,26.492088,-81.963989,3,,
"POINT (-81.96362 26.491983)",81225,98135713,26.491983,-81.96362,3,,
"POINT (-81.963237 26.491991)",81226,98135715,26.491991,-81.963237,4,,
"POINT (-81.962488 26.492024)",81227,98135720,26.492024,-81.962488,3,,
"POINT (-81.96212 26.492027)",81228,98135722,26.492027,-81.96212,3,,
"POINT (-81.961385 26.492035)",81229,98135725,26.492035,-81.961385,4,,
"POINT (-81.961022 26.492027)",81230,98135728,26.492027,-81.961022,3,,
"POINT (-81.96064 26.492036)",81231,98135729,26.492036,-81.96064,3,,
"POINT (-81.960257 26.492041)",81232,98135731,26.492041,-81.960257,3,,
"POINT (-81.959891 26.49205)",81233,98135733,26.49205,-81.959891,3,,
"POINT (-81.933542 26.444005)",81234,98135741,26.444005,-81.933542,3,,
"POINT (-81.931665 26.445648)",81235,98135754,26.445648,-81.931665,3,,
"POINT (-81.931502 26.445788)",81236,98135757,26.445788,-81.931502,3,,
"POINT (-81.92927 26.447651)",81237,98135766,26.447651,-81.92927,1,turning_circle,
"POINT (-81.95182 26.49163)",81239,98138283,26.49163,-81.95182,3,,
"POINT (-81.953419 26.491606)",81240,98138284,26.491606,-81.953419,3,,
"POINT (-81.932951 26.53143)",81260,98141197,26.53143,-81.932951,3,,
"POINT (-81.937844 26.5305328)",81261,98141217,26.5305328,-81.937844,3,,
"POINT (-81.9379499 26.5305299)",81262,98141219,26.5305299,-81.9379499,3,,
"POINT (-81.938005 26.530357)",81263,98141225,26.530357,-81.938005,3,,
"POINT (-81.9378433 26.5303113)",81264,98141231,26.5303113,-81.9378433,3,,
"POINT (-81.937765 26.5303893)",81265,98141237,26.5303893,-81.937765,3,,
"POINT (-81.936958 26.530043)",81266,98141259,26.530043,-81.936958,3,,
"POINT (-81.936413 26.529649)",81267,98141260,26.529649,-81.936413,4,,
"POINT (-81.934104 26.528156)",81268,98141273,26.528156,-81.934104,3,,
"POINT (-81.932721 26.529378)",81269,98141299,26.529378,-81.932721,3,,
"POINT (-81.932913 26.530951)",81270,98141321,26.530951,-81.932913,3,,
"POINT (-81.976044 26.502737)",81271,98142092,26.502737,-81.976044,3,,
"POINT (-81.95992 26.493538)",81272,98142421,26.493538,-81.95992,4,,
"POINT (-81.9508397 26.4518976)",81291,98143912,26.4518976,-81.9508397,1,,
"POINT (-81.936878 26.525328)",81292,98144053,26.525328,-81.936878,3,,
"POINT (-81.946897 26.504095)",81304,98145768,26.504095,-81.946897,3,,
"POINT (-81.946907 26.50455)",81305,98145770,26.50455,-81.946907,3,,
"POINT (-81.947467 26.516232)",81306,98147167,26.516232,-81.947467,3,,
"POINT (-81.94751 26.502635)",81311,98149060,26.502635,-81.94751,3,,
"POINT (-81.948044 26.490246)",81312,98149827,26.490246,-81.948044,3,,
"POINT (-81.973648 26.50058)",81313,98150526,26.50058,-81.973648,1,,
"POINT (-81.944928 26.504949)",81314,98150733,26.504949,-81.944928,3,,
"POINT (-81.918504 26.43662)",81315,98150818,26.43662,-81.918504,3,,
"POINT (-81.919334 26.437243)",81316,98150824,26.437243,-81.919334,1,,
"POINT (-81.941481 26.4482056)",81317,98151079,26.4482056,-81.941481,4,,
"POINT (-81.965042 26.497786)",81319,98152696,26.497786,-81.965042,3,,
"POINT (-81.963637 26.497795)",81320,98152705,26.497795,-81.963637,3,,
"POINT (-81.963081 26.497768)",81321,98152709,26.497768,-81.963081,3,,
"POINT (-81.960702 26.497782)",81322,98152717,26.497782,-81.960702,1,,
"POINT (-81.938057 26.446493)",81327,98152964,26.446493,-81.938057,3,,
"POINT (-81.937848 26.447942)",81328,98152978,26.447942,-81.937848,1,,
"POINT (-81.935272 26.52006)",81329,98153137,26.52006,-81.935272,4,,
"POINT (-81.9338976 26.5233792)",81330,98153187,26.5233792,-81.9338976,1,turning_loop,
"POINT (-81.9340538 26.5197625)",81331,98153197,26.5197625,-81.9340538,3,,
"POINT (-81.9342662 26.5199213)",81332,98153206,26.5199213,-81.9342662,3,,
"POINT (-81.934412 26.519959)",81333,98153212,26.519959,-81.934412,3,,
"POINT (-81.952639 26.520501)",81336,98153914,26.520501,-81.952639,3,,
"POINT (-81.952584 26.520231)",81337,98153918,26.520231,-81.952584,3,,
"POINT (-81.938559 26.50556)",81339,98154273,26.50556,-81.938559,1,,
"POINT (-81.961056 26.493527)",81354,98157024,26.493527,-81.961056,3,,
"POINT (-81.960997 26.49064)",81363,98157961,26.49064,-81.960997,3,,
"POINT (-81.980399 26.508601)",81364,98158427,26.508601,-81.980399,3,,
"POINT (-81.966233 26.518101)",81374,98159448,26.518101,-81.966233,3,,
"POINT (-81.979953 26.510263)",81388,98159870,26.510263,-81.979953,3,,
"POINT (-81.95942 26.503575)",81391,98160731,26.503575,-81.95942,3,,
"POINT (-81.9427731 26.4486705)",81393,98161355,26.4486705,-81.9427731,3,,
"POINT (-81.9427532 26.449827)",81394,98161357,26.449827,-81.9427532,2,,
"POINT (-81.926932 26.51751)",81400,98161737,26.51751,-81.926932,3,,
"POINT (-81.935055 26.493069)",81401,98161775,26.493069,-81.935055,3,,
"POINT (-81.934936 26.489534)",81402,98161778,26.489534,-81.934936,3,,
"POINT (-81.939909 26.487574)",81403,98161818,26.487574,-81.939909,3,,
"POINT (-81.9431025 26.487498)",81404,98161823,26.487498,-81.9431025,4,traffic_signals,
"POINT (-81.936134 26.524109)",81405,98161830,26.524109,-81.936134,5,traffic_signals,
"POINT (-81.935847 26.520081)",81406,98161843,26.520081,-81.935847,3,,
"POINT (-81.9340048 26.5199518)",81426,98164884,26.5199518,-81.9340048,3,,
"POINT (-81.933903 26.520023)",81427,98164892,26.520023,-81.933903,3,,
"POINT (-81.972085 26.496603)",81434,98168402,26.496603,-81.972085,3,,
"POINT (-81.97196 26.496482)",81435,98168404,26.496482,-81.97196,3,,
"POINT (-81.971282 26.495156)",81436,98168416,26.495156,-81.971282,3,,
"POINT (-81.959407 26.502583)",81437,98168597,26.502583,-81.959407,3,,
"POINT (-81.942259 26.496293)",81438,98169001,26.496293,-81.942259,3,,
"POINT (-81.942231 26.495523)",81439,98169008,26.495523,-81.942231,3,,
"POINT (-81.942507 26.498506)",81440,98169022,26.498506,-81.942507,3,,
"POINT (-81.942485 26.497768)",81441,98169024,26.497768,-81.942485,3,,
"POINT (-81.942443 26.496289)",81442,98169027,26.496289,-81.942443,3,,
"POINT (-81.936359 26.530923)",81446,98169263,26.530923,-81.936359,3,,
"POINT (-81.935663 26.531797)",81447,98169276,26.531797,-81.935663,3,,
"POINT (-81.935624 26.532068)",81448,98169281,26.532068,-81.935624,3,,
"POINT (-81.921399 26.438939)",81451,98170220,26.438939,-81.921399,1,,
"POINT (-81.953641 26.520321)",81452,98170786,26.520321,-81.953641,3,,
"POINT (-81.953601 26.520486)",81453,98170806,26.520486,-81.953601,3,,
"POINT (-81.9403864 26.5011762)",81454,98171364,26.5011762,-81.9403864,1,turning_loop,
"POINT (-81.943473 26.501134)",81455,98171392,26.501134,-81.943473,4,,
"POINT (-81.946692 26.519052)",81494,98173277,26.519052,-81.946692,3,,
"POINT (-81.946645 26.517129)",81495,98173279,26.517129,-81.946645,3,,
"POINT (-81.946516 26.515857)",81496,98173287,26.515857,-81.946516,4,,
"POINT (-81.933871 26.525652)",81525,98174424,26.525652,-81.933871,3,,
"POINT (-81.933973 26.52557)",81526,98174427,26.52557,-81.933973,3,,
"POINT (-81.930796 26.505651)",81527,98174909,26.505651,-81.930796,3,,
"POINT (-81.930724 26.504878)",81528,98174922,26.504878,-81.930724,3,,
"POINT (-81.935844 26.505557)",81569,98177647,26.505557,-81.935844,1,,
"POINT (-81.935588 26.4450445)",81570,98177750,26.4450445,-81.935588,3,traffic_signals,
"POINT (-81.935275 26.446194)",81571,98177752,26.446194,-81.935275,3,,
"POINT (-81.935052 26.447082)",81572,98177756,26.447082,-81.935052,3,,
"POINT (-81.929962 26.448315)",81573,98177790,26.448315,-81.929962,1,turning_circle,
"POINT (-81.918205 26.436959)",81574,98178525,26.436959,-81.918205,3,,
"POINT (-81.919013 26.437573)",81575,98178533,26.437573,-81.919013,1,,
"POINT (-81.9291616 26.4415564)",81576,98178963,26.4415564,-81.9291616,3,,
"POINT (-81.926485 26.443995)",81577,98178977,26.443995,-81.926485,1,turning_circle,
"POINT (-81.970688 26.515773)",81581,98179752,26.515773,-81.970688,3,,
"POINT (-81.9710777 26.5169955)",81582,98179754,26.5169955,-81.9710777,1,,
"POINT (-81.952807 26.515004)",81586,98182463,26.515004,-81.952807,3,,
"POINT (-81.955401 26.514978)",81587,98182469,26.514978,-81.955401,3,,
"POINT (-81.948088 26.522113)",81588,98183369,26.522113,-81.948088,3,,
"POINT (-81.950857 26.522937)",81589,98183395,26.522937,-81.950857,3,,
"POINT (-81.952715 26.4617653)",81590,98183641,26.4617653,-81.952715,3,,
"POINT (-81.9534782 26.4586097)",81591,98183654,26.4586097,-81.9534782,3,,
"POINT (-81.9532476 26.4585642)",81592,98183668,26.4585642,-81.9532476,4,,
"POINT (-81.952557 26.458429)",81593,98183670,26.458429,-81.952557,1,,
"POINT (-81.9518041 26.4615689)",81594,98183672,26.4615689,-81.9518041,3,,
"POINT (-81.946874 26.503212)",81599,98184011,26.503212,-81.946874,3,,
"POINT (-81.964131 26.519562)",81600,98184080,26.519562,-81.964131,3,,
"POINT (-81.964476 26.520428)",81601,98184084,26.520428,-81.964476,3,,
"POINT (-81.964827 26.521322)",81602,98184087,26.521322,-81.964827,3,,
"POINT (-81.937109 26.503652)",81603,98184515,26.503652,-81.937109,3,,
"POINT (-81.949596 26.488691)",81611,98185498,26.488691,-81.949596,4,,
"POINT (-81.950172 26.488684)",81612,98185503,26.488684,-81.950172,3,,
"POINT (-81.961447 26.503905)",81613,98186353,26.503905,-81.961447,3,,
"POINT (-81.9405957 26.4489914)",81615,98186972,26.4489914,-81.9405957,3,,
"POINT (-81.94862 26.460841)",81616,98186975,26.460841,-81.94862,3,,
"POINT (-81.9486205 26.4641829)",81617,98186982,26.4641829,-81.9486205,1,,
"POINT (-81.948541 26.460825)",81618,98186987,26.460825,-81.948541,3,,
"POINT (-81.9406701 26.4490917)",81619,98186990,26.4490917,-81.9406701,3,,
"POINT (-81.946935 26.490209)",81620,98187377,26.490209,-81.946935,3,,
"POINT (-81.94479 26.5071215)",81634,98188713,26.5071215,-81.94479,3,,
"POINT (-81.97131 26.497092)",81635,98189005,26.497092,-81.97131,3,,
"POINT (-81.971812 26.498114)",81636,98189023,26.498114,-81.971812,3,,
"POINT (-81.971844 26.499374)",81637,98189030,26.499374,-81.971844,3,,
"POINT (-81.966543 26.515027)",81638,98189334,26.515027,-81.966543,4,,
"POINT (-81.966596 26.516721)",81639,98189340,26.516721,-81.966596,3,,
"POINT (-81.949418 26.48569)",81643,98189710,26.48569,-81.949418,4,,
"POINT (-81.949399 26.484895)",81644,98189713,26.484895,-81.949399,4,,
"POINT (-81.949385 26.484084)",81645,98189715,26.484084,-81.949385,4,,
"POINT (-81.9508671 26.5207666)",81652,98192696,26.5207666,-81.9508671,3,,
"POINT (-81.94585 26.519068)",81653,98192980,26.519068,-81.94585,3,,
"POINT (-81.9714156 26.5061842)",81657,98193093,26.5061842,-81.9714156,3,,
"POINT (-81.9704838 26.5053107)",81658,98193106,26.5053107,-81.9704838,3,,
"POINT (-81.9677423 26.4952252)",81659,98193536,26.4952252,-81.9677423,3,,
"POINT (-81.96773 26.494358)",81660,98193539,26.494358,-81.96773,3,,
"POINT (-81.967757 26.493708)",81661,98193543,26.493708,-81.967757,4,traffic_signals,
"POINT (-81.968277 26.515818)",81662,98193547,26.515818,-81.968277,3,,
"POINT (-81.968112 26.515611)",81663,98193553,26.515611,-81.968112,3,,
"POINT (-81.968104 26.515004)",81664,98193555,26.515004,-81.968104,3,,
"POINT (-81.968031 26.511285)",81665,98193560,26.511285,-81.968031,3,,
"POINT (-81.968022 26.510678)",81666,98193563,26.510678,-81.968022,3,,
"POINT (-81.968016 26.510285)",81667,98193564,26.510285,-81.968016,3,,
"POINT (-81.96796 26.507294)",81668,98193568,26.507294,-81.96796,4,,
"POINT (-81.967895 26.504415)",81669,98193574,26.504415,-81.967895,3,,
"POINT (-81.967875 26.503329)",81670,98193576,26.503329,-81.967875,3,,
"POINT (-81.967859 26.502506)",81671,98193585,26.502506,-81.967859,3,,
"POINT (-81.967848 26.501993)",81672,98193587,26.501993,-81.967848,3,,
"POINT (-81.967837 26.501514)",81673,98193588,26.501514,-81.967837,3,,
"POINT (-81.967819 26.499772)",81674,98193592,26.499772,-81.967819,4,traffic_signals,
"POINT (-81.967765 26.493533)",81675,98193596,26.493533,-81.967765,4,traffic_signals,
"POINT (-81.967736 26.491123)",81676,98193600,26.491123,-81.967736,3,,
"POINT (-81.967361 26.476267)",81677,98193619,26.476267,-81.967361,1,turning_circle,
"POINT (-81.9296682 26.5182929)",81681,98194842,26.5182929,-81.9296682,3,,
"POINT (-81.929658 26.51747)",81682,98194848,26.51747,-81.929658,4,,
"POINT (-81.929637 26.516601)",81683,98194851,26.516601,-81.929637,4,,
"POINT (-81.929622 26.515706)",81684,98194856,26.515706,-81.929622,3,,
"POINT (-81.929627 26.514407)",81685,98194860,26.514407,-81.929627,4,,
"POINT (-81.929581 26.51322)",81686,98194867,26.51322,-81.929581,3,,
"POINT (-81.934725 26.50896)",81687,98194920,26.50896,-81.934725,3,,
"POINT (-81.953736 26.517588)",81688,98195156,26.517588,-81.953736,3,,
"POINT (-81.953211 26.516382)",81689,98195164,26.516382,-81.953211,3,,
"POINT (-81.951914 26.516409)",81690,98195166,26.516409,-81.951914,3,,
"POINT (-81.938577 26.48815)",81691,98195464,26.48815,-81.938577,3,,
"POINT (-81.937743 26.49104)",81694,98195718,26.49104,-81.937743,3,,
"POINT (-81.9427475 26.4899184)",81695,98195723,26.4899184,-81.9427475,3,,
"POINT (-81.935545 26.489781)",81696,98196734,26.489781,-81.935545,3,,
"POINT (-81.958969 26.513686)",81704,98197056,26.513686,-81.958969,3,,
"POINT (-81.962589 26.513632)",81705,98197117,26.513632,-81.962589,3,,
"POINT (-81.951857 26.51322)",81706,98198310,26.51322,-81.951857,4,,
"POINT (-81.955364 26.513178)",81707,98198314,26.513178,-81.955364,3,,
"POINT (-81.93981 26.496247)",81722,98200436,26.496247,-81.93981,3,,
"POINT (-81.953893 26.491038)",81723,98200677,26.491038,-81.953893,3,,
"POINT (-81.953903 26.491395)",81724,98200679,26.491395,-81.953903,3,,
"POINT (-81.953911 26.491752)",81725,98200681,26.491752,-81.953911,3,,
"POINT (-81.953919 26.492109)",81726,98200683,26.492109,-81.953919,3,,
"POINT (-81.953927 26.49247)",81727,98200685,26.49247,-81.953927,4,,
"POINT (-81.95394 26.493182)",81728,98200687,26.493182,-81.95394,3,,
"POINT (-81.939734 26.52814)",81729,98200768,26.52814,-81.939734,3,,
"POINT (-81.941247 26.529014)",81730,98200784,26.529014,-81.941247,3,,
"POINT (-81.942224 26.53002)",81731,98200794,26.53002,-81.942224,3,,
"POINT (-81.95328 26.52286)",81739,98202255,26.52286,-81.95328,3,,
"POINT (-81.952606 26.521637)",81740,98202277,26.521637,-81.952606,4,,
"POINT (-81.9395387 26.4485582)",81749,98203461,26.4485582,-81.9395387,4,,
"POINT (-81.9384923 26.448187)",81750,98203467,26.448187,-81.9384923,3,,
"POINT (-81.9764097 26.5015464)",81751,98204531,26.5015464,-81.9764097,4,turning_loop,
"POINT (-81.938961 26.485694)",81754,98205102,26.485694,-81.938961,3,,
"POINT (-81.93707 26.480473)",81755,98205140,26.480473,-81.93707,1,turning_loop,
"POINT (-81.965432 26.490565)",81758,98206458,26.490565,-81.965432,3,,
"POINT (-81.943406 26.4985)",81760,98206847,26.4985,-81.943406,4,,
"POINT (-81.97747 26.507455)",81761,98207526,26.507455,-81.97747,4,,
"POINT (-81.97612 26.506984)",81762,98207535,26.506984,-81.97612,1,,
"POINT (-81.942689 26.521282)",81777,98208372,26.521282,-81.942689,3,,
"POINT (-81.942637 26.521142)",81778,98208374,26.521142,-81.942637,3,,
"POINT (-81.942257 26.521014)",81779,98208379,26.521014,-81.942257,1,,
"POINT (-81.9476226 26.5264619)",81780,98208472,26.5264619,-81.9476226,3,,
"POINT (-81.947555 26.526989)",81781,98208483,26.526989,-81.947555,3,,
"POINT (-81.950232 26.524667)",81782,98209230,26.524667,-81.950232,3,,
"POINT (-81.950194 26.523631)",81783,98209266,26.523631,-81.950194,3,,
"POINT (-81.950257 26.5251695)",81784,98209285,26.5251695,-81.950257,3,,
"POINT (-81.923426 26.531077)",81785,98209717,26.531077,-81.923426,1,,
"POINT (-81.981797 26.511864)",81796,98212309,26.511864,-81.981797,3,,
"POINT (-81.9626092 26.5100768)",81797,98212429,26.5100768,-81.9626092,3,,
"POINT (-81.961837 26.510408)",81798,98212449,26.510408,-81.961837,3,,
"POINT (-81.949123 26.49063)",81799,98212506,26.49063,-81.949123,3,,
"POINT (-81.950256 26.490692)",81801,98212685,26.490692,-81.950256,3,,
"POINT (-81.950207 26.490693)",81802,98212686,26.490693,-81.950207,3,,
"POINT (-81.949645 26.490712)",81803,98212689,26.490712,-81.949645,4,,
"POINT (-81.948851 26.490631)",81804,98212694,26.490631,-81.948851,3,,
"POINT (-81.948719 26.490629)",81805,98212697,26.490629,-81.948719,3,,
"POINT (-81.94832 26.490616)",81806,98212700,26.490616,-81.94832,3,,
"POINT (-81.947613 26.490583)",81807,98212703,26.490583,-81.947613,4,,
"POINT (-81.946482 26.49053)",81808,98212705,26.49053,-81.946482,3,,
"POINT (-81.945425 26.490492)",81809,98212709,26.490492,-81.945425,1,,
"POINT (-81.94878 26.493502)",81810,98212847,26.493502,-81.94878,3,,
"POINT (-81.9684812 26.518345)",81815,98214177,26.518345,-81.9684812,3,,
"POINT (-81.9538527 26.458695)",81816,98214611,26.458695,-81.9538527,3,,
"POINT (-81.953846 26.462011)",81817,98214634,26.462011,-81.953846,3,,
"POINT (-81.954097 26.463951)",81818,98214651,26.463951,-81.954097,3,,
"POINT (-81.9540941 26.4640677)",81819,98214653,26.4640677,-81.9540941,3,,
"POINT (-81.9543582 26.4643361)",81820,98214660,26.4643361,-81.9543582,3,,
"POINT (-81.953603 26.464407)",81821,98214700,26.464407,-81.953603,3,,
"POINT (-81.945706 26.504115)",81826,98215094,26.504115,-81.945706,3,,
"POINT (-81.945712 26.504569)",81827,98215098,26.504569,-81.945712,3,,
"POINT (-81.941097 26.522989)",81838,98215718,26.522989,-81.941097,3,,
"POINT (-81.931938 26.529229)",81841,98215994,26.529229,-81.931938,3,,
"POINT (-81.976428 26.498812)",81842,98216794,26.498812,-81.976428,3,,
"POINT (-81.955974 26.508878)",81843,98217368,26.508878,-81.955974,4,traffic_signals,
"POINT (-81.953226 26.508759)",81844,98217381,26.508759,-81.953226,4,,
"POINT (-81.952772 26.508771)",81845,98217383,26.508771,-81.952772,3,,
"POINT (-81.952135 26.508783)",81846,98217384,26.508783,-81.952135,3,,
"POINT (-81.951259 26.508804)",81847,98217389,26.508804,-81.951259,3,,
"POINT (-81.948221 26.508854)",81848,98217393,26.508854,-81.948221,3,,
"POINT (-81.947627 26.508861)",81849,98217396,26.508861,-81.947627,3,,
"POINT (-81.943675 26.5089147)",81850,98217399,26.5089147,-81.943675,5,traffic_signals,
"POINT (-81.943038 26.508916)",81851,98217401,26.508916,-81.943038,3,,
"POINT (-81.942153 26.508858)",81852,98217408,26.508858,-81.942153,3,,
"POINT (-81.940154 26.508894)",81853,98217409,26.508894,-81.940154,3,,
"POINT (-81.964269 26.500672)",81856,98218438,26.500672,-81.964269,3,,
"POINT (-81.96509 26.500078)",81857,98218445,26.500078,-81.96509,3,,
"POINT (-81.951525 26.495174)",81858,98219757,26.495174,-81.951525,3,,
"POINT (-81.950972 26.495205)",81859,98219762,26.495205,-81.950972,3,,
"POINT (-81.950125 26.495244)",81860,98219769,26.495244,-81.950125,3,,
"POINT (-81.946328 26.498318)",81861,98219846,26.498318,-81.946328,3,,
"POINT (-81.946337 26.49843)",81862,98219849,26.49843,-81.946337,3,,
"POINT (-81.946455 26.498821)",81863,98219853,26.498821,-81.946455,3,,
"POINT (-81.946524 26.500017)",81864,98219868,26.500017,-81.946524,3,,
"POINT (-81.948112 26.500629)",81865,98219899,26.500629,-81.948112,3,,
"POINT (-81.949845 26.500686)",81866,98219919,26.500686,-81.949845,3,,
"POINT (-81.950158 26.499261)",81867,98219941,26.499261,-81.950158,3,,
"POINT (-81.950186 26.498394)",81868,98219951,26.498394,-81.950186,4,,
"POINT (-81.960729 26.501049)",81871,98219997,26.501049,-81.960729,3,,
"POINT (-81.962553 26.501015)",81872,98220000,26.501015,-81.962553,3,,
"POINT (-81.963134 26.501005)",81873,98220002,26.501005,-81.963134,3,,
"POINT (-81.963656 26.50101)",81874,98220006,26.50101,-81.963656,3,,
"POINT (-81.964277 26.501041)",81875,98220011,26.501041,-81.964277,3,,
"POINT (-81.967009 26.499216)",81876,98220023,26.499216,-81.967009,3,,
"POINT (-81.951877 26.514412)",81878,98220062,26.514412,-81.951877,4,,
"POINT (-81.952795 26.5144)",81879,98220064,26.5144,-81.952795,3,,
"POINT (-81.955386 26.514363)",81880,98220068,26.514363,-81.955386,3,,
"POINT (-81.92758 26.515823)",81883,98220527,26.515823,-81.92758,1,,
"POINT (-81.92552 26.51586)",81884,98220538,26.51586,-81.92552,3,,
"POINT (-81.940369 26.503602)",81887,98221661,26.503602,-81.940369,3,,
"POINT (-81.943772 26.526529)",81888,98221674,26.526529,-81.943772,3,,
"POINT (-81.9437523 26.5260782)",81889,98221678,26.5260782,-81.9437523,3,,
"POINT (-81.959955 26.502704)",81895,98223121,26.502704,-81.959955,1,,
"POINT (-81.964334 26.50245)",81896,98223154,26.50245,-81.964334,3,,
"POINT (-81.9231208 26.4373857)",81900,98223874,26.4373857,-81.9231208,1,,
"POINT (-81.9410339 26.5127598)",81901,98225591,26.5127598,-81.9410339,4,,
"POINT (-81.940925 26.503597)",81912,98226731,26.503597,-81.940925,3,,
"POINT (-81.946038 26.520471)",81915,98227578,26.520471,-81.946038,3,,
"POINT (-81.946049 26.521016)",81916,98227580,26.521016,-81.946049,3,,
"POINT (-81.949179 26.522659)",81917,98227618,26.522659,-81.949179,3,,
"POINT (-81.949684 26.522828)",81918,98227621,26.522828,-81.949684,3,,
"POINT (-81.950027 26.522921)",81919,98227625,26.522921,-81.950027,3,,
"POINT (-81.951292 26.522932)",81920,98227633,26.522932,-81.951292,3,,
"POINT (-81.952865 26.523626)",81921,98227666,26.523626,-81.952865,3,,
"POINT (-81.966422 26.490867)",81922,98227773,26.490867,-81.966422,3,,
"POINT (-81.948465 26.490259)",81923,98227898,26.490259,-81.948465,2,,
"POINT (-81.966331 26.511305)",81929,98228602,26.511305,-81.966331,3,,
"POINT (-81.9462836 26.5163377)",81930,98228637,26.5163377,-81.9462836,3,,
"POINT (-81.9439722 26.518135)",81931,98228648,26.518135,-81.9439722,3,,
"POINT (-81.9436373 26.5179794)",81932,98228652,26.5179794,-81.9436373,4,,
"POINT (-81.9395 26.458111)",81933,98228892,26.458111,-81.9395,3,,
"POINT (-81.939499 26.458898)",81934,98228894,26.458898,-81.939499,1,,
"POINT (-81.948134 26.501469)",81935,98229834,26.501469,-81.948134,3,,
"POINT (-81.950933 26.498529)",81938,98230711,26.498529,-81.950933,3,,
"POINT (-81.95326 26.518793)",81940,98231024,26.518793,-81.95326,3,,
"POINT (-81.95324 26.517593)",81941,98231038,26.517593,-81.95324,4,,
"POINT (-81.963632 26.499217)",81944,98232387,26.499217,-81.963632,4,,
"POINT (-81.96112 26.51915)",81947,98232639,26.51915,-81.96112,3,,
"POINT (-81.9609579 26.5177487)",81948,98232659,26.5177487,-81.9609579,2,,
"POINT (-81.9609372 26.5175813)",81949,98232663,26.5175813,-81.9609372,2,,
"POINT (-81.9609361 26.5174525)",81950,98232675,26.5174525,-81.9609361,4,,
"POINT (-81.960703 26.51594)",81951,98232699,26.51594,-81.960703,4,,
"POINT (-81.962081 26.5158565)",81952,98232731,26.5158565,-81.962081,4,,
"POINT (-81.9625 26.5164)",81953,98232743,26.5164,-81.9625,3,,
"POINT (-81.963221 26.516725)",81954,98232762,26.516725,-81.963221,4,,
"POINT (-81.963456 26.516727)",81955,98232767,26.516727,-81.963456,3,,
"POINT (-81.9631804 26.5172144)",81956,98232794,26.5172144,-81.9631804,2,,
"POINT (-81.9630764 26.5174059)",81957,98232800,26.5174059,-81.9630764,2,,
"POINT (-81.96122 26.519197)",81958,98232811,26.519197,-81.96122,3,,
"POINT (-81.951639 26.512219)",81960,98234816,26.512219,-81.951639,3,,
"POINT (-81.951843 26.512629)",81961,98234826,26.512629,-81.951843,3,,
"POINT (-81.951866 26.513813)",81962,98234829,26.513813,-81.951866,3,,
"POINT (-81.951898 26.515624)",81963,98234835,26.515624,-81.951898,3,,
"POINT (-81.951484 26.493718)",81968,98235687,26.493718,-81.951484,3,,
"POINT (-81.951574 26.493648)",81969,98235688,26.493648,-81.951574,3,,
"POINT (-81.95233 26.493436)",81970,98235702,26.493436,-81.95233,3,,
"POINT (-81.952559 26.493161)",81971,98235706,26.493161,-81.952559,3,,
"POINT (-81.952616 26.492773)",81972,98235722,26.492773,-81.952616,3,,
"POINT (-81.952517 26.492396)",81973,98235732,26.492396,-81.952517,3,,
"POINT (-81.952207 26.492012)",81974,98235747,26.492012,-81.952207,3,,
"POINT (-81.951806 26.490866)",81975,98235759,26.490866,-81.951806,3,,
"POINT (-81.95168 26.465456)",81986,98238389,26.465456,-81.95168,3,,
"POINT (-81.974573 26.508804)",81987,98238410,26.508804,-81.974573,4,,
"POINT (-81.97544 26.510896)",81988,98238444,26.510896,-81.97544,3,,
"POINT (-81.938763 26.503629)",82004,98241343,26.503629,-81.938763,3,,
"POINT (-81.9409995 26.530838)",82006,98241992,26.530838,-81.9409995,3,,
"POINT (-81.941482 26.530491)",82007,98241999,26.530491,-81.941482,4,,
"POINT (-81.944202 26.529211)",82008,98242015,26.529211,-81.944202,3,,
"POINT (-81.947941 26.526963)",82009,98242035,26.526963,-81.947941,3,,
"POINT (-81.9381139 26.5254703)",82010,98242426,26.5254703,-81.9381139,3,,
"POINT (-81.93718 26.52621)",82011,98242496,26.52621,-81.93718,3,,
"POINT (-81.938317 26.529369)",82012,98242539,26.529369,-81.938317,3,,
"POINT (-81.937713 26.527647)",82013,98242591,26.527647,-81.937713,3,,
"POINT (-81.962199 26.458371)",82018,98244307,26.458371,-81.962199,3,,
"POINT (-81.96114 26.457317)",82019,98244343,26.457317,-81.96114,3,,
"POINT (-81.930113 26.530294)",82020,98244358,26.530294,-81.930113,1,turning_circle,
"POINT (-81.946501 26.504102)",82030,98245386,26.504102,-81.946501,3,,
"POINT (-81.946507 26.504558)",82031,98245388,26.504558,-81.946507,3,,
"POINT (-81.952809 26.51561)",82035,98246241,26.51561,-81.952809,3,,
"POINT (-81.946083 26.524249)",82036,98246246,26.524249,-81.946083,3,,
"POINT (-81.945875 26.524373)",82037,98246251,26.524373,-81.945875,3,,
"POINT (-81.944713 26.524325)",82038,98246288,26.524325,-81.944713,3,,
"POINT (-81.944433 26.524276)",82039,98246295,26.524276,-81.944433,3,,
"POINT (-81.947461 26.493524)",82040,98246651,26.493524,-81.947461,3,,
"POINT (-81.968298 26.491109)",82051,98248202,26.491109,-81.968298,3,,
"POINT (-81.962462 26.490614)",82059,98251296,26.490614,-81.962462,3,,
"POINT (-81.9421752 26.4484546)",82075,98254936,26.4484546,-81.9421752,4,,
"POINT (-81.94215 26.453273)",82076,98254965,26.453273,-81.94215,1,,
"POINT (-81.963656 26.493448)",82079,98255527,26.493448,-81.963656,3,,
"POINT (-81.9567758 26.4570124)",82081,98256726,26.4570124,-81.9567758,3,,
"POINT (-81.963591 26.490596)",82086,98257027,26.490596,-81.963591,3,,
"POINT (-81.974315 26.4993262)",82097,98262584,26.4993262,-81.974315,3,,
"POINT (-81.975188 26.499332)",82098,98262596,26.499332,-81.975188,3,,
"POINT (-81.965072 26.49919)",82099,98262602,26.49919,-81.965072,4,,
"POINT (-81.9683538 26.5110357)",82100,98263134,26.5110357,-81.9683538,1,turning_loop,
"POINT (-81.968711 26.5107706)",82101,98263139,26.5107706,-81.968711,3,,
"POINT (-81.9704838 26.5091241)",82102,98263161,26.5091241,-81.9704838,3,,
"POINT (-81.9714276 26.507688)",82103,98263189,26.507688,-81.9714276,3,,
"POINT (-81.9685596 26.5069446)",82104,98263249,26.5069446,-81.9685596,3,,
"POINT (-81.9685265 26.5072932)",82105,98263252,26.5072932,-81.9685265,3,,
"POINT (-81.9695168 26.5077196)",82106,98263266,26.5077196,-81.9695168,3,,
"POINT (-81.948049 26.484107)",82107,98263329,26.484107,-81.948049,3,,
"POINT (-81.951025 26.484069)",82108,98263332,26.484069,-81.951025,3,,
"POINT (-81.939888 26.484946)",82117,98265237,26.484946,-81.939888,4,,
"POINT (-81.9423123 26.4849099)",82118,98265241,26.4849099,-81.9423123,1,turning_loop,
"POINT (-81.958309 26.455041)",82127,98266913,26.455041,-81.958309,3,,
"POINT (-81.9573143 26.4544372)",82128,98266970,26.4544372,-81.9573143,3,,
"POINT (-81.9449283 26.4494322)",82131,98268180,26.4494322,-81.9449283,3,,
"POINT (-81.9448789 26.4536577)",82132,98268198,26.4536577,-81.9448789,1,,
"POINT (-81.949142 26.5227846)",82133,98268304,26.5227846,-81.949142,1,,
"POINT (-81.967135 26.502009)",82137,98269689,26.502009,-81.967135,1,,
"POINT (-81.949262 26.514051)",82138,98270358,26.514051,-81.949262,4,,
"POINT (-81.9507744 26.5154375)",82139,98270416,26.5154375,-81.9507744,1,turning_loop,
"POINT (-81.9499315 26.5154496)",82140,98270423,26.5154496,-81.9499315,1,turning_loop,
"POINT (-81.951135 26.479232)",82142,98271213,26.479232,-81.951135,3,,
"POINT (-81.95529 26.479135)",82143,98271238,26.479135,-81.95529,3,,
"POINT (-81.957048 26.47917)",82144,98271272,26.47917,-81.957048,3,,
"POINT (-81.956155 26.47922)",82145,98271278,26.47922,-81.956155,3,,
"POINT (-81.954754 26.479016)",82146,98271312,26.479016,-81.954754,4,,
"POINT (-81.951162 26.479134)",82147,98271330,26.479134,-81.951162,3,,
"POINT (-81.9553652 26.4534086)",82148,98271969,26.4534086,-81.9553652,4,,
"POINT (-81.9560423 26.4536495)",82149,98271979,26.4536495,-81.9560423,4,stop,
"POINT (-81.966037 26.462476)",82150,98272051,26.462476,-81.966037,3,,
"POINT (-81.9547907 26.4527235)",82151,98272631,26.4527235,-81.9547907,3,,
"POINT (-81.9537883 26.4524082)",82152,98272641,26.4524082,-81.9537883,3,,
"POINT (-81.9527128 26.452061)",82153,98272648,26.452061,-81.9527128,3,,
"POINT (-81.9521419 26.4518767)",82154,98272651,26.4518767,-81.9521419,3,,
"POINT (-81.9506631 26.4513992)",82155,98272654,26.4513992,-81.9506631,3,,
"POINT (-81.9499006 26.451153)",82156,98272657,26.451153,-81.9499006,3,,
"POINT (-81.9496338 26.4510669)",82157,98272664,26.4510669,-81.9496338,3,,
"POINT (-81.9491218 26.4509016)",82158,98272667,26.4509016,-81.9491218,3,,
"POINT (-81.9461605 26.4498697)",82159,98272680,26.4498697,-81.9461605,3,,
"POINT (-81.9455134 26.4496399)",82160,98272687,26.4496399,-81.9455134,4,,
"POINT (-81.9441787 26.449166)",82161,98272692,26.449166,-81.9441787,3,,
"POINT (-81.9440127 26.4491071)",82162,98272694,26.4491071,-81.9440127,3,,
"POINT (-81.9399625 26.4476689)",82163,98272698,26.4476689,-81.9399625,3,,
"POINT (-81.9393989 26.4474688)",82164,98272699,26.4474688,-81.9393989,3,,
"POINT (-81.937621 26.446085)",82165,98272728,26.446085,-81.937621,3,,
"POINT (-81.9348395 26.4446642)",82166,98272741,26.4446642,-81.9348395,3,,
"POINT (-81.9341549 26.4443164)",82167,98272744,26.4443164,-81.9341549,3,,
"POINT (-81.9328224 26.4436027)",82168,98272745,26.4436027,-81.9328224,3,,
"POINT (-81.9316135 26.4429294)",82169,98272746,26.4429294,-81.9316135,3,,
"POINT (-81.9310314 26.4426202)",82170,98272749,26.4426202,-81.9310314,4,,
"POINT (-81.9299579 26.4420016)",82171,98272750,26.4420016,-81.9299579,3,,
"POINT (-81.927989 26.440901)",82172,98272752,26.440901,-81.927989,3,,
"POINT (-81.9273263 26.4405251)",82173,98272754,26.4405251,-81.9273263,3,,
"POINT (-81.9253799 26.4394211)",82174,98272759,26.4394211,-81.9253799,4,,
"POINT (-81.9496485 26.527967)",82175,98273135,26.527967,-81.9496485,1,,
"POINT (-81.937984 26.505572)",82181,98274449,26.505572,-81.937984,1,,
"POINT (-81.953455 26.493529)",82183,98275411,26.493529,-81.953455,3,,
"POINT (-81.9439109 26.5159004)",82184,98276291,26.5159004,-81.9439109,4,traffic_signals,
"POINT (-81.978008 26.493274)",82189,98276406,26.493274,-81.978008,3,traffic_signals,
"POINT (-81.978046 26.493447)",82190,98276415,26.493447,-81.978046,4,traffic_signals,
"POINT (-81.928885 26.530309)",82194,98276554,26.530309,-81.928885,4,,
"POINT (-81.9433884 26.5181404)",82195,98276576,26.5181404,-81.9433884,4,,
"POINT (-81.9437611 26.5160435)",82196,98276589,26.5160435,-81.9437611,4,traffic_signals,
"POINT (-81.9439159 26.516039)",82197,98276595,26.516039,-81.9439159,4,traffic_signals,
"POINT (-81.943122 26.518846)",82198,98276611,26.518846,-81.943122,3,,
"POINT (-81.929017 26.530435)",82199,98276631,26.530435,-81.929017,3,,
"POINT (-81.9461606 26.5159196)",82200,98276697,26.5159196,-81.9461606,3,,
"POINT (-81.953836 26.510528)",82201,98276717,26.510528,-81.953836,3,,
"POINT (-81.964095 26.502636)",82202,98276726,26.502636,-81.964095,3,,
"POINT (-81.964906 26.502011)",82203,98276727,26.502011,-81.964906,3,,
"POINT (-81.965583 26.501494)",82204,98276728,26.501494,-81.965583,3,,
"POINT (-81.965923 26.501231)",82205,98276730,26.501231,-81.965923,3,,
"POINT (-81.968685 26.499106)",82206,98276731,26.499106,-81.968685,3,,
"POINT (-81.970035 26.498067)",82207,98276732,26.498067,-81.970035,3,,
"POINT (-81.9751491 26.4951932)",82208,98276737,26.4951932,-81.9751491,3,,
"POINT (-81.945116 26.487264)",82210,98276963,26.487264,-81.945116,3,,
"POINT (-81.945354 26.486607)",82211,98276978,26.486607,-81.945354,3,,
"POINT (-81.94532 26.48528)",82212,98276983,26.48528,-81.94532,3,,
"POINT (-81.945563 26.484863)",82213,98276993,26.484863,-81.945563,3,,
"POINT (-81.943145 26.488963)",82214,98277001,26.488963,-81.943145,3,,
"POINT (-81.943572 26.488955)",82215,98277004,26.488955,-81.943572,3,,
"POINT (-81.958771 26.493468)",82216,98277374,26.493468,-81.958771,3,,
"POINT (-81.9596057 26.4935435)",82217,98277391,26.4935435,-81.9596057,3,,
"POINT (-81.946974 26.480363)",82219,98278091,26.480363,-81.946974,3,,
"POINT (-81.9469887 26.4809506)",82220,98278093,26.4809506,-81.9469887,1,turning_loop,
"POINT (-81.9585477 26.5106239)",82221,98279123,26.5106239,-81.9585477,3,,
"POINT (-81.959091 26.511469)",82222,98279133,26.511469,-81.959091,4,,
"POINT (-81.9592172 26.5117354)",82223,98279141,26.5117354,-81.9592172,3,,
"POINT (-81.94966 26.4529842)",82224,98280095,26.4529842,-81.94966,3,,
"POINT (-81.9492659 26.4542551)",82225,98280274,26.4542551,-81.9492659,3,,
"POINT (-81.9490024 26.4541689)",82226,98280276,26.4541689,-81.9490024,1,,
"POINT (-81.9495214 26.4597937)",82227,98280281,26.4597937,-81.9495214,1,,
"POINT (-81.9366794 26.4837284)",82233,98281272,26.4837284,-81.9366794,1,turning_loop,
"POINT (-81.936901 26.50587)",82241,98282621,26.50587,-81.936901,1,,
"POINT (-81.933191 26.44608)",82242,98282945,26.44608,-81.933191,3,,
"POINT (-81.930204 26.505055)",82243,98283109,26.505055,-81.930204,3,,
"POINT (-81.965441 26.503367)",82246,98286799,26.503367,-81.965441,3,,
"POINT (-81.965448 26.504501)",82247,98286800,26.504501,-81.965448,1,,
"POINT (-81.938647 26.517076)",82248,98287098,26.517076,-81.938647,4,,
"POINT (-81.9265999 26.5183352)",82249,98287440,26.5183352,-81.9265999,4,,
"POINT (-81.9292638 26.5182996)",82250,98287442,26.5182996,-81.9292638,3,,
"POINT (-81.9339097 26.5182233)",82251,98287445,26.5182233,-81.9339097,3,,
"POINT (-81.940835 26.516078)",82252,98287503,26.516078,-81.940835,3,,
"POINT (-81.938745 26.51717)",82253,98287543,26.51717,-81.938745,4,,
"POINT (-81.9367505 26.518188)",82254,98287563,26.518188,-81.9367505,3,,
"POINT (-81.940882 26.458097)",82255,98289577,26.458097,-81.940882,4,,
"POINT (-81.9425759 26.458083)",82256,98289583,26.458083,-81.9425759,3,,
"POINT (-81.9426302 26.458043)",82257,98289591,26.458043,-81.9426302,3,,
"POINT (-81.94723 26.487385)",82259,98290618,26.487385,-81.94723,3,,
"POINT (-81.98012 26.50972)",82262,98291356,26.50972,-81.98012,3,,
"POINT (-81.9566623 26.4560071)",82263,98291380,26.4560071,-81.9566623,3,,
"POINT (-81.9562481 26.4567825)",82264,98291386,26.4567825,-81.9562481,3,,
"POINT (-81.96399 26.493388)",82274,98292566,26.493388,-81.96399,2,,
"POINT (-81.9370225 26.4849361)",82275,98292759,26.4849361,-81.9370225,1,turning_loop,
"POINT (-81.953224 26.508396)",82276,98295312,26.508396,-81.953224,3,,
"POINT (-81.951822 26.504537)",82277,98295346,26.504537,-81.951822,3,,
"POINT (-81.951801 26.503129)",82278,98295348,26.503129,-81.951801,3,,
"POINT (-81.951809 26.499832)",82279,98295372,26.499832,-81.951809,3,,
"POINT (-81.951589 26.49531)",82280,98295405,26.49531,-81.951589,3,,
"POINT (-81.9514522 26.4942715)",82281,98295412,26.4942715,-81.9514522,4,,
"POINT (-81.945869 26.490166)",82283,98295665,26.490166,-81.945869,3,,
"POINT (-81.943403 26.498358)",82284,98296006,26.498358,-81.943403,3,,
"POINT (-81.945527 26.498443)",82285,98296011,26.498443,-81.945527,4,,
"POINT (-81.946724 26.4902)",82293,98297162,26.4902,-81.946724,3,,
"POINT (-81.94451 26.504132)",82296,98297618,26.504132,-81.94451,3,,
"POINT (-81.944522 26.50459)",82297,98297620,26.50459,-81.944522,3,,
"POINT (-81.9551362 26.4553211)",82298,98298112,26.4553211,-81.9551362,4,,
"POINT (-81.9548672 26.4558181)",82299,98298114,26.4558181,-81.9548672,3,,
"POINT (-81.951237 26.507345)",82312,98300173,26.507345,-81.951237,3,,
"POINT (-81.951236 26.507028)",82313,98300174,26.507028,-81.951236,1,,
"POINT (-81.9498955 26.5073666)",82314,98300181,26.5073666,-81.9498955,3,,
"POINT (-81.948192 26.507394)",82315,98300185,26.507394,-81.948192,3,,
"POINT (-81.9632533 26.5119146)",82316,98300207,26.5119146,-81.9632533,3,,
"POINT (-81.96209 26.511666)",82317,98300228,26.511666,-81.96209,4,,
"POINT (-81.96194 26.51152)",82318,98300259,26.51152,-81.96194,4,,
"POINT (-81.961506 26.511102)",82319,98300272,26.511102,-81.961506,3,,
"POINT (-81.948093 26.485706)",82323,98300840,26.485706,-81.948093,4,,
"POINT (-81.93982 26.503611)",82330,98303738,26.503611,-81.93982,3,,
"POINT (-81.939891 26.501741)",82331,98303745,26.501741,-81.939891,3,,
"POINT (-81.9514863 26.4653742)",82337,98304359,26.4653742,-81.9514863,4,traffic_signals,
"POINT (-81.954938 26.467129)",82338,98304387,26.467129,-81.954938,1,turning_circle,
"POINT (-81.938091 26.485709)",82339,98304651,26.485709,-81.938091,3,,
"POINT (-81.936197 26.4804904)",82340,98304695,26.4804904,-81.936197,1,turning_loop,
"POINT (-81.943432 26.499318)",82346,98306578,26.499318,-81.943432,3,,
"POINT (-81.97483 26.513758)",82347,98306607,26.513758,-81.97483,3,,
"POINT (-81.974848 26.5143876)",82348,98306608,26.5143876,-81.974848,3,,
"POINT (-81.974919 26.516241)",82349,98306615,26.516241,-81.974919,1,,
"POINT (-81.946911 26.503714)",82357,98308658,26.503714,-81.946911,3,,
"POINT (-81.939788 26.495477)",82358,98308758,26.495477,-81.939788,3,,
"POINT (-81.9203452 26.4363058)",82360,98309788,26.4363058,-81.9203452,3,,
"POINT (-81.9199871 26.4367352)",82361,98309790,26.4367352,-81.9199871,3,,
"POINT (-81.919509 26.4372983)",82362,98309793,26.4372983,-81.919509,3,,
"POINT (-81.9193893 26.4375308)",82363,98309799,26.4375308,-81.9193893,3,,
"POINT (-81.9195584 26.4376506)",82364,98309801,26.4376506,-81.9195584,3,,
"POINT (-81.9192136 26.4380604)",82365,98309804,26.4380604,-81.9192136,3,,
"POINT (-81.9189846 26.4383446)",82366,98309808,26.4383446,-81.9189846,1,,
"POINT (-81.932314 26.44596)",82391,98316531,26.44596,-81.932314,3,,
"POINT (-81.960289 26.493538)",82394,98316671,26.493538,-81.960289,3,,
"POINT (-81.96067 26.493534)",82395,98316672,26.493534,-81.96067,3,,
"POINT (-81.961418 26.493522)",82396,98316675,26.493522,-81.961418,3,,
"POINT (-81.962153 26.49351)",82397,98316676,26.49351,-81.962153,3,,
"POINT (-81.96252 26.493502)",82398,98316678,26.493502,-81.96252,3,,
"POINT (-81.963269 26.493475)",82399,98316679,26.493475,-81.963269,3,,
"POINT (-81.94591 26.526901)",82407,98317220,26.526901,-81.94591,3,,
"POINT (-81.944946 26.526586)",82408,98317250,26.526586,-81.944946,3,,
"POINT (-81.958765 26.49311)",82409,98317319,26.49311,-81.958765,3,,
"POINT (-81.958752 26.492396)",82410,98317321,26.492396,-81.958752,3,,
"POINT (-81.941657 26.497774)",82411,98317375,26.497774,-81.941657,3,,
"POINT (-81.939825 26.497788)",82412,98317376,26.497788,-81.939825,3,,
"POINT (-81.960613 26.490647)",82413,98317630,26.490647,-81.960613,3,,
"POINT (-81.95401 26.510715)",82416,98319248,26.510715,-81.95401,3,,
"POINT (-81.954341 26.510734)",82417,98319250,26.510734,-81.954341,1,,
"POINT (-81.955144 26.512267)",82418,98319276,26.512267,-81.955144,1,,
"POINT (-81.939257 26.529234)",82420,98319872,26.529234,-81.939257,3,,
"POINT (-81.942409 26.526769)",82421,98319901,26.526769,-81.942409,3,,
"POINT (-81.941518 26.530548)",82422,98320565,26.530548,-81.941518,1,,
"POINT (-81.95648 26.510609)",82423,98320903,26.510609,-81.95648,4,,
"POINT (-81.9570178 26.5106074)",82424,98320909,26.5106074,-81.9570178,3,,
"POINT (-81.938211 26.503638)",82434,98324324,26.503638,-81.938211,3,,
"POINT (-81.9654851 26.5172233)",82436,98324701,26.5172233,-81.9654851,3,,
"POINT (-81.943822 26.507117)",82451,98328566,26.507117,-81.943822,3,,
"POINT (-81.946282 26.507102)",82452,98328578,26.507102,-81.946282,3,,
"POINT (-81.922184 26.440291)",82454,98328726,26.440291,-81.922184,1,turning_circle,
"POINT (-81.9355222 26.5200864)",82455,98329097,26.5200864,-81.9355222,3,,
"POINT (-81.947499 26.502241)",82457,98329373,26.502241,-81.947499,3,,
"POINT (-81.947522 26.503001)",82458,98329375,26.503001,-81.947522,3,,
"POINT (-81.956174 26.520411)",82465,98329747,26.520411,-81.956174,3,,
"POINT (-81.955944 26.520825)",82466,98329749,26.520825,-81.955944,1,,
"POINT (-81.956889 26.520738)",82467,98329753,26.520738,-81.956889,1,,
"POINT (-81.977117 26.504462)",82468,98330032,26.504462,-81.977117,3,,
"POINT (-81.946072 26.487401)",82470,98331718,26.487401,-81.946072,3,,
"POINT (-81.9270191 26.4444608)",82487,98333652,26.4444608,-81.9270191,3,,
"POINT (-81.9444162 26.4486989)",82489,98336948,26.4486989,-81.9444162,1,,
"POINT (-81.944227 26.4486304)",82490,98336950,26.4486304,-81.944227,4,,
"POINT (-81.9427727 26.4481005)",82491,98336954,26.4481005,-81.9427727,1,,
"POINT (-81.947289 26.504095)",82492,98341870,26.504095,-81.947289,3,,
"POINT (-81.946105 26.504112)",82493,98341871,26.504112,-81.946105,3,,
"POINT (-81.945306 26.50412)",82494,98341873,26.50412,-81.945306,3,,
"POINT (-81.94491 26.504127)",82495,98341875,26.504127,-81.94491,3,,
"POINT (-81.965997 26.520382)",82496,98342249,26.520382,-81.965997,1,,
"POINT (-81.953411 26.491045)",82497,98342271,26.491045,-81.953411,3,,
"POINT (-81.953437 26.492379)",82501,98342695,26.492379,-81.953437,3,,
"POINT (-81.953438 26.492454)",82502,98342711,26.492454,-81.953438,3,,
"POINT (-81.950058 26.48328)",82505,98343436,26.48328,-81.950058,3,,
"POINT (-81.951013 26.483278)",82506,98343588,26.483278,-81.951013,3,,
"POINT (-81.965274 26.50244)",82507,98344547,26.50244,-81.965274,1,,
"POINT (-81.952762 26.455888)",82508,98345053,26.455888,-81.952762,1,,
"POINT (-81.957826 26.490754)",82510,98345578,26.490754,-81.957826,1,,
"POINT (-81.953447 26.493147)",82513,98347377,26.493147,-81.953447,3,,
"POINT (-81.947304 26.503895)",82524,98350023,26.503895,-81.947304,3,,
"POINT (-81.947304 26.504544)",82525,98350028,26.504544,-81.947304,3,,
"POINT (-81.946897 26.503577)",82526,98350058,26.503577,-81.946897,3,,
"POINT (-81.9390637 26.4930141)",82529,98353080,26.4930141,-81.9390637,4,,
"POINT (-81.93977 26.492999)",82530,98353089,26.492999,-81.93977,4,,
"POINT (-81.942296 26.492858)",82531,98353110,26.492858,-81.942296,3,,
"POINT (-81.942486 26.492623)",82532,98353119,26.492623,-81.942486,3,,
"POINT (-81.943236 26.491979)",82533,98353147,26.491979,-81.943236,6,traffic_signals,
"POINT (-81.9281218 26.5132033)",82535,98353508,26.5132033,-81.9281218,3,,
"POINT (-81.935519 26.503678)",82537,98354469,26.503678,-81.935519,3,,
"POINT (-81.935457 26.501849)",82538,98354483,26.501849,-81.935457,3,,
"POINT (-81.936006 26.501791)",82539,98354493,26.501791,-81.936006,3,,
"POINT (-81.950109 26.522524)",82542,98355307,26.522524,-81.950109,3,,
"POINT (-81.950307 26.522364)",82543,98355323,26.522364,-81.950307,3,,
"POINT (-81.931509 26.516567)",82544,98355551,26.516567,-81.931509,1,,
"POINT (-81.92746 26.516638)",82545,98355575,26.516638,-81.92746,1,,
"POINT (-81.950023 26.525124)",82547,98356039,26.525124,-81.950023,3,,
"POINT (-81.947766 26.523802)",82548,98356100,26.523802,-81.947766,3,,
"POINT (-81.959412 26.503089)",82549,98356826,26.503089,-81.959412,3,,
"POINT (-81.95285 26.522841)",82552,98358194,26.522841,-81.95285,3,,
"POINT (-81.9250554 26.4388022)",82554,98358279,26.4388022,-81.9250554,1,,
"POINT (-81.922714 26.440757)",82555,98358291,26.440757,-81.922714,1,,
"POINT (-81.963113 26.499225)",82556,98358339,26.499225,-81.963113,4,,
"POINT (-81.962534 26.499234)",82557,98358342,26.499234,-81.962534,3,,
"POINT (-81.961577 26.498757)",82558,98358361,26.498757,-81.961577,3,,
"POINT (-81.9476528 26.5084272)",82560,98358599,26.5084272,-81.9476528,3,,
"POINT (-81.963108 26.498725)",82561,98359053,26.498725,-81.963108,3,,
"POINT (-81.963102 26.498231)",82562,98359056,26.498231,-81.963102,3,,
"POINT (-81.9388592 26.4804395)",82563,98359780,26.4804395,-81.9388592,1,turning_loop,
"POINT (-81.9292988 26.520023)",82564,98360439,26.520023,-81.9292988,1,,
"POINT (-81.963748 26.521671)",82569,98363537,26.521671,-81.963748,1,turning_circle,
"POINT (-81.946508 26.490191)",82573,98364983,26.490191,-81.946508,3,,
"POINT (-81.9389068 26.5181778)",82574,98365187,26.5181778,-81.9389068,4,,
"POINT (-81.9455034 26.4538733)",82575,98365661,26.4538733,-81.9455034,1,,
"POINT (-81.926634 26.52143)",82577,98367015,26.52143,-81.926634,1,,
"POINT (-81.9590357 26.500815)",82580,98367328,26.500815,-81.9590357,3,,
"POINT (-81.948393 26.493511)",82589,98369956,26.493511,-81.948393,3,,
"POINT (-81.945885 26.459318)",82591,98370914,26.459318,-81.945885,3,,
"POINT (-81.945749 26.46168)",82592,98370931,26.46168,-81.945749,1,,
"POINT (-81.944159 26.453779)",82606,98375402,26.453779,-81.944159,1,,
"POINT (-81.9443773 26.4482959)",82607,98375406,26.4482959,-81.9443773,1,,
"POINT (-81.96015 26.498392)",82610,98376252,26.498392,-81.96015,1,,
"POINT (-81.9556312 26.4715702)",82611,98377668,26.4715702,-81.9556312,3,,
"POINT (-81.9492694 26.4982732)",82614,98378815,26.4982732,-81.9492694,3,,
"POINT (-81.953441 26.492762)",82617,98379571,26.492762,-81.953441,3,,
"POINT (-81.953429 26.491989)",82618,98379574,26.491989,-81.953429,3,,
"POINT (-81.945319 26.504574)",82621,98380336,26.504574,-81.945319,3,,
"POINT (-81.9254798 26.4430016)",82625,98380902,26.4430016,-81.9254798,3,,
"POINT (-81.957981 26.508061)",82626,98380952,26.508061,-81.957981,3,,
"POINT (-81.967723 26.507296)",82627,98381036,26.507296,-81.967723,3,,
"POINT (-81.964446 26.50795)",82628,98381108,26.50795,-81.964446,3,,
"POINT (-81.963374 26.507988)",82629,98381261,26.507988,-81.963374,3,,
"POINT (-81.930635 26.445305)",82637,98383039,26.445305,-81.930635,3,,
"POINT (-81.928631 26.44698)",82638,98383055,26.44698,-81.928631,1,turning_circle,
"POINT (-81.930748 26.531643)",82646,98384689,26.531643,-81.930748,1,turning_circle,
"POINT (-81.931353 26.504051)",82647,98384740,26.504051,-81.931353,4,,
"POINT (-81.929035 26.505232)",82648,98384776,26.505232,-81.929035,1,,
"POINT (-81.929416 26.5051557)",82649,98384825,26.5051557,-81.929416,4,,
"POINT (-81.92903 26.505165)",82650,98384828,26.505165,-81.92903,1,,
"POINT (-81.948083 26.484918)",82653,98387025,26.484918,-81.948083,4,,
"POINT (-81.9537917 26.454194)",82660,98388856,26.454194,-81.9537917,3,,
"POINT (-81.953796 26.4547242)",82661,98388863,26.4547242,-81.953796,3,,
"POINT (-81.969049 26.497347)",82663,98389597,26.497347,-81.969049,1,,
"POINT (-81.939823 26.446672)",82670,98390144,26.446672,-81.939823,1,,
"POINT (-81.950571 26.493527)",82673,98390752,26.493527,-81.950571,1,,
"POINT (-81.950299 26.492871)",82674,98390761,26.492871,-81.950299,3,,
"POINT (-81.946083 26.490174)",82688,98394957,26.490174,-81.946083,3,,
"POINT (-81.9417494 26.5237534)",82689,98396051,26.5237534,-81.9417494,2,,
"POINT (-81.9419405 26.5238309)",82690,98396071,26.5238309,-81.9419405,2,,
"POINT (-81.952173 26.520672)",82700,98402346,26.520672,-81.952173,4,,
"POINT (-81.951443 26.461484)",82705,98409130,26.461484,-81.951443,3,,
"POINT (-81.950875 26.464913)",82706,98409195,26.464913,-81.950875,3,,
"POINT (-81.943347 26.496287)",82707,98409296,26.496287,-81.943347,4,,
"POINT (-81.941465 26.496861)",82708,98409309,26.496861,-81.941465,3,,
"POINT (-81.93982 26.497021)",82709,98409323,26.497021,-81.93982,3,,
"POINT (-81.951471 26.516515)",82716,98413808,26.516515,-81.951471,1,,
"POINT (-81.95012 26.516541)",82717,98413815,26.516541,-81.95012,3,,
"POINT (-81.95525 26.501951)",82718,98415095,26.501951,-81.95525,3,,
"POINT (-81.956521 26.511108)",82720,98416338,26.511108,-81.956521,3,,
"POINT (-81.956642 26.511358)",82721,98416343,26.511358,-81.956642,3,,
"POINT (-81.960273 26.511315)",82722,98416388,26.511315,-81.960273,4,,
"POINT (-81.959402 26.509223)",82723,98416451,26.509223,-81.959402,3,,
"POINT (-81.956856 26.509654)",82724,98416476,26.509654,-81.956856,3,,
"POINT (-81.956763 26.50976)",82725,98416478,26.50976,-81.956763,3,,
"POINT (-81.9561052 26.5090142)",82726,98416503,26.5090142,-81.9561052,3,,
"POINT (-81.943117 26.48633)",82728,98417145,26.48633,-81.943117,3,,
"POINT (-81.942564 26.486328)",82729,98417147,26.486328,-81.942564,4,,
"POINT (-81.939922 26.486331)",82730,98417154,26.486331,-81.939922,4,,
"POINT (-81.939921 26.486411)",82731,98417159,26.486411,-81.939921,4,,
"POINT (-81.94737 26.490224)",82734,98418017,26.490224,-81.94737,3,,
"POINT (-81.9436876 26.5122084)",82737,98418423,26.5122084,-81.9436876,5,,
"POINT (-81.941865 26.512348)",82738,98418438,26.512348,-81.941865,3,,
"POINT (-81.9391816 26.5144412)",82739,98418457,26.5144412,-81.9391816,3,,
"POINT (-81.927562 26.5191248)",82744,98419104,26.5191248,-81.927562,3,,
"POINT (-81.9248729 26.4425955)",82748,98421246,26.4425955,-81.9248729,3,,
"POINT (-81.980021 26.511339)",82750,98421497,26.511339,-81.980021,1,,
"POINT (-81.962096 26.490621)",82753,98423035,26.490621,-81.962096,3,,
"POINT (-81.926093 26.517556)",82754,98424103,26.517556,-81.926093,3,,
"POINT (-81.9383856 26.4483884)",82760,98425440,26.4483884,-81.9383856,3,,
"POINT (-81.9368652 26.4488205)",82761,98425453,26.4488205,-81.9368652,3,,
"POINT (-81.936007 26.503666)",82762,98426078,26.503666,-81.936007,3,,
"POINT (-81.939775 26.493333)",82764,98427941,26.493333,-81.939775,3,,
"POINT (-81.952491 26.461717)",82765,98428001,26.461717,-81.952491,4,,
"POINT (-81.952205 26.4616536)",82766,98428002,26.4616536,-81.952205,3,,
"POINT (-81.947737 26.460457)",82767,98428017,26.460457,-81.947737,3,,
"POINT (-81.947646 26.460401)",82768,98428019,26.460401,-81.947646,3,,
"POINT (-81.946393 26.459627)",82769,98428021,26.459627,-81.946393,3,,
"POINT (-81.95954 26.520261)",82772,98428302,26.520261,-81.95954,3,,
"POINT (-81.959412 26.520264)",82773,98428304,26.520264,-81.959412,3,,
"POINT (-81.959012 26.523678)",82774,98428333,26.523678,-81.959012,3,,
"POINT (-81.919012 26.43604)",82778,98433177,26.43604,-81.919012,3,,
"POINT (-81.919765 26.436607)",82779,98433181,26.436607,-81.919765,1,,
"POINT (-81.9551712 26.4538149)",82780,98433630,26.4538149,-81.9551712,4,,
"POINT (-81.9553117 26.4536327)",82781,98433634,26.4536327,-81.9553117,3,,
"POINT (-81.955247 26.4530787)",82782,98433640,26.4530787,-81.955247,3,,
"POINT (-81.94954 26.481131)",82783,98433751,26.481131,-81.94954,3,,
"POINT (-81.944635 26.483912)",82784,98433754,26.483912,-81.944635,3,,
"POINT (-81.943189 26.490097)",82785,98433787,26.490097,-81.943189,3,,
"POINT (-81.943222 26.494177)",82786,98433805,26.494177,-81.943222,4,,
"POINT (-81.943533 26.503563)",82787,98433809,26.503563,-81.943533,4,,
"POINT (-81.943582 26.505438)",82788,98433811,26.505438,-81.943582,3,,
"POINT (-81.94362 26.506989)",82789,98433813,26.506989,-81.94362,4,,
"POINT (-81.963212 26.490601)",82793,98434307,26.490601,-81.963212,3,,
"POINT (-81.944722 26.48865)",82795,98435239,26.48865,-81.944722,3,,
"POINT (-81.9435103 26.4886451)",82796,98435259,26.4886451,-81.9435103,3,,
"POINT (-81.94336 26.487525)",82797,98435269,26.487525,-81.94336,3,,
"POINT (-81.93656 26.50366)",82810,98436917,26.50366,-81.93656,3,,
"POINT (-81.953469 26.493699)",82812,98437332,26.493699,-81.953469,1,,
"POINT (-81.946109 26.504564)",82814,98437563,26.504564,-81.946109,3,,
"POINT (-81.944919 26.504583)",82815,98437566,26.504583,-81.944919,4,,
"POINT (-81.971787 26.50158)",82820,98439151,26.50158,-81.971787,1,,
"POINT (-81.9458151 26.480376)",82823,98439908,26.480376,-81.9458151,3,,
"POINT (-81.9446211 26.482372)",82824,98439937,26.482372,-81.9446211,1,turning_loop,
"POINT (-81.930951 26.445485)",82825,98441272,26.445485,-81.930951,3,,
"POINT (-81.964835 26.504516)",82826,98441297,26.504516,-81.964835,1,,
"POINT (-81.964829 26.503375)",82827,98441299,26.503375,-81.964829,3,,
"POINT (-81.938869 26.488147)",82832,98444217,26.488147,-81.938869,1,,
"POINT (-81.935567 26.490419)",82833,98444240,26.490419,-81.935567,3,,
"POINT (-81.935574 26.49107)",82834,98444244,26.49107,-81.935574,3,,
"POINT (-81.9593749 26.4574838)",82836,98444333,26.4574838,-81.9593749,3,,
"POINT (-81.9582706 26.4568632)",82837,98444340,26.4568632,-81.9582706,4,,
"POINT (-81.9581615 26.4570629)",82838,98444347,26.4570629,-81.9581615,3,turning_loop,
"POINT (-81.958375 26.4566595)",82839,98444349,26.4566595,-81.958375,4,turning_loop,
"POINT (-81.9594089 26.4576165)",82840,98444363,26.4576165,-81.9594089,3,,
"POINT (-81.925724 26.439119)",82841,98444443,26.439119,-81.925724,1,,
"POINT (-81.923063 26.441363)",82842,98444458,26.441363,-81.923063,1,,
"POINT (-81.9237631 26.4414694)",82844,98445065,26.4414694,-81.9237631,1,,
"POINT (-81.941804 26.522228)",82845,98445852,26.522228,-81.941804,3,,
"POINT (-81.942848 26.521206)",82846,98445864,26.521206,-81.942848,3,,
"POINT (-81.9440875 26.5200595)",82847,98445916,26.5200595,-81.9440875,3,,
"POINT (-81.969251 26.502559)",82849,98446520,26.502559,-81.969251,1,,
"POINT (-81.955377 26.513772)",82850,98447042,26.513772,-81.955377,3,,
"POINT (-81.976136 26.504099)",82851,98448304,26.504099,-81.976136,3,,
"POINT (-81.976096 26.503177)",82852,98448310,26.503177,-81.976096,3,,
"POINT (-81.928915 26.444349)",82853,98449148,26.444349,-81.928915,3,stop,
"POINT (-81.961228 26.522523)",82857,98453984,26.522523,-81.961228,3,,
"POINT (-81.91774 26.437523)",82860,98454849,26.437523,-81.91774,1,,
"POINT (-81.9458444 26.481587)",82861,98455103,26.481587,-81.9458444,1,turning_loop,
"POINT (-81.960703 26.498771)",82862,98455585,26.498771,-81.960703,3,,
"POINT (-81.941471 26.503589)",82863,98456397,26.503589,-81.941471,3,,
"POINT (-81.939822 26.494924)",82864,98456733,26.494924,-81.939822,3,,
"POINT (-81.94001 26.494785)",82865,98456740,26.494785,-81.94001,3,,
"POINT (-81.946652 26.487392)",82880,98460639,26.487392,-81.946652,3,,
"POINT (-81.947814 26.487374)",82881,98460647,26.487374,-81.947814,3,,
"POINT (-81.945653 26.490158)",82886,98460957,26.490158,-81.945653,3,,
"POINT (-81.967142 26.502509)",82891,98465574,26.502509,-81.967142,1,,
"POINT (-81.963815 26.522635)",82896,98468758,26.522635,-81.963815,1,turning_circle,
"POINT (-81.961362 26.490633)",82898,98470226,26.490633,-81.961362,3,,
"POINT (-81.960233 26.490653)",82899,98470228,26.490653,-81.960233,3,,
"POINT (-81.931648 26.517445)",82900,98470395,26.517445,-81.931648,1,,
"POINT (-81.939895 26.486856)",82902,98476127,26.486856,-81.939895,3,,
"POINT (-81.939905 26.485686)",82903,98476135,26.485686,-81.939905,4,,
"POINT (-81.93988 26.484197)",82904,98476141,26.484197,-81.93988,4,,
"POINT (-81.9379584 26.4804563)",82905,98476195,26.4804563,-81.9379584,1,turning_loop,
"POINT (-81.939819 26.485687)",82906,98476232,26.485687,-81.939819,4,,
"POINT (-81.952307 26.451444)",82907,98478408,26.451444,-81.952307,1,,
"POINT (-81.942589 26.459802)",82919,98481251,26.459802,-81.942589,1,,
"POINT (-81.977601 26.506413)",82923,98486741,26.506413,-81.977601,3,,
"POINT (-81.976074 26.505381)",82924,98486788,26.505381,-81.976074,1,,
"POINT (-81.977113 26.504103)",82925,98486801,26.504103,-81.977113,4,,
"POINT (-81.977611 26.50489)",82926,98486806,26.50489,-81.977611,3,,
"POINT (-81.976085 26.50528)",82927,98486861,26.50528,-81.976085,1,,
"POINT (-81.957296 26.52183)",82945,98491603,26.52183,-81.957296,3,,
"POINT (-81.9393947 26.504406)",82956,98493440,26.504406,-81.9393947,3,,
"POINT (-81.946241 26.461758)",82957,98494340,26.461758,-81.946241,1,,
"POINT (-81.956255 26.511775)",82964,98500559,26.511775,-81.956255,3,,
"POINT (-81.94382 26.506997)",82969,98501470,26.506997,-81.94382,3,,
"POINT (-81.94379 26.505915)",82970,98501487,26.505915,-81.94379,3,,
"POINT (-81.945425 26.505922)",82971,98501513,26.505922,-81.945425,3,,
"POINT (-81.945464 26.506205)",82972,98501517,26.506205,-81.945464,3,,
"POINT (-81.946614 26.508073)",82973,98501580,26.508073,-81.946614,3,,
"POINT (-81.946619 26.5087445)",82974,98501583,26.5087445,-81.946619,3,,
"POINT (-81.945701 26.5087569)",82975,98501594,26.5087569,-81.945701,3,,
"POINT (-81.944893 26.508768)",82976,98501600,26.508768,-81.944893,3,,
"POINT (-81.943726 26.505447)",82977,98501624,26.505447,-81.943726,3,,
"POINT (-81.952706 26.524959)",82979,98502056,26.524959,-81.952706,3,,
"POINT (-81.952734 26.526308)",82980,98502058,26.526308,-81.952734,3,,
"POINT (-81.953466 26.526337)",82981,98502086,26.526337,-81.953466,3,,
"POINT (-81.963666 26.520682)",82982,98502637,26.520682,-81.963666,1,turning_circle,
"POINT (-81.9687794 26.5174361)",82990,98505029,26.5174361,-81.9687794,3,,
"POINT (-81.942027 26.503577)",82991,98505516,26.503577,-81.942027,3,,
"POINT (-81.937663 26.503644)",82992,98505520,26.503644,-81.937663,3,,
"POINT (-81.976191 26.507822)",82993,98505771,26.507822,-81.976191,1,,
"POINT (-81.943012 26.523464)",82997,98507804,26.523464,-81.943012,1,,
"POINT (-81.943047 26.522952)",82998,98507826,26.522952,-81.943047,3,,
"POINT (-81.943496 26.522987)",82999,98507875,26.522987,-81.943496,4,,
"POINT (-81.943514 26.523159)",83000,98507878,26.523159,-81.943514,3,,
"POINT (-81.9458228 26.5230959)",83001,98507897,26.5230959,-81.9458228,3,,
"POINT (-81.945448 26.522899)",83002,98507915,26.522899,-81.945448,3,,
"POINT (-81.945082 26.522871)",83003,98507927,26.522871,-81.945082,4,,
"POINT (-81.94431 26.52289)",83004,98507954,26.52289,-81.94431,3,,
"POINT (-81.945136 26.523269)",83005,98508034,26.523269,-81.945136,1,,
"POINT (-81.944387 26.523366)",83006,98508060,26.523366,-81.944387,1,,
"POINT (-81.935384 26.491076)",83007,98509107,26.491076,-81.935384,1,,
"POINT (-81.942788 26.490168)",83011,98512825,26.490168,-81.942788,3,,
"POINT (-81.9500751 26.450686)",83013,98513467,26.450686,-81.9500751,3,,
"POINT (-81.95526 26.453307)",83030,98523816,26.453307,-81.95526,4,,
"POINT (-81.9548833 26.4535654)",83031,98523838,26.4535654,-81.9548833,3,,
"POINT (-81.954168 26.454085)",83032,98523862,26.454085,-81.954168,3,,
"POINT (-81.9213417 26.4378469)",83033,98525213,26.4378469,-81.9213417,1,,
"POINT (-81.927761 26.515722)",83034,98525441,26.515722,-81.927761,1,,
"POINT (-81.919069 26.531763)",83037,98530785,26.531763,-81.919069,1,,
"POINT (-81.91837 26.531775)",83038,98530788,26.531775,-81.91837,1,,
"POINT (-81.972386 26.504339)",83044,98536380,26.504339,-81.972386,3,,
"POINT (-81.9385292 26.505014)",83053,98540979,26.505014,-81.9385292,3,,
"POINT (-81.9477315 26.464313)",83054,98541481,26.464313,-81.9477315,3,,
"POINT (-81.9422999 26.4841686)",83056,98542456,26.4841686,-81.9422999,1,turning_loop,
"POINT (-81.94493 26.505123)",83058,98545431,26.505123,-81.94493,1,,
"POINT (-81.967128 26.501526)",83059,98546287,26.501526,-81.967128,1,,
"POINT (-81.9594009 26.5094915)",83062,98547428,26.5094915,-81.9594009,3,,
"POINT (-81.9496537 26.522926)",83083,98556200,26.522926,-81.9496537,1,,
"POINT (-81.928806 26.445638)",83086,98559944,26.445638,-81.928806,1,turning_circle,
"POINT (-81.9458921 26.4932757)",83090,98564510,26.4932757,-81.9458921,1,turning_loop,
"POINT (-81.945884 26.491445)",83091,98564534,26.491445,-81.945884,3,,
"POINT (-81.945937 26.492844)",83092,98564536,26.492844,-81.945937,3,,
"POINT (-81.944403 26.491952)",83093,98564559,26.491952,-81.944403,3,,
"POINT (-81.9603301 26.5105666)",83094,98569348,26.5105666,-81.9603301,3,,
"POINT (-81.960352 26.5116443)",83095,98569361,26.5116443,-81.960352,3,,
"POINT (-81.9407737 26.5212356)",83106,98574825,26.5212356,-81.9407737,3,,
"POINT (-81.9482751 26.4942089)",83107,98576234,26.4942089,-81.9482751,3,,
"POINT (-81.962662 26.52225)",83112,98580268,26.52225,-81.962662,3,,
"POINT (-81.949516 26.486765)",83117,98583137,26.486765,-81.949516,3,,
"POINT (-81.975546 26.5143766)",83118,98583187,26.5143766,-81.975546,1,,
"POINT (-81.9416665 26.5198196)",83128,610746140,26.5198196,-81.9416665,4,traffic_signals,
"POINT (-81.9482546 26.4940846)",83152,612756460,26.4940846,-81.9482546,3,motorway_junction,
"POINT (-81.9432131 26.4937901)",83153,612756462,26.4937901,-81.9432131,4,,
"POINT (-81.9397052 26.4938484)",83154,612756480,26.4938484,-81.9397052,3,,
"POINT (-81.938123 26.4941195)",83155,612756708,26.4941195,-81.938123,3,motorway_junction,
"POINT (-81.9380841 26.4939987)",83156,612756710,26.4939987,-81.9380841,3,,
"POINT (-81.9398561 26.493837)",83157,612756712,26.493837,-81.9398561,3,,
"POINT (-81.951448 26.494098)",83172,681210541,26.494098,-81.951448,4,,
"POINT (-81.935095 26.494207)",83173,681210551,26.494207,-81.935095,4,traffic_signals,
"POINT (-81.935085 26.494021)",83174,681210552,26.494021,-81.935085,4,traffic_signals,
"POINT (-81.93531 26.501842)",83175,681210558,26.501842,-81.93531,4,,
"POINT (-81.935392 26.504486)",83176,681210559,26.504486,-81.935392,3,,
"POINT (-81.935367 26.503683)",83177,681210560,26.503683,-81.935367,3,,
"POINT (-81.935364 26.503592)",83178,681210561,26.503592,-81.935364,3,,
"POINT (-81.935439 26.506029)",83179,681210563,26.506029,-81.935439,3,,
"POINT (-81.935546 26.508973)",83180,681210565,26.508973,-81.935546,4,,
"POINT (-81.935617 26.511321)",83181,681210566,26.511321,-81.935617,3,,
"POINT (-81.935644 26.512353)",83182,681210567,26.512353,-81.935644,3,,
"POINT (-81.9358 26.518078)",83183,681210570,26.518078,-81.9358,4,traffic_signals,
"POINT (-81.935804 26.5182)",83184,681210572,26.5182,-81.935804,4,traffic_signals,
"POINT (-81.936229 26.524264)",83185,681210576,26.524264,-81.936229,4,traffic_signals,
"POINT (-81.936347 26.524171)",83186,681210577,26.524171,-81.936347,4,traffic_signals,
"POINT (-81.931761 26.528076)",83187,681210585,26.528076,-81.931761,4,,
"POINT (-81.9204923 26.4364172)",83203,1387614715,26.4364172,-81.9204923,3,,
"POINT (-81.9200469 26.4367699)",83204,1387614718,26.4367699,-81.9200469,3,,
"POINT (-81.9201433 26.4368258)",83205,1387614719,26.4368258,-81.9201433,3,,
"POINT (-81.9197204 26.4387061)",83206,1387614737,26.4387061,-81.9197204,1,,
"POINT (-81.9501746 26.450419)",83217,1412670504,26.450419,-81.9501746,1,,
"POINT (-81.9509314 26.4506541)",83218,1412670505,26.4506541,-81.9509314,1,,
"POINT (-81.9392773 26.5147799)",83233,1583988126,26.5147799,-81.9392773,3,,
"POINT (-81.9394437 26.5146691)",83234,1583988135,26.5146691,-81.9394437,3,,
"POINT (-81.9400799 26.5158593)",83235,1583988156,26.5158593,-81.9400799,3,,
"POINT (-81.9392749 26.5143583)",83236,1583988165,26.5143583,-81.9392749,3,,
"POINT (-81.9412332 26.513289)",83237,1583988174,26.513289,-81.9412332,3,,
"POINT (-81.9710106 26.4973202)",83254,1717562393,26.4973202,-81.9710106,3,,
"POINT (-81.9407197 26.519072)",83255,1738688748,26.519072,-81.9407197,3,,
"POINT (-81.9391346 26.5189037)",83256,1738688752,26.5189037,-81.9391346,3,,
"POINT (-81.9412669 26.519066)",83257,1738688753,26.519066,-81.9412669,3,,
"POINT (-81.9412772 26.519622)",83258,1738688754,26.519622,-81.9412772,3,,
"POINT (-81.9397885 26.5212609)",83259,1738688756,26.5212609,-81.9397885,4,,
"POINT (-81.9419699 26.5182876)",83260,1738688762,26.5182876,-81.9419699,4,,
"POINT (-81.940481 26.5207295)",83261,1738688763,26.5207295,-81.940481,3,,
"POINT (-81.9419915 26.519058)",83262,1738688764,26.519058,-81.9419915,3,,
"POINT (-81.9407357 26.5198383)",83263,1738688765,26.5198383,-81.9407357,4,,
"POINT (-81.9419724 26.518059)",83264,1738688766,26.518059,-81.9419724,4,,
"POINT (-81.9400916 26.5203366)",83265,1738688768,26.5203366,-81.9400916,4,,
"POINT (-81.9395444 26.5205316)",83266,1738688769,26.5205316,-81.9395444,3,,
"POINT (-81.9395479 26.5207572)",83267,1738688774,26.5207572,-81.9395479,3,,
"POINT (-81.9412799 26.5197662)",83268,1738688775,26.5197662,-81.9412799,3,,
"POINT (-81.9395338 26.5198476)",83269,1738688776,26.5198476,-81.9395338,3,,
"POINT (-81.9397114 26.5215613)",83270,1738688777,26.5215613,-81.9397114,3,,
"POINT (-81.9427749 26.5189312)",83271,1738689152,26.5189312,-81.9427749,3,,
"POINT (-81.9416941 26.4580185)",83315,1756886972,26.4580185,-81.9416941,3,,
"POINT (-81.940885 26.458026)",83316,1756886973,26.458026,-81.940885,3,,
"POINT (-81.9397892 26.4841957)",83317,1756886974,26.4841957,-81.9397892,3,,
"POINT (-81.9398 26.4849462)",83318,1756886976,26.4849462,-81.9398,3,,
"POINT (-81.9596744 26.4939552)",83319,1756886979,26.4939552,-81.9596744,4,,
"POINT (-81.9595454 26.4939513)",83320,1756886980,26.4939513,-81.9595454,4,,
"POINT (-81.9691557 26.4958939)",83321,1756886985,26.4958939,-81.9691557,1,,
"POINT (-81.9693156 26.5102299)",83322,1756887010,26.5102299,-81.9693156,3,,
"POINT (-81.9697135 26.5105843)",83323,1756887013,26.5105843,-81.9697135,4,,
"POINT (-81.9702329 26.5110475)",83324,1756887020,26.5110475,-81.9702329,3,,
"POINT (-81.9674175 26.5140979)",83325,1756887027,26.5140979,-81.9674175,1,,
"POINT (-81.9304844 26.5181522)",83326,1756887045,26.5181522,-81.9304844,3,,
"POINT (-81.9296641 26.5181616)",83327,1756887047,26.5181616,-81.9296641,4,,
"POINT (-81.9273358 26.5182018)",83328,1756887051,26.5182018,-81.9273358,3,,
"POINT (-81.9196308 26.5226277)",83329,1756887176,26.5226277,-81.9196308,3,,
"POINT (-81.9196333 26.5227233)",83330,1756887180,26.5227233,-81.9196333,3,,
"POINT (-81.9677177 26.4898484)",83331,1762745028,26.4898484,-81.9677177,3,,
"POINT (-81.9673017 26.489165)",83332,1762745033,26.489165,-81.9673017,1,,
"POINT (-81.965915 26.4897339)",83333,1762745041,26.4897339,-81.965915,1,,
"POINT (-81.9671998 26.4892946)",83334,1762745044,26.4892946,-81.9671998,1,,
"POINT (-81.9671247 26.4896763)",83335,1762745061,26.4896763,-81.9671247,2,,
"POINT (-81.9645506 26.4900025)",83336,1762745065,26.4900025,-81.9645506,4,,
"POINT (-81.9649903 26.4899277)",83337,1762745079,26.4899277,-81.9649903,3,,
"POINT (-81.9670746 26.4897957)",83338,1762745101,26.4897957,-81.9670746,4,,
"POINT (-81.9626803 26.4898036)",83339,1762745103,26.4898036,-81.9626803,1,,
"POINT (-81.9625125 26.4902104)",83340,1762745105,26.4902104,-81.9625125,3,,
"POINT (-81.9645738 26.490072)",83341,1762745115,26.490072,-81.9645738,3,,
"POINT (-81.967291 26.4894507)",83342,1762745120,26.4894507,-81.967291,2,,
"POINT (-81.9670777 26.489905)",83343,1762745124,26.489905,-81.9670777,3,,
"POINT (-81.9651238 26.4897892)",83344,1762745126,26.4897892,-81.9651238,3,,
"POINT (-81.9650496 26.4899332)",83345,1762745129,26.4899332,-81.9650496,3,,
"POINT (-81.9618569 26.4902381)",83346,1762745135,26.4902381,-81.9618569,1,,
"POINT (-81.9677193 26.4899613)",83347,1762745167,26.4899613,-81.9677193,3,,
"POINT (-81.9623866 26.4901209)",83348,1762745171,26.4901209,-81.9623866,3,,
"POINT (-81.9666916 26.4898895)",83349,1762745172,26.4898895,-81.9666916,3,,
"POINT (-81.9660331 26.4901108)",83350,1762745182,26.4901108,-81.9660331,3,,
"POINT (-81.9672561 26.4892231)",83351,1762745188,26.4892231,-81.9672561,3,,
"POINT (-81.9651162 26.4899394)",83352,1762745189,26.4899394,-81.9651162,3,,
"POINT (-81.9633696 26.4900364)",83353,1762745191,26.4900364,-81.9633696,4,,
"POINT (-81.9667434 26.4900041)",83354,1762745213,26.4900041,-81.9667434,3,,
"POINT (-81.9625953 26.4901181)",83355,1762745220,26.4901181,-81.9625953,3,,
"POINT (-81.9555099 26.4534638)",83356,1769042077,26.4534638,-81.9555099,3,,
"POINT (-81.940751 26.4490453)",83357,1769053882,26.4490453,-81.940751,3,,
"POINT (-81.9413168 26.449243)",83358,1769053892,26.449243,-81.9413168,1,,
"POINT (-81.9454605 26.4494687)",83359,1769083207,26.4494687,-81.9454605,1,,
"POINT (-81.9447333 26.4493629)",83360,1769083208,26.4493629,-81.9447333,3,,
"POINT (-81.9448275 26.4492261)",83361,1769083210,26.4492261,-81.9448275,3,,
"POINT (-81.944775 26.4485047)",83362,1769083211,26.4485047,-81.944775,1,,
"POINT (-81.9451116 26.449335)",83363,1769085404,26.449335,-81.9451116,3,,
"POINT (-81.9452115 26.4485747)",83364,1769085412,26.4485747,-81.9452115,1,,
"POINT (-81.9457635 26.4489667)",83365,1773568796,26.4489667,-81.9457635,1,,
"POINT (-81.9457643 26.4490925)",83366,1773568797,26.4490925,-81.9457643,3,,
"POINT (-81.9455066 26.4489455)",83367,1773568798,26.4489455,-81.9455066,1,,
"POINT (-81.9455075 26.4490348)",83368,1773568799,26.4490348,-81.9455075,3,,
"POINT (-81.9457688 26.4497306)",83369,1773568800,26.4497306,-81.9457688,3,,
"POINT (-81.9660318 26.4636688)",83370,1773963615,26.4636688,-81.9660318,1,,
"POINT (-81.9661309 26.4627823)",83371,1773963620,26.4627823,-81.9661309,2,,
"POINT (-81.9659164 26.462838)",83372,1773966062,26.462838,-81.9659164,3,,
"POINT (-81.9658151 26.4625588)",83373,1773966068,26.4625588,-81.9658151,1,,
"POINT (-81.9352617 26.4470737)",83374,1775767027,26.4470737,-81.9352617,3,,
"POINT (-81.9237989 26.4378689)",83375,1775767030,26.4378689,-81.9237989,1,,
"POINT (-81.9360198 26.4470753)",83376,1775767041,26.4470753,-81.9360198,3,,
"POINT (-81.9372825 26.4472069)",83377,1775767042,26.4472069,-81.9372825,3,,
"POINT (-81.9358174 26.4457117)",83378,1775767045,26.4457117,-81.9358174,3,,
"POINT (-81.9367069 26.4474521)",83379,1775767046,26.4474521,-81.9367069,3,,
"POINT (-81.9360901 26.4452996)",83380,1775767049,26.4452996,-81.9360901,3,,
"POINT (-81.9354716 26.4470705)",83381,1775767057,26.4470705,-81.9354716,3,,
"POINT (-81.9365367 26.4472927)",83382,1775767058,26.4472927,-81.9365367,1,,
"POINT (-81.936288 26.4454001)",83383,1775767059,26.4454001,-81.936288,3,,
"POINT (-81.9368916 26.4462312)",83384,1775767060,26.4462312,-81.9368916,3,,
"POINT (-81.9360787 26.4458)",83385,1775767065,26.4458,-81.9360787,3,,
"POINT (-81.9363919 26.4456594)",83386,1775767067,26.4456594,-81.9363919,3,,
"POINT (-81.9366093 26.4474701)",83387,1775767070,26.4474701,-81.9366093,3,,
"POINT (-81.9372936 26.4469691)",83388,1775767074,26.4469691,-81.9372936,3,,
"POINT (-81.9358205 26.4470742)",83389,1775767079,26.4470742,-81.9358205,3,,
"POINT (-81.9364128 26.4475023)",83390,1775767082,26.4475023,-81.9364128,1,,
"POINT (-81.9374343 26.4459786)",83391,1775767083,26.4459786,-81.9374343,3,,
"POINT (-81.9367348 26.4470215)",83392,1775767086,26.4470215,-81.9367348,3,,
"POINT (-81.9362095 26.4455733)",83393,1775767094,26.4455733,-81.9362095,3,,
"POINT (-81.935685 26.446209)",83394,1775767097,26.446209,-81.935685,3,,
"POINT (-81.9367571 26.4467874)",83395,1775767100,26.4467874,-81.9367571,3,,
"POINT (-81.9372675 26.44632)",83396,1775767113,26.44632,-81.9372675,3,,
"POINT (-81.93628 26.4470575)",83397,1775767114,26.4470575,-81.93628,3,,
"POINT (-81.9553254 26.4528865)",83398,1775771966,26.4528865,-81.9553254,4,,
"POINT (-81.9546551 26.4544756)",83399,1775771971,26.4544756,-81.9546551,1,,
"POINT (-81.9595269 26.457485)",83400,1775774197,26.457485,-81.9595269,3,,
"POINT (-81.9513222 26.4619119)",83401,1793441053,26.4619119,-81.9513222,3,,
"POINT (-81.9528134 26.4610432)",83402,1793441054,26.4610432,-81.9528134,3,,
"POINT (-81.9527456 26.4604521)",83403,1793441056,26.4604521,-81.9527456,3,,
"POINT (-81.9521262 26.4616362)",83404,1793441057,26.4616362,-81.9521262,3,,
"POINT (-81.9538017 26.4610291)",83405,1793441064,26.4610291,-81.9538017,3,,
"POINT (-81.9523525 26.4609639)",83406,1793441067,26.4609639,-81.9523525,3,,
"POINT (-81.9537957 26.4608607)",83407,1793441071,26.4608607,-81.9537957,3,,
"POINT (-81.9529462 26.4605259)",83408,1793441072,26.4605259,-81.9529462,3,,
"POINT (-81.9513953 26.4616503)",83409,1793441073,26.4616503,-81.9513953,3,,
"POINT (-81.9523576 26.4622024)",83410,1793441075,26.4622024,-81.9523576,3,,
"POINT (-81.9527753 26.4612295)",83411,1793441076,26.4612295,-81.9527753,3,,
"POINT (-81.9519106 26.4612853)",83412,1793441087,26.4612853,-81.9519106,3,,
"POINT (-81.9524383 26.4619089)",83413,1793441090,26.4619089,-81.9524383,3,,
"POINT (-81.9529046 26.4606888)",83414,1793441091,26.4606888,-81.9529046,3,,
"POINT (-81.9523833 26.4599817)",83415,1793441105,26.4599817,-81.9523833,3,,
"POINT (-81.953822 26.4614054)",83416,1793441107,26.4614054,-81.953822,3,,
"POINT (-81.9519948 26.4608715)",83417,1793441117,26.4608715,-81.9519948,3,,
"POINT (-81.9537848 26.4607041)",83418,1793441127,26.4607041,-81.9537848,3,,
"POINT (-81.9518238 26.4615157)",83419,1793441128,26.4615157,-81.9518238,3,,
"POINT (-81.9528451 26.4600904)",83420,1793441131,26.4600904,-81.9528451,3,,
"POINT (-81.9523448 26.4602836)",83421,1793441138,26.4602836,-81.9523448,3,,
"POINT (-81.9523602 26.4610733)",83422,1793441139,26.4610733,-81.9523602,3,,
"POINT (-81.9469331 26.4595711)",83423,1793686990,26.4595711,-81.9469331,3,,
"POINT (-81.9445034 26.4610398)",83424,1793687007,26.4610398,-81.9445034,3,,
"POINT (-81.9476715 26.4588639)",83425,1793687017,26.4588639,-81.9476715,3,,
"POINT (-81.944503 26.4611463)",83426,1793687032,26.4611463,-81.944503,1,,
"POINT (-81.9470886 26.4598304)",83427,1793687042,26.4598304,-81.9470886,3,,
"POINT (-81.9469327 26.458505)",83428,1793687081,26.458505,-81.9469327,3,,
"POINT (-81.9444811 26.4588237)",83429,1793687093,26.4588237,-81.9444811,3,,
"POINT (-81.9446888 26.4585949)",83430,1793687098,26.4585949,-81.9446888,3,,
"POINT (-81.9445325 26.4609062)",83431,1793687104,26.4609062,-81.9445325,3,,
"POINT (-81.9449233 26.4589886)",83432,1793687105,26.4589886,-81.9449233,3,,
"POINT (-81.9448583 26.4589608)",83433,1793687107,26.4589608,-81.9448583,3,,
"POINT (-81.9470893 26.4581636)",83434,1793687116,26.4581636,-81.9470893,3,,
"POINT (-81.9491881 26.4609713)",83435,1793687118,26.4609713,-81.9491881,3,,
"POINT (-81.9450009 26.4590273)",83436,1793687126,26.4590273,-81.9450009,3,,
"POINT (-81.9470096 26.4582597)",83437,1793687143,26.4582597,-81.9470096,3,,
"POINT (-81.945097 26.4590792)",83438,1793687152,26.4590792,-81.945097,3,,
"POINT (-81.9453477 26.4611239)",83439,1793687160,26.4611239,-81.9453477,3,,
"POINT (-81.9440792 26.4586562)",83440,1793687161,26.4586562,-81.9440792,3,,
"POINT (-81.9443014 26.4587658)",83441,1793687163,26.4587658,-81.9443014,3,,
"POINT (-81.9469679 26.4596767)",83442,1793687172,26.4596767,-81.9469679,3,,
"POINT (-81.9453506 26.4612736)",83443,1793687174,26.4612736,-81.9453506,1,,
"POINT (-81.9447042 26.4588868)",83444,1793687179,26.4588868,-81.9447042,1,,
"POINT (-81.9177318 26.5055793)",83483,1800539079,26.5055793,-81.9177318,1,,
"POINT (-81.9188955 26.5049877)",83484,1800545050,26.5049877,-81.9188955,4,,
"POINT (-81.9187484 26.5045304)",83485,1800545051,26.5045304,-81.9187484,1,,
"POINT (-81.9184318 26.504929)",83486,1800545053,26.504929,-81.9184318,3,,
"POINT (-81.9189709 26.5045568)",83487,1800545062,26.5045568,-81.9189709,1,,
"POINT (-81.9188856 26.5047665)",83488,1800545063,26.5047665,-81.9188856,3,,
"POINT (-81.9188797 26.5045904)",83489,1800545066,26.5045904,-81.9188797,3,,
"POINT (-81.979058 26.5071339)",83568,1811948527,26.5071339,-81.979058,2,,
"POINT (-81.9816173 26.5063479)",83576,1811948571,26.5063479,-81.9816173,3,,
"POINT (-81.9817331 26.506283)",83579,1811948581,26.506283,-81.9817331,3,,
"POINT (-81.9817677 26.4938568)",83591,1811948624,26.4938568,-81.9817677,3,,
"POINT (-81.9795926 26.5064304)",83596,1811948640,26.5064304,-81.9795926,3,,
"POINT (-81.9809004 26.4938533)",83597,1811948645,26.4938533,-81.9809004,3,,
"POINT (-81.9808978 26.4937476)",83598,1811948646,26.4937476,-81.9808978,3,,
"POINT (-81.9795704 26.5065641)",83603,1811948667,26.5065641,-81.9795704,3,,
"POINT (-81.9787876 26.5071724)",83605,1811948675,26.5071724,-81.9787876,3,,
"POINT (-81.9793957 26.5069306)",83607,1811948684,26.5069306,-81.9793957,2,,
"POINT (-81.9796916 26.5064149)",83608,1811948689,26.5064149,-81.9796916,3,,
"POINT (-81.9797869 26.5063561)",83613,1811948726,26.5063561,-81.9797869,3,,
"POINT (-81.978053 26.5073958)",83615,1811948736,26.5073958,-81.978053,4,,
"POINT (-81.9796627 26.5064458)",83617,1811948740,26.5064458,-81.9796627,3,,
"POINT (-81.9796567 26.5063539)",83620,1811948767,26.5063539,-81.9796567,3,,
"POINT (-81.9816933 26.5064291)",83621,1811948769,26.5064291,-81.9816933,3,,
"POINT (-81.9795945 26.5065149)",83625,1811948819,26.5065149,-81.9795945,3,,
"POINT (-81.9817678 26.4937529)",83626,1811948820,26.4937529,-81.9817678,4,,
"POINT (-81.979599 26.5064765)",83628,1811948841,26.5064765,-81.979599,3,,
"POINT (-81.9753911 26.4968767)",83656,1812862173,26.4968767,-81.9753911,3,,
"POINT (-81.9497735 26.4677807)",83657,1816148609,26.4677807,-81.9497735,1,,
"POINT (-81.9506318 26.4683137)",83658,1816148610,26.4683137,-81.9506318,3,,
"POINT (-81.9501446 26.4673114)",83659,1816148614,26.4673114,-81.9501446,3,,
"POINT (-81.9500721 26.4684608)",83660,1816148646,26.4684608,-81.9500721,3,,
"POINT (-81.9487736 26.4684554)",83661,1816148666,26.4684554,-81.9487736,3,,
"POINT (-81.9486397 26.4682427)",83662,1816148720,26.4682427,-81.9486397,3,,
"POINT (-81.9510046 26.4682975)",83663,1816148723,26.4682975,-81.9510046,3,,
"POINT (-81.9498878 26.468171)",83664,1816148725,26.468171,-81.9498878,3,,
"POINT (-81.9300116 26.4905869)",83665,1843518717,26.4905869,-81.9300116,3,,
"POINT (-81.9293102 26.4928842)",83666,1843518720,26.4928842,-81.9293102,3,,
"POINT (-81.9299847 26.4897812)",83667,1843518744,26.4897812,-81.9299847,3,,
"POINT (-81.9309046 26.4897622)",83668,1843518753,26.4897622,-81.9309046,3,,
"POINT (-81.9309342 26.490566)",83669,1843518754,26.490566,-81.9309342,3,,
"POINT (-81.9350557 26.493105)",83670,1843518766,26.493105,-81.9350557,3,,
"POINT (-81.9309194 26.4901644)",83671,1843518767,26.4901644,-81.9309194,3,,
"POINT (-81.9323317 26.4940728)",83672,1843518776,26.4940728,-81.9323317,3,,
"POINT (-81.9296145 26.4897889)",83673,1843518778,26.4897889,-81.9296145,3,,
"POINT (-81.9295362 26.4927209)",83674,1843518782,26.4927209,-81.9295362,3,,
"POINT (-81.9373383 26.4941518)",83675,1843518793,26.4941518,-81.9373383,3,,
"POINT (-81.929636 26.4905953)",83676,1843518799,26.4905953,-81.929636,3,,
"POINT (-81.9293356 26.4937868)",83677,1843518808,26.4937868,-81.9293356,3,,
"POINT (-81.929308 26.4927284)",83678,1843518816,26.4927284,-81.929308,3,,
"POINT (-81.9390633 26.4913448)",83679,1843518850,26.4913448,-81.9390633,1,,
"POINT (-81.9351091 26.4953073)",83680,1843518858,26.4953073,-81.9351091,4,,
"POINT (-81.9336532 26.4937117)",83681,1843518865,26.4937117,-81.9336532,3,,
"POINT (-81.9293893 26.4938493)",83682,1843518870,26.4938493,-81.9293893,3,,
"POINT (-81.9301718 26.4947319)",83683,1843518879,26.4947319,-81.9301718,1,,
"POINT (-81.929446 26.4897924)",83684,1843518896,26.4897924,-81.929446,3,,
"POINT (-81.9294724 26.490599)",83685,1843518902,26.490599,-81.9294724,3,,
"POINT (-81.9299981 26.4901837)",83686,1843518946,26.4901837,-81.9299981,3,,
"POINT (-81.9371239 26.4952576)",83687,1843518959,26.4952576,-81.9371239,3,,
"POINT (-81.931274 26.4940886)",83688,1843518965,26.4940886,-81.931274,3,,
"POINT (-81.9336915 26.4931699)",83689,1843518967,26.4931699,-81.9336915,3,,
"POINT (-81.9370363 26.4930421)",83690,1843533053,26.4930421,-81.9370363,3,,
"POINT (-81.9371409 26.4930405)",83691,1843533056,26.4930405,-81.9371409,3,,
"POINT (-81.9411345 26.4905743)",83692,1843533133,26.4905743,-81.9411345,3,,
"POINT (-81.9349824 26.4909116)",83693,1843539998,26.4909116,-81.9349824,3,,
"POINT (-81.9678033 26.4796726)",83694,1843564590,26.4796726,-81.9678033,3,,
"POINT (-81.9674778 26.479651)",83695,1843564611,26.479651,-81.9674778,3,,
"POINT (-81.9335891 26.4991497)",83696,1843578066,26.4991497,-81.9335891,3,,
"POINT (-81.9345493 26.4987984)",83697,1843578077,26.4987984,-81.9345493,1,,
"POINT (-81.9346046 26.5005999)",83698,1843578079,26.5005999,-81.9346046,3,,
"POINT (-81.9345601 26.4992017)",83699,1843578092,26.4992017,-81.9345601,1,,
"POINT (-81.9345337 26.4979661)",83700,1843578101,26.4979661,-81.9345337,3,,
"POINT (-81.9338057 26.5006182)",83701,1843578110,26.5006182,-81.9338057,3,,
"POINT (-81.9335676 26.4988656)",83702,1843578132,26.4988656,-81.9335676,3,,
"POINT (-81.9331304 26.4987408)",83703,1843578160,26.4987408,-81.9331304,1,,
"POINT (-81.9349403 26.5004145)",83704,1843578171,26.5004145,-81.9349403,3,,
"POINT (-81.9352168 26.4990319)",83705,1843578198,26.4990319,-81.9352168,3,,
"POINT (-81.9346809 26.4989887)",83706,1843578202,26.4989887,-81.9346809,5,,
"POINT (-81.9317403 26.4973516)",83707,1843578207,26.4973516,-81.9317403,2,,
"POINT (-81.931462 26.49754)",83708,1843578215,26.49754,-81.931462,2,,
"POINT (-81.9349715 26.4979613)",83709,1843578222,26.4979613,-81.9349715,3,,
"POINT (-81.9337247 26.4990052)",83710,1843578255,26.4990052,-81.9337247,3,,
"POINT (-81.9331331 26.4992809)",83711,1843578267,26.4992809,-81.9331331,1,,
"POINT (-81.9314679 26.4979061)",83712,1843578270,26.4979061,-81.9314679,3,,
"POINT (-81.9352133 26.4989118)",83713,1843578276,26.4989118,-81.9352133,3,,
"POINT (-81.9359242 26.5012881)",83714,1843582316,26.5012881,-81.9359242,3,,
"POINT (-81.9352964 26.5014324)",83715,1843582323,26.5014324,-81.9352964,3,,
"POINT (-81.9358533 26.5013694)",83716,1843582347,26.5013694,-81.9358533,3,,
"POINT (-81.9352939 26.5013578)",83717,1843582358,26.5013578,-81.9352939,3,,
"POINT (-81.9374024 26.5013758)",83718,1843582381,26.5013758,-81.9374024,3,,
"POINT (-81.9374079 26.5014913)",83719,1843582383,26.5014913,-81.9374079,3,,
"POINT (-81.9385909 26.5014721)",83720,1843582422,26.5014721,-81.9385909,3,,
"POINT (-81.9356222 26.5008434)",83721,1843582439,26.5008434,-81.9356222,1,,
"POINT (-81.9358361 26.5014226)",83722,1843582465,26.5014226,-81.9358361,3,,
"POINT (-81.9362358 26.5015066)",83723,1843582479,26.5015066,-81.9362358,3,,
"POINT (-81.9669109 26.5049501)",83724,1869746258,26.5049501,-81.9669109,3,,
"POINT (-81.9660339 26.5066608)",83725,1869746260,26.5066608,-81.9660339,3,,
"POINT (-81.9656075 26.5066693)",83726,1869746262,26.5066693,-81.9656075,3,,
"POINT (-81.9666053 26.5066464)",83727,1869746266,26.5066464,-81.9666053,3,,
"POINT (-81.9665698 26.5058821)",83728,1869746271,26.5058821,-81.9665698,3,,
"POINT (-81.9654171 26.5066687)",83729,1869746272,26.5066687,-81.9654171,3,,
"POINT (-81.9679241 26.5058641)",83730,1869746276,26.5058641,-81.9679241,3,,
"POINT (-81.9673242 26.5066287)",83731,1869746279,26.5066287,-81.9673242,3,,
"POINT (-81.9651997 26.5049697)",83732,1869746280,26.5049697,-81.9651997,3,,
"POINT (-81.9669594 26.5066394)",83733,1869746300,26.5066394,-81.9669594,3,,
"POINT (-81.9652238 26.5058049)",83734,1869746302,26.5058049,-81.9652238,3,,
"POINT (-81.9673134 26.5057808)",83735,1869746303,26.5057808,-81.9673134,3,,
"POINT (-81.967681 26.5057746)",83736,1869746305,26.5057746,-81.967681,4,,
"POINT (-81.9647142 26.506648)",83737,1869746309,26.506648,-81.9647142,3,,
"POINT (-81.9655967 26.5057861)",83738,1869746314,26.5057861,-81.9655967,4,,
"POINT (-81.9641509 26.5058327)",83739,1869746325,26.5058327,-81.9641509,3,,
"POINT (-81.9648619 26.5049784)",83740,1869746327,26.5049784,-81.9648619,3,,
"POINT (-81.9669378 26.505787)",83741,1869746330,26.505787,-81.9669378,3,,
"POINT (-81.9661842 26.5049608)",83742,1869746332,26.5049608,-81.9661842,3,,
"POINT (-81.9665678 26.5057932)",83743,1869746333,26.5057932,-81.9665678,3,,
"POINT (-81.9663514 26.5044045)",83744,1869746335,26.5044045,-81.9663514,3,,
"POINT (-81.9641403 26.504994)",83745,1869746336,26.504994,-81.9641403,3,,
"POINT (-81.9676889 26.5058672)",83746,1869746338,26.5058672,-81.9676889,4,,
"POINT (-81.9679219 26.5057706)",83747,1869746350,26.5057706,-81.9679219,3,,
"POINT (-81.9655512 26.5049635)",83748,1869746351,26.5049635,-81.9655512,3,,
"POINT (-81.9645025 26.5058236)",83749,1869746356,26.5058236,-81.9645025,3,,
"POINT (-81.9643522 26.5066464)",83750,1869746359,26.5066464,-81.9643522,3,,
"POINT (-81.9644917 26.504988)",83751,1869746362,26.504988,-81.9644917,3,,
"POINT (-81.9648807 26.505815)",83752,1869746363,26.505815,-81.9648807,3,,
"POINT (-81.966235 26.5066529)",83753,1869746366,26.5066529,-81.966235,3,,
"POINT (-81.963958 26.5059145)",83754,1869746372,26.5059145,-81.963958,3,,
"POINT (-81.9650523 26.5059006)",83755,1869746373,26.5059006,-81.9650523,3,,
"POINT (-81.9655965 26.505868)",83756,1869746377,26.505868,-81.9655965,4,,
"POINT (-81.9672918 26.5049402)",83757,1869746378,26.5049402,-81.9672918,3,,
"POINT (-81.9660043 26.5058776)",83758,1869746380,26.5058776,-81.9660043,4,,
"POINT (-81.9662029 26.5058882)",83759,1869746385,26.5058882,-81.9662029,3,,
"POINT (-81.9665597 26.5049592)",83760,1869746391,26.5049592,-81.9665597,3,,
"POINT (-81.9659615 26.5049617)",83761,1869746397,26.5049617,-81.9659615,3,,
"POINT (-81.9639553 26.5058377)",83762,1869746402,26.5058377,-81.9639553,3,,
"POINT (-81.9662003 26.5057994)",83763,1869746403,26.5057994,-81.9662003,3,,
"POINT (-81.9673107 26.5058722)",83764,1869746415,26.5058722,-81.9673107,3,,
"POINT (-81.9653976 26.5058882)",83765,1869746418,26.5058882,-81.9653976,3,,
"POINT (-81.9643549 26.5059098)",83766,1869746427,26.5059098,-81.9643549,3,,
"POINT (-81.9669351 26.5058772)",83767,1869746431,26.5058772,-81.9669351,3,,
"POINT (-81.9647105 26.5059085)",83768,1869746432,26.5059085,-81.9647105,3,,
"POINT (-81.9660003 26.5058027)",83769,1869746434,26.5058027,-81.9660003,4,,
"POINT (-81.9650659 26.5066637)",83770,1869746439,26.5066637,-81.9650659,3,,
"POINT (-81.9562751 26.5073343)",83771,1869782883,26.5073343,-81.9562751,3,,
"POINT (-81.9584656 26.5062041)",83772,1869782890,26.5062041,-81.9584656,3,,
"POINT (-81.9583065 26.505446)",83773,1869782991,26.505446,-81.9583065,3,,
"POINT (-81.9583169 26.5059013)",83774,1869783001,26.5059013,-81.9583169,3,,
"POINT (-81.9590311 26.505475)",83775,1869783009,26.505475,-81.9590311,3,,
"POINT (-81.9563447 26.5079979)",83776,1869783036,26.5079979,-81.9563447,3,,
"POINT (-81.9583445 26.5062804)",83777,1869783063,26.5062804,-81.9583445,4,,
"POINT (-81.9750355 26.4939709)",83778,1869848934,26.4939709,-81.9750355,3,,
"POINT (-81.9743766 26.4955467)",83779,1869848936,26.4955467,-81.9743766,3,,
"POINT (-81.976586 26.4945274)",83780,1869848954,26.4945274,-81.976586,3,,
"POINT (-81.9737651 26.4950641)",83781,1869848960,26.4950641,-81.9737651,3,,
"POINT (-81.9750463 26.4944707)",83782,1869848966,26.4944707,-81.9750463,3,,
"POINT (-81.9741384 26.4948932)",83783,1869848982,26.4948932,-81.9741384,3,,
"POINT (-81.9730312 26.4953949)",83784,1869849004,26.4953949,-81.9730312,3,,
"POINT (-81.9723941 26.4948511)",83785,1869849006,26.4948511,-81.9723941,3,,
"POINT (-81.9746844 26.4946391)",83786,1869849008,26.4946391,-81.9746844,3,,
"POINT (-81.9723871 26.4944454)",83787,1869849012,26.4944454,-81.9723871,3,,
"POINT (-81.9735819 26.4951466)",83788,1869849014,26.4951466,-81.9735819,3,,
"POINT (-81.9730269 26.4950168)",83789,1869849016,26.4950168,-81.9730269,3,,
"POINT (-81.9723821 26.4940157)",83790,1869849035,26.4940157,-81.9723821,3,,
"POINT (-81.9718872 26.4961282)",83791,1869849062,26.4961282,-81.9718872,3,,
"POINT (-81.9742423 26.4953141)",83792,1869849081,26.4953141,-81.9742423,4,,
"POINT (-81.9726028 26.4944401)",83793,1869849083,26.4944401,-81.9726028,3,,
"POINT (-81.9744923 26.4943714)",83794,1869849086,26.4943714,-81.9744923,3,,
"POINT (-81.9730287 26.4951752)",83795,1869849094,26.4951752,-81.9730287,3,,
"POINT (-81.9730232 26.4946831)",83796,1869849114,26.4946831,-81.9730232,3,,
"POINT (-81.9723969 26.4950192)",83797,1869849115,26.4950192,-81.9723969,3,,
"POINT (-81.9741248 26.4944171)",83798,1869849119,26.4944171,-81.9741248,3,,
"POINT (-81.9730307 26.495348)",83799,1869849123,26.495348,-81.9730307,3,,
"POINT (-81.9739374 26.4949864)",83800,1869849125,26.4949864,-81.9739374,4,,
"POINT (-81.9732165 26.4953113)",83801,1869849127,26.4953113,-81.9732165,3,,
"POINT (-81.9748616 26.4945567)",83802,1869849136,26.4945567,-81.9748616,3,,
"POINT (-81.9738986 26.494419)",83803,1869849154,26.494419,-81.9738986,4,,
"POINT (-81.9743188 26.4948092)",83804,1869849157,26.4948092,-81.9743188,3,,
"POINT (-81.9754028 26.4934416)",83805,1869849160,26.4934416,-81.9754028,3,,
"POINT (-81.9743024 26.4943914)",83806,1869849161,26.4943914,-81.9743024,3,,
"POINT (-81.9735683 26.4944231)",83807,1869849162,26.4944231,-81.9735683,3,,
"POINT (-81.9739947 26.4936364)",83808,1869849168,26.4936364,-81.9739947,3,,
"POINT (-81.9741501 26.4953601)",83809,1869849174,26.4953601,-81.9741501,4,,
"POINT (-81.9734008 26.4952283)",83810,1869849191,26.4952283,-81.9734008,3,,
"POINT (-81.9733832 26.4944254)",83811,1869849193,26.4944254,-81.9733832,3,,
"POINT (-81.9737453 26.4944209)",83812,1869849202,26.4944209,-81.9737453,3,,
"POINT (-81.9754043 26.4939678)",83813,1869849206,26.4939678,-81.9754043,3,,
"POINT (-81.9740281 26.4949444)",83814,1869849228,26.4949444,-81.9740281,4,,
"POINT (-81.9723998 26.4951848)",83815,1869849229,26.4951848,-81.9723998,3,,
"POINT (-81.9764654 26.4943085)",83816,1869849238,26.4943085,-81.9764654,3,,
"POINT (-81.9723914 26.4946927)",83817,1869849265,26.4946927,-81.9723914,3,,
"POINT (-81.972592 26.4940116)",83818,1869849267,26.4940116,-81.972592,3,,
"POINT (-81.9752192 26.4939693)",83819,1869849273,26.4939693,-81.9752192,3,,
"POINT (-81.9740013 26.494419)",83820,1869849285,26.494419,-81.9740013,4,,
"POINT (-81.973025 26.494844)",83821,1869849290,26.494844,-81.973025,3,,
"POINT (-81.9748477 26.4939724)",83822,1869849299,26.4939724,-81.9748477,3,,
"POINT (-81.9755894 26.4939662)",83823,1869849305,26.4939662,-81.9755894,3,,
"POINT (-81.974679 26.4943659)",83824,1869849307,26.4943659,-81.974679,3,,
"POINT (-81.9738821 26.4936378)",83825,1869849311,26.4936378,-81.9738821,4,,
"POINT (-81.9754104 26.4942982)",83826,1869849312,26.4942982,-81.9754104,3,,
"POINT (-81.9731954 26.4944277)",83827,1869849322,26.4944277,-81.9731954,3,,
"POINT (-81.9761636 26.4939614)",83828,1869849328,26.4939614,-81.9761636,3,,
"POINT (-81.9730203 26.4944298)",83829,1869849332,26.4944298,-81.9730203,3,,
"POINT (-81.9742817 26.4955901)",83830,1869849335,26.4955901,-81.9742817,3,,
"POINT (-81.9745008 26.4947245)",83831,1869849341,26.4947245,-81.9745008,3,,
"POINT (-81.9732438 26.4944271)",83832,1869849348,26.4944271,-81.9732438,3,,
"POINT (-81.9752277 26.4943822)",83833,1869849352,26.4943822,-81.9752277,3,,
"POINT (-81.9755913 26.4942148)",83834,1869849359,26.4942148,-81.9755913,3,,
"POINT (-81.9724028 26.4953585)",83835,1869849365,26.4953585,-81.9724028,3,,
"POINT (-81.9739716 26.4934587)",83836,1869866466,26.4934587,-81.9739716,5,,
"POINT (-81.972027 26.4936597)",83837,1869866467,26.4936597,-81.972027,3,,
"POINT (-81.9249602 26.5312882)",83839,1869896930,26.5312882,-81.9249602,3,,
"POINT (-81.9260385 26.5303762)",83840,1869896941,26.5303762,-81.9260385,3,,
"POINT (-81.9246906 26.527111)",83841,1869896962,26.527111,-81.9246906,3,,
"POINT (-81.9249667 26.5313444)",83842,1869896972,26.5313444,-81.9249667,3,,
"POINT (-81.9258775 26.5295315)",83843,1869896984,26.5295315,-81.9258775,3,,
"POINT (-81.9244731 26.5313493)",83845,1869896993,26.5313493,-81.9244731,3,,
"POINT (-81.927531 26.5260177)",83846,1869896994,26.5260177,-81.927531,1,turning_loop,
"POINT (-81.9259806 26.5299408)",83847,1869896999,26.5299408,-81.9259806,3,,
"POINT (-81.9259671 26.5254676)",83848,1869897047,26.5254676,-81.9259671,3,,
"POINT (-81.9249577 26.5313464)",83849,1869897092,26.5313464,-81.9249577,4,,
"POINT (-81.9273589 26.5248501)",83850,1869897206,26.5248501,-81.9273589,3,,
"POINT (-81.9247628 26.5307113)",83851,1869897219,26.5307113,-81.9247628,3,,
"POINT (-81.934154 26.5257462)",83852,1869923829,26.5257462,-81.934154,4,,
"POINT (-81.9336596 26.5254575)",83853,1869923869,26.5254575,-81.9336596,3,,
"POINT (-81.9342198 26.52539)",83854,1869923916,26.52539,-81.9342198,3,,
"POINT (-81.9337036 26.5258061)",83855,1869923920,26.5258061,-81.9337036,3,,
"POINT (-81.9336593 26.5264193)",83856,1869923924,26.5264193,-81.9336593,3,,
"POINT (-81.9338469 26.5253062)",83857,1869924069,26.5253062,-81.9338469,3,,
"POINT (-81.9294038 26.530109)",83858,1869924070,26.530109,-81.9294038,3,,
"POINT (-81.934059 26.5258291)",83859,1869924192,26.5258291,-81.934059,3,,
"POINT (-81.9397303 26.5147426)",83875,1873518152,26.5147426,-81.9397303,3,,
"POINT (-81.9363571 26.5159045)",83876,1873518156,26.5159045,-81.9363571,3,,
"POINT (-81.936113 26.5159073)",83877,1873518202,26.5159073,-81.936113,1,,
"POINT (-81.9370812 26.5173281)",83878,1873518213,26.5173281,-81.9370812,3,,
"POINT (-81.9395044 26.514755)",83879,1873518246,26.514755,-81.9395044,3,,
"POINT (-81.9366548 26.51542)",83880,1873518285,26.51542,-81.9366548,1,,
"POINT (-81.9363871 26.5169102)",83881,1873518299,26.5169102,-81.9363871,3,,
"POINT (-81.9371916 26.5177021)",83882,1873518303,26.5177021,-81.9371916,1,,
"POINT (-81.9365325 26.5169054)",83883,1873518307,26.5169054,-81.9365325,4,,
"POINT (-81.9373567 26.5172277)",83884,1873518405,26.5172277,-81.9373567,3,,
"POINT (-81.9365011 26.5156237)",83885,1873518407,26.5156237,-81.9365011,4,,
"POINT (-81.9376823 26.5159741)",83886,1873518420,26.5159741,-81.9376823,3,,
"POINT (-81.937433 26.5164061)",83887,1873518450,26.5164061,-81.937433,1,,
"POINT (-81.9379431 26.5159765)",83888,1873518462,26.5159765,-81.9379431,3,,
"POINT (-81.9368398 26.51452)",83889,1873518503,26.51452,-81.9368398,1,,
"POINT (-81.9363516 26.5157221)",83890,1873518511,26.5157221,-81.9363516,3,,
"POINT (-81.9366601 26.5156217)",83891,1873518644,26.5156217,-81.9366601,3,,
"POINT (-81.9379464 26.516063)",83892,1873518670,26.516063,-81.9379464,3,,
"POINT (-81.9367523 26.517369)",83893,1873518788,26.517369,-81.9367523,4,,
"POINT (-81.936112 26.5157245)",83894,1873518791,26.5157245,-81.936112,1,,
"POINT (-81.9393535 26.5146638)",83895,1873518881,26.5146638,-81.9393535,3,,
"POINT (-81.9376822 26.5160653)",83896,1873518929,26.5160653,-81.9376822,3,,
"POINT (-81.9365747 26.5153333)",83897,1873519042,26.5153333,-81.9365747,3,,
"POINT (-81.936172 26.5145152)",83898,1873519048,26.5145152,-81.936172,1,,
"POINT (-81.9368962 26.514772)",83899,1873519098,26.514772,-81.9368962,3,,
"POINT (-81.937733 26.5162969)",83900,1873519106,26.5162969,-81.937733,3,,
"POINT (-81.937851 26.5168684)",83901,1873519109,26.5168684,-81.937851,4,,
"POINT (-81.9411275 26.5126998)",83902,1873746675,26.5126998,-81.9411275,3,,
"POINT (-81.9806457 26.5060738)",83926,1881987540,26.5060738,-81.9806457,1,,
"POINT (-81.9815064 26.5063484)",83927,1881987563,26.5063484,-81.9815064,3,,
"POINT (-81.9801924 26.506165)",83928,1881987577,26.506165,-81.9801924,1,,
"POINT (-81.9796705 26.5069714)",83929,1881987585,26.5069714,-81.9796705,1,,
"POINT (-81.9794246 26.5068699)",83930,1881987626,26.5068699,-81.9794246,3,,
"POINT (-81.9801441 26.5066162)",83931,1881987749,26.5066162,-81.9801441,1,,
"POINT (-81.9816971 26.5066426)",83932,1881987760,26.5066426,-81.9816971,1,,
"POINT (-81.9806492 26.5066406)",83933,1881987776,26.5066406,-81.9806492,1,,
"POINT (-81.9796275 26.5064815)",83934,1881987799,26.5064815,-81.9796275,4,,
"POINT (-81.9798813 26.5065826)",83935,1881987827,26.5065826,-81.9798813,1,,
"POINT (-81.9815145 26.5061469)",83936,1881987854,26.5061469,-81.9815145,1,,
"POINT (-81.9811792 26.5063497)",83937,1881987873,26.5063497,-81.9811792,3,,
"POINT (-81.9806427 26.5063518)",83938,1881987932,26.5063518,-81.9806427,4,,
"POINT (-81.9811795 26.5066474)",83939,1881988235,26.5066474,-81.9811795,1,,
"POINT (-81.9801894 26.5063535)",83940,1881988250,26.5063535,-81.9801894,4,,
"POINT (-81.9791906 26.5059898)",83941,1881988254,26.5059898,-81.9791906,1,,
"POINT (-81.9810505 26.5063502)",83942,1881988272,26.5063502,-81.9810505,3,,
"POINT (-81.9810373 26.5060522)",83943,1881988299,26.5060522,-81.9810373,1,,
"POINT (-81.9731349 26.5050087)",83944,1881994078,26.5050087,-81.9731349,1,turning_loop,
"POINT (-81.9746429 26.508066)",83945,1881994140,26.508066,-81.9746429,4,,
"POINT (-81.9742326 26.5078524)",83946,1881994209,26.5078524,-81.9742326,1,,
"POINT (-81.9737602 26.5082349)",83947,1881994262,26.5082349,-81.9737602,3,,
"POINT (-81.9733141 26.5079565)",83948,1881994325,26.5079565,-81.9733141,3,,
"POINT (-81.9747902 26.5078654)",83949,1881994340,26.5078654,-81.9747902,1,,
"POINT (-81.9734249 26.5081511)",83950,1881994380,26.5081511,-81.9734249,3,,
"POINT (-81.9756507 26.5080146)",83951,1881994459,26.5080146,-81.9756507,3,,
"POINT (-81.9744074 26.5080718)",83952,1881994515,26.5080718,-81.9744074,4,,
"POINT (-81.9757131 26.5056777)",83953,1881994541,26.5056777,-81.9757131,3,,
"POINT (-81.9572408 26.4728444)",83954,1882035876,26.4728444,-81.9572408,1,,
"POINT (-81.948179 26.5054686)",84020,1883377345,26.5054686,-81.948179,1,turning_circle,
"POINT (-81.9480255 26.5022348)",84021,1883377360,26.5022348,-81.9480255,3,,
"POINT (-81.9535256 26.5100594)",84022,1883377371,26.5100594,-81.9535256,3,,
"POINT (-81.9507523 26.5129054)",84023,1883377402,26.5129054,-81.9507523,3,,
"POINT (-81.953918 26.5104666)",84024,1883377414,26.5104666,-81.953918,3,,
"POINT (-81.9523085 26.5109352)",84025,1883377415,26.5109352,-81.9523085,3,,
"POINT (-81.9530782 26.5103291)",84026,1883377419,26.5103291,-81.9530782,3,,
"POINT (-81.9518144 26.5019995)",84027,1883377425,26.5019995,-81.9518144,3,,
"POINT (-81.9482002 26.5021551)",84028,1883377440,26.5021551,-81.9482002,3,,
"POINT (-81.9489421 26.5054477)",84029,1883377448,26.5054477,-81.9489421,3,,
"POINT (-81.9513755 26.5022428)",84030,1883377482,26.5022428,-81.9513755,3,,
"POINT (-81.9514418 26.5023293)",84031,1883377495,26.5023293,-81.9514418,3,,
"POINT (-81.9481883 26.5069163)",84032,1883377504,26.5069163,-81.9481883,1,,
"POINT (-81.9527467 26.5113673)",84033,1883377518,26.5113673,-81.9527467,3,,
"POINT (-81.9438594 26.5121635)",84034,1883377520,26.5121635,-81.9438594,4,traffic_signals,
"POINT (-81.9526635 26.5114305)",84035,1883377528,26.5114305,-81.9526635,4,,
"POINT (-81.9521727 26.5087823)",84036,1883377530,26.5087823,-81.9521727,3,,
"POINT (-81.9491847 26.5021026)",84037,1883377535,26.5021026,-81.9491847,3,,
"POINT (-81.9490225 26.5064603)",84038,1883377537,26.5064603,-81.9490225,3,,
"POINT (-81.9518296 26.5021267)",84039,1883377546,26.5021267,-81.9518296,3,,
"POINT (-81.9495039 26.5107569)",84040,1883388849,26.5107569,-81.9495039,3,,
"POINT (-81.9506224 26.5101268)",84041,1883388860,26.5101268,-81.9506224,1,,
"POINT (-81.9491244 26.5113039)",84042,1883388866,26.5113039,-81.9491244,3,,
"POINT (-81.9491123 26.5118583)",84043,1883388871,26.5118583,-81.9491123,3,,
"POINT (-81.9491532 26.5114064)",84044,1883388895,26.5114064,-81.9491532,3,,
"POINT (-81.9502154 26.5096945)",84045,1883388904,26.5096945,-81.9502154,3,,
"POINT (-81.9506237 26.5103822)",84046,1883388913,26.5103822,-81.9506237,1,,
"POINT (-81.9473742 26.5148167)",84047,1883388932,26.5148167,-81.9473742,3,,
"POINT (-81.9499277 26.5110725)",84048,1883388977,26.5110725,-81.9499277,1,,
"POINT (-81.9491091 26.5107631)",84049,1883389054,26.5107631,-81.9491091,3,,
"POINT (-81.9497865 26.5100972)",84050,1883389058,26.5100972,-81.9497865,3,,
"POINT (-81.9506211 26.5097894)",84051,1883389108,26.5097894,-81.9506211,3,,
"POINT (-81.9492156 26.5112079)",84052,1883389200,26.5112079,-81.9492156,1,,
"POINT (-81.9480893 26.5149535)",84053,1883389233,26.5149535,-81.9480893,4,,
"POINT (-81.9494387 26.5097949)",84054,1883389278,26.5097949,-81.9494387,3,,
"POINT (-81.9491168 26.5114098)",84055,1883389286,26.5114098,-81.9491168,4,,
"POINT (-81.9437336 26.5142312)",84056,1883389308,26.5142312,-81.9437336,3,,
"POINT (-81.9500899 26.5103608)",84057,1883389311,26.5103608,-81.9500899,3,,
"POINT (-81.9498514 26.5090165)",84058,1883389318,26.5090165,-81.9498514,3,,
"POINT (-81.9492325 26.5118629)",84059,1883389323,26.5118629,-81.9492325,3,,
"POINT (-81.9490974 26.5103502)",84060,1883389357,26.5103502,-81.9490974,3,,
"POINT (-81.9465904 26.5120855)",84061,1883389384,26.5120855,-81.9465904,3,,
"POINT (-81.9506063 26.5092916)",84062,1883389389,26.5092916,-81.9506063,1,,
"POINT (-81.9493339 26.5111297)",84063,1883389394,26.5111297,-81.9493339,3,,
"POINT (-81.9506184 26.5095494)",84064,1883389396,26.5095494,-81.9506184,1,,
"POINT (-81.9498044 26.5107522)",84065,1883389423,26.5107522,-81.9498044,3,,
"POINT (-81.9477124 26.5145478)",84066,1883389444,26.5145478,-81.9477124,3,,
"POINT (-81.9472375 26.5148791)",84067,1883389459,26.5148791,-81.9472375,3,,
"POINT (-81.9503434 26.5106755)",84068,1883389487,26.5106755,-81.9503434,3,,
"POINT (-81.949923 26.5109165)",84069,1883389528,26.5109165,-81.949923,3,,
"POINT (-81.9493295 26.5107596)",84070,1883389547,26.5107596,-81.9493295,3,,
"POINT (-81.9499169 26.5107162)",84071,1883389594,26.5107162,-81.9499169,3,,
"POINT (-81.9491888 26.5103918)",84072,1883389595,26.5103918,-81.9491888,1,,
"POINT (-81.9498499 26.5093909)",84073,1883389664,26.5093909,-81.9498499,3,,
"POINT (-81.9716297 26.5098481)",84074,1883395060,26.5098481,-81.9716297,1,turning_loop,
"POINT (-81.9815187 26.4936053)",84092,1920874358,26.4936053,-81.9815187,3,,
"POINT (-81.981162 26.4936014)",84093,1920874389,26.4936014,-81.981162,3,,
"POINT (-81.9774777 26.4973907)",84094,1920903598,26.4973907,-81.9774777,3,,
"POINT (-81.9776872 26.4971252)",84095,1920903600,26.4971252,-81.9776872,1,,
"POINT (-81.9761688 26.4971549)",84096,1920903656,26.4971549,-81.9761688,1,,
"POINT (-81.9404797 26.4506141)",84170,1925188152,26.4506141,-81.9404797,1,,
"POINT (-81.9208094 26.4382844)",84171,1925188166,26.4382844,-81.9208094,3,,
"POINT (-81.9209769 26.4394416)",84172,1925188168,26.4394416,-81.9209769,3,,
"POINT (-81.9207408 26.4371276)",84173,1925188208,26.4371276,-81.9207408,3,,
"POINT (-81.9821663 26.5062004)",84174,1928499194,26.5062004,-81.9821663,1,,
"POINT (-81.9609462 26.4972215)",84180,1938962979,26.4972215,-81.9609462,4,,
"POINT (-81.9548426 26.5019504)",84181,1938962981,26.5019504,-81.9548426,3,,
"POINT (-81.9549823 26.5011435)",84182,1938962984,26.5011435,-81.9549823,1,,
"POINT (-81.9589519 26.4947296)",84183,1938962987,26.4947296,-81.9589519,1,,
"POINT (-81.9613042 26.4948952)",84184,1938962988,26.4948952,-81.9613042,1,,
"POINT (-81.9559087 26.4967978)",84185,1938962995,26.4967978,-81.9559087,3,,
"POINT (-81.9614141 26.4972165)",84186,1938962997,26.4972165,-81.9614141,1,,
"POINT (-81.9558886 26.4947779)",84187,1938963001,26.4947779,-81.9558886,3,,
"POINT (-81.9590484 26.4983158)",84188,1938963003,26.4983158,-81.9590484,1,,
"POINT (-81.9559852 26.4964101)",84189,1938963005,26.4964101,-81.9559852,1,,
"POINT (-81.955182 26.4980909)",84190,1938963006,26.4980909,-81.955182,4,,
"POINT (-81.959928 26.4969414)",84191,1938963007,26.4969414,-81.959928,3,,
"POINT (-81.9590526 26.5002083)",84192,1938963008,26.5002083,-81.9590526,3,,
"POINT (-81.9562266 26.4991948)",84193,1938963012,26.4991948,-81.9562266,1,,
"POINT (-81.9548804 26.4982246)",84194,1938963016,26.4982246,-81.9548804,1,,
"POINT (-81.9549192 26.4980458)",84195,1938963019,26.4980458,-81.9549192,3,,
"POINT (-81.9549146 26.4986408)",84196,1938963020,26.4986408,-81.9549146,3,,
"POINT (-81.9521767 26.4999529)",84197,1938963024,26.4999529,-81.9521767,1,,
"POINT (-81.9609339 26.4969299)",84198,1938963030,26.4969299,-81.9609339,3,,
"POINT (-81.9520158 26.4948306)",84199,1938963034,26.4948306,-81.9520158,1,,
"POINT (-81.9617385 26.4971497)",84200,1938963039,26.4971497,-81.9617385,1,,
"POINT (-81.955272 26.5031411)",84201,1938963041,26.5031411,-81.955272,3,,
"POINT (-81.9582392 26.4947371)",84202,1938963042,26.4947371,-81.9582392,4,,
"POINT (-81.9528297 26.4945985)",84203,1938963043,26.4945985,-81.9528297,3,,
"POINT (-81.9590847 26.4973168)",84204,1938963046,26.4973168,-81.9590847,3,,
"POINT (-81.958137 26.495088)",84205,1938963048,26.495088,-81.958137,2,,
"POINT (-81.9562548 26.4985462)",84206,1938963049,26.4985462,-81.9562548,3,,
"POINT (-81.9582405 26.4945222)",84207,1938963050,26.4945222,-81.9582405,3,,
"POINT (-81.9605102 26.494672)",84208,1938963055,26.494672,-81.9605102,3,,
"POINT (-81.9605073 26.4944518)",84209,1938963064,26.4944518,-81.9605073,3,,
"POINT (-81.9543383 26.494799)",84210,1938963065,26.494799,-81.9543383,3,,
"POINT (-81.9609608 26.4975667)",84211,1938963069,26.4975667,-81.9609608,3,,
"POINT (-81.9570348 26.495251)",84212,1938963071,26.495251,-81.9570348,3,,
"POINT (-81.9581273 26.4949867)",84213,1938963073,26.4949867,-81.9581273,3,,
"POINT (-81.9567956 26.4952533)",84214,1938963074,26.4952533,-81.9567956,3,,
"POINT (-81.9517974 26.5009902)",84215,1938963076,26.5009902,-81.9517974,3,,
"POINT (-81.9562385 26.498921)",84216,1938963077,26.498921,-81.9562385,3,,
"POINT (-81.9558891 26.4945591)",84217,1938963081,26.4945591,-81.9558891,3,,
"POINT (-81.9591361 26.4985351)",84218,1938963091,26.4985351,-81.9591361,3,,
"POINT (-81.9517322 26.49702)",84219,1938963092,26.49702,-81.9517322,3,,
"POINT (-81.9543276 26.4945926)",84220,1938963093,26.4945926,-81.9543276,3,,
"POINT (-81.9528737 26.4948189)",84221,1938963095,26.4948189,-81.9528737,3,,
"POINT (-81.9581203 26.494742)",84222,1938963098,26.494742,-81.9581203,4,,
"POINT (-81.9596434 26.4976438)",84223,1938963099,26.4976438,-81.9596434,3,,
"POINT (-81.9522355 26.5045332)",84224,1938963103,26.5045332,-81.9522355,3,,
"POINT (-81.955036 26.5041487)",84225,1938963105,26.5041487,-81.955036,1,,
"POINT (-81.9522548 26.5009815)",84226,1938963106,26.5009815,-81.9522548,3,,
"POINT (-81.9592147 26.4979054)",84227,1938963107,26.4979054,-81.9592147,1,,
"POINT (-81.9593755 26.4974083)",84228,1938963111,26.4974083,-81.9593755,3,,
"POINT (-81.9583136 26.4949781)",84229,1938963112,26.4949781,-81.9583136,2,,
"POINT (-81.952284 26.5031262)",84230,1938963115,26.5031262,-81.952284,3,,
"POINT (-81.9562583 26.4984017)",84231,1938963116,26.4984017,-81.9562583,1,,
"POINT (-81.9566075 26.4947681)",84232,1938963120,26.4947681,-81.9566075,1,,
"POINT (-81.9557211 26.4966296)",84233,1938963122,26.4966296,-81.9557211,3,,
"POINT (-81.9548576 26.5031459)",84234,1938963123,26.5031459,-81.9548576,3,,
"POINT (-81.9599361 26.4974713)",84235,1938963125,26.4974713,-81.9599361,1,,
"POINT (-81.9597109 26.4949193)",84236,1938963133,26.4949193,-81.9597109,1,,
"POINT (-81.9570276 26.4950037)",84237,1938963136,26.4950037,-81.9570276,3,,
"POINT (-81.9526056 26.5051861)",84238,1938963138,26.5051861,-81.9526056,1,,
"POINT (-81.9604888 26.4972285)",84239,1938963139,26.4972285,-81.9604888,1,,
"POINT (-81.958107 26.4955146)",84240,1938963140,26.4955146,-81.958107,1,,
"POINT (-81.9646254 26.4605102)",84250,1975886826,26.4605102,-81.9646254,4,,
"POINT (-81.9661506 26.4623076)",84251,1975886828,26.4623076,-81.9661506,3,,
"POINT (-81.9641556 26.4603161)",84252,1975886829,26.4603161,-81.9641556,3,,
"POINT (-81.9653408 26.4615048)",84253,1975886833,26.4615048,-81.9653408,3,,
"POINT (-81.9649235 26.4610982)",84254,1975886834,26.4610982,-81.9649235,4,,
"POINT (-81.965965 26.4619188)",84255,1975886835,26.4619188,-81.965965,3,,
"POINT (-81.9648135 26.4603134)",84256,1975886836,26.4603134,-81.9648135,3,,
"POINT (-81.9658012 26.4619924)",84257,1975886837,26.4619924,-81.9658012,3,,
"POINT (-81.964456 26.4606304)",84258,1975886838,26.4606304,-81.964456,3,,
"POINT (-81.9646359 26.4599075)",84259,1975886839,26.4599075,-81.9646359,3,,
"POINT (-81.9651737 26.4609055)",84260,1975886840,26.4609055,-81.9651737,1,,
"POINT (-81.9650824 26.4609773)",84261,1975886842,26.4609773,-81.9650824,4,,
"POINT (-81.964511 26.4599922)",84262,1975886844,26.4599922,-81.964511,3,,
"POINT (-81.9664585 26.462254)",84263,1975886849,26.462254,-81.9664585,1,,
"POINT (-81.9659119 26.4621803)",84264,1975886851,26.4621803,-81.9659119,3,,
"POINT (-81.9660014 26.4623692)",84265,1975886853,26.4623692,-81.9660014,3,,
"POINT (-81.9650799 26.4601299)",84266,1975886854,26.4601299,-81.9650799,1,,
"POINT (-81.9646774 26.4601701)",84267,1975886857,26.4601701,-81.9646774,3,,
"POINT (-81.9659948 26.4623538)",84268,1975886859,26.4623538,-81.9659948,3,,
"POINT (-81.9660134 26.4615837)",84269,1975886860,26.4615837,-81.9660134,1,,
"POINT (-81.9646695 26.4598826)",84270,1975886861,26.4598826,-81.9646695,1,,
"POINT (-81.9655755 26.4624658)",84271,1975886863,26.4624658,-81.9655755,1,,
"POINT (-81.9655116 26.4623544)",84272,1975886864,26.4623544,-81.9655116,1,,
"POINT (-81.9660347 26.4620389)",84273,1975886866,26.4620389,-81.9660347,1,,
"POINT (-81.9643101 26.4601899)",84274,1975886868,26.4601899,-81.9643101,3,,
"POINT (-81.9654713 26.4613879)",84275,1975886869,26.4613879,-81.9654713,4,,
"POINT (-81.9661074 26.4617705)",84276,1975891253,26.4617705,-81.9661074,1,,
"POINT (-81.9410299 26.480478)",84277,2019204133,26.480478,-81.9410299,3,,
"POINT (-81.9475985 26.4644269)",84278,2019396613,26.4644269,-81.9475985,1,,
"POINT (-81.9460759 26.4578693)",84279,2019396628,26.4578693,-81.9460759,1,,
"POINT (-81.9461821 26.4594964)",84280,2019396633,26.4594964,-81.9461821,3,,
"POINT (-81.9478986 26.4644215)",84281,2019396637,26.4644215,-81.9478986,1,,
"POINT (-81.9313891 26.4423034)",84282,2019424537,26.4423034,-81.9313891,1,,
"POINT (-81.9519872 26.4716715)",84283,2019558926,26.4716715,-81.9519872,3,,
"POINT (-81.9514699 26.477992)",84284,2019558927,26.477992,-81.9514699,3,,
"POINT (-81.9522063 26.471824)",84285,2019558934,26.471824,-81.9522063,1,,
"POINT (-81.9513606 26.4738961)",84286,2019558937,26.4738961,-81.9513606,3,,
"POINT (-81.9519005 26.4716895)",84287,2019558939,26.4716895,-81.9519005,3,,
"POINT (-81.9514176 26.4761674)",84288,2019558943,26.4761674,-81.9514176,3,,
"POINT (-81.9518013 26.473327)",84289,2019558944,26.473327,-81.9518013,1,,
"POINT (-81.9513812 26.4746547)",84290,2019558950,26.4746547,-81.9513812,3,,
"POINT (-81.9514262 26.4764915)",84291,2019558964,26.4764915,-81.9514262,3,,
"POINT (-81.9511686 26.4748204)",84292,2019558977,26.4748204,-81.9511686,3,,
"POINT (-81.951227 26.4771036)",84293,2019558981,26.4771036,-81.951227,3,,
"POINT (-81.9515699 26.473339)",84294,2019558984,26.473339,-81.9515699,3,,
"POINT (-81.9517342 26.4784745)",84295,2019558988,26.4784745,-81.9517342,1,,
"POINT (-81.9513991 26.4754231)",84296,2019558991,26.4754231,-81.9513991,3,,
"POINT (-81.9519005 26.4718048)",84297,2019558993,26.4718048,-81.9519005,4,,
"POINT (-81.951483 26.4784293)",84298,2019558995,26.4784293,-81.951483,3,,
"POINT (-81.9514475 26.4772453)",84299,2019559005,26.4772453,-81.9514475,3,,
"POINT (-81.9514062 26.4757376)",84300,2019559007,26.4757376,-81.9514062,3,,
"POINT (-81.9513693 26.4742202)",84301,2019559013,26.4742202,-81.9513693,3,,
"POINT (-81.9514432 26.4771037)",84302,2019559015,26.4771037,-81.9514432,3,,
"POINT (-81.9513897 26.4749788)",84303,2019559029,26.4749788,-81.9513897,3,,
"POINT (-81.9510953 26.4718072)",84304,2019559044,26.4718072,-81.9510953,3,,
"POINT (-81.9514376 26.4769165)",84305,2019559048,26.4769165,-81.9514376,3,,
"POINT (-81.9514604 26.4776752)",84306,2019559053,26.4776752,-81.9514604,3,,
"POINT (-81.951922 26.4786258)",84307,2019559059,26.4786258,-81.951922,1,,
"POINT (-81.951093 26.4717184)",84308,2019559062,26.4717184,-81.951093,3,,
"POINT (-81.9519374 26.4708972)",84309,2019559067,26.4708972,-81.9519374,3,,
"POINT (-81.9513856 26.4748156)",84310,2019559072,26.4748156,-81.9513856,3,,
"POINT (-81.9570963 26.4540328)",84311,2021400869,26.4540328,-81.9570963,4,,
"POINT (-81.9569581 26.45421)",84312,2021400879,26.45421,-81.9569581,3,,
"POINT (-81.9567906 26.4541095)",84313,2021400894,26.4541095,-81.9567906,3,,
"POINT (-81.9574848 26.4542697)",84314,2021400899,26.4542697,-81.9574848,3,,
"POINT (-81.9565251 26.4536844)",84315,2021400900,26.4536844,-81.9565251,3,,
"POINT (-81.956929 26.4539308)",84316,2021400901,26.4539308,-81.956929,4,,
"POINT (-81.9303614 26.5116252)",84321,2040730198,26.5116252,-81.9303614,3,,
"POINT (-81.929773 26.5116347)",84322,2040730202,26.5116347,-81.929773,3,,
"POINT (-81.9297784 26.5118171)",84323,2040730208,26.5118171,-81.9297784,3,,
"POINT (-81.9303569 26.5114283)",84324,2040730268,26.5114283,-81.9303569,3,,
"POINT (-81.9297554 26.5112627)",84325,2040730289,26.5112627,-81.9297554,3,,
"POINT (-81.9297636 26.5114356)",84326,2040730304,26.5114356,-81.9297636,3,,
"POINT (-81.9303695 26.5119787)",84327,2040730306,26.5119787,-81.9303695,3,,
"POINT (-81.9303656 26.5118075)",84328,2040730312,26.5118075,-81.9303656,3,,
"POINT (-81.9297831 26.51199)",84329,2040730318,26.51199,-81.9297831,3,,
"POINT (-81.9297855 26.5121603)",84330,2040730379,26.5121603,-81.9297855,3,,
"POINT (-81.9303154 26.5144837)",84331,2040730423,26.5144837,-81.9303154,3,,
"POINT (-81.9292855 26.5150933)",84332,2040766270,26.5150933,-81.9292855,3,,
"POINT (-81.9288643 26.5150861)",84333,2040766287,26.5150861,-81.9288643,3,,
"POINT (-81.9292908 26.5148989)",84334,2040766309,26.5148989,-81.9292908,1,,
"POINT (-81.9293954 26.5147885)",84335,2040766381,26.5147885,-81.9293954,1,,
"POINT (-81.9439954 26.487096)",84339,2145987621,26.487096,-81.9439954,3,,
"POINT (-81.9542833 26.5174384)",84340,2153205938,26.5174384,-81.9542833,3,,
"POINT (-81.955136 26.5181339)",84341,2153205947,26.5181339,-81.955136,2,,
"POINT (-81.9552027 26.5183002)",84342,2153205953,26.5183002,-81.9552027,3,,
"POINT (-81.9542827 26.5183164)",84343,2153205954,26.5183164,-81.9542827,3,,
"POINT (-81.9545876 26.519284)",84344,2153205963,26.519284,-81.9545876,3,,
"POINT (-81.9547695 26.5193914)",84345,2153205965,26.5193914,-81.9547695,3,,
"POINT (-81.9546771 26.5196893)",84346,2153205968,26.5196893,-81.9546771,3,,
"POINT (-81.9545881 26.5196905)",84347,2153205969,26.5196905,-81.9545881,3,,
"POINT (-81.9515773 26.4940985)",84350,2178210401,26.4940985,-81.9515773,3,,
"POINT (-81.9594356 26.4920419)",84351,2178210404,26.4920419,-81.9594356,3,,
"POINT (-81.9594743 26.4934156)",84352,2178210405,26.4934156,-81.9594743,3,,
"POINT (-81.9515142 26.4905718)",84353,2178210411,26.4905718,-81.9515142,1,,
"POINT (-81.9515579 26.4908502)",84354,2178210414,26.4908502,-81.9515579,3,,
"POINT (-81.9391492 26.4463227)",84359,2213554502,26.4463227,-81.9391492,1,,
"POINT (-81.9378729 26.4493371)",84365,2253886537,26.4493371,-81.9378729,1,,
"POINT (-81.9739768 26.4925846)",84389,2900342096,26.4925846,-81.9739768,4,,
"POINT (-81.9740866 26.4922025)",84390,2900342097,26.4922025,-81.9740866,3,,
"POINT (-81.9742533 26.4920352)",84391,2900342603,26.4920352,-81.9742533,3,,
"POINT (-81.9741917 26.4925989)",84392,2900342604,26.4925989,-81.9741917,3,,
"POINT (-81.9738926 26.4929813)",84393,2900342605,26.4929813,-81.9738926,3,,
"POINT (-81.9739745 26.4929775)",84394,2900342606,26.4929775,-81.9739745,4,,
"POINT (-81.9745724 26.4926284)",84395,2900342608,26.4926284,-81.9745724,4,,
"POINT (-81.9738898 26.4931923)",84396,2900342621,26.4931923,-81.9738898,3,,
"POINT (-81.9684397 26.4932541)",84397,2900342622,26.4932541,-81.9684397,3,,
"POINT (-81.9677685 26.4931741)",84398,2900342623,26.4931741,-81.9677685,3,,
"POINT (-81.969379 26.4932434)",84399,2900342624,26.4932434,-81.969379,3,,
"POINT (-81.9685372 26.4930903)",84400,2900342627,26.4930903,-81.9685372,3,,
"POINT (-81.9693632 26.4930906)",84401,2900342629,26.4930906,-81.9693632,3,,
"POINT (-81.973898 26.4925847)",84402,2900342630,26.4925847,-81.973898,4,,
"POINT (-81.9734565 26.492741)",84403,2900342631,26.492741,-81.9734565,3,,
"POINT (-81.9718221 26.4927483)",84404,2900342632,26.4927483,-81.9718221,3,,
"POINT (-81.9718181 26.4919733)",84405,2900342633,26.4919733,-81.9718181,3,,
"POINT (-81.973428 26.4919697)",84406,2900342634,26.4919697,-81.973428,3,crossing,
"POINT (-81.974068 26.4922287)",84407,2900342635,26.4922287,-81.974068,3,,
"POINT (-81.9730018 26.4919706)",84408,2900342641,26.4919706,-81.9730018,3,crossing,
"POINT (-81.9730205 26.492743)",84409,2900342642,26.492743,-81.9730205,3,,
"POINT (-81.9732166 26.4927421)",84410,2900342643,26.4927421,-81.9732166,3,,
"POINT (-81.9731979 26.4919702)",84411,2900342644,26.4919702,-81.9731979,3,,
"POINT (-81.9728641 26.4927437)",84412,2900342645,26.4927437,-81.9728641,3,,
"POINT (-81.972843 26.491971)",84413,2900342646,26.491971,-81.972843,3,,
"POINT (-81.9736464 26.4926738)",84414,2900342647,26.4926738,-81.9736464,4,,
"POINT (-81.9736425 26.4920565)",84415,2900342648,26.4920565,-81.9736425,3,crossing,
"POINT (-81.9719417 26.491973)",84416,2900342649,26.491973,-81.9719417,3,crossing,
"POINT (-81.9719604 26.4927477)",84417,2900342650,26.4927477,-81.9719604,3,,
"POINT (-81.9721565 26.4927468)",84418,2900342651,26.4927468,-81.9721565,3,,
"POINT (-81.9721425 26.4919726)",84419,2900342652,26.4919726,-81.9721425,3,,
"POINT (-81.9723083 26.4919722)",84420,2900342653,26.4919722,-81.9723083,3,crossing,
"POINT (-81.9723153 26.4927461)",84421,2900342654,26.4927461,-81.9723153,3,,
"POINT (-81.9726749 26.4919714)",84422,2900342655,26.4919714,-81.9726749,3,,
"POINT (-81.9726772 26.4927445)",84423,2900342656,26.4927445,-81.9726772,3,,
"POINT (-81.9724974 26.4927453)",84424,2900342657,26.4927453,-81.9724974,3,,
"POINT (-81.9724881 26.4919718)",84425,2900342658,26.4919718,-81.9724881,3,,
"POINT (-81.9346296 26.4931075)",84426,2900342760,26.4931075,-81.9346296,3,,
"POINT (-81.9346481 26.493703)",84427,2900342761,26.493703,-81.9346481,3,,
"POINT (-81.9340041 26.4937086)",84428,2900342762,26.4937086,-81.9340041,3,,
"POINT (-81.9339918 26.4931111)",84429,2900342763,26.4931111,-81.9339918,4,,
"POINT (-81.9359979 26.4952854)",84430,2900342766,26.4952854,-81.9359979,3,,
"POINT (-81.9353878 26.4953004)",84431,2900342769,26.4953004,-81.9353878,3,,
"POINT (-81.9432821 26.4960331)",84432,2900342788,26.4960331,-81.9432821,3,,
"POINT (-81.9443329 26.4959113)",84433,2900342790,26.4959113,-81.9443329,3,,
"POINT (-81.9452669 26.4941347)",84434,2900342795,26.4941347,-81.9452669,3,,
"POINT (-81.9435684 26.4952715)",84435,2900342797,26.4952715,-81.9435684,4,,
"POINT (-81.9451025 26.4947455)",84436,2900342799,26.4947455,-81.9451025,3,,
"POINT (-81.9437955 26.4960368)",84437,2900342800,26.4960368,-81.9437955,4,,
"POINT (-81.9437045 26.4957859)",84438,2900342902,26.4957859,-81.9437045,3,,
"POINT (-81.9443329 26.4957687)",84439,2900342903,26.4957687,-81.9443329,3,,
"POINT (-81.9442944 26.4947589)",84440,2900342904,26.4947589,-81.9442944,4,,
"POINT (-81.9442904 26.4944131)",84441,2900342905,26.4944131,-81.9442904,3,,
"POINT (-81.9451824 26.4944851)",84442,2900342907,26.4944851,-81.9451824,3,,
"POINT (-81.9425111 26.4933209)",84444,2912378473,26.4933209,-81.9425111,3,,
"POINT (-81.9335757 26.5182282)",84453,2918603783,26.5182282,-81.9335757,3,,
"POINT (-81.9343184 26.518099)",84454,2918603786,26.518099,-81.9343184,3,,
"POINT (-81.9402036 26.5209424)",84455,2919122003,26.5209424,-81.9402036,3,,
"POINT (-81.9420543 26.5159325)",84456,2919122007,26.5159325,-81.9420543,4,,
"POINT (-81.9425889 26.5159106)",84457,2919122008,26.5159106,-81.9425889,3,,
"POINT (-81.942124 26.5160749)",84458,2919122011,26.5160749,-81.942124,4,,
"POINT (-81.9420946 26.5162812)",84459,2919122012,26.5162812,-81.9420946,4,,
"POINT (-81.941112 26.5166527)",84460,2919122014,26.5166527,-81.941112,4,,
"POINT (-81.9436946 26.5173254)",84461,2919122018,26.5173254,-81.9436946,4,,
"POINT (-81.9429813 26.5173961)",84462,2919122031,26.5173961,-81.9429813,4,,
"POINT (-81.9429804 26.5164209)",84463,2919122032,26.5164209,-81.9429804,4,,
"POINT (-81.9430672 26.5160637)",84464,2919122035,26.5160637,-81.9430672,3,,
"POINT (-81.9429853 26.5167493)",84465,2919122036,26.5167493,-81.9429853,3,,
"POINT (-81.9425464 26.5172937)",84466,2919122038,26.5172937,-81.9425464,3,,
"POINT (-81.9426983 26.5173616)",84467,2919122039,26.5173616,-81.9426983,3,,
"POINT (-81.9429901 26.5170747)",84468,2919122041,26.5170747,-81.9429901,3,,
"POINT (-81.9428704 26.5163841)",84469,2919122042,26.5163841,-81.9428704,3,,
"POINT (-81.9423803 26.5172195)",84470,2919122043,26.5172195,-81.9423803,3,crossing,
"POINT (-81.9417088 26.5162848)",84471,2919122044,26.5162848,-81.9417088,3,,
"POINT (-81.9414279 26.5167939)",84472,2919122045,26.5167939,-81.9414279,3,,
"POINT (-81.9412736 26.5167249)",84473,2919122046,26.5167249,-81.9412736,3,,
"POINT (-81.9415169 26.5162866)",84474,2919122047,26.5162866,-81.9415169,3,,
"POINT (-81.9417569 26.5169409)",84475,2919122048,26.5169409,-81.9417569,3,crossing,
"POINT (-81.9427166 26.5163326)",84476,2919122049,26.5163326,-81.9427166,3,,
"POINT (-81.9422456 26.5171593)",84477,2919122050,26.5171593,-81.9422456,3,crossing,
"POINT (-81.9420982 26.5170934)",84478,2919122051,26.5170934,-81.9420982,3,crossing,
"POINT (-81.9425266 26.5163079)",84479,2919122052,26.5163079,-81.9425266,3,,
"POINT (-81.9423445 26.516295)",84480,2919122053,26.516295,-81.9423445,3,,
"POINT (-81.9419432 26.5170242)",84481,2919122054,26.5170242,-81.9419432,3,crossing,
"POINT (-81.9419176 26.5162856)",84482,2919122055,26.5162856,-81.9419176,3,,
"POINT (-81.9415864 26.5168647)",84483,2919122056,26.5168647,-81.9415864,3,,
"POINT (-81.9462827 26.5102807)",84484,2919871445,26.5102807,-81.9462827,3,,
"POINT (-81.9462592 26.5088806)",84485,2919871446,26.5088806,-81.9462592,3,,
"POINT (-81.946263 26.5091104)",84486,2919871447,26.5091104,-81.946263,3,,
"POINT (-81.9440968 26.5103202)",84487,2919871449,26.5103202,-81.9440968,4,,
"POINT (-81.9461741 26.5112324)",84488,2919871453,26.5112324,-81.9461741,3,,
"POINT (-81.9461401 26.5102832)",84489,2919871454,26.5102832,-81.9461401,3,,
"POINT (-81.9459895 26.511237)",84490,2919871455,26.511237,-81.9459895,4,,
"POINT (-81.9459673 26.5102864)",84491,2919871456,26.5102864,-81.9459673,3,,
"POINT (-81.9458076 26.5112415)",84492,2919871457,26.5112415,-81.9458076,3,,
"POINT (-81.9457799 26.5102898)",84493,2919871458,26.5102898,-81.9457799,3,,
"POINT (-81.9456138 26.5112464)",84494,2919871459,26.5112464,-81.9456138,3,,
"POINT (-81.9455947 26.5102931)",84495,2919871460,26.5102931,-81.9455947,3,,
"POINT (-81.9454288 26.511251)",84496,2919871461,26.511251,-81.9454288,3,,
"POINT (-81.9454006 26.5102966)",84497,2919871462,26.5102966,-81.9454006,3,,
"POINT (-81.9452594 26.5112552)",84498,2919871463,26.5112552,-81.9452594,3,,
"POINT (-81.9452308 26.5102997)",84499,2919871464,26.5102997,-81.9452308,3,,
"POINT (-81.9450651 26.5112601)",84500,2919871465,26.5112601,-81.9450651,3,,
"POINT (-81.945043 26.5103031)",84501,2919871466,26.5103031,-81.945043,3,,
"POINT (-81.9449079 26.511264)",84502,2919871467,26.511264,-81.9449079,3,,
"POINT (-81.9448613 26.5103064)",84503,2919871468,26.5103064,-81.9448613,3,,
"POINT (-81.9447138 26.5112689)",84504,2919871469,26.5112689,-81.9447138,3,,
"POINT (-81.9446734 26.5103098)",84505,2919871470,26.5103098,-81.9446734,3,,
"POINT (-81.9443412 26.5112782)",84506,2919871471,26.5112782,-81.9443412,3,,
"POINT (-81.9443036 26.5103164)",84507,2919871472,26.5103164,-81.9443036,3,,
"POINT (-81.944526 26.5112736)",84508,2919871473,26.5112736,-81.944526,3,,
"POINT (-81.9444885 26.5103131)",84509,2919871474,26.5103131,-81.9444885,3,,
"POINT (-81.9437472 26.515153)",84510,2919871483,26.515153,-81.9437472,3,,
"POINT (-81.9428557 26.5159056)",84511,2919871486,26.5159056,-81.9428557,3,,
"POINT (-81.9435316 26.5151594)",84512,2919871487,26.5151594,-81.9435316,4,,
"POINT (-81.9428754 26.5156975)",84513,2919871489,26.5156975,-81.9428754,4,,
"POINT (-81.9414287 26.5157458)",84514,2919871490,26.5157458,-81.9414287,3,,
"POINT (-81.9413591 26.5159443)",84515,2919871492,26.5159443,-81.9413591,3,,
"POINT (-81.9420721 26.5157241)",84516,2919871494,26.5157241,-81.9420721,3,,
"POINT (-81.9443737 26.5148958)",84517,2919871495,26.5148958,-81.9443737,3,,
"POINT (-81.9441592 26.515537)",84518,2919871498,26.515537,-81.9441592,3,,
"POINT (-81.9446179 26.5155346)",84519,2919871499,26.5155346,-81.9446179,3,,
"POINT (-81.9446226 26.5156896)",84520,2919871602,26.5156896,-81.9446226,3,,
"POINT (-81.9464123 26.515465)",84521,2919871605,26.515465,-81.9464123,3,,
"POINT (-81.9467341 26.5148797)",84522,2919871608,26.5148797,-81.9467341,4,,
"POINT (-81.9451113 26.5159098)",84523,2919871609,26.5159098,-81.9451113,3,,
"POINT (-81.9450041 26.5157253)",84524,2919871611,26.5157253,-81.9450041,4,,
"POINT (-81.9427883 26.5191882)",84525,2919871612,26.5191882,-81.9427883,3,,
"POINT (-81.9429184 26.5190652)",84526,2919871615,26.5190652,-81.9429184,3,,
"POINT (-81.9428063 26.5180469)",84527,2919871616,26.5180469,-81.9428063,4,,
"POINT (-81.9452674 26.5121775)",84528,2919871644,26.5121775,-81.9452674,5,,
"POINT (-81.9451602 26.5112577)",84529,2919871646,26.5112577,-81.9451602,3,,
"POINT (-81.9538255 26.4553629)",84533,3346861986,26.4553629,-81.9538255,3,,
"POINT (-81.9646773 26.4614057)",84534,3346901696,26.4614057,-81.9646773,1,,
"POINT (-81.9366145 26.5183581)",84546,3442359757,26.5183581,-81.9366145,3,,
"POINT (-81.9360696 26.5190239)",84547,3442360100,26.5190239,-81.9360696,3,,
"POINT (-81.936318 26.5210254)",84548,3442360312,26.5210254,-81.936318,4,,
"POINT (-81.9524537 26.4611499)",84553,3529429037,26.4611499,-81.9524537,3,,
"POINT (-81.9529182 26.4598306)",84554,3529435381,26.4598306,-81.9529182,3,,
"POINT (-81.9531265 26.4598787)",84555,3529435382,26.4598787,-81.9531265,3,,
"POINT (-81.9540057 26.4585421)",84556,3529441447,26.4585421,-81.9540057,1,,
"POINT (-81.9461035 26.4490046)",84557,3547654560,26.4490046,-81.9461035,1,,
"POINT (-81.9465412 26.4492027)",84558,3547654561,26.4492027,-81.9465412,1,,
"POINT (-81.9472753 26.4495134)",84559,3547654562,26.4495134,-81.9472753,1,,
"POINT (-81.9469283 26.4498173)",84560,3547654565,26.4498173,-81.9469283,1,,
"POINT (-81.9460874 26.4498438)",84561,3547654566,26.4498438,-81.9460874,3,,
"POINT (-81.9468958 26.4499305)",84562,3547654567,26.4499305,-81.9468958,4,,
"POINT (-81.9468436 26.4501123)",84563,3547654570,26.4501123,-81.9468436,3,,
"POINT (-81.9666554 26.5021136)",84564,3586017016,26.5021136,-81.9666554,1,,
"POINT (-81.9438615 26.5122401)",84565,3586458156,26.5122401,-81.9438615,4,,
"POINT (-81.9438944 26.5142295)",84566,3586766968,26.5142295,-81.9438944,4,,
"POINT (-81.9439071 26.5149007)",84567,3586766970,26.5149007,-81.9439071,3,,
"POINT (-81.9437549 26.5159031)",84568,3586766973,26.5159031,-81.9437549,4,traffic_signals,
"POINT (-81.9776073 26.5103227)",84571,3658639489,26.5103227,-81.9776073,3,,
"POINT (-81.9561243 26.5196668)",84572,3658639496,26.5196668,-81.9561243,3,,
"POINT (-81.9775095 26.508887)",84573,3658639512,26.508887,-81.9775095,3,,
"POINT (-81.9766516 26.5104998)",84574,3658639520,26.5104998,-81.9766516,3,,
"POINT (-81.9763961 26.5142959)",84575,3658639522,26.5142959,-81.9763961,3,,
"POINT (-81.9777839 26.5088821)",84576,3658639931,26.5088821,-81.9777839,1,,
"POINT (-81.9778133 26.5103198)",84577,3658639933,26.5103198,-81.9778133,1,,
"POINT (-81.9770643 26.5088949)",84578,3658639936,26.5088949,-81.9770643,3,,
"POINT (-81.958016 26.5191899)",84579,3658639963,26.5191899,-81.958016,3,,
"POINT (-81.9769677 26.5088966)",84580,3658639966,26.5088966,-81.9769677,3,,
"POINT (-81.9769545 26.5083665)",84581,3658639967,26.5083665,-81.9769545,3,,
"POINT (-81.976496 26.5159636)",84582,3658639980,26.5159636,-81.976496,1,,
"POINT (-81.9776148 26.510555)",84583,3658639989,26.510555,-81.9776148,1,,
"POINT (-81.9560786 26.5173762)",84584,3658639991,26.5173762,-81.9560786,3,,
"POINT (-81.9770561 26.5083649)",84585,3658639992,26.5083649,-81.9770561,3,,
"POINT (-81.9560773 26.5172611)",84586,3658640000,26.5172611,-81.9560773,1,,
"POINT (-81.9775062 26.5087236)",84587,3658640006,26.5087236,-81.9775062,1,,
"POINT (-81.9765513 26.5142944)",84588,3658640021,26.5142944,-81.9765513,1,,
"POINT (-81.9618417 26.456895)",84601,3712398263,26.456895,-81.9618417,1,,
"POINT (-81.9612153 26.4573919)",84602,3712398266,26.4573919,-81.9612153,3,,
"POINT (-81.9373156 26.523165)",84603,3787001582,26.523165,-81.9373156,3,,
"POINT (-81.9454182 26.4834741)",84604,3787001589,26.4834741,-81.9454182,3,,
"POINT (-81.9453519 26.4845173)",84605,3787001611,26.4845173,-81.9453519,1,,
"POINT (-81.93665 26.5183575)",84622,4223385120,26.5183575,-81.93665,3,,
"POINT (-81.9384599 26.5184657)",84623,4223385129,26.5184657,-81.9384599,3,,
"POINT (-81.9389172 26.518524)",84624,4223385137,26.518524,-81.9389172,3,,
"POINT (-81.9382582 26.5185749)",84625,4223385144,26.5185749,-81.9382582,3,,
"POINT (-81.9378573 26.518588)",84626,4223385145,26.518588,-81.9378573,1,,
"POINT (-81.9389201 26.5186335)",84627,4223385150,26.5186335,-81.9389201,3,,
"POINT (-81.937017 26.5186433)",84628,4223385151,26.5186433,-81.937017,1,,
"POINT (-81.9385835 26.5186544)",84629,4223385153,26.5186544,-81.9385835,3,,
"POINT (-81.936332 26.518708)",84630,4223385154,26.518708,-81.936332,3,,
"POINT (-81.9386331 26.5187441)",84631,4223385157,26.5187441,-81.9386331,3,,
"POINT (-81.9365567 26.5188507)",84632,4223385162,26.5188507,-81.9365567,3,,
"POINT (-81.938393 26.5188694)",84633,4223385163,26.5188694,-81.938393,3,,
"POINT (-81.9381403 26.5189684)",84634,4223385173,26.5189684,-81.9381403,3,,
"POINT (-81.9387975 26.5191065)",84635,4223385180,26.5191065,-81.9387975,3,,
"POINT (-81.936063 26.5191163)",84636,4223385183,26.5191163,-81.936063,3,,
"POINT (-81.9385561 26.5191689)",84637,4223385185,26.5191689,-81.9385561,3,,
"POINT (-81.9364344 26.5193435)",84638,4223385396,26.5193435,-81.9364344,1,,
"POINT (-81.9381307 26.5196469)",84639,4223385416,26.5196469,-81.9381307,3,,
"POINT (-81.9365155 26.519814)",84640,4223385428,26.519814,-81.9365155,1,,
"POINT (-81.9378187 26.5197969)",84641,4223385429,26.5197969,-81.9378187,3,,
"POINT (-81.9360531 26.5199637)",84642,4223385438,26.5199637,-81.9360531,3,,
"POINT (-81.9379531 26.519996)",84643,4223385440,26.519996,-81.9379531,3,,
"POINT (-81.9375095 26.520255)",84644,4223385449,26.520255,-81.9375095,3,,
"POINT (-81.9364341 26.520321)",84645,4223385455,26.520321,-81.9364341,3,,
"POINT (-81.9381953 26.5203548)",84646,4223385458,26.5203548,-81.9381953,1,,
"POINT (-81.9361645 26.5203929)",84647,4223385459,26.5203929,-81.9361645,3,,
"POINT (-81.9361856 26.5204325)",84648,4223385460,26.5204325,-81.9361856,3,,
"POINT (-81.9371249 26.5204716)",84649,4223385463,26.5204716,-81.9371249,3,,
"POINT (-81.9370351 26.5204738)",84650,4223385464,26.5204738,-81.9370351,3,,
"POINT (-81.9376566 26.5204735)",84651,4223385465,26.5204735,-81.9376566,3,,
"POINT (-81.9370129 26.5206032)",84652,4223385473,26.5206032,-81.9370129,3,,
"POINT (-81.9363169 26.5208295)",84653,4223385591,26.5208295,-81.9363169,3,,
"POINT (-81.9373901 26.5208429)",84654,4223385593,26.5208429,-81.9373901,1,,
"POINT (-81.9361314 26.5208749)",84655,4223385597,26.5208749,-81.9361314,1,,
"POINT (-81.936819 26.5209263)",84656,4223385600,26.5209263,-81.936819,3,,
"POINT (-81.9361799 26.521098)",84657,4223385613,26.521098,-81.9361799,3,,
"POINT (-81.9363279 26.521165)",84658,4223385619,26.521165,-81.9363279,3,,
"POINT (-81.9366227 26.5216236)",84659,4223385627,26.5216236,-81.9366227,3,,
"POINT (-81.9363375 26.5216262)",84660,4223385628,26.5216262,-81.9363375,3,,
"POINT (-81.9363394 26.5220382)",84661,4223385641,26.5220382,-81.9363394,3,,
"POINT (-81.9367456 26.5220404)",84662,4223385642,26.5220404,-81.9367456,1,,
"POINT (-81.9362061 26.5221337)",84663,4223385647,26.5221337,-81.9362061,3,,
"POINT (-81.9362419 26.5221956)",84664,4223385651,26.5221956,-81.9362419,3,,
"POINT (-81.9366224 26.5223007)",84665,4223385660,26.5223007,-81.9366224,3,,
"POINT (-81.936503 26.5224156)",84666,4223385662,26.5224156,-81.936503,3,,
"POINT (-81.9368285 26.5225724)",84667,4223385666,26.5225724,-81.9368285,3,,
"POINT (-81.9367583 26.5226227)",84668,4223385667,26.5226227,-81.9367583,3,,
"POINT (-81.9373913 26.5231065)",84669,4223385669,26.5231065,-81.9373913,3,,
"POINT (-81.9394861 26.5210794)",84670,4223406006,26.5210794,-81.9394861,3,,
"POINT (-81.9387482 26.5203569)",84671,4223406037,26.5203569,-81.9387482,3,,
"POINT (-81.9391425 26.5215461)",84672,4223406041,26.5215461,-81.9391425,1,,
"POINT (-81.9391592 26.5204848)",84673,4223406042,26.5204848,-81.9391592,3,,
"POINT (-81.9395831 26.5210002)",84674,4223406046,26.5210002,-81.9395831,3,,
"POINT (-81.9389811 26.5205892)",84675,4223406054,26.5205892,-81.9389811,3,,
"POINT (-81.9387533 26.520468)",84676,4223406432,26.520468,-81.9387533,1,,
"POINT (-81.9387455 26.5202969)",84677,4223406433,26.5202969,-81.9387455,1,,
"POINT (-81.9554757 26.4529244)",84678,4277693469,26.4529244,-81.9554757,3,,
"POINT (-81.9549106 26.4527849)",84679,4277696826,26.4527849,-81.9549106,3,,
"POINT (-81.9550734 26.4528249)",84680,4277696828,26.4528249,-81.9550734,4,,
"POINT (-81.9553508 26.4537887)",84681,4277774325,26.4537887,-81.9553508,1,,
"POINT (-81.9556714 26.4540841)",84682,4277774326,26.4540841,-81.9556714,4,,
"POINT (-81.9551993 26.4541753)",84683,4277774328,26.4541753,-81.9551993,1,,
"POINT (-81.9553964 26.4541976)",84684,4277774329,26.4541976,-81.9553964,3,,
"POINT (-81.9555078 26.4541093)",84685,4277774346,26.4541093,-81.9555078,3,,
"POINT (-81.9555061 26.4546386)",84686,4277774354,26.4546386,-81.9555061,3,,
"POINT (-81.9557787 26.4541357)",84687,4277774367,26.4541357,-81.9557787,3,,
"POINT (-81.9554943 26.4536338)",84688,4277774369,26.4536338,-81.9554943,1,,
"POINT (-81.955006 26.4546871)",84689,4277774370,26.4546871,-81.955006,3,,
"POINT (-81.9553977 26.4548386)",84690,4277774371,26.4548386,-81.9553977,3,,
"POINT (-81.9555325 26.4541552)",84691,4277774374,26.4541552,-81.9555325,4,,
"POINT (-81.9553906 26.45387)",84692,4277774376,26.45387,-81.9553906,3,,
"POINT (-81.9816472 26.4977006)",84693,4292444196,26.4977006,-81.9816472,3,,
"POINT (-81.9817063 26.4977632)",84694,4292444200,26.4977632,-81.9817063,3,,
"POINT (-81.9814747 26.4981207)",84695,4292444211,26.4981207,-81.9814747,3,,
"POINT (-81.9814063 26.4990441)",84696,4292444216,26.4990441,-81.9814063,3,,
"POINT (-81.9820544 26.4997173)",84701,4292444258,26.4997173,-81.9820544,3,,
"POINT (-81.9774502 26.4957304)",84704,4292566787,26.4957304,-81.9774502,3,,
"POINT (-81.9778619 26.4966786)",84705,4292569594,26.4966786,-81.9778619,3,,
"POINT (-81.9771387 26.4956717)",84706,4292569608,26.4956717,-81.9771387,3,,
"POINT (-81.9759975 26.496662)",84707,4292569613,26.496662,-81.9759975,3,,
"POINT (-81.9776084 26.4957129)",84708,4292569632,26.4957129,-81.9776084,3,,
"POINT (-81.9759277 26.4958698)",84709,4292569649,26.4958698,-81.9759277,3,,
"POINT (-81.9778449 26.4957016)",84710,4292569654,26.4957016,-81.9778449,3,,
"POINT (-81.9775937 26.4966714)",84711,4292569661,26.4966714,-81.9775937,3,,
"POINT (-81.9437901 26.5104159)",84712,4298844361,26.5104159,-81.9437901,3,,
"POINT (-81.9422806 26.49103)",84735,4460064848,26.49103,-81.9422806,3,,
"POINT (-81.9410883 26.4912049)",84736,4460064884,26.4912049,-81.9410883,3,,
"POINT (-81.9422834 26.4912115)",84737,4460064885,26.4912115,-81.9422834,3,,
"POINT (-81.9403065 26.4912169)",84738,4460064886,26.4912169,-81.9403065,3,,
"POINT (-81.9410888 26.4912296)",84739,4460065689,26.4912296,-81.9410888,3,,
"POINT (-81.9410903 26.4913057)",84740,4460065697,26.4913057,-81.9410903,3,,
"POINT (-81.9422859 26.4913807)",84741,4460065705,26.4913807,-81.9422859,3,,
"POINT (-81.9410922 26.491394)",84742,4460065706,26.491394,-81.9410922,3,,
"POINT (-81.9422884 26.4915391)",84743,4460065713,26.4915391,-81.9422884,3,,
"POINT (-81.9410955 26.4915585)",84744,4460065714,26.4915585,-81.9410955,3,,
"POINT (-81.9422911 26.491721)",84745,4460065719,26.491721,-81.9422911,3,,
"POINT (-81.9410993 26.4917427)",84746,4460065720,26.4917427,-81.9410993,3,,
"POINT (-81.9422938 26.4918963)",84747,4460065723,26.4918963,-81.9422938,3,,
"POINT (-81.9411028 26.4919119)",84748,4460065725,26.4919119,-81.9411028,3,,
"POINT (-81.9425265 26.4919407)",84749,4460065726,26.4919407,-81.9425265,4,,
"POINT (-81.9422945 26.4919443)",84750,4460065728,26.4919443,-81.9422945,3,,
"POINT (-81.9425255 26.4920691)",84751,4460065731,26.4920691,-81.9425255,4,,
"POINT (-81.9422965 26.4920704)",84752,4460065732,26.4920704,-81.9422965,4,,
"POINT (-81.9411064 26.4920871)",84753,4460065735,26.4920871,-81.9411064,3,,
"POINT (-81.9422991 26.4922467)",84754,4460065742,26.4922467,-81.9422991,3,,
"POINT (-81.94111 26.4922648)",84755,4460065745,26.4922648,-81.94111,3,,
"POINT (-81.9423018 26.4924196)",84756,4460065759,26.4924196,-81.9423018,3,,
"POINT (-81.9411136 26.4924364)",84757,4460065760,26.4924364,-81.9411136,3,,
"POINT (-81.9422524 26.4925972)",84758,4460065768,26.4925972,-81.9422524,3,,
"POINT (-81.9411169 26.4925973)",84759,4460065769,26.4925973,-81.9411169,3,,
"POINT (-81.9411207 26.4927814)",84760,4460065788,26.4927814,-81.9411207,4,,
"POINT (-81.9397905 26.4928043)",84761,4460065792,26.4928043,-81.9397905,3,,
"POINT (-81.9411247 26.4929787)",84762,4460065800,26.4929787,-81.9411247,3,,
"POINT (-81.943374 26.4937923)",84763,4522929659,26.4937923,-81.943374,4,,
"POINT (-81.9434036 26.496034)",84764,4522929663,26.496034,-81.9434036,4,,
"POINT (-81.943381 26.4941738)",84765,4522929664,26.4941738,-81.943381,4,,
"POINT (-81.9434055 26.4962341)",84766,4522929675,26.4962341,-81.9434055,3,,
"POINT (-81.9433964 26.4952717)",84767,4522929678,26.4952717,-81.9433964,3,,
"POINT (-81.9443751 26.5150177)",84768,4552441479,26.5150177,-81.9443751,3,,
"POINT (-81.9439259 26.5168277)",84769,4933212993,26.5168277,-81.9439259,3,,
"POINT (-81.9455611 26.5166132)",84770,4933212995,26.5166132,-81.9455611,4,,
"POINT (-81.9460203 26.5161633)",84771,4933212996,26.5161633,-81.9460203,4,,
"POINT (-81.9457359 26.5167643)",84772,4933213001,26.5167643,-81.9457359,4,,
"POINT (-81.946054 26.5162248)",84773,4933383244,26.5162248,-81.946054,3,,
"POINT (-81.9435672 26.5048715)",84774,4934144971,26.5048715,-81.9435672,3,,
"POINT (-81.9433419 26.504793)",84775,4934144972,26.504793,-81.9433419,3,,
"POINT (-81.9435521 26.5042131)",84776,4934144979,26.5042131,-81.9435521,3,,
"POINT (-81.9432891 26.5043152)",84777,4934144980,26.5043152,-81.9432891,3,,
"POINT (-81.9429537 26.5048793)",84778,4934145005,26.5048793,-81.9429537,2,,
"POINT (-81.9429183 26.5040028)",84779,4934145006,26.5040028,-81.9429183,3,,
"POINT (-81.9429267 26.5043578)",84780,4934145007,26.5043578,-81.9429267,4,,
"POINT (-81.9414944 26.5042016)",84781,4934145009,26.5042016,-81.9414944,3,,
"POINT (-81.9429225 26.5041808)",84782,4934145010,26.5041808,-81.9429225,3,,
"POINT (-81.9414987 26.5043718)",84783,4934145011,26.5043718,-81.9414987,4,,
"POINT (-81.941503 26.5045457)",84784,4934145012,26.5045457,-81.941503,4,,
"POINT (-81.9429313 26.5045315)",84785,4934145013,26.5045315,-81.9429313,3,,
"POINT (-81.9415075 26.5047232)",84786,4934145014,26.5047232,-81.9415075,4,,
"POINT (-81.9429379 26.5047049)",84787,4934145015,26.5047049,-81.9429379,3,,
"POINT (-81.9415117 26.5048923)",84788,4934145016,26.5048923,-81.9415117,3,,
"POINT (-81.9429161 26.5039169)",84789,4934252598,26.5039169,-81.9429161,1,,
"POINT (-81.9412857 26.5043716)",84790,4934252600,26.5043716,-81.9412857,4,,
"POINT (-81.9412988 26.5047289)",84791,4934252601,26.5047289,-81.9412988,4,,
"POINT (-81.9412807 26.5042004)",84792,4934252617,26.5042004,-81.9412807,2,,
"POINT (-81.9396936 26.5042151)",84793,4934252618,26.5042151,-81.9396936,2,,
"POINT (-81.9396985 26.5043958)",84794,4934252619,26.5043958,-81.9396985,3,,
"POINT (-81.9412925 26.5045555)",84795,4934252620,26.5045555,-81.9412925,4,,
"POINT (-81.9397032 26.5045671)",84796,4934252921,26.5045671,-81.9397032,3,,
"POINT (-81.9397082 26.5047509)",84797,4934252922,26.5047509,-81.9397082,3,,
"POINT (-81.9397127 26.5049171)",84798,4934252923,26.5049171,-81.9397127,2,,
"POINT (-81.9413068 26.5049023)",84799,4934252924,26.5049023,-81.9413068,3,,
"POINT (-81.9429525 26.5048089)",84800,4934265301,26.5048089,-81.9429525,3,,
"POINT (-81.9438306 26.5075456)",84801,4934280765,26.5075456,-81.9438306,3,,
"POINT (-81.9438425 26.5078949)",84802,4934280768,26.5078949,-81.9438425,3,,
"POINT (-81.9440033 26.5078936)",84803,4934280769,26.5078936,-81.9440033,3,,
"POINT (-81.9440005 26.5075435)",84804,4934280770,26.5075435,-81.9440005,3,,
"POINT (-81.9438395 26.5173852)",84805,4934330476,26.5173852,-81.9438395,3,,
"POINT (-81.9441765 26.5173388)",84806,4934330478,26.5173388,-81.9441765,3,,
"POINT (-81.9441696 26.5168267)",84807,4934330480,26.5168267,-81.9441696,3,,
"POINT (-81.9443247 26.516826)",84808,4934330481,26.516826,-81.9443247,3,,
"POINT (-81.9443441 26.5173361)",84809,4934330482,26.5173361,-81.9443441,3,,
"POINT (-81.9444909 26.5168253)",84810,4934330483,26.5168253,-81.9444909,3,,
"POINT (-81.9445074 26.5173333)",84811,4934330484,26.5173333,-81.9445074,3,,
"POINT (-81.9446403 26.5168247)",84812,4934330485,26.5168247,-81.9446403,3,,
"POINT (-81.944643 26.5173166)",84813,4934330486,26.5173166,-81.944643,3,,
"POINT (-81.9448023 26.516824)",84814,4934330487,26.516824,-81.9448023,3,,
"POINT (-81.944806 26.5171917)",84815,4934330488,26.5171917,-81.944806,3,,
"POINT (-81.9449749 26.5168232)",84816,4934330489,26.5168232,-81.9449749,3,,
"POINT (-81.9449773 26.5170605)",84817,4934330490,26.5170605,-81.9449773,3,,
"POINT (-81.9388826 26.5173812)",84818,4934332984,26.5173812,-81.9388826,3,,
"POINT (-81.9408932 26.5165502)",84819,4934332989,26.5165502,-81.9408932,3,,
"POINT (-81.941048 26.5160727)",84820,4934332991,26.5160727,-81.941048,3,,
"POINT (-81.9476006 26.5144275)",84821,4934400881,26.5144275,-81.9476006,3,,
"POINT (-81.9487595 26.5135385)",84822,4934400882,26.5135385,-81.9487595,4,,
"POINT (-81.9494643 26.5125414)",84823,4934400885,26.5125414,-81.9494643,3,,
"POINT (-81.9485071 26.5132804)",84824,4934400886,26.5132804,-81.9485071,3,,
"POINT (-81.9442868 26.5183138)",84825,4934409926,26.5183138,-81.9442868,3,,
"POINT (-81.9441765 26.5179562)",84826,4934409931,26.5179562,-81.9441765,3,,
"POINT (-81.9347179 26.5200462)",84827,4934409932,26.5200462,-81.9347179,4,,
"POINT (-81.9339346 26.5192552)",84828,4934409942,26.5192552,-81.9339346,3,,
"POINT (-81.9331489 26.5182345)",84829,4934412154,26.5182345,-81.9331489,3,,
"POINT (-81.9331607 26.5187634)",84830,4934412158,26.5187634,-81.9331607,1,,
"POINT (-81.9366456 26.5141959)",84831,4934727229,26.5141959,-81.9366456,3,,
"POINT (-81.9356557 26.512782)",84832,4934727245,26.512782,-81.9356557,3,,
"POINT (-81.9360365 26.5133018)",84833,4934730413,26.5133018,-81.9360365,3,,
"POINT (-81.936546 26.5132967)",84834,4934730414,26.5132967,-81.936546,3,,
"POINT (-81.9365515 26.5134696)",84835,4934730420,26.5134696,-81.9365515,3,,
"POINT (-81.9371751 26.5141917)",84836,4934730721,26.5141917,-81.9371751,3,,
"POINT (-81.937165 26.5138729)",84837,4934730723,26.5138729,-81.937165,3,,
"POINT (-81.9375208 26.5138661)",84838,4934730724,26.5138661,-81.9375208,3,,
"POINT (-81.9365566 26.5135932)",84839,4934730732,26.5135932,-81.9365566,3,,
"POINT (-81.9360929 26.5137089)",84840,4934730733,26.5137089,-81.9360929,1,,
"POINT (-81.9371611 26.5136902)",84841,4934730734,26.5136902,-81.9371611,3,,
"POINT (-81.9356809 26.5137059)",84842,4934730740,26.5137059,-81.9356809,4,,
"POINT (-81.9421066 26.5236879)",84843,4936116361,26.5236879,-81.9421066,1,,
"POINT (-81.9483147 26.5205023)",84844,4936116397,26.5205023,-81.9483147,1,,
"POINT (-81.9271554 26.5219498)",84845,4936121799,26.5219498,-81.9271554,3,,
"POINT (-81.9275907 26.5217094)",84846,4936121802,26.5217094,-81.9275907,3,,
"POINT (-81.9280171 26.5214208)",84847,4936121804,26.5214208,-81.9280171,3,,
"POINT (-81.9268261 26.5219603)",84848,4936121805,26.5219603,-81.9268261,1,,
"POINT (-81.9266182 26.5197149)",84849,4937551229,26.5197149,-81.9266182,3,,
"POINT (-81.9251593 26.5196992)",84850,4937551230,26.5196992,-81.9251593,3,,
"POINT (-81.9426652 26.5188266)",84857,4955239366,26.5188266,-81.9426652,4,,
"POINT (-81.9419906 26.5190255)",84858,4955239371,26.5190255,-81.9419906,3,,
"POINT (-81.9373333 26.5138711)",84859,4955242505,26.5138711,-81.9373333,3,,
"POINT (-81.9373441 26.5141904)",84860,4955242506,26.5141904,-81.9373441,3,,
"POINT (-81.9391402 26.5087121)",84861,4955252695,26.5087121,-81.9391402,4,,
"POINT (-81.9391256 26.508171)",84862,4955252696,26.508171,-81.9391256,3,,
"POINT (-81.9387963 26.5087158)",84863,4955252697,26.5087158,-81.9387963,3,,
"POINT (-81.9387776 26.5081764)",84864,4955252698,26.5081764,-81.9387776,3,,
"POINT (-81.9384629 26.5087194)",84865,4955252699,26.5087194,-81.9384629,3,,
"POINT (-81.9384419 26.5081816)",84866,4955252700,26.5081816,-81.9384419,3,,
"POINT (-81.9381295 26.508723)",84867,4955252701,26.508723,-81.9381295,3,,
"POINT (-81.9381104 26.5081867)",84868,4955252702,26.5081867,-81.9381104,3,,
"POINT (-81.9391723 26.508911)",84869,4955252703,26.508911,-81.9391723,3,,
"POINT (-81.9459016 26.5159414)",84870,4956223658,26.5159414,-81.9459016,3,,
"POINT (-81.9461989 26.5087502)",84871,4980319808,26.5087502,-81.9461989,4,,
"POINT (-81.9462006 26.5088814)",84872,4980319809,26.5088814,-81.9462006,3,,
"POINT (-81.9443494 26.5087081)",84873,4980319812,26.5087081,-81.9443494,3,,
"POINT (-81.942746 26.5086865)",84874,4980319818,26.5086865,-81.942746,3,,
"POINT (-81.9434545 26.5081367)",84875,4980319819,26.5081367,-81.9434545,3,,
"POINT (-81.9433972 26.5080971)",84876,4980320921,26.5080971,-81.9433972,3,,
"POINT (-81.9426908 26.5081124)",84877,4980320922,26.5081124,-81.9426908,3,,
"POINT (-81.9436486 26.5081342)",84878,4980320923,26.5081342,-81.9436486,3,,
"POINT (-81.9431384 26.5081033)",84879,4980320925,26.5081033,-81.9431384,3,,
"POINT (-81.9431321 26.5077815)",84880,4980320926,26.5077815,-81.9431321,3,,
"POINT (-81.9429121 26.5081085)",84881,4980320927,26.5081085,-81.9429121,3,,
"POINT (-81.942901 26.5077881)",84882,4980320928,26.5077881,-81.942901,3,,
"POINT (-81.9430458 26.5086844)",84883,4980320930,26.5086844,-81.9430458,3,,
"POINT (-81.9427188 26.5089101)",84884,4980320931,26.5089101,-81.9427188,3,,
"POINT (-81.9434678 26.5131159)",84885,4980707927,26.5131159,-81.9434678,4,,
"POINT (-81.942856 26.5134113)",84886,4980707929,26.5134113,-81.942856,1,,
"POINT (-81.9433292 26.513423)",84887,4980707930,26.513423,-81.9433292,1,,
"POINT (-81.9433127 26.5131175)",84888,4980707931,26.5131175,-81.9433127,3,,
"POINT (-81.9434797 26.5135567)",84889,4980707933,26.5135567,-81.9434797,3,,
"POINT (-81.9430859 26.513763)",84890,4980707934,26.513763,-81.9430859,1,,
"POINT (-81.9435245 26.5150197)",84891,4980707936,26.5150197,-81.9435245,3,,
"POINT (-81.94317 26.5151667)",84892,4980707937,26.5151667,-81.94317,3,,
"POINT (-81.9435043 26.5145282)",84893,4980707939,26.5145282,-81.9435043,3,,
"POINT (-81.9437128 26.5131152)",84894,4980707940,26.5131152,-81.9437128,3,,
"POINT (-81.9434887 26.5139966)",84895,4980707941,26.5139966,-81.9434887,3,,
"POINT (-81.9437333 26.5139998)",84896,4980707942,26.5139998,-81.9437333,3,,
"POINT (-81.9446786 26.5156891)",84897,4980720981,26.5156891,-81.9446786,3,,
"POINT (-81.9446999 26.514896)",84898,4980720990,26.514896,-81.9446999,4,,
"POINT (-81.9338729 26.5202149)",84899,5025223872,26.5202149,-81.9338729,1,,
"POINT (-81.9332263 26.5202274)",84900,5025223873,26.5202274,-81.9332263,3,,
"POINT (-81.9285073 26.5203118)",84901,5025224022,26.5203118,-81.9285073,3,,
"POINT (-81.9332068 26.5200877)",84902,5025224048,26.5200877,-81.9332068,3,,
"POINT (-81.9344639 26.5201237)",84903,5025224062,26.5201237,-81.9344639,1,,
"POINT (-81.9355475 26.5224872)",84904,5025224108,26.5224872,-81.9355475,3,,
"POINT (-81.9346681 26.520178)",84905,5025224109,26.520178,-81.9346681,3,,
"POINT (-81.9436033 26.4956134)",84906,5037598125,26.4956134,-81.9436033,3,,
"POINT (-81.9443262 26.4955937)",84907,5037598126,26.4955937,-81.9443262,3,,
"POINT (-81.9435729 26.4954438)",84908,5037598127,26.4954438,-81.9435729,3,,
"POINT (-81.94432 26.4954305)",84909,5037598128,26.4954305,-81.94432,3,,
"POINT (-81.9443135 26.4952599)",84910,5037598129,26.4952599,-81.9443135,3,,
"POINT (-81.9443068 26.4950835)",84911,5037598130,26.4950835,-81.9443068,3,,
"POINT (-81.9435671 26.4950968)",84912,5037598131,26.4950968,-81.9435671,3,,
"POINT (-81.9435629 26.4949312)",84913,5037598132,26.4949312,-81.9435629,3,,
"POINT (-81.9443004 26.4949168)",84914,5037598133,26.4949168,-81.9443004,3,,
"POINT (-81.9448744 26.4944131)",84915,5037598134,26.4944131,-81.9448744,3,,
"POINT (-81.9448837 26.4947491)",84916,5037598135,26.4947491,-81.9448837,3,,
"POINT (-81.9446839 26.4944131)",84917,5037598136,26.4944131,-81.9446839,3,,
"POINT (-81.944692 26.4947523)",84918,5037598137,26.4947523,-81.944692,3,,
"POINT (-81.9444855 26.4944131)",84919,5037598138,26.4944131,-81.9444855,3,,
"POINT (-81.9444935 26.4947556)",84920,5037598139,26.4947556,-81.9444935,3,,
"POINT (-81.9436473 26.4946104)",84921,5037622362,26.4946104,-81.9436473,3,,
"POINT (-81.9436209 26.4945006)",84922,5037622366,26.4945006,-81.9436209,3,,
"POINT (-81.9439429 26.4946142)",84923,5037622369,26.4946142,-81.9439429,3,,
"POINT (-81.9440637 26.4947635)",84924,5037622370,26.4947635,-81.9440637,3,,
"POINT (-81.9436192 26.4947722)",84925,5037622373,26.4947722,-81.9436192,3,,
"POINT (-81.9440141 26.4944396)",84926,5037622397,26.4944396,-81.9440141,3,,
"POINT (-81.9440174 26.4946134)",84927,5037622399,26.4946134,-81.9440174,3,,
"POINT (-81.944699 26.5112693)",84928,5048209547,26.5112693,-81.944699,3,,
"POINT (-81.9447127 26.5114612)",84929,5048209548,26.5114612,-81.9447127,3,,
"POINT (-81.9447357 26.5120069)",84930,5048209549,26.5120069,-81.9447357,3,,
"POINT (-81.9446934 26.5121515)",84931,5048209550,26.5121515,-81.9446934,3,,
"POINT (-81.9451865 26.5119967)",84932,5048209551,26.5119967,-81.9451865,4,,
"POINT (-81.945167 26.5114485)",84933,5048209552,26.5114485,-81.945167,4,,
"POINT (-81.9453417 26.5119943)",84934,5048209563,26.5119943,-81.9453417,3,,
"POINT (-81.9453276 26.5114431)",84935,5048209564,26.5114431,-81.9453276,3,,
"POINT (-81.9455258 26.5119915)",84936,5048209565,26.5119915,-81.9455258,3,,
"POINT (-81.9432261 26.5120432)",84937,5048225762,26.5120432,-81.9432261,3,,
"POINT (-81.9434625 26.5117997)",84938,5048225768,26.5117997,-81.9434625,3,,
"POINT (-81.9431816 26.5120434)",84939,5048225769,26.5120434,-81.9431816,3,,
"POINT (-81.9432323 26.5122125)",84940,5048225770,26.5122125,-81.9432323,3,,
"POINT (-81.9532974 26.5122709)",84941,5078033503,26.5122709,-81.9532974,3,,
"POINT (-81.9533143 26.5112972)",84942,5078033509,26.5112972,-81.9533143,3,,
"POINT (-81.953135 26.511411)",84943,5078033516,26.511411,-81.953135,3,,
"POINT (-81.9531584 26.5122885)",84944,5078033517,26.5122885,-81.9531584,3,,
"POINT (-81.9528687 26.5116183)",84945,5078034224,26.5116183,-81.9528687,3,,
"POINT (-81.9377159 26.5228558)",85036,5563398727,26.5228558,-81.9377159,3,,
"POINT (-81.9380881 26.5225683)",85037,5563398732,26.5225683,-81.9380881,3,,
"POINT (-81.9396354 26.5206895)",85038,5564196453,26.5206895,-81.9396354,3,,
"POINT (-81.9395492 26.5208441)",85039,5564196455,26.5208441,-81.9395492,3,,
"POINT (-81.9400826 26.5205537)",85040,5564196460,26.5205537,-81.9400826,3,,
"POINT (-81.9401992 26.5204466)",85041,5564196461,26.5204466,-81.9401992,3,,
"POINT (-81.9397126 26.5190829)",85042,5564196462,26.5190829,-81.9397126,3,,
"POINT (-81.9399109 26.5190808)",85043,5564196463,26.5190808,-81.9399109,3,,
"POINT (-81.9400771 26.519079)",85044,5564196464,26.519079,-81.9400771,3,,
"POINT (-81.9402222 26.519082)",85045,5564196465,26.519082,-81.9402222,3,,
"POINT (-81.9403991 26.5190847)",85046,5564196466,26.5190847,-81.9403991,3,,
"POINT (-81.9405681 26.5198438)",85047,5564196467,26.5198438,-81.9405681,3,,
"POINT (-81.9405518 26.5190738)",85048,5564196468,26.5190738,-81.9405518,3,,
"POINT (-81.9418202 26.5195218)",85049,5564196469,26.5195218,-81.9418202,3,,
"POINT (-81.9418099 26.51906)",85050,5564196470,26.51906,-81.9418099,3,,
"POINT (-81.9416146 26.5196123)",85051,5564196471,26.5196123,-81.9416146,3,,
"POINT (-81.9416168 26.5190621)",85052,5564196472,26.5190621,-81.9416168,3,,
"POINT (-81.9414156 26.519618)",85053,5564196473,26.519618,-81.9414156,3,,
"POINT (-81.9414128 26.5190644)",85054,5564196474,26.5190644,-81.9414128,3,,
"POINT (-81.9409071 26.5198261)",85055,5564196475,26.5198261,-81.9409071,3,,
"POINT (-81.9408978 26.51907)",85056,5564196476,26.51907,-81.9408978,3,,
"POINT (-81.9410771 26.5198023)",85057,5564196477,26.5198023,-81.9410771,3,,
"POINT (-81.9410724 26.5190681)",85058,5564196478,26.5190681,-81.9410724,3,,
"POINT (-81.9397285 26.5198469)",85059,5564196479,26.5198469,-81.9397285,4,,
"POINT (-81.9397493 26.5206014)",85060,5564196480,26.5206014,-81.9397493,3,,
"POINT (-81.9399016 26.5204835)",85061,5564196481,26.5204835,-81.9399016,3,,
"POINT (-81.9398787 26.5198463)",85062,5564196482,26.5198463,-81.9398787,4,,
"POINT (-81.9400833 26.5198463)",85063,5564196483,26.5198463,-81.9400833,4,,
"POINT (-81.9402291 26.5202302)",85064,5564196484,26.5202302,-81.9402291,3,,
"POINT (-81.9402221 26.519845)",85065,5564196485,26.519845,-81.9402221,4,,
"POINT (-81.9404178 26.5198443)",85066,5564196486,26.5198443,-81.9404178,4,,
"POINT (-81.9404208 26.5200819)",85067,5564196487,26.5200819,-81.9404208,3,,
"POINT (-81.9478135 26.5142642)",85068,5565656379,26.5142642,-81.9478135,4,,
"POINT (-81.9467263 26.514179)",85069,5565656392,26.514179,-81.9467263,3,,
"POINT (-81.9475263 26.5146958)",85070,5565656393,26.5146958,-81.9475263,3,,
"POINT (-81.9475323 26.514354)",85071,5565656394,26.514354,-81.9475323,3,,
"POINT (-81.9473681 26.5142046)",85072,5565656395,26.5142046,-81.9473681,3,,
"POINT (-81.9471878 26.5148792)",85073,5565656396,26.5148792,-81.9471878,3,,
"POINT (-81.9471932 26.5141703)",85074,5565656397,26.5141703,-81.9471932,3,,
"POINT (-81.94704 26.5141732)",85075,5565656398,26.5141732,-81.94704,3,,
"POINT (-81.9470429 26.5148793)",85076,5565656399,26.5148793,-81.9470429,3,,
"POINT (-81.9468981 26.5148795)",85077,5565656400,26.5148795,-81.9468981,3,,
"POINT (-81.94689 26.514176)",85078,5565656401,26.514176,-81.94689,3,,
"POINT (-81.9465438 26.5141824)",85079,5565656402,26.5141824,-81.9465438,3,,
"POINT (-81.9465548 26.5148799)",85080,5565656403,26.5148799,-81.9465548,3,,
"POINT (-81.9463966 26.5148806)",85081,5565656404,26.5148806,-81.9463966,3,,
"POINT (-81.9463935 26.5141852)",85082,5565656405,26.5141852,-81.9463935,3,,
"POINT (-81.9462408 26.5141881)",85083,5565656406,26.5141881,-81.9462408,3,,
"POINT (-81.9462596 26.5148825)",85084,5565656407,26.5148825,-81.9462596,3,,
"POINT (-81.9460935 26.5148847)",85085,5565656408,26.5148847,-81.9460935,3,,
"POINT (-81.9460797 26.5141911)",85086,5565656409,26.5141911,-81.9460797,3,,
"POINT (-81.9459485 26.5148866)",85087,5565656410,26.5148866,-81.9459485,3,,
"POINT (-81.9458091 26.5148885)",85088,5565656411,26.5148885,-81.9458091,3,,
"POINT (-81.9457958 26.5141964)",85089,5565656412,26.5141964,-81.9457958,3,,
"POINT (-81.9456346 26.5141994)",85090,5565656413,26.5141994,-81.9456346,3,,
"POINT (-81.9456508 26.5148906)",85091,5565656414,26.5148906,-81.9456508,3,,
"POINT (-81.9454951 26.5148927)",85092,5565656415,26.5148927,-81.9454951,3,,
"POINT (-81.9454819 26.5142022)",85093,5565656416,26.5142022,-81.9454819,3,,
"POINT (-81.9453262 26.5142051)",85094,5565656417,26.5142051,-81.9453262,3,,
"POINT (-81.9453398 26.5148947)",85095,5565656418,26.5148947,-81.9453398,3,,
"POINT (-81.9451868 26.5148968)",85096,5565656419,26.5148968,-81.9451868,3,,
"POINT (-81.9451734 26.514208)",85097,5565656420,26.514208,-81.9451734,3,,
"POINT (-81.945023 26.5142108)",85098,5565657721,26.5142108,-81.945023,3,,
"POINT (-81.9450314 26.5148988)",85099,5565657722,26.5148988,-81.9450314,3,,
"POINT (-81.9448865 26.5149008)",85100,5565657723,26.5149008,-81.9448865,3,,
"POINT (-81.9448703 26.5142136)",85101,5565657724,26.5142136,-81.9448703,3,,
"POINT (-81.9459248 26.5140495)",85102,5565657725,26.5140495,-81.9459248,3,,
"POINT (-81.944686 26.5140665)",85103,5565657726,26.5140665,-81.944686,3,,
"POINT (-81.9446883 26.514217)",85104,5565657727,26.514217,-81.9446883,4,,
"POINT (-81.9459164 26.5134832)",85105,5565657729,26.5134832,-81.9459164,3,,
"POINT (-81.945927 26.5141939)",85106,5565657730,26.5141939,-81.945927,4,,
"POINT (-81.9461499 26.5141898)",85107,5565657733,26.5141898,-81.9461499,3,,
"POINT (-81.9441321 26.5168253)",85108,5565657748,26.5168253,-81.9441321,3,,
"POINT (-81.9718319 26.4932156)",85109,5565910506,26.4932156,-81.9718319,3,,
"POINT (-81.9745007 26.4920333)",85110,5565911135,26.4920333,-81.9745007,3,,
"POINT (-81.9743887 26.4926121)",85111,5565911136,26.4926121,-81.9743887,3,,
"POINT (-81.9743813 26.4920342)",85112,5565911137,26.4920342,-81.9743813,3,,
"POINT (-81.974557 26.4920329)",85113,5565911138,26.4920329,-81.974557,3,,
"POINT (-81.9355215 26.5200221)",85126,5662570122,26.5200221,-81.9355215,3,,
"POINT (-81.9358447 26.5200137)",85127,5662570123,26.5200137,-81.9358447,3,,
"POINT (-81.9436621 26.5179156)",85128,5662617171,26.5179156,-81.9436621,3,,
"POINT (-81.9440156 26.5180951)",85129,5662617173,26.5180951,-81.9440156,3,,
"POINT (-81.9432798 26.518618)",85130,5662617174,26.518618,-81.9432798,3,,
"POINT (-81.9435143 26.5187398)",85131,5662617178,26.5187398,-81.9435143,4,,
"POINT (-81.9602306 26.4564156)",85132,5694055621,26.4564156,-81.9602306,3,,
"POINT (-81.9604797 26.4561799)",85133,5694055622,26.4561799,-81.9604797,3,,
"POINT (-81.9297001 26.4447884)",85134,5694073697,26.4447884,-81.9297001,3,,
"POINT (-81.929759 26.4448209)",85135,5694073698,26.4448209,-81.929759,3,,
"POINT (-81.9601795 26.456219)",85136,5694077510,26.456219,-81.9601795,1,,
"POINT (-81.9603605 26.4560613)",85137,5694077511,26.4560613,-81.9603605,3,,
"POINT (-81.9600593 26.4561047)",85138,5694077512,26.4561047,-81.9600593,1,,
"POINT (-81.9602178 26.4559395)",85139,5694077513,26.4559395,-81.9602178,3,,
"POINT (-81.959977 26.4559507)",85140,5694077514,26.4559507,-81.959977,1,,
"POINT (-81.9600866 26.455844)",85141,5694077515,26.455844,-81.9600866,3,,
"POINT (-81.9606253 26.4560633)",85142,5694077516,26.4560633,-81.9606253,1,,
"POINT (-81.9580144 26.4548736)",85143,5700557920,26.4548736,-81.9580144,3,,
"POINT (-81.9579628 26.4548415)",85144,5700560221,26.4548415,-81.9579628,4,,
"POINT (-81.9575279 26.4545725)",85145,5702366483,26.4545725,-81.9575279,3,,
"POINT (-81.957146 26.4546649)",85146,5702366486,26.4546649,-81.957146,3,,
"POINT (-81.9578215 26.4547546)",85147,5702951036,26.4547546,-81.9578215,3,,
"POINT (-81.9577023 26.4546809)",85148,5702951039,26.4546809,-81.9577023,3,,
"POINT (-81.9582065 26.4543069)",85149,5702951040,26.4543069,-81.9582065,1,,
"POINT (-81.958035 26.4547042)",85150,5702951042,26.4547042,-81.958035,3,,
"POINT (-81.9583657 26.4550769)",85151,5702951044,26.4550769,-81.9583657,3,,
"POINT (-81.9586772 26.4546797)",85152,5702951064,26.4546797,-81.9586772,1,,
"POINT (-81.958439 26.4551233)",85153,5702951066,26.4551233,-81.958439,3,,
"POINT (-81.9589361 26.4546672)",85154,5702951069,26.4546672,-81.9589361,1,,
"POINT (-81.9586005 26.4552256)",85155,5702951071,26.4552256,-81.9586005,3,,
"POINT (-81.9642143 26.4596203)",85156,5706105717,26.4596203,-81.9642143,1,,
"POINT (-81.9637988 26.4599501)",85157,5706105719,26.4599501,-81.9637988,3,,
"POINT (-81.9641224 26.4596112)",85158,5706106322,26.4596112,-81.9641224,1,,
"POINT (-81.9635897 26.4594156)",85159,5706106324,26.4594156,-81.9635897,3,,
"POINT (-81.963991 26.4590765)",85160,5706106325,26.4590765,-81.963991,1,,
"POINT (-81.9634112 26.4595663)",85161,5706106327,26.4595663,-81.9634112,3,,
"POINT (-81.9634798 26.4586817)",85162,5706106329,26.4586817,-81.9634798,1,,
"POINT (-81.9635399 26.4587413)",85163,5706106331,26.4587413,-81.9635399,3,,
"POINT (-81.9630078 26.45917)",85164,5706106332,26.45917,-81.9630078,3,,
"POINT (-81.9633745 26.4588746)",85165,5706106334,26.4588746,-81.9633745,3,,
"POINT (-81.9635165 26.4590129)",85166,5706106335,26.4590129,-81.9635165,3,,
"POINT (-81.9631451 26.4593049)",85167,5706106336,26.4593049,-81.9631451,3,,
"POINT (-81.961961 26.4570244)",85168,5706106358,26.4570244,-81.961961,1,,
"POINT (-81.9621032 26.4574192)",85169,5706106361,26.4574192,-81.9621032,1,,
"POINT (-81.9619532 26.457274)",85170,5706106362,26.457274,-81.9619532,1,,
"POINT (-81.9616662 26.4574971)",85171,5706106363,26.4574971,-81.9616662,4,,
"POINT (-81.9614724 26.4576478)",85172,5706106365,26.4576478,-81.9614724,3,,
"POINT (-81.9623292 26.4575992)",85173,5706106366,26.4575992,-81.9623292,1,,
"POINT (-81.9618254 26.4579991)",85174,5706106368,26.4579991,-81.9618254,3,,
"POINT (-81.9624159 26.4583118)",85175,5706106394,26.4583118,-81.9624159,4,,
"POINT (-81.962236 26.4584076)",85176,5706106397,26.4584076,-81.962236,3,,
"POINT (-81.9622751 26.4584462)",85177,5706106400,26.4584462,-81.9622751,3,,
"POINT (-81.9629773 26.4580386)",85178,5706106404,26.4580386,-81.9629773,1,,
"POINT (-81.9623641 26.4585341)",85179,5706106406,26.4585341,-81.9623641,3,,
"POINT (-81.9625737 26.4586072)",85180,5706106407,26.4586072,-81.9625737,2,,
"POINT (-81.9624991 26.4586674)",85181,5706106409,26.4586674,-81.9624991,3,,
"POINT (-81.962442 26.4584712)",85182,5706106410,26.4584712,-81.962442,3,,
"POINT (-81.9633542 26.4582466)",85183,5706106536,26.4582466,-81.9633542,1,,
"POINT (-81.962646 26.4588126)",85184,5706106538,26.4588126,-81.962646,3,,
"POINT (-81.9393381 26.4490099)",85185,5706749087,26.4490099,-81.9393381,3,,
"POINT (-81.9394059 26.449032)",85186,5706749088,26.449032,-81.9394059,1,,
"POINT (-81.9391435 26.4489467)",85187,5706749089,26.4489467,-81.9391435,1,,
"POINT (-81.9382533 26.4489688)",85188,5706749090,26.4489688,-81.9382533,3,,
"POINT (-81.9382123 26.448803)",85189,5706749091,26.448803,-81.9382123,3,,
"POINT (-81.9517081 26.4518653)",85190,5711384888,26.4518653,-81.9517081,3,,
"POINT (-81.9519725 26.451345)",85191,5711385177,26.451345,-81.9519725,1,,
"POINT (-81.9517986 26.4517658)",85192,5711385178,26.4517658,-81.9517986,3,,
"POINT (-81.9518433 26.4516576)",85193,5711385179,26.4516576,-81.9518433,3,,
"POINT (-81.9511671 26.4514311)",85194,5711385180,26.4514311,-81.9511671,3,,
"POINT (-81.9515448 26.4513844)",85195,5711385181,26.4513844,-81.9515448,1,,
"POINT (-81.9511175 26.4515459)",85196,5711385183,26.4515459,-81.9511175,3,,
"POINT (-81.9517453 26.4514516)",85197,5711385184,26.4514516,-81.9517453,1,,
"POINT (-81.9519038 26.4515111)",85198,5711385185,26.4515111,-81.9519038,3,,
"POINT (-81.9513741 26.4516288)",85199,5711385435,26.4516288,-81.9513741,3,,
"POINT (-81.9512124 26.4520247)",85200,5711385436,26.4520247,-81.9512124,3,,
"POINT (-81.9514386 26.4518322)",85201,5711385437,26.4518322,-81.9514386,1,,
"POINT (-81.9513088 26.4517887)",85202,5711385438,26.4517887,-81.9513088,3,,
"POINT (-81.9510355 26.4515195)",85203,5711385441,26.4515195,-81.9510355,3,,
"POINT (-81.9513208 26.4517592)",85204,5711385442,26.4517592,-81.9513208,3,,
"POINT (-81.9509791 26.451653)",85205,5711385443,26.451653,-81.9509791,3,,
"POINT (-81.9506154 26.4517068)",85206,5711385444,26.4517068,-81.9506154,1,,
"POINT (-81.950733 26.4514218)",85207,5711385445,26.4514218,-81.950733,3,,
"POINT (-81.9508815 26.4514697)",85208,5711385447,26.4514697,-81.9508815,3,,
"POINT (-81.9505872 26.4520975)",85209,5711385449,26.4520975,-81.9505872,1,,
"POINT (-81.9504724 26.4513376)",85210,5711385724,26.4513376,-81.9504724,3,,
"POINT (-81.9555687 26.4545232)",85211,5718333001,26.4545232,-81.9555687,3,,
"POINT (-81.9557688 26.4549684)",85212,5718333004,26.4549684,-81.9557688,1,,
"POINT (-81.9542766 26.4527041)",85213,5718333005,26.4527041,-81.9542766,1,,
"POINT (-81.9542698 26.4525582)",85214,5718333006,26.4525582,-81.9542698,3,,
"POINT (-81.9548154 26.4538417)",85215,5718333831,26.4538417,-81.9548154,1,,
"POINT (-81.9547121 26.4536308)",85216,5718333833,26.4536308,-81.9547121,3,,
"POINT (-81.95369 26.4563337)",85217,5718333850,26.4563337,-81.95369,1,,
"POINT (-81.9537511 26.4561937)",85218,5718333851,26.4561937,-81.9537511,3,,
"POINT (-81.9538906 26.4560817)",85219,5718333852,26.4560817,-81.9538906,3,,
"POINT (-81.9536306 26.4561409)",85220,5718333853,26.4561409,-81.9536306,1,,
"POINT (-81.9538258 26.4553904)",85221,5718333875,26.4553904,-81.9538258,3,,
"POINT (-81.953832 26.4558828)",85222,5718333878,26.4558828,-81.953832,3,,
"POINT (-81.953398 26.4525725)",85223,5718334121,26.4525725,-81.953398,1,,
"POINT (-81.953424 26.4522906)",85224,5718334122,26.4522906,-81.953424,3,,
"POINT (-81.9480385 26.4497965)",85225,5718334230,26.4497965,-81.9480385,1,,
"POINT (-81.9480386 26.4505382)",85226,5718334231,26.4505382,-81.9480386,3,,
"POINT (-81.9484915 26.4503472)",85227,5718334232,26.4503472,-81.9484915,3,,
"POINT (-81.9480385 26.4501975)",85228,5718334233,26.4501975,-81.9480385,3,,
"POINT (-81.9484942 26.4505228)",85229,5718334234,26.4505228,-81.9484942,3,,
"POINT (-81.9480386 26.4503786)",85230,5718334235,26.4503786,-81.9480386,3,,
"POINT (-81.9480386 26.4502989)",85231,5718334236,26.4502989,-81.9480386,3,,
"POINT (-81.9476785 26.450295)",85232,5718334237,26.450295,-81.9476785,2,,
"POINT (-81.9476039 26.4503822)",85233,5718334238,26.4503822,-81.9476039,3,,
"POINT (-81.9458471 26.4489497)",85234,5718334374,26.4489497,-81.9458471,1,,
"POINT (-81.9458401 26.4497559)",85235,5718334376,26.4497559,-81.9458401,3,,
"POINT (-81.9464328 26.4492884)",85236,5718334399,26.4492884,-81.9464328,1,,
"POINT (-81.9460981 26.4492847)",85237,5718334400,26.4492847,-81.9460981,3,,
"POINT (-81.9403241 26.4488972)",85238,5720560890,26.4488972,-81.9403241,3,,
"POINT (-81.9401476 26.4488359)",85239,5720560893,26.4488359,-81.9401476,3,,
"POINT (-81.9488979 26.4508312)",85240,5720786974,26.4508312,-81.9488979,3,,
"POINT (-81.9489236 26.4521651)",85241,5720786975,26.4521651,-81.9489236,3,,
"POINT (-81.9494978 26.451023)",85242,5720786977,26.451023,-81.9494978,3,,
"POINT (-81.9495181 26.4527968)",85243,5720786978,26.4527968,-81.9495181,3,,
"POINT (-81.9496568 26.4527953)",85244,5720786980,26.4527953,-81.9496568,3,,
"POINT (-81.9494997 26.4511899)",85245,5720786982,26.4511899,-81.9494997,3,,
"POINT (-81.9489011 26.451001)",85246,5720786983,26.451001,-81.9489011,3,,
"POINT (-81.9496469 26.4522089)",85247,5720786984,26.4522089,-81.9496469,3,,
"POINT (-81.9495114 26.4522077)",85248,5720786985,26.4522077,-81.9495114,4,,
"POINT (-81.9546291 26.4544638)",85249,5720788145,26.4544638,-81.9546291,3,,
"POINT (-81.9548717 26.4540108)",85250,5720788146,26.4540108,-81.9548717,1,,
"POINT (-81.9550472 26.4557111)",85251,5720788151,26.4557111,-81.9550472,1,,
"POINT (-81.9549676 26.4558603)",85252,5720788154,26.4558603,-81.9549676,1,,
"POINT (-81.9556621 26.4560045)",85253,5720788156,26.4560045,-81.9556621,1,,
"POINT (-81.9553117 26.456644)",85254,5720788159,26.456644,-81.9553117,3,,
"POINT (-81.9545923 26.4563261)",85255,5720788160,26.4563261,-81.9545923,3,,
"POINT (-81.9550929 26.4559163)",85256,5720788161,26.4559163,-81.9550929,3,,
"POINT (-81.954822 26.4564276)",85257,5720788162,26.4564276,-81.954822,3,,
"POINT (-81.9569221 26.4572796)",85258,5720788163,26.4572796,-81.9569221,1,,
"POINT (-81.9554309 26.4564265)",85259,5720788165,26.4564265,-81.9554309,3,,
"POINT (-81.9565502 26.4569141)",85260,5720788166,26.4569141,-81.9565502,3,,
"POINT (-81.9558722 26.4566187)",85261,5720788167,26.4566187,-81.9558722,3,,
"POINT (-81.9556661 26.4569897)",85262,5720788168,26.4569897,-81.9556661,3,,
"POINT (-81.9551929 26.4560934)",85263,5720788169,26.4560934,-81.9551929,1,,
"POINT (-81.9549867 26.4565004)",85264,5720788170,26.4565004,-81.9549867,3,,
"POINT (-81.9553636 26.456162)",85265,5720788171,26.456162,-81.9553636,1,,
"POINT (-81.9551438 26.4565698)",85266,5720788172,26.4565698,-81.9551438,3,,
"POINT (-81.9496315 26.4514289)",85267,5721396194,26.4514289,-81.9496315,3,,
"POINT (-81.9503234 26.4519498)",85268,5721396195,26.4519498,-81.9503234,1,,
"POINT (-81.9496398 26.4517912)",85269,5721396197,26.4517912,-81.9496398,3,,
"POINT (-81.9497955 26.451814)",85270,5721396198,26.451814,-81.9497955,3,,
"POINT (-81.9496342 26.4515141)",85271,5721396202,26.4515141,-81.9496342,3,,
"POINT (-81.9482302 26.450608)",85272,5723054253,26.450608,-81.9482302,3,,
"POINT (-81.9485014 26.450991)",85273,5723054254,26.450991,-81.9485014,3,,
"POINT (-81.9473105 26.4509963)",85274,5723054281,26.4509963,-81.9473105,3,,
"POINT (-81.9473216 26.450282)",85275,5723054282,26.450282,-81.9473216,3,,
"POINT (-81.9468937 26.4503213)",85276,5723054283,26.4503213,-81.9468937,1,,
"POINT (-81.9473187 26.45047)",85277,5723054284,26.45047,-81.9473187,3,,
"POINT (-81.946785 26.4504306)",85278,5723054291,26.4504306,-81.946785,3,,
"POINT (-81.9464732 26.4499807)",85279,5723054293,26.4499807,-81.9464732,3,,
"POINT (-81.9386802 26.447823)",85280,5723414855,26.447823,-81.9386802,3,,
"POINT (-81.9397971 26.448016)",85281,5723414861,26.448016,-81.9397971,3,,
"POINT (-81.9441776 26.4494319)",85282,5723831225,26.4494319,-81.9441776,3,,
"POINT (-81.9441764 26.4497031)",85283,5723831226,26.4497031,-81.9441764,3,,
"POINT (-81.9426358 26.4486181)",85284,5723831239,26.4486181,-81.9426358,3,,
"POINT (-81.9421685 26.4497321)",85285,5723831244,26.4497321,-81.9421685,4,,
"POINT (-81.942169 26.4496325)",85286,5723831253,26.4496325,-81.942169,3,,
"POINT (-81.942171 26.4492671)",85287,5723831258,26.4492671,-81.942171,3,,
"POINT (-81.9432203 26.4498686)",85288,5723831268,26.4498686,-81.9432203,3,,
"POINT (-81.9433666 26.4491455)",85289,5723831270,26.4491455,-81.9433666,3,,
"POINT (-81.9421719 26.4490772)",85290,5723831291,26.4490772,-81.9421719,3,,
"POINT (-81.9414698 26.4490733)",85291,5723831292,26.4490733,-81.9414698,3,,
"POINT (-81.9417897 26.4490751)",85292,5723831293,26.4490751,-81.9417897,3,,
"POINT (-81.9418024 26.4483209)",85293,5723831294,26.4483209,-81.9418024,3,,
"POINT (-81.941993 26.4483892)",85294,5723831295,26.4483892,-81.941993,3,,
"POINT (-81.941992 26.4490762)",85295,5723831296,26.4490762,-81.941992,3,,
"POINT (-81.9419928 26.4485288)",85296,5723831297,26.4485288,-81.9419928,3,,
"POINT (-81.9418001 26.4484596)",85297,5723831298,26.4484596,-81.9418001,3,,
"POINT (-81.9417946 26.4487851)",85298,5723831299,26.4487851,-81.9417946,3,,
"POINT (-81.9414693 26.4487802)",85299,5723831300,26.4487802,-81.9414693,3,,
"POINT (-81.9412753 26.4481329)",85300,5723831313,26.4481329,-81.9412753,3,,
"POINT (-81.941469 26.4486018)",85301,5723831315,26.4486018,-81.941469,3,,
"POINT (-81.9423803 26.4476912)",85302,5725934655,26.4476912,-81.9423803,1,,
"POINT (-81.9423782 26.4485267)",85303,5725934656,26.4485267,-81.9423782,3,,
"POINT (-81.9429283 26.4478504)",85304,5725934717,26.4478504,-81.9429283,1,,
"POINT (-81.9429218 26.4481549)",85305,5725934718,26.4481549,-81.9429218,3,,
"POINT (-81.9425579 26.4483257)",85306,5725934719,26.4483257,-81.9425579,1,,
"POINT (-81.942379 26.4482407)",85307,5725934720,26.4482407,-81.942379,3,,
"POINT (-81.9426618 26.4481174)",85308,5725934721,26.4481174,-81.9426618,1,,
"POINT (-81.9423795 26.4480077)",85309,5725934722,26.4480077,-81.9423795,3,,
"POINT (-81.9426207 26.4478991)",85310,5725934723,26.4478991,-81.9426207,1,,
"POINT (-81.9423801 26.4478055)",85311,5725934724,26.4478055,-81.9423801,3,,
"POINT (-81.9420646 26.4484149)",85312,5725934732,26.4484149,-81.9420646,3,,
"POINT (-81.9420622 26.4476272)",85313,5725934733,26.4476272,-81.9420622,1,,
"POINT (-81.9423786 26.4483842)",85314,5725934734,26.4483842,-81.9423786,3,,
"POINT (-81.9418844 26.447892)",85315,5725934756,26.447892,-81.9418844,1,,
"POINT (-81.9418783 26.4483481)",85316,5725934757,26.4483481,-81.9418783,3,,
"POINT (-81.9414881 26.4478164)",85317,5725934760,26.4478164,-81.9414881,3,,
"POINT (-81.9416705 26.4482736)",85318,5725934761,26.4482736,-81.9416705,3,,
"POINT (-81.9412068 26.4473188)",85319,5725934807,26.4473188,-81.9412068,1,,
"POINT (-81.9414952 26.4474475)",85320,5725934809,26.4474475,-81.9414952,3,,
"POINT (-81.9413137 26.4473586)",85321,5725934811,26.4473586,-81.9413137,3,,
"POINT (-81.9369257 26.4460867)",85322,5726052993,26.4460867,-81.9369257,1,,
"POINT (-81.9354436 26.4470717)",85323,5726053015,26.4470717,-81.9354436,3,,
"POINT (-81.9414835 26.448071)",85324,5726231041,26.448071,-81.9414835,3,,
"POINT (-81.9411085 26.4480739)",85325,5726231043,26.4480739,-81.9411085,3,,
"POINT (-81.9408974 26.4479993)",85326,5736531739,26.4479993,-81.9408974,3,,
"POINT (-81.9410274 26.4476929)",85327,5736531742,26.4476929,-81.9410274,3,,
"POINT (-81.9410966 26.4474411)",85328,5736531787,26.4474411,-81.9410966,1,,
"POINT (-81.9404752 26.4478501)",85329,5736531789,26.4478501,-81.9404752,3,,
"POINT (-81.9405212 26.447749)",85330,5736531790,26.447749,-81.9405212,3,,
"POINT (-81.9407918 26.447962)",85331,5736531792,26.447962,-81.9407918,3,,
"POINT (-81.9400461 26.4472474)",85332,5736734525,26.4472474,-81.9400461,1,,
"POINT (-81.939661 26.4471072)",85333,5736734526,26.4471072,-81.939661,3,,
"POINT (-81.9397301 26.4469983)",85334,5736734597,26.4469983,-81.9397301,3,,
"POINT (-81.9389785 26.4467315)",85335,5736734599,26.4467315,-81.9389785,3,,
"POINT (-81.9395553 26.4469095)",85336,5736734601,26.4469095,-81.9395553,3,,
"POINT (-81.9391666 26.4467804)",85337,5736734603,26.4467804,-81.9391666,3,,
"POINT (-81.9388144 26.4466983)",85338,5736939798,26.4466983,-81.9388144,1,,
"POINT (-81.9389419 26.4470395)",85339,5736939799,26.4470395,-81.9389419,3,,
"POINT (-81.9386021 26.446418)",85340,5736939803,26.446418,-81.9386021,1,,
"POINT (-81.9375596 26.4460498)",85341,5736939822,26.4460498,-81.9375596,3,,
"POINT (-81.9377048 26.4461411)",85342,5736939831,26.4461411,-81.9377048,3,,
"POINT (-81.9376508 26.4456439)",85343,5736939915,26.4456439,-81.9376508,1,,
"POINT (-81.9374881 26.4460088)",85344,5736939916,26.4460088,-81.9374881,3,,
"POINT (-81.9349662 26.4453024)",85345,5737200754,26.4453024,-81.9349662,1,,
"POINT (-81.9352317 26.4448635)",85346,5737200755,26.4448635,-81.9352317,3,,
"POINT (-81.9342913 26.4453585)",85347,5737200776,26.4453585,-81.9342913,1,,
"POINT (-81.9341654 26.4452297)",85348,5737200777,26.4452297,-81.9341654,3,,
"POINT (-81.9344905 26.4456412)",85349,5737200778,26.4456412,-81.9344905,1,,
"POINT (-81.9337247 26.4456045)",85350,5737200782,26.4456045,-81.9337247,3,,
"POINT (-81.9301569 26.4423774)",85351,5737200848,26.4423774,-81.9301569,1,,
"POINT (-81.9299403 26.4433192)",85352,5737200853,26.4433192,-81.9299403,3,,
"POINT (-81.9300294 26.4434098)",85353,5737200855,26.4434098,-81.9300294,3,,
"POINT (-81.9299008 26.443279)",85354,5737200858,26.443279,-81.9299008,3,,
"POINT (-81.9306618 26.4429114)",85355,5737200859,26.4429114,-81.9306618,3,,
"POINT (-81.930563 26.4428119)",85356,5737200860,26.4428119,-81.930563,3,,
"POINT (-81.9284381 26.4418101)",85357,5741904809,26.4418101,-81.9284381,3,,
"POINT (-81.9284612 26.4411649)",85358,5741904810,26.4411649,-81.9284612,3,,
"POINT (-81.9285858 26.4416879)",85359,5741904811,26.4416879,-81.9285858,3,,
"POINT (-81.9282829 26.4413937)",85360,5741904812,26.4413937,-81.9282829,3,,
"POINT (-81.9281076 26.4420837)",85361,5741904813,26.4420837,-81.9281076,3,,
"POINT (-81.927516 26.4420253)",85362,5741904815,26.4420253,-81.927516,1,,
"POINT (-81.927665 26.4421485)",85363,5741904816,26.4421485,-81.927665,1,,
"POINT (-81.9279581 26.4419264)",85364,5741904817,26.4419264,-81.9279581,3,,
"POINT (-81.9279182 26.4418845)",85365,5741904818,26.4418845,-81.9279182,3,,
"POINT (-81.9283117 26.4416882)",85366,5741904921,26.4416882,-81.9283117,3,,
"POINT (-81.9386264 26.4479272)",85367,5742089175,26.4479272,-81.9386264,3,,
"POINT (-81.9382739 26.4477906)",85368,5742089177,26.4477906,-81.9382739,3,,
"POINT (-81.9385375 26.4471016)",85369,5742089180,26.4471016,-81.9385375,3,,
"POINT (-81.938863 26.4474688)",85370,5742089181,26.4474688,-81.938863,3,,
"POINT (-81.9384558 26.4472909)",85371,5742089182,26.4472909,-81.9384558,3,,
"POINT (-81.9384081 26.447507)",85372,5742089183,26.447507,-81.9384081,3,,
"POINT (-81.9378525 26.4473635)",85373,5742089184,26.4473635,-81.9378525,3,,
"POINT (-81.9382959 26.446866)",85374,5742089187,26.446866,-81.9382959,3,,
"POINT (-81.9378557 26.4469639)",85375,5742089188,26.4469639,-81.9378557,3,,
"POINT (-81.9382114 26.447048)",85376,5742089189,26.447048,-81.9382114,1,,
"POINT (-81.9381906 26.4469348)",85377,5742089190,26.4469348,-81.9381906,3,,
"POINT (-81.937979 26.4467607)",85378,5742089191,26.4467607,-81.937979,1,,
"POINT (-81.9380921 26.446968)",85379,5742089192,26.446968,-81.9380921,4,,
"POINT (-81.9378858 26.4466836)",85380,5742089201,26.4466836,-81.9378858,3,,
"POINT (-81.9378232 26.4464602)",85381,5742089204,26.4464602,-81.9378232,1,,
"POINT (-81.9348255 26.444396)",85382,5744360271,26.444396,-81.9348255,1,,
"POINT (-81.9347102 26.4445985)",85383,5744360272,26.4445985,-81.9347102,3,,
"POINT (-81.9347213 26.4443437)",85384,5744360273,26.4443437,-81.9347213,1,,
"POINT (-81.9346032 26.4445441)",85385,5744360274,26.4445441,-81.9346032,3,,
"POINT (-81.9347907 26.4444572)",85386,5744360275,26.4444572,-81.9347907,3,,
"POINT (-81.9346864 26.444403)",85387,5744360276,26.444403,-81.9346864,3,,
"POINT (-81.9207585 26.4375154)",85388,5749721191,26.4375154,-81.9207585,2,,
"POINT (-81.9207705 26.4376842)",85389,5749721192,26.4376842,-81.9207705,2,,
"POINT (-81.920351 26.4376798)",85390,5749721199,26.4376798,-81.920351,1,,
"POINT (-81.9207805 26.4378257)",85391,5749721200,26.4378257,-81.9207805,3,,
"POINT (-81.9202684 26.4378754)",85392,5749721201,26.4378754,-81.9202684,1,,
"POINT (-81.9207958 26.4380421)",85393,5749721202,26.4380421,-81.9207958,3,,
"POINT (-81.9203745 26.4379089)",85394,5749721204,26.4379089,-81.9203745,3,,
"POINT (-81.9206843 26.4386382)",85395,5749721205,26.4386382,-81.9206843,3,,
"POINT (-81.9202913 26.4381196)",85396,5749721206,26.4381196,-81.9202913,3,,
"POINT (-81.921232 26.4387263)",85397,5749721207,26.4387263,-81.921232,1,,
"POINT (-81.920713 26.4385598)",85398,5749721208,26.4385598,-81.920713,3,,
"POINT (-81.9206471 26.4387466)",85399,5749721210,26.4387466,-81.9206471,3,,
"POINT (-81.9213029 26.4395654)",85400,5749721213,26.4395654,-81.9213029,1,,
"POINT (-81.9213014 26.4393864)",85401,5749721214,26.4393864,-81.9213014,1,,
"POINT (-81.9209959 26.4393969)",85402,5749721215,26.4393969,-81.9209959,3,,
"POINT (-81.9211182 26.4391091)",85403,5749721216,26.4391091,-81.9211182,3,,
"POINT (-81.9206049 26.4389354)",85404,5749721217,26.4389354,-81.9206049,3,,
"POINT (-81.9216677 26.437124)",85405,5750060793,26.437124,-81.9216677,1,,
"POINT (-81.9212521 26.4368297)",85406,5750060794,26.4368297,-81.9212521,1,,
"POINT (-81.9214956 26.4370022)",85407,5750060795,26.4370022,-81.9214956,3,,
"POINT (-81.9204591 26.4353837)",85408,5750312022,26.4353837,-81.9204591,1,,
"POINT (-81.9208094 26.4359485)",85409,5750312025,26.4359485,-81.9208094,3,,
"POINT (-81.9206899 26.4360758)",85410,5750312029,26.4360758,-81.9206899,3,,
"POINT (-81.9197471 26.4350967)",85411,5750312038,26.4350967,-81.9197471,1,,
"POINT (-81.9195617 26.4349597)",85412,5750312040,26.4349597,-81.9195617,1,,
"POINT (-81.9178354 26.4337846)",85413,5750312070,26.4337846,-81.9178354,1,,
"POINT (-81.9194093 26.4348381)",85414,5750312082,26.4348381,-81.9194093,1,,
"POINT (-81.9192441 26.4347205)",85415,5750312084,26.4347205,-81.9192441,1,,
"POINT (-81.9188539 26.4345246)",85416,5750312125,26.4345246,-81.9188539,1,,
"POINT (-81.918438 26.4342263)",85417,5750312127,26.4342263,-81.918438,1,,
"POINT (-81.9183278 26.4343551)",85418,5750312129,26.4343551,-81.9183278,3,,
"POINT (-81.9187342 26.4346576)",85419,5750312130,26.4346576,-81.9187342,3,,
"POINT (-81.9187075 26.4343917)",85420,5750312131,26.4343917,-81.9187075,1,,
"POINT (-81.9185773 26.4345409)",85421,5750312132,26.4345409,-81.9185773,3,,
"POINT (-81.9185829 26.4343009)",85422,5750312133,26.4343009,-81.9185829,1,,
"POINT (-81.9184544 26.4344494)",85423,5750312134,26.4344494,-81.9184544,3,,
"POINT (-81.9197939 26.4353224)",85424,5750312172,26.4353224,-81.9197939,3,,
"POINT (-81.9199966 26.4352776)",85425,5750312187,26.4352776,-81.9199966,1,,
"POINT (-81.9198938 26.4352904)",85426,5750312190,26.4352904,-81.9198938,3,,
"POINT (-81.9198908 26.4351991)",85427,5750312191,26.4351991,-81.9198908,1,,
"POINT (-81.9198619 26.4352407)",85428,5750312192,26.4352407,-81.9198619,3,,
"POINT (-81.9198963 26.4353756)",85429,5750312193,26.4353756,-81.9198963,1,,
"POINT (-81.9198708 26.4353282)",85430,5750312194,26.4353282,-81.9198708,3,,
"POINT (-81.92243 26.437118)",85431,5751752805,26.437118,-81.92243,1,,
"POINT (-81.9225919 26.4372345)",85432,5751752808,26.4372345,-81.9225919,1,,
"POINT (-81.9345547 26.4940293)",85433,5755950542,26.4940293,-81.9345547,3,,
"POINT (-81.9350713 26.493648)",85434,5755950546,26.493648,-81.9350713,3,,
"POINT (-81.9512536 26.4519238)",85435,5762966146,26.4519238,-81.9512536,3,,
"POINT (-81.9343091 26.4443947)",85436,5771851549,26.4443947,-81.9343091,3,,
"POINT (-81.9342262 26.4443526)",85437,5771851552,26.4443526,-81.9342262,3,,
"POINT (-81.9339826 26.4442289)",85438,5771853753,26.4442289,-81.9339826,3,,
"POINT (-81.9342477 26.4440958)",85439,5771853756,26.4440958,-81.9342477,1,,
"POINT (-81.932863 26.4433432)",85440,5773169805,26.4433432,-81.932863,1,,
"POINT (-81.9327271 26.4435495)",85441,5773169806,26.4435495,-81.9327271,3,,
"POINT (-81.932952 26.4436751)",85442,5773169807,26.4436751,-81.932952,3,,
"POINT (-81.9330616 26.4435121)",85443,5773169808,26.4435121,-81.9330616,1,,
"POINT (-81.9333224 26.44364)",85444,5773169849,26.44364,-81.9333224,1,,
"POINT (-81.9332082 26.4438184)",85445,5773169850,26.4438184,-81.9332082,3,,
"POINT (-81.9317941 26.4428508)",85446,5773170174,26.4428508,-81.9317941,1,,
"POINT (-81.9317064 26.442981)",85447,5773170175,26.442981,-81.9317064,3,,
"POINT (-81.9307826 26.4422577)",85448,5773170245,26.4422577,-81.9307826,1,,
"POINT (-81.9306421 26.4423959)",85449,5773170246,26.4423959,-81.9306421,3,,
"POINT (-81.9306307 26.4421068)",85450,5773170257,26.4421068,-81.9306307,1,,
"POINT (-81.9304714 26.4422975)",85451,5773170258,26.4422975,-81.9304714,3,,
"POINT (-81.9278457 26.4408197)",85452,5773679869,26.4408197,-81.9278457,3,,
"POINT (-81.9279547 26.4406073)",85453,5773679872,26.4406073,-81.9279547,1,,
"POINT (-81.9253972 26.4391981)",85454,5781895511,26.4391981,-81.9253972,1,,
"POINT (-81.9252305 26.4393363)",85455,5781895512,26.4393363,-81.9252305,3,,
"POINT (-81.9250547 26.4390097)",85456,5781895525,26.4390097,-81.9250547,1,,
"POINT (-81.9248847 26.4391402)",85457,5781895526,26.4391402,-81.9248847,3,,
"POINT (-81.9234231 26.437806)",85458,5781896147,26.437806,-81.9234231,1,,
"POINT (-81.9232658 26.4377154)",85459,5781896274,26.4377154,-81.9232658,1,,
"POINT (-81.9232513 26.4374052)",85460,5781896276,26.4374052,-81.9232513,1,,
"POINT (-81.922977 26.4375129)",85461,5781896279,26.4375129,-81.922977,3,,
"POINT (-81.9227883 26.4374866)",85462,5781896317,26.4374866,-81.9227883,1,,
"POINT (-81.9229076 26.4375759)",85463,5781896318,26.4375759,-81.9229076,3,,
"POINT (-81.9229576 26.4373386)",85464,5781896319,26.4373386,-81.9229576,1,,
"POINT (-81.9230674 26.4374329)",85465,5781896320,26.4374329,-81.9230674,3,,
"POINT (-81.9208656 26.4362586)",85466,5783014081,26.4362586,-81.9208656,3,,
"POINT (-81.9334956 26.4445234)",85467,5796085242,26.4445234,-81.9334956,1,,
"POINT (-81.933783 26.4446813)",85468,5796085243,26.4446813,-81.933783,3,,
"POINT (-81.9332241 26.4438273)",85469,5796086067,26.4438273,-81.9332241,3,,
"POINT (-81.9329268 26.443661)",85470,5796086069,26.443661,-81.9329268,3,,
"POINT (-81.9329941 26.4438721)",85471,5796086070,26.4438721,-81.9329941,3,,
"POINT (-81.9330621 26.4437367)",85472,5796086071,26.4437367,-81.9330621,3,,
"POINT (-81.9325954 26.4441121)",85473,5796086092,26.4441121,-81.9325954,1,,
"POINT (-81.9324869 26.4440548)",85474,5796086093,26.4440548,-81.9324869,3,,
"POINT (-81.9410709 26.4482987)",85475,5796555508,26.4482987,-81.9410709,1,,
"POINT (-81.9411535 26.4480898)",85476,5796555509,26.4480898,-81.9411535,3,,
"POINT (-81.9406622 26.4483163)",85477,5796555513,26.4483163,-81.9406622,1,,
"POINT (-81.9408078 26.4479676)",85478,5796555514,26.4479676,-81.9408078,3,,
"POINT (-81.9403423 26.4481123)",85479,5796555521,26.4481123,-81.9403423,1,,
"POINT (-81.9404499 26.4478412)",85480,5796555522,26.4478412,-81.9404499,3,,
"POINT (-81.9404997 26.4480288)",85481,5796555523,26.4480288,-81.9404997,1,,
"POINT (-81.9405559 26.4478787)",85482,5796555524,26.4478787,-81.9405559,3,,
"POINT (-81.940193 26.4480398)",85483,5796555528,26.4480398,-81.940193,1,,
"POINT (-81.9402994 26.4477879)",85484,5796555529,26.4477879,-81.9402994,3,,
"POINT (-81.9176844 26.4347323)",85485,5808110343,26.4347323,-81.9176844,3,,
"POINT (-81.9179569 26.4344169)",85486,5808110344,26.4344169,-81.9179569,3,,
"POINT (-81.9175469 26.4347374)",85487,5808110345,26.4347374,-81.9175469,1,,
"POINT (-81.9176693 26.4346718)",85488,5808110347,26.4346718,-81.9176693,3,,
"POINT (-81.9189454 26.4352149)",85489,5808110364,26.4352149,-81.9189454,1,,
"POINT (-81.9190208 26.435343)",85490,5808110407,26.435343,-81.9190208,1,,
"POINT (-81.9190673 26.4352887)",85491,5808110409,26.4352887,-81.9190673,3,,
"POINT (-81.9196616 26.4357306)",85492,5812474103,26.4357306,-81.9196616,1,,
"POINT (-81.9191408 26.4344957)",85493,5812474291,26.4344957,-81.9191408,1,,
"POINT (-81.9222252 26.4375949)",85494,5814968578,26.4375949,-81.9222252,1,,
"POINT (-81.9226651 26.438167)",85495,5814968628,26.438167,-81.9226651,1,,
"POINT (-81.9230365 26.4381515)",85496,5814969780,26.4381515,-81.9230365,1,,
"POINT (-81.9237777 26.4387286)",85497,5815189980,26.4387286,-81.9237777,1,,
"POINT (-81.9239303 26.4388337)",85498,5815189981,26.4388337,-81.9239303,3,,
"POINT (-81.9255348 26.439698)",85499,5816002623,26.439698,-81.9255348,1,,
"POINT (-81.9256281 26.4395619)",85500,5816002624,26.4395619,-81.9256281,3,,
"POINT (-81.9259708 26.4399996)",85501,5816002664,26.4399996,-81.9259708,1,,
"POINT (-81.9258893 26.4399175)",85502,5816002665,26.4399175,-81.9258893,3,,
"POINT (-81.9313048 26.4427655)",85503,5816060990,26.4427655,-81.9313048,3,,
"POINT (-81.9314065 26.4428194)",85504,5816061000,26.4428194,-81.9314065,3,,
"POINT (-81.9324175 26.4436048)",85505,5816061047,26.4436048,-81.9324175,1,,
"POINT (-81.9325336 26.4434413)",85506,5816061048,26.4434413,-81.9325336,3,,
"POINT (-81.9325762 26.4436557)",85507,5816061873,26.4436557,-81.9325762,1,,
"POINT (-81.9326618 26.443513)",85508,5816061874,26.443513,-81.9326618,3,,
"POINT (-81.9333749 26.4441603)",85509,5816061892,26.4441603,-81.9333749,3,,
"POINT (-81.9333068 26.4442206)",85510,5816061899,26.4442206,-81.9333068,3,,
"POINT (-81.9340395 26.4445672)",85511,5816061905,26.4445672,-81.9340395,1,,
"POINT (-81.9339762 26.444503)",85512,5816061906,26.444503,-81.9339762,3,,
"POINT (-81.9341135 26.4445235)",85513,5816061907,26.4445235,-81.9341135,1,,
"POINT (-81.9340285 26.4444524)",85514,5816061908,26.4444524,-81.9340285,3,,
"POINT (-81.9342828 26.4447403)",85515,5816061943,26.4447403,-81.9342828,1,,
"POINT (-81.9345017 26.4444925)",85516,5816061944,26.4444925,-81.9345017,3,,
"POINT (-81.9346956 26.4445911)",85517,5816062157,26.4445911,-81.9346956,3,,
"POINT (-81.9346402 26.4448302)",85518,5816062160,26.4448302,-81.9346402,3,,
"POINT (-81.9186214 26.4352142)",85519,5820587879,26.4352142,-81.9186214,1,,
"POINT (-81.9194185 26.4357185)",85520,5820587893,26.4357185,-81.9194185,1,,
"POINT (-81.9193278 26.4356619)",85521,5820587894,26.4356619,-81.9193278,3,,
"POINT (-81.9343432 26.4445614)",85522,5821266167,26.4445614,-81.9343432,1,,
"POINT (-81.9344212 26.4444516)",85523,5821266168,26.4444516,-81.9344212,3,,
"POINT (-81.9375508 26.4461844)",85524,5821266202,26.4461844,-81.9375508,1,,
"POINT (-81.9504458 26.4514039)",85525,5821266364,26.4514039,-81.9504458,1,,
"POINT (-81.9517522 26.4517508)",85526,5821266383,26.4517508,-81.9517522,3,,
"POINT (-81.9584249 26.4554302)",85527,5832108727,26.4554302,-81.9584249,1,,
"POINT (-81.9585753 26.4552096)",85528,5832108728,26.4552096,-81.9585753,3,,
"POINT (-81.9588753 26.4557496)",85529,5832108737,26.4557496,-81.9588753,1,,
"POINT (-81.9590526 26.4555119)",85530,5832108738,26.4555119,-81.9590526,3,,
"POINT (-81.960618 26.4572306)",85531,5832108826,26.4572306,-81.960618,1,,
"POINT (-81.9608653 26.4570402)",85532,5832108827,26.4570402,-81.9608653,3,,
"POINT (-81.9607744 26.4571102)",85533,5832108828,26.4571102,-81.9607744,3,,
"POINT (-81.9608975 26.4572394)",85534,5832108829,26.4572394,-81.9608975,1,,
"POINT (-81.9612364 26.4576377)",85535,5832836525,26.4576377,-81.9612364,1,,
"POINT (-81.96136 26.4575359)",85536,5832836526,26.4575359,-81.96136,3,,
"POINT (-81.9613178 26.4581109)",85537,5832836541,26.4581109,-81.9613178,1,,
"POINT (-81.9616643 26.4578388)",85538,5832836542,26.4578388,-81.9616643,3,,
"POINT (-81.9621696 26.4585724)",85539,5832838303,26.4585724,-81.9621696,1,,
"POINT (-81.9622653 26.4584365)",85540,5832838305,26.4584365,-81.9622653,3,,
"POINT (-81.9623194 26.4586856)",85541,5832838307,26.4586856,-81.9623194,1,,
"POINT (-81.9623153 26.4588801)",85542,5832838308,26.4588801,-81.9623153,1,,
"POINT (-81.9623635 26.4587317)",85543,5832838309,26.4587317,-81.9623635,3,,
"POINT (-81.96247 26.4586387)",85544,5832838310,26.4586387,-81.96247,3,,
"POINT (-81.9621822 26.459169)",85545,5832838311,26.459169,-81.9621822,1,,
"POINT (-81.9625747 26.4587422)",85546,5832838313,26.4587422,-81.9625747,3,,
"POINT (-81.9624914 26.4590716)",85547,5832838314,26.4590716,-81.9624914,1,,
"POINT (-81.962688 26.4588541)",85548,5832838316,26.4588541,-81.962688,3,,
"POINT (-81.9625547 26.4591742)",85549,5832838317,26.4591742,-81.9625547,1,,
"POINT (-81.9628012 26.458966)",85550,5832838318,26.458966,-81.9628012,3,,
"POINT (-81.9626674 26.4592656)",85551,5832838319,26.4592656,-81.9626674,1,,
"POINT (-81.962903 26.4590665)",85552,5832838320,26.4590665,-81.962903,3,,
"POINT (-81.9628155 26.459427)",85553,5832838321,26.459427,-81.9628155,1,,
"POINT (-81.9630692 26.4592303)",85554,5832838322,26.4592303,-81.9630692,3,,
"POINT (-81.9629958 26.4596287)",85555,5832838323,26.4596287,-81.9629958,1,,
"POINT (-81.9632633 26.459421)",85556,5832838324,26.459421,-81.9632633,3,,
"POINT (-81.9634268 26.4599229)",85557,5832838327,26.4599229,-81.9634268,1,,
"POINT (-81.9636078 26.4597595)",85558,5832838328,26.4597595,-81.9636078,3,,
"POINT (-81.9635672 26.4600235)",85559,5832838329,26.4600235,-81.9635672,1,,
"POINT (-81.9637249 26.4598745)",85560,5832838330,26.4598745,-81.9637249,3,,
"POINT (-81.9639314 26.4602947)",85561,5832838335,26.4602947,-81.9639314,1,,
"POINT (-81.9640434 26.460201)",85562,5832838336,26.460201,-81.9640434,3,,
"POINT (-81.9655518 26.4619965)",85563,5832838444,26.4619965,-81.9655518,1,,
"POINT (-81.9657164 26.4618855)",85564,5832838445,26.4618855,-81.9657164,3,,
"POINT (-81.9612352 26.4566041)",85565,5833573693,26.4566041,-81.9612352,1,,
"POINT (-81.9612128 26.4567114)",85566,5833573695,26.4567114,-81.9612128,3,,
"POINT (-81.9614861 26.4568602)",85567,5833573696,26.4568602,-81.9614861,1,,
"POINT (-81.9614182 26.456915)",85568,5833573698,26.456915,-81.9614182,3,,
"POINT (-81.9608271 26.4570017)",85569,5833573700,26.4570017,-81.9608271,3,,
"POINT (-81.9609843 26.4568834)",85570,5833573701,26.4568834,-81.9609843,3,,
"POINT (-81.9610828 26.4569812)",85571,5833573702,26.4569812,-81.9610828,3,,
"POINT (-81.9613118 26.4568095)",85572,5833573703,26.4568095,-81.9613118,3,,
"POINT (-81.9595375 26.4550972)",85573,5833573708,26.4550972,-81.9595375,1,,
"POINT (-81.9592703 26.4556454)",85574,5833573709,26.4556454,-81.9592703,3,,
"POINT (-81.9593223 26.4549764)",85575,5833573710,26.4549764,-81.9593223,1,,
"POINT (-81.9590665 26.4555207)",85576,5833573712,26.4555207,-81.9590665,3,,
"POINT (-81.9591079 26.4549764)",85577,5833573713,26.4549764,-81.9591079,1,,
"POINT (-81.9588489 26.4553829)",85578,5833573715,26.4553829,-81.9588489,3,,
"POINT (-81.9587967 26.4553498)",85579,5834339115,26.4553498,-81.9587967,3,,
"POINT (-81.958634 26.4555507)",85580,5834339118,26.4555507,-81.958634,1,,
"POINT (-81.9196791 26.525365)",85670,6199958718,26.525365,-81.9196791,3,,
"POINT (-81.9190681 26.5253706)",85671,6199958719,26.5253706,-81.9190681,1,,
"POINT (-81.9764302 26.4982789)",85697,6301901785,26.4982789,-81.9764302,1,,
"POINT (-81.9764192 26.4977392)",85698,6301901786,26.4977392,-81.9764192,1,,
"POINT (-81.9764236 26.4979455)",85699,6301901788,26.4979455,-81.9764236,3,,
"POINT (-81.9468913 26.5059757)",85705,6303871381,26.5059757,-81.9468913,1,,
"POINT (-81.9543753 26.4609871)",85706,6304037611,26.4609871,-81.9543753,1,,
"POINT (-81.9538007 26.4609998)",85707,6304037612,26.4609998,-81.9538007,3,,
"POINT (-81.9629499 26.5027001)",85711,6304105099,26.5027001,-81.9629499,1,,
"POINT (-81.962343 26.5039791)",85712,6304105110,26.5039791,-81.962343,3,,
"POINT (-81.9443957 26.4983495)",85868,6536724996,26.4983495,-81.9443957,4,,
"POINT (-81.9443981 26.4984588)",85869,6536724997,26.4984588,-81.9443981,3,,
"POINT (-81.9452012 26.4983377)",85870,6536724998,26.4983377,-81.9452012,3,,
"POINT (-81.9452105 26.4984474)",85871,6536724999,26.4984474,-81.9452105,3,,
"POINT (-81.944272 26.503585)",85872,6569446837,26.503585,-81.944272,3,,
"POINT (-81.9440828 26.5037233)",85873,6569446840,26.5037233,-81.9440828,1,,
"POINT (-81.9330936 26.4953293)",85874,6575805663,26.4953293,-81.9330936,4,,
"POINT (-81.9332602 26.4955462)",85875,6575805664,26.4955462,-81.9332602,3,,
"POINT (-81.9320153 26.4960268)",85876,6575805668,26.4960268,-81.9320153,3,,
"POINT (-81.9316461 26.4965774)",85877,6575805670,26.4965774,-81.9316461,3,,
"POINT (-81.934566 26.4970587)",85878,6575805677,26.4970587,-81.934566,3,,
"POINT (-81.9341131 26.4959906)",85879,6575805679,26.4959906,-81.9341131,3,,
"POINT (-81.9351599 26.4970652)",85880,6575805681,26.4970652,-81.9351599,3,,
"POINT (-81.9348644 26.4970591)",85882,6699921736,26.4970591,-81.9348644,3,,
"POINT (-81.933771 26.4955731)",85883,6699925374,26.4955731,-81.933771,2,,
"POINT (-81.933065 26.4946957)",85884,6699925375,26.4946957,-81.933065,3,,
"POINT (-81.9330061 26.4953304)",85885,6699925378,26.4953304,-81.9330061,4,,
"POINT (-81.9328581 26.4955654)",85886,6699937096,26.4955654,-81.9328581,3,,
"POINT (-81.9330071 26.4946966)",85887,6699937100,26.4946966,-81.9330071,4,,
"POINT (-81.9344928 26.4963308)",85888,6699937102,26.4963308,-81.9344928,3,,
"POINT (-81.9324217 26.4955793)",85889,6699937108,26.4955793,-81.9324217,2,,
"POINT (-81.9316725 26.4942556)",85890,6699937129,26.4942556,-81.9316725,3,,
"POINT (-81.9390862 26.4936213)",85897,6753254952,26.4936213,-81.9390862,2,,
"POINT (-81.9390687 26.493148)",85898,6753254958,26.493148,-81.9390687,3,,
"POINT (-81.9385556 26.4930208)",85899,6753254959,26.4930208,-81.9385556,3,,
"POINT (-81.9385556 26.4936747)",85900,6753254960,26.4936747,-81.9385556,1,,
"POINT (-81.9344903 26.4953141)",85901,6753254961,26.4953141,-81.9344903,3,,
"POINT (-81.9344771 26.494674)",85902,6753254962,26.494674,-81.9344771,3,,
"POINT (-81.9350403 26.4926319)",85905,6769131870,26.4926319,-81.9350403,3,,
"POINT (-81.9339226 26.4926253)",85906,6769131878,26.4926253,-81.9339226,3,,
"POINT (-81.9349528 26.4900317)",85907,6769131879,26.4900317,-81.9349528,3,,
"POINT (-81.9333462 26.4900492)",85908,6769131881,26.4900492,-81.9333462,3,,
"POINT (-81.9347429 26.4897292)",85909,6769169886,26.4897292,-81.9347429,3,,
"POINT (-81.9347606 26.4900394)",85910,6769169887,26.4900394,-81.9347606,3,,
"POINT (-81.9349416 26.4897009)",85911,6769169888,26.4897009,-81.9349416,3,,
"POINT (-81.9696074 26.515792)",86019,6957091346,26.515792,-81.9696074,3,,
"POINT (-81.9702213 26.5171878)",86020,6957091356,26.5171878,-81.9702213,1,,
"POINT (-81.9436033 26.5062314)",86025,6968428276,26.5062314,-81.9436033,3,,
"POINT (-81.9433087 26.5062342)",86026,6968428277,26.5062342,-81.9433087,4,,
"POINT (-81.9427882 26.5062424)",86027,6968428284,26.5062424,-81.9427882,3,,
"POINT (-81.9359788 26.4941941)",86039,6968725772,26.4941941,-81.9359788,3,,
"POINT (-81.9371224 26.4943993)",86040,6968725778,26.4943993,-81.9371224,3,,
"POINT (-81.9445409 26.5071207)",86055,6973229422,26.5071207,-81.9445409,3,,
"POINT (-81.9445132 26.5059005)",86056,6973229423,26.5059005,-81.9445132,3,,
"POINT (-81.9445179 26.5060703)",86057,6973229424,26.5060703,-81.9445179,3,,
"POINT (-81.9439648 26.5062714)",86058,6973229426,26.5062714,-81.9439648,3,,
"POINT (-81.9438186 26.5069334)",86059,6973229428,26.5069334,-81.9438186,3,,
"POINT (-81.9437995 26.5062747)",86060,6973229429,26.5062747,-81.9437995,3,,
"POINT (-81.9507646 26.4613306)",86070,6986981811,26.4613306,-81.9507646,3,,
"POINT (-81.9507345 26.4602598)",86071,6986981812,26.4602598,-81.9507345,1,,
"POINT (-81.9429289 26.4901592)",86080,6989416769,26.4901592,-81.9429289,3,,
"POINT (-81.9423716 26.4905228)",86081,6989416771,26.4905228,-81.9423716,1,,
"POINT (-81.9446095 26.490547)",86082,6991568961,26.490547,-81.9446095,3,,
"POINT (-81.9434538 26.4905599)",86083,6991568962,26.4905599,-81.9434538,3,,
"POINT (-81.9435256 26.4910407)",86084,6991568965,26.4910407,-81.9435256,3,,
"POINT (-81.9436675 26.4919688)",86085,6991568969,26.4919688,-81.9436675,3,,
"POINT (-81.9434075 26.4895611)",86086,6991568972,26.4895611,-81.9434075,4,,
"POINT (-81.9445957 26.4902515)",86087,6991601786,26.4902515,-81.9445957,3,,
"POINT (-81.9434368 26.4902785)",86088,6991601787,26.4902785,-81.9434368,4,,
"POINT (-81.9431942 26.4902884)",86089,6991601789,26.4902884,-81.9431942,3,,
"POINT (-81.9438161 26.4902697)",86090,6991601790,26.4902697,-81.9438161,3,,
"POINT (-81.9437634 26.4895564)",86091,6991601791,26.4895564,-81.9437634,3,,
"POINT (-81.9440661 26.4907869)",86092,6991601795,26.4907869,-81.9440661,1,,
"POINT (-81.9434838 26.4914359)",86093,6991601796,26.4914359,-81.9434838,4,,
"POINT (-81.9434799 26.4912247)",86094,6991601801,26.4912247,-81.9434799,3,,
"POINT (-81.9432253 26.4914404)",86095,6991601803,26.4914404,-81.9432253,3,,
"POINT (-81.943675 26.4918429)",86096,6991601804,26.4918429,-81.943675,3,,
"POINT (-81.9434872 26.4916172)",86097,6991601806,26.4916172,-81.9434872,3,,
"POINT (-81.9434855 26.4907754)",86098,6991601809,26.4907754,-81.9434855,3,,
"POINT (-81.9432074 26.4907794)",86099,6991601811,26.4907794,-81.9432074,4,,
"POINT (-81.9578554 26.5233423)",86102,6992545669,26.5233423,-81.9578554,4,,
"POINT (-81.9575358 26.5244083)",86103,6992545677,26.5244083,-81.9575358,1,,
"POINT (-81.9345583 26.4965278)",86159,7011125693,26.4965278,-81.9345583,3,,
"POINT (-81.9316606 26.497092)",86160,7011125694,26.497092,-81.9316606,3,,
"POINT (-81.9317063 26.4963702)",86161,7011125702,26.4963702,-81.9317063,3,,
"POINT (-81.9341073 26.4958337)",86162,7011125703,26.4958337,-81.9341073,3,,
"POINT (-81.9338299 26.4955729)",86163,7011125707,26.4955729,-81.9338299,3,,
"POINT (-81.9331013 26.4955445)",86164,7011125708,26.4955445,-81.9331013,3,,
"POINT (-81.9330254 26.4955458)",86165,7011125715,26.4955458,-81.9330254,3,,
"POINT (-81.9322927 26.4955859)",86166,7011125719,26.4955859,-81.9322927,3,,
"POINT (-81.9320134 26.4958607)",86167,7011125723,26.4958607,-81.9320134,3,,
"POINT (-81.9694228 26.4985381)",86168,7011125795,26.4985381,-81.9694228,3,,
"POINT (-81.9690137 26.49922)",86169,7011125798,26.49922,-81.9690137,1,,
"POINT (-81.9694989 26.4988461)",86170,7011125799,26.4988461,-81.9694989,3,,
"POINT (-81.9696649 26.4990313)",86171,7011125800,26.4990313,-81.9696649,1,,
"POINT (-81.9718121 26.4981655)",86172,7011125801,26.4981655,-81.9718121,3,,
"POINT (-81.9712699 26.4981788)",86173,7011125802,26.4981788,-81.9712699,1,,
"POINT (-81.9723598 26.4964696)",86174,7011125803,26.4964696,-81.9723598,3,,
"POINT (-81.9724513 26.4969689)",86175,7011125807,26.4969689,-81.9724513,3,,
"POINT (-81.9728485 26.4962459)",86176,7011125816,26.4962459,-81.9728485,3,,
"POINT (-81.9725683 26.4963742)",86177,7011125822,26.4963742,-81.9725683,3,,
"POINT (-81.9735945 26.4959046)",86178,7011125823,26.4959046,-81.9735945,3,,
"POINT (-81.9737193 26.4961156)",86179,7011125825,26.4961156,-81.9737193,3,,
"POINT (-81.9735444 26.4963869)",86180,7011125828,26.4963869,-81.9735444,3,,
"POINT (-81.9735426 26.4966368)",86181,7011125831,26.4966368,-81.9735426,3,,
"POINT (-81.9741465 26.4962647)",86182,7011125841,26.4962647,-81.9741465,3,,
"POINT (-81.9747775 26.4962647)",86183,7011125842,26.4962647,-81.9747775,1,,
"POINT (-81.9743582 26.4962647)",86184,7011125843,26.4962647,-81.9743582,3,,
"POINT (-81.9743694 26.4958649)",86185,7011125844,26.4958649,-81.9743694,3,,
"POINT (-81.9743388 26.495564)",86186,7011125846,26.495564,-81.9743388,3,,
"POINT (-81.9748262 26.4958568)",86187,7011125847,26.4958568,-81.9748262,1,,
"POINT (-81.9757529 26.4953545)",86188,7011125848,26.4953545,-81.9757529,1,,
"POINT (-81.9752913 26.4955765)",86189,7011125849,26.4955765,-81.9752913,3,,
"POINT (-81.9357211 26.5151839)",86219,7011157964,26.5151839,-81.9357211,3,,
"POINT (-81.9354882 26.5149601)",86220,7011157966,26.5149601,-81.9354882,3,,
"POINT (-81.9357147 26.5149488)",86221,7011157967,26.5149488,-81.9357147,3,,
"POINT (-81.9357337 26.5156476)",86222,7011157968,26.5156476,-81.9357337,3,,
"POINT (-81.9356039 26.5156561)",86223,7011157969,26.5156561,-81.9356039,3,,
"POINT (-81.9355821 26.5172522)",86224,7011157973,26.5172522,-81.9355821,3,,
"POINT (-81.9357801 26.5172502)",86225,7011157975,26.5172502,-81.9357801,3,,
"POINT (-81.9425583 26.4875156)",86226,7011162234,26.4875156,-81.9425583,3,,
"POINT (-81.9424995 26.4876963)",86227,7011162236,26.4876963,-81.9424995,3,,
"POINT (-81.9424401 26.4875193)",86228,7011162238,26.4875193,-81.9424401,3,,
"POINT (-81.9431174 26.4881128)",86229,7011162243,26.4881128,-81.9431174,3,,
"POINT (-81.9429152 26.4881008)",86230,7011162244,26.4881008,-81.9429152,3,,
"POINT (-81.942501 26.4877413)",86231,7011162248,26.4877413,-81.942501,3,,
"POINT (-81.9410818 26.5143139)",86277,7011225568,26.5143139,-81.9410818,3,,
"POINT (-81.9411321 26.5144691)",86278,7011225569,26.5144691,-81.9411321,3,,
"POINT (-81.9410057 26.5145785)",86279,7011225574,26.5145785,-81.9410057,3,,
"POINT (-81.9408399 26.5145411)",86280,7011225575,26.5145411,-81.9408399,3,,
"POINT (-81.9413398 26.5131165)",86281,7011225577,26.5131165,-81.9413398,3,,
"POINT (-81.9419924 26.5125926)",86282,7011225579,26.5125926,-81.9419924,3,,
"POINT (-81.9381121 26.5301785)",86283,7011245564,26.5301785,-81.9381121,3,,
"POINT (-81.938317 26.5305895)",86284,7011245572,26.5305895,-81.938317,4,,
"POINT (-81.9383705 26.5305112)",86285,7011245575,26.5305112,-81.9383705,4,,
"POINT (-81.9385085 26.5303471)",86286,7011245576,26.5303471,-81.9385085,2,,
"POINT (-81.9389898 26.5306692)",86287,7011262300,26.5306692,-81.9389898,3,,
"POINT (-81.9382517 26.5307812)",86288,7011262305,26.5307812,-81.9382517,3,,
"POINT (-81.9380705 26.5316902)",86289,7011262310,26.5316902,-81.9380705,3,,
"POINT (-81.9378764 26.5316356)",86290,7011262319,26.5316356,-81.9378764,4,,
"POINT (-81.9379833 26.5310231)",86291,7011262330,26.5310231,-81.9379833,3,,
"POINT (-81.93777 26.530996)",86292,7011262331,26.530996,-81.93777,3,,
"POINT (-81.9376622 26.5315791)",86293,7011262332,26.5315791,-81.9376622,3,,
"POINT (-81.9552902 26.5094082)",86316,7011416270,26.5094082,-81.9552902,3,,
"POINT (-81.9547354 26.5087265)",86317,7011416274,26.5087265,-81.9547354,3,,
"POINT (-81.9548379 26.509757)",86318,7011416275,26.509757,-81.9548379,4,,
"POINT (-81.9547241 26.5096154)",86319,7011416277,26.5096154,-81.9547241,3,,
"POINT (-81.9538915 26.5087344)",86320,7011418185,26.5087344,-81.9538915,4,,
"POINT (-81.9538896 26.5086854)",86321,7011418186,26.5086854,-81.9538896,1,,
"POINT (-81.9530354 26.5265648)",86328,7011436254,26.5265648,-81.9530354,3,,
"POINT (-81.952975 26.5272141)",86329,7011436261,26.5272141,-81.952975,3,,
"POINT (-81.9525546 26.526315)",86330,7011436282,26.526315,-81.9525546,3,,
"POINT (-81.9525596 26.5265342)",86331,7011436283,26.5265342,-81.9525596,1,,
"POINT (-81.9522928 26.5270131)",86332,7011436284,26.5270131,-81.9522928,3,,
"POINT (-81.9523094 26.5273935)",86339,7011452685,26.5273935,-81.9523094,1,,
"POINT (-81.9527081 26.527079)",86340,7011452686,26.527079,-81.9527081,3,,
"POINT (-81.9526685 26.5268465)",86341,7011452688,26.5268465,-81.9526685,1,,
"POINT (-81.9524266 26.5270117)",86342,7011452689,26.5270117,-81.9524266,3,,
"POINT (-81.9524956 26.5272046)",86343,7011452692,26.5272046,-81.9524956,1,,
"POINT (-81.9529391 26.527494)",86344,7011452696,26.527494,-81.9529391,1,,
"POINT (-81.9485407 26.5146065)",86345,7011474052,26.5146065,-81.9485407,3,,
"POINT (-81.9491562 26.5152467)",86346,7011474053,26.5152467,-81.9491562,1,,
"POINT (-81.9483654 26.5147413)",86347,7011474054,26.5147413,-81.9483654,3,,
"POINT (-81.9488689 26.5154701)",86348,7011474056,26.5154701,-81.9488689,1,,
"POINT (-81.9477604 26.5152063)",86349,7011474057,26.5152063,-81.9477604,3,,
"POINT (-81.94873 26.5158935)",86350,7011474060,26.5158935,-81.94873,1,,
"POINT (-81.9480359 26.515479)",86351,7011474061,26.515479,-81.9480359,3,,
"POINT (-81.9475543 26.5153585)",86352,7011474063,26.5153585,-81.9475543,3,,
"POINT (-81.9471434 26.5156122)",86353,7011474064,26.5156122,-81.9471434,3,,
"POINT (-81.9478756 26.5162233)",86354,7011474068,26.5162233,-81.9478756,3,,
"POINT (-81.9678849 26.5038653)",86357,7011541942,26.5038653,-81.9678849,3,,
"POINT (-81.967043 26.5038974)",86358,7011541945,26.5038974,-81.967043,1,,
"POINT (-81.9670304 26.5003773)",86359,7011541946,26.5003773,-81.9670304,3,,
"POINT (-81.9678241 26.5008026)",86360,7011541950,26.5008026,-81.9678241,3,,
"POINT (-81.9671969 26.500546)",86361,7011541951,26.500546,-81.9671969,3,,
"POINT (-81.9676204 26.5008163)",86362,7011541957,26.5008163,-81.9676204,3,,
"POINT (-81.9367482 26.5236184)",86363,7011545894,26.5236184,-81.9367482,3,,
"POINT (-81.9359307 26.5230859)",86364,7011545902,26.5230859,-81.9359307,3,,
"POINT (-81.9295409 26.4929402)",86405,7011667080,26.4929402,-81.9295409,3,,
"POINT (-81.9308634 26.4929146)",86406,7011667081,26.4929146,-81.9308634,3,,
"POINT (-81.9297891 26.4929341)",86407,7011667082,26.4929341,-81.9297891,4,,
"POINT (-81.9434953 26.5020903)",86408,7011681229,26.5020903,-81.9434953,3,,
"POINT (-81.9433125 26.5020953)",86409,7011681230,26.5020953,-81.9433125,3,,
"POINT (-81.9304142 26.4931746)",86412,7011689991,26.4931746,-81.9304142,3,,
"POINT (-81.9304339 26.4938162)",86413,7011689992,26.4938162,-81.9304339,3,,
"POINT (-81.9435293 26.4580224)",86419,7011867618,26.4580224,-81.9435293,4,,
"POINT (-81.9426865 26.4578836)",86420,7011867622,26.4578836,-81.9426865,3,,
"POINT (-81.9426927 26.4580302)",86421,7011867623,26.4580302,-81.9426927,3,,
"POINT (-81.9435173 26.4576616)",86422,7011867624,26.4576616,-81.9435173,3,,
"POINT (-81.9433247 26.457668)",86423,7011867625,26.457668,-81.9433247,4,,
"POINT (-81.9646336 26.52083)",86445,7013133461,26.52083,-81.9646336,3,,
"POINT (-81.9657385 26.5209974)",86446,7013133478,26.5209974,-81.9657385,1,,
"POINT (-81.9347098 26.5285382)",86447,7013135276,26.5285382,-81.9347098,3,,
"POINT (-81.9342786 26.5286241)",86448,7013135279,26.5286241,-81.9342786,3,,
"POINT (-81.9421781 26.5260058)",86449,7013135280,26.5260058,-81.9421781,1,,
"POINT (-81.9341894 26.5283844)",86450,7013135283,26.5283844,-81.9341894,1,,
"POINT (-81.935171 26.5288131)",86451,7013135284,26.5288131,-81.935171,3,,
"POINT (-81.9346731 26.5292354)",86456,7013167989,26.5292354,-81.9346731,1,,
"POINT (-81.9357547 26.529178)",86457,7013167990,26.529178,-81.9357547,3,,
"POINT (-81.9352082 26.5293735)",86458,7013167994,26.5293735,-81.9352082,1,,
"POINT (-81.9501865 26.5133403)",86475,7013182324,26.5133403,-81.9501865,3,,
"POINT (-81.9503828 26.5135288)",86476,7013182325,26.5135288,-81.9503828,3,,
"POINT (-81.9513702 26.5143723)",86477,7013182338,26.5143723,-81.9513702,3,,
"POINT (-81.9508971 26.5147448)",86478,7013182339,26.5147448,-81.9508971,3,,
"POINT (-81.951669 26.5144168)",86479,7013182341,26.5144168,-81.951669,3,,
"POINT (-81.9516302 26.5132193)",86480,7013182342,26.5132193,-81.9516302,3,,
"POINT (-81.9514409 26.5128232)",86481,7013182343,26.5128232,-81.9514409,3,,
"POINT (-81.9516663 26.5143954)",86482,7013182350,26.5143954,-81.9516663,3,,
"POINT (-81.9512311 26.5139646)",86483,7013182352,26.5139646,-81.9512311,3,,
"POINT (-81.9501195 26.5138832)",86484,7013182355,26.5138832,-81.9501195,2,,
"POINT (-81.9501967 26.5139682)",86485,7013182356,26.5139682,-81.9501967,3,,
"POINT (-81.9503726 26.5135681)",86486,7013182361,26.5135681,-81.9503726,3,,
"POINT (-81.9510577 26.5149149)",86487,7013182363,26.5149149,-81.9510577,1,,
"POINT (-81.9510137 26.5148707)",86488,7013182364,26.5148707,-81.9510137,3,,
"POINT (-81.9514905 26.5145001)",86489,7013182366,26.5145001,-81.9514905,3,,
"POINT (-81.9354694 26.5069773)",86498,7013204111,26.5069773,-81.9354694,3,,
"POINT (-81.9354674 26.5069138)",86499,7013204117,26.5069138,-81.9354674,3,,
"POINT (-81.9636692 26.5136959)",86500,7013212415,26.5136959,-81.9636692,3,,
"POINT (-81.9636955 26.5135656)",86501,7013212416,26.5135656,-81.9636955,3,,
"POINT (-81.9626111 26.5143375)",86502,7013212433,26.5143375,-81.9626111,1,,
"POINT (-81.9614015 26.5157658)",86503,7013212441,26.5157658,-81.9614015,3,,
"POINT (-81.925506 26.5150659)",86504,7013248879,26.5150659,-81.925506,3,,
"POINT (-81.92563 26.5150657)",86505,7013248880,26.5150657,-81.92563,2,,
"POINT (-81.9257832 26.5150633)",86506,7013248883,26.5150633,-81.9257832,3,,
"POINT (-81.9264056 26.5150383)",86507,7013248884,26.5150383,-81.9264056,4,,
"POINT (-81.9467812 26.4826958)",86513,7013252528,26.4826958,-81.9467812,3,,
"POINT (-81.9475232 26.4831777)",86514,7013252531,26.4831777,-81.9475232,1,,
"POINT (-81.9469501 26.4829428)",86515,7013252532,26.4829428,-81.9469501,3,,
"POINT (-81.9466475 26.4830986)",86516,7013252533,26.4830986,-81.9466475,1,,
"POINT (-81.9469135 26.4828865)",86517,7013252534,26.4828865,-81.9469135,3,,
"POINT (-81.9472291 26.4827173)",86518,7013252535,26.4827173,-81.9472291,1,,
"POINT (-81.9463205 26.4829588)",86519,7013252536,26.4829588,-81.9463205,3,,
"POINT (-81.9466249 26.4833863)",86520,7013252539,26.4833863,-81.9466249,1,,
"POINT (-81.9464108 26.4979214)",86523,7013265430,26.4979214,-81.9464108,4,,
"POINT (-81.9465626 26.4972611)",86524,7013265435,26.4972611,-81.9465626,4,,
"POINT (-81.9463654 26.4980491)",86525,7013265436,26.4980491,-81.9463654,3,,
"POINT (-81.947139 26.4986845)",86526,7013265442,26.4986845,-81.947139,3,,
"POINT (-81.946959 26.4986955)",86527,7013265443,26.4986955,-81.946959,3,,
"POINT (-81.9467395 26.5000784)",86528,7013265447,26.5000784,-81.9467395,3,,
"POINT (-81.9471965 26.5006721)",86529,7013265450,26.5006721,-81.9471965,3,,
"POINT (-81.9472201 26.5007453)",86530,7013265451,26.5007453,-81.9472201,4,,
"POINT (-81.9469324 26.4988551)",86531,7013265452,26.4988551,-81.9469324,3,,
"POINT (-81.9466014 26.4989425)",86532,7013265454,26.4989425,-81.9466014,1,,
"POINT (-81.9476249 26.5004386)",86533,7013265455,26.5004386,-81.9476249,1,,
"POINT (-81.9492998 26.5006943)",86537,7013299432,26.5006943,-81.9492998,3,,
"POINT (-81.9498202 26.5005847)",86538,7013299434,26.5005847,-81.9498202,3,,
"POINT (-81.9501448 26.5000507)",86539,7013299437,26.5000507,-81.9501448,3,,
"POINT (-81.9499955 26.4992503)",86540,7013299441,26.4992503,-81.9499955,3,,
"POINT (-81.9509051 26.4634232)",86549,7013330618,26.4634232,-81.9509051,3,,
"POINT (-81.9502169 26.4631828)",86550,7013330622,26.4631828,-81.9502169,1,,
"POINT (-81.9509903 26.4631005)",86551,7013330623,26.4631005,-81.9509903,3,,
"POINT (-81.9510994 26.4627042)",86552,7013330628,26.4627042,-81.9510994,3,,
"POINT (-81.9510386 26.462925)",86553,7013330629,26.462925,-81.9510386,3,,
"POINT (-81.9506425 26.4628269)",86554,7013330631,26.4628269,-81.9506425,3,,
"POINT (-81.9689827 26.515803)",86555,7013389542,26.515803,-81.9689827,3,,
"POINT (-81.9694148 26.5177626)",86556,7013389555,26.5177626,-81.9694148,1,,
"POINT (-81.93252 26.4937853)",86569,7013569074,26.4937853,-81.93252,3,,
"POINT (-81.9331804 26.493775)",86570,7013569078,26.493775,-81.9331804,3,,
"POINT (-81.9331805 26.4935796)",86571,7013569079,26.4935796,-81.9331805,3,,
"POINT (-81.9334408 26.4931666)",86572,7013569083,26.4931666,-81.9334408,3,,
"POINT (-81.9632284 26.5168935)",86573,7013590397,26.5168935,-81.9632284,4,,
"POINT (-81.9630194 26.517725)",86574,7013590405,26.517725,-81.9630194,4,,
"POINT (-81.9628456 26.5184425)",86575,7013590410,26.5184425,-81.9628456,3,,
"POINT (-81.9616067 26.5189498)",86576,7013590419,26.5189498,-81.9616067,3,,
"POINT (-81.9623611 26.5189832)",86577,7013590420,26.5189832,-81.9623611,3,,
"POINT (-81.9622865 26.5187799)",86578,7013590421,26.5187799,-81.9622865,4,,
"POINT (-81.9476015 26.5139735)",86579,7013591712,26.5139735,-81.9476015,3,,
"POINT (-81.9325096 26.4935597)",86580,7013602385,26.4935597,-81.9325096,3,,
"POINT (-81.936538 26.4930495)",86581,7013602386,26.4930495,-81.936538,3,,
"POINT (-81.9368656 26.4937107)",86582,7013602389,26.4937107,-81.9368656,1,,
"POINT (-81.9357648 26.4930587)",86583,7013602390,26.4930587,-81.9357648,4,,
"POINT (-81.9356623 26.4916088)",86584,7013602393,26.4916088,-81.9356623,3,,
"POINT (-81.9350061 26.4916168)",86585,7013602394,26.4916168,-81.9350061,3,,
"POINT (-81.9350262 26.4922122)",86586,7013602395,26.4922122,-81.9350262,3,,
"POINT (-81.93575 26.4922008)",86587,7013602396,26.4922008,-81.93575,3,,
"POINT (-81.9352723 26.4922083)",86588,7013602397,26.4922083,-81.9352723,3,,
"POINT (-81.9357198 26.4916988)",86589,7013602400,26.4916988,-81.9357198,3,,
"POINT (-81.9360525 26.4930568)",86590,7013602404,26.4930568,-81.9360525,3,,
"POINT (-81.9553578 26.5174378)",86599,7013644253,26.5174378,-81.9553578,4,,
"POINT (-81.9551342 26.5174412)",86600,7013644254,26.5174412,-81.9551342,3,,
"POINT (-81.9551248 26.5167975)",86601,7013644255,26.5167975,-81.9551248,3,,
"POINT (-81.9549178 26.5174445)",86602,7013644256,26.5174445,-81.9549178,3,,
"POINT (-81.954899 26.5167968)",86603,7013644257,26.5167968,-81.954899,3,,
"POINT (-81.9547108 26.5174476)",86604,7013644258,26.5174476,-81.9547108,3,,
"POINT (-81.9546921 26.5167962)",86605,7013644259,26.5167962,-81.9546921,3,,
"POINT (-81.9544739 26.5174512)",86606,7013644260,26.5174512,-81.9544739,3,,
"POINT (-81.9544588 26.5167954)",86607,7013644261,26.5167954,-81.9544588,3,,
"POINT (-81.9553602 26.5179734)",86608,7013644262,26.5179734,-81.9553602,3,,
"POINT (-81.9557534 26.5177987)",86609,7013644265,26.5177987,-81.9557534,3,,
"POINT (-81.9553713 26.5177976)",86610,7013644266,26.5177976,-81.9553713,3,,
"POINT (-81.9557486 26.5176298)",86611,7013644267,26.5176298,-81.9557486,3,,
"POINT (-81.9553653 26.5176386)",86612,7013644268,26.5176386,-81.9553653,3,,
"POINT (-81.9699461 26.4919563)",86618,7013679787,26.4919563,-81.9699461,3,,
"POINT (-81.9699954 26.4916775)",86619,7013679792,26.4916775,-81.9699954,1,,
"POINT (-81.9708849 26.4919462)",86620,7013679793,26.4919462,-81.9708849,3,,
"POINT (-81.9708088 26.4916659)",86621,7013679799,26.4916659,-81.9708088,1,,
"POINT (-81.9711947 26.4902149)",86622,7013679800,26.4902149,-81.9711947,3,,
"POINT (-81.9713927 26.4903646)",86623,7013679802,26.4903646,-81.9713927,1,,
"POINT (-81.9510699 26.4708355)",86624,7013714588,26.4708355,-81.9510699,3,,
"POINT (-81.9517105 26.4715555)",86625,7013714590,26.4715555,-81.9517105,2,,
"POINT (-81.9515265 26.4715592)",86626,7013714591,26.4715592,-81.9515265,4,,
"POINT (-81.9515193 26.4708486)",86627,7013714592,26.4708486,-81.9515193,3,,
"POINT (-81.9515207 26.4709856)",86628,7013714593,26.4709856,-81.9515207,3,,
"POINT (-81.951357 26.4715601)",86629,7013714595,26.4715601,-81.951357,2,,
"POINT (-81.9515292 26.4717028)",86630,7013714596,26.4717028,-81.9515292,3,,
"POINT (-81.9583028 26.4562311)",86636,7013821668,26.4562311,-81.9583028,1,,
"POINT (-81.9584095 26.4574911)",86637,7013821670,26.4574911,-81.9584095,1,,
"POINT (-81.9588334 26.457179)",86638,7013821671,26.457179,-81.9588334,3,,
"POINT (-81.9586042 26.4576114)",86639,7013821672,26.4576114,-81.9586042,1,,
"POINT (-81.9582045 26.4574501)",86640,7013821675,26.4574501,-81.9582045,1,,
"POINT (-81.9590926 26.4573249)",86641,7013821676,26.4573249,-81.9590926,3,,
"POINT (-81.9588573 26.4576799)",86642,7013821678,26.4576799,-81.9588573,1,,
"POINT (-81.9500767 26.5005767)",86643,7013822560,26.5005767,-81.9500767,3,,
"POINT (-81.950609 26.5009218)",86644,7013822566,26.5009218,-81.950609,1,,
"POINT (-81.950985 26.4673477)",86645,7013841585,26.4673477,-81.950985,3,,
"POINT (-81.9504183 26.4669606)",86646,7013841588,26.4669606,-81.9504183,1,,
"POINT (-81.9504499 26.4612594)",86653,7013893152,26.4612594,-81.9504499,3,,
"POINT (-81.9715228 26.5003501)",86659,7014043930,26.5003501,-81.9715228,1,,
"POINT (-81.9536503 26.4959082)",86663,7014141248,26.4959082,-81.9536503,3,,
"POINT (-81.9532852 26.4957751)",86664,7014141262,26.4957751,-81.9532852,3,,
"POINT (-81.9533381 26.4962852)",86665,7014141267,26.4962852,-81.9533381,3,,
"POINT (-81.9381911 26.4928028)",86668,7014182750,26.4928028,-81.9381911,3,,
"POINT (-81.9381539 26.493024)",86669,7014182752,26.493024,-81.9381539,3,,
"POINT (-81.9390584 26.492797)",86670,7014182755,26.492797,-81.9390584,3,,
"POINT (-81.9197948 26.5316268)",86671,7014187048,26.5316268,-81.9197948,3,,
"POINT (-81.9199998 26.5319502)",86672,7014187051,26.5319502,-81.9199998,3,,
"POINT (-81.9198028 26.5322662)",86673,7014187053,26.5322662,-81.9198028,3,,
"POINT (-81.9199926 26.5316233)",86674,7014187054,26.5316233,-81.9199926,3,,
"POINT (-81.9199955 26.5317565)",86675,7014187055,26.5317565,-81.9199955,3,,
"POINT (-81.9206935 26.5317471)",86676,7014187056,26.5317471,-81.9206935,3,,
"POINT (-81.9682305 26.4908241)",86677,7014196302,26.4908241,-81.9682305,3,,
"POINT (-81.9683744 26.4907062)",86678,7014196303,26.4907062,-81.9683744,1,,
"POINT (-81.9523605 26.5110638)",86679,7014273663,26.5110638,-81.9523605,3,,
"POINT (-81.9522249 26.5115188)",86680,7014273666,26.5115188,-81.9522249,1,,
"POINT (-81.942189 26.5198916)",86681,7014359072,26.5198916,-81.942189,3,,
"POINT (-81.9414872 26.5201905)",86682,7014359076,26.5201905,-81.9414872,3,,
"POINT (-81.9570311 26.5133226)",86686,7014484538,26.5133226,-81.9570311,3,,
"POINT (-81.9566898 26.5129415)",86687,7014484540,26.5129415,-81.9566898,1,,
"POINT (-81.9251274 26.5186909)",86688,7016255054,26.5186909,-81.9251274,3,,
"POINT (-81.9252989 26.518686)",86689,7016255055,26.518686,-81.9252989,3,,
"POINT (-81.9372869 26.4872338)",86697,7016313848,26.4872338,-81.9372869,1,,
"POINT (-81.9390281 26.5051071)",86701,7016404130,26.5051071,-81.9390281,4,,
"POINT (-81.9390291 26.505186)",86702,7016404131,26.505186,-81.9390291,1,,
"POINT (-81.9394077 26.5050803)",86703,7016404142,26.5050803,-81.9394077,1,,
"POINT (-81.95431 26.4659168)",86704,7016483559,26.4659168,-81.95431,1,,
"POINT (-81.9545614 26.4655723)",86705,7016483561,26.4655723,-81.9545614,3,,
"POINT (-81.9190288 26.5006989)",86714,7045965310,26.5006989,-81.9190288,1,,
"POINT (-81.9579746 26.5233121)",86715,7046048168,26.5233121,-81.9579746,3,,
"POINT (-81.9579531 26.5240725)",86716,7046048175,26.5240725,-81.9579531,1,,
"POINT (-81.9583648 26.5240017)",86717,7046048176,26.5240017,-81.9583648,1,,
"POINT (-81.9610232 26.5156824)",86738,7055056456,26.5156824,-81.9610232,3,,
"POINT (-81.9596588 26.4574476)",86739,7058941297,26.4574476,-81.9596588,3,,
"POINT (-81.9495748 26.4953958)",86740,7058947539,26.4953958,-81.9495748,3,,
"POINT (-81.949631 26.4955054)",86741,7058947540,26.4955054,-81.949631,3,,
"POINT (-81.9501488 26.4960385)",86742,7058947550,26.4960385,-81.9501488,3,,
"POINT (-81.9502284 26.49762)",86743,7058947557,26.49762,-81.9502284,3,,
"POINT (-81.9500631 26.4975932)",86744,7058947558,26.4975932,-81.9500631,4,,
"POINT (-81.9498162 26.4983287)",86745,7058947560,26.4983287,-81.9498162,3,,
"POINT (-81.9622704 26.5136396)",86752,7059169785,26.5136396,-81.9622704,3,,
"POINT (-81.9621961 26.5142504)",86753,7059169794,26.5142504,-81.9621961,1,,
"POINT (-81.961504 26.5136504)",86754,7059169795,26.5136504,-81.961504,3,,
"POINT (-81.9614817 26.5142326)",86755,7059169800,26.5142326,-81.9614817,1,,
"POINT (-81.9614198 26.5136516)",86756,7059169801,26.5136516,-81.9614198,3,,
"POINT (-81.961377 26.5141889)",86757,7059169807,26.5141889,-81.961377,1,,
"POINT (-81.9605731 26.5136635)",86758,7059169808,26.5136635,-81.9605731,3,,
"POINT (-81.9605654 26.5141679)",86759,7059169810,26.5141679,-81.9605654,1,,
"POINT (-81.9601168 26.5136699)",86760,7059169811,26.5136699,-81.9601168,3,,
"POINT (-81.9603595 26.5141846)",86761,7059169820,26.5141846,-81.9603595,1,,
"POINT (-81.9594809 26.5136788)",86762,7059169822,26.5136788,-81.9594809,3,,
"POINT (-81.9593223 26.5141228)",86763,7059169829,26.5141228,-81.9593223,1,,
"POINT (-81.9703928 26.4902181)",86766,7059261264,26.4902181,-81.9703928,3,,
"POINT (-81.9704009 26.4904769)",86767,7059261265,26.4904769,-81.9704009,1,,
"POINT (-81.9695908 26.4902212)",86768,7059261266,26.4902212,-81.9695908,3,,
"POINT (-81.9696096 26.4904481)",86769,7059261267,26.4904481,-81.9696096,1,,
"POINT (-81.9687995 26.4902243)",86770,7059261268,26.4902243,-81.9687995,3,,
"POINT (-81.968819 26.4904522)",86771,7059261269,26.4904522,-81.968819,1,,
"POINT (-81.9716261 26.4911062)",86772,7059261270,26.4911062,-81.9716261,3,,
"POINT (-81.9713646 26.4911097)",86773,7059261271,26.4911097,-81.9713646,1,,
"POINT (-81.9693426 26.4919628)",86774,7059261272,26.4919628,-81.9693426,3,,
"POINT (-81.9693332 26.491601)",86775,7059261273,26.491601,-81.9693332,1,,
"POINT (-81.9629327 26.5183346)",86786,7062700690,26.5183346,-81.9629327,3,,
"POINT (-81.9320775 26.5256059)",86799,7071474575,26.5256059,-81.9320775,3,,
"POINT (-81.9320077 26.5251289)",86800,7071474578,26.5251289,-81.9320077,1,,
"POINT (-81.971605 26.4974033)",86801,7071474937,26.4974033,-81.971605,3,,
"POINT (-81.9717285 26.4972717)",86802,7071474943,26.4972717,-81.9717285,3,,
"POINT (-81.9428361 26.5122082)",86803,7072046606,26.5122082,-81.9428361,3,,
"POINT (-81.941538 26.5130587)",86804,7072046610,26.5130587,-81.941538,3,,
"POINT (-81.9413626 26.5128065)",86805,7072046611,26.5128065,-81.9413626,1,,
"POINT (-81.9416498 26.5132018)",86806,7072046612,26.5132018,-81.9416498,1,,
"POINT (-81.9501015 26.5251384)",86807,7075101186,26.5251384,-81.9501015,1,,
"POINT (-81.9444202 26.4905491)",86808,7077982429,26.4905491,-81.9444202,3,,
"POINT (-81.9443775 26.4896986)",86809,7077982430,26.4896986,-81.9443775,3,,
"POINT (-81.9444054 26.4902559)",86810,7077982431,26.4902559,-81.9444054,4,,
"POINT (-81.9442107 26.4902605)",86811,7077982432,26.4902605,-81.9442107,3,,
"POINT (-81.9441618 26.4895647)",86812,7077982433,26.4895647,-81.9441618,3,,
"POINT (-81.9440134 26.4902651)",86813,7077982434,26.4902651,-81.9440134,3,,
"POINT (-81.9439677 26.4895537)",86814,7077982435,26.4895537,-81.9439677,3,,
"POINT (-81.9442775 26.4905507)",86815,7077982436,26.4905507,-81.9442775,3,,
"POINT (-81.9442653 26.4902592)",86816,7077982437,26.4902592,-81.9442653,3,,
"POINT (-81.9475926 26.4909018)",86820,7079344842,26.4909018,-81.9475926,3,,
"POINT (-81.9483275 26.4908888)",86821,7079344843,26.4908888,-81.9483275,3,,
"POINT (-81.9513813 26.46147)",86839,7083524141,26.46147,-81.9513813,3,,
"POINT (-81.9511218 26.4603527)",86840,7083524144,26.4603527,-81.9511218,1,,
"POINT (-81.9556936 26.5231162)",86841,7083789544,26.5231162,-81.9556936,3,,
"POINT (-81.9554039 26.5233796)",86842,7083789551,26.5233796,-81.9554039,3,,
"POINT (-81.9573749 26.5244191)",86843,7083789562,26.5244191,-81.9573749,1,,
"POINT (-81.9608707 26.5187415)",86844,7083806052,26.5187415,-81.9608707,3,,
"POINT (-81.9609623 26.5191281)",86845,7083806061,26.5191281,-81.9609623,1,,
"POINT (-81.9628921 26.5136278)",86847,7087702065,26.5136278,-81.9628921,3,,
"POINT (-81.9628907 26.513214)",86848,7087702067,26.513214,-81.9628907,1,turning_loop,
"POINT (-81.9464832 26.5014932)",86871,7101197967,26.5014932,-81.9464832,3,,
"POINT (-81.9464796 26.501351)",86872,7101197968,26.501351,-81.9464796,1,,
"POINT (-81.9607237 26.5166363)",86873,7104206157,26.5166363,-81.9607237,4,,
"POINT (-81.9607147 26.5161463)",86874,7104206165,26.5161463,-81.9607147,3,,
"POINT (-81.9609827 26.5179293)",86875,7104273988,26.5179293,-81.9609827,4,,
"POINT (-81.9608774 26.5184667)",86876,7104273998,26.5184667,-81.9608774,4,,
"POINT (-81.9607391 26.5169541)",86877,7104274685,26.5169541,-81.9607391,4,,
"POINT (-81.9607804 26.5136606)",86903,7111491121,26.5136606,-81.9607804,3,,
"POINT (-81.9607847 26.5132248)",86904,7111491122,26.5132248,-81.9607847,1,,
"POINT (-81.9320752 26.493792)",86920,7111739417,26.493792,-81.9320752,3,,
"POINT (-81.9315639 26.4917808)",86921,7111739424,26.4917808,-81.9315639,3,,
"POINT (-81.9320399 26.4917796)",86922,7111739425,26.4917796,-81.9320399,3,,
"POINT (-81.9320645 26.4931821)",86923,7111739432,26.4931821,-81.9320645,3,,
"POINT (-81.9320505 26.4923815)",86924,7111739433,26.4923815,-81.9320505,3,,
"POINT (-81.9310182 26.4923895)",86925,7111739434,26.4923895,-81.9310182,3,,
"POINT (-81.9304287 26.4936459)",86926,7111739435,26.4936459,-81.9304287,3,,
"POINT (-81.9320722 26.4936202)",86927,7111739436,26.4936202,-81.9320722,3,,
"POINT (-81.9313811 26.4938022)",86928,7111739437,26.4938022,-81.9313811,3,,
"POINT (-81.9313675 26.4936312)",86929,7111739438,26.4936312,-81.9313675,4,,
"POINT (-81.9319618 26.4936204)",86930,7111739445,26.4936204,-81.9319618,3,,
"POINT (-81.9666776 26.5202461)",86947,7111924507,26.5202461,-81.9666776,3,,
"POINT (-81.9728495 26.4959596)",86952,7113505939,26.4959596,-81.9728495,3,,
"POINT (-81.9718828 26.4959548)",86953,7113505941,26.4959548,-81.9718828,3,,
"POINT (-81.9587505 26.5239399)",86954,7113542016,26.5239399,-81.9587505,1,,
"POINT (-81.9677638 26.4928012)",86963,7113654101,26.4928012,-81.9677638,3,,
"POINT (-81.9679632 26.492797)",86964,7113654102,26.492797,-81.9679632,3,,
"POINT (-81.9682838 26.4929488)",86965,7113654105,26.4929488,-81.9682838,3,,
"POINT (-81.968041 26.4927705)",86966,7113654106,26.4927705,-81.968041,3,,
"POINT (-81.9683407 26.4932423)",86967,7113654108,26.4932423,-81.9683407,3,,
"POINT (-81.9680488 26.4926604)",86968,7113654109,26.4926604,-81.9680488,1,,
"POINT (-81.9580679 26.45625)",86982,7113967646,26.45625,-81.9580679,1,,
"POINT (-81.95782 26.4567004)",86983,7113967648,26.4567004,-81.95782,1,,
"POINT (-81.9576133 26.4571719)",86984,7113967651,26.4571719,-81.9576133,1,,
"POINT (-81.9355727 26.5098549)",86986,7114075067,26.5098549,-81.9355727,3,,
"POINT (-81.9347367 26.5092036)",86987,7114075073,26.5092036,-81.9347367,3,,
"POINT (-81.933323 26.5089783)",86988,7114075080,26.5089783,-81.933323,3,,
"POINT (-81.9353159 26.5098592)",86989,7114075081,26.5098592,-81.9353159,3,,
"POINT (-81.9346978 26.5084785)",86997,7114096685,26.5084785,-81.9346978,3,,
"POINT (-81.9336215 26.5089735)",86998,7114096691,26.5089735,-81.9336215,3,,
"POINT (-81.9347229 26.5087589)",86999,7114096692,26.5087589,-81.9347229,3,,
"POINT (-81.9336089 26.5087847)",87000,7114096693,26.5087847,-81.9336089,3,,
"POINT (-81.9354956 26.5077954)",87001,7114096695,26.5077954,-81.9354956,3,,
"POINT (-81.9339583 26.5078096)",87002,7114096696,26.5078096,-81.9339583,1,,
"POINT (-81.9353951 26.5046378)",87003,7114096698,26.5046378,-81.9353951,3,,
"POINT (-81.9351757 26.5046414)",87004,7114096700,26.5046414,-81.9351757,3,,
"POINT (-81.9347657 26.5051731)",87005,7114096704,26.5051731,-81.9347657,1,,
"POINT (-81.9576983 26.5150692)",87010,7114193648,26.5150692,-81.9576983,3,,
"POINT (-81.9578017 26.515467)",87011,7114193656,26.515467,-81.9578017,1,,
"POINT (-81.9340042 26.5181018)",87012,7114200875,26.5181018,-81.9340042,3,,
"POINT (-81.934371 26.5177385)",87013,7114200880,26.5177385,-81.934371,1,,
"POINT (-81.9362694 26.5297953)",87022,7116004359,26.5297953,-81.9362694,3,,
"POINT (-81.9359854 26.5300866)",87023,7116004363,26.5300866,-81.9359854,1,,
"POINT (-81.9357146 26.529631)",87024,7116004369,26.529631,-81.9357146,1,,
"POINT (-81.93363 26.5285601)",87025,7116004370,26.5285601,-81.93363,1,,
"POINT (-81.9334735 26.5282475)",87026,7116004373,26.5282475,-81.9334735,3,,
"POINT (-81.9455498 26.5084406)",87027,7116146942,26.5084406,-81.9455498,3,,
"POINT (-81.945564 26.5087588)",87028,7116146944,26.5087588,-81.945564,3,,
"POINT (-81.9455572 26.5086547)",87029,7116146945,26.5086547,-81.9455572,2,,
"POINT (-81.9453536 26.5084487)",87030,7116146946,26.5084487,-81.9453536,3,,
"POINT (-81.9453657 26.5087643)",87031,7116146947,26.5087643,-81.9453657,3,,
"POINT (-81.9450559 26.5087676)",87032,7116146951,26.5087676,-81.9450559,3,,
"POINT (-81.9453964 26.5071219)",87033,7116146952,26.5071219,-81.9453964,3,,
"POINT (-81.9452528 26.5078856)",87034,7116146957,26.5078856,-81.9452528,3,,
"POINT (-81.9452463 26.5071233)",87035,7116146959,26.5071233,-81.9452463,3,,
"POINT (-81.9509521 26.4649863)",87040,7116525259,26.4649863,-81.9509521,3,,
"POINT (-81.9508415 26.4650792)",87041,7116525260,26.4650792,-81.9508415,3,,
"POINT (-81.949876 26.4644991)",87042,7116525265,26.4644991,-81.949876,1,,
"POINT (-81.9512537 26.4654134)",87043,7116525267,26.4654134,-81.9512537,1,,
"POINT (-81.9737087 26.4993412)",87085,7127265788,26.4993412,-81.9737087,3,,
"POINT (-81.9736556 26.4995185)",87086,7127265792,26.4995185,-81.9736556,1,,
"POINT (-81.9727146 26.4993617)",87087,7127266594,26.4993617,-81.9727146,3,,
"POINT (-81.9727541 26.4998483)",87088,7127266599,26.4998483,-81.9727541,3,,
"POINT (-81.951398 26.5088007)",87091,7127602459,26.5088007,-81.951398,3,,
"POINT (-81.9507823 26.5088132)",87092,7127602464,26.5088132,-81.9507823,3,,
"POINT (-81.9362915 26.4930532)",87093,7128147227,26.4930532,-81.9362915,3,,
"POINT (-81.9359837 26.4936303)",87094,7128147233,26.4936303,-81.9359837,1,,
"POINT (-81.9363231 26.4932346)",87095,7128147234,26.4932346,-81.9363231,3,,
"POINT (-81.9360294 26.4932337)",87096,7128147236,26.4932337,-81.9360294,1,,
"POINT (-81.9551272 26.5099639)",87097,7131061376,26.5099639,-81.9551272,1,turning_loop,
"POINT (-81.9683615 26.504879)",87098,7131173916,26.504879,-81.9683615,3,,
"POINT (-81.9678929 26.5043008)",87099,7131173927,26.5043008,-81.9678929,3,,
"POINT (-81.9546782 26.4638876)",87100,7132571085,26.4638876,-81.9546782,1,turning_loop,
"POINT (-81.9541324 26.4638597)",87101,7132571086,26.4638597,-81.9541324,3,,
"POINT (-81.9546811 26.4636872)",87102,7132571094,26.4636872,-81.9546811,1,,
"POINT (-81.9546928 26.464486)",87103,7132571095,26.464486,-81.9546928,3,,
"POINT (-81.9550979 26.464268)",87104,7132571097,26.464268,-81.9550979,1,,
"POINT (-81.9398633 26.5154915)",87112,7134931212,26.5154915,-81.9398633,3,,
"POINT (-81.9399646 26.5153902)",87113,7134931213,26.5153902,-81.9399646,3,,
"POINT (-81.9433569 26.496653)",87116,7138232083,26.496653,-81.9433569,3,,
"POINT (-81.9443766 26.4966421)",87117,7138266885,26.4966421,-81.9443766,3,,
"POINT (-81.9259739 26.518341)",87118,7138380462,26.518341,-81.9259739,3,,
"POINT (-81.9259902 26.5187801)",87119,7138380464,26.5187801,-81.9259902,1,,
"POINT (-81.9456032 26.4833685)",87120,7138479141,26.4833685,-81.9456032,3,,
"POINT (-81.9453784 26.4829964)",87121,7138479143,26.4829964,-81.9453784,1,,
"POINT (-81.9324751 26.4900678)",87122,7138524052,26.4900678,-81.9324751,1,,
"POINT (-81.9739653 26.5159796)",87123,7138710831,26.5159796,-81.9739653,3,,
"POINT (-81.9668639 26.5011085)",87124,7144155186,26.5011085,-81.9668639,1,,
"POINT (-81.9665462 26.5007499)",87125,7144155187,26.5007499,-81.9665462,3,,
"POINT (-81.966902 26.5004759)",87126,7144155188,26.5004759,-81.966902,3,,
"POINT (-81.9667789 26.5003179)",87127,7144155190,26.5003179,-81.9667789,3,,
"POINT (-81.9677028 26.4994276)",87128,7144155195,26.4994276,-81.9677028,3,,
"POINT (-81.9678129 26.4994025)",87129,7144155196,26.4994025,-81.9678129,3,,
"POINT (-81.9507244 26.480087)",87139,7147972808,26.480087,-81.9507244,3,,
"POINT (-81.9505675 26.4800002)",87140,7147972812,26.4800002,-81.9505675,3,,
"POINT (-81.9507064 26.4797775)",87141,7147972813,26.4797775,-81.9507064,1,,
"POINT (-81.9505044 26.479985)",87142,7147972814,26.479985,-81.9505044,3,,
"POINT (-81.9308549 26.5188368)",87155,7150437546,26.5188368,-81.9308549,1,,
"POINT (-81.9308042 26.5182805)",87156,7150437551,26.5182805,-81.9308042,3,,
"POINT (-81.9260977 26.5197093)",87157,7150660540,26.5197093,-81.9260977,3,,
"POINT (-81.9260903 26.5208917)",87158,7150660541,26.5208917,-81.9260903,2,,
"POINT (-81.9257211 26.5197052)",87159,7150660552,26.5197052,-81.9257211,3,,
"POINT (-81.925907 26.5197072)",87160,7150660553,26.5197072,-81.925907,3,,
"POINT (-81.9259033 26.5210247)",87161,7150660554,26.5210247,-81.9259033,3,,
"POINT (-81.9296212 26.5155838)",87167,7152898806,26.5155838,-81.9296212,3,,
"POINT (-81.9302751 26.5161154)",87168,7152898812,26.5161154,-81.9302751,3,,
"POINT (-81.9296274 26.5161902)",87169,7152898817,26.5161902,-81.9296274,3,,
"POINT (-81.9306623 26.5161093)",87170,7152898818,26.5161093,-81.9306623,1,,
"POINT (-81.9298684 26.5161776)",87171,7152898819,26.5161776,-81.9298684,3,,
"POINT (-81.9298512 26.5155776)",87172,7152898820,26.5155776,-81.9298512,3,,
"POINT (-81.9676859 26.4981678)",87176,7153058661,26.4981678,-81.9676859,2,,
"POINT (-81.9286463 26.443782)",87177,7155506180,26.443782,-81.9286463,1,,
"POINT (-81.9292285 26.4440897)",87179,7155533385,26.4440897,-81.9292285,3,,
"POINT (-81.9562469 26.4987289)",87195,7170801893,26.4987289,-81.9562469,3,,
"POINT (-81.9556353 26.4986597)",87196,7170801894,26.4986597,-81.9556353,1,,
"POINT (-81.9398523 26.5141257)",87199,7174289360,26.5141257,-81.9398523,3,,
"POINT (-81.9399477 26.5142117)",87200,7174289361,26.5142117,-81.9399477,3,,
"POINT (-81.9450939 26.512468)",87204,7185923263,26.512468,-81.9450939,3,,
"POINT (-81.9446573 26.5122375)",87205,7185923267,26.5122375,-81.9446573,3,,
"POINT (-81.9446623 26.5124739)",87206,7185923268,26.5124739,-81.9446623,3,,
"POINT (-81.942326 26.5195654)",87207,7187946230,26.5195654,-81.942326,3,,
"POINT (-81.9429389 26.5196895)",87208,7187946234,26.5196895,-81.9429389,1,,
"POINT (-81.9428717 26.5196926)",87209,7187946235,26.5196926,-81.9428717,3,,
"POINT (-81.9425798 26.5193694)",87210,7187946238,26.5193694,-81.9425798,3,,
"POINT (-81.9668684 26.4622402)",87211,7189946869,26.4622402,-81.9668684,1,,
"POINT (-81.9378676 26.5276496)",87212,7190125919,26.5276496,-81.9378676,4,,
"POINT (-81.9380366 26.5276511)",87213,7190125920,26.5276511,-81.9380366,3,,
"POINT (-81.938536 26.527745)",87214,7190125923,26.527745,-81.938536,1,,
"POINT (-81.938023 26.5273702)",87215,7190125925,26.5273702,-81.938023,1,,
"POINT (-81.9533678 26.5264101)",87230,7192580795,26.5264101,-81.9533678,3,,
"POINT (-81.9537404 26.5267841)",87231,7192580796,26.5267841,-81.9537404,1,,
"POINT (-81.9467155 26.5005629)",87234,7199952109,26.5005629,-81.9467155,3,,
"POINT (-81.9464576 26.500926)",87235,7199952112,26.500926,-81.9464576,1,,
"POINT (-81.9455822 26.5008292)",87236,7199952114,26.5008292,-81.9455822,3,,
"POINT (-81.9457176 26.5006498)",87237,7199952115,26.5006498,-81.9457176,1,,
"POINT (-81.9519032 26.5205336)",87263,7222194284,26.5205336,-81.9519032,1,,
"POINT (-81.9413441 26.5137934)",87265,7222318798,26.5137934,-81.9413441,3,,
"POINT (-81.9412349 26.5137965)",87266,7222318799,26.5137965,-81.9412349,3,,
"POINT (-81.957903 26.4563828)",87280,7225845900,26.4563828,-81.957903,1,,
"POINT (-81.95972 26.4570096)",87281,7225845902,26.4570096,-81.95972,1,,
"POINT (-81.9593084 26.4574464)",87282,7225845904,26.4574464,-81.9593084,3,,
"POINT (-81.9685569 26.4992046)",87291,7226885734,26.4992046,-81.9685569,3,,
"POINT (-81.9678006 26.4988436)",87292,7226885738,26.4988436,-81.9678006,3,,
"POINT (-81.9579847 26.5206009)",87299,7227184047,26.5206009,-81.9579847,3,,
"POINT (-81.957817 26.5204105)",87300,7227184053,26.5204105,-81.957817,3,,
"POINT (-81.956587 26.5205907)",87301,7227184054,26.5205907,-81.956587,3,,
"POINT (-81.956722 26.5203842)",87302,7227184055,26.5203842,-81.956722,1,,
"POINT (-81.9563612 26.5204871)",87303,7227184056,26.5204871,-81.9563612,3,,
"POINT (-81.9560131 26.5206939)",87304,7227184058,26.5206939,-81.9560131,3,,
"POINT (-81.9433864 26.5069917)",87306,7229190712,26.5069917,-81.9433864,3,,
"POINT (-81.9433891 26.5071493)",87307,7229190715,26.5071493,-81.9433891,1,,
"POINT (-81.9443677 26.5082884)",87308,7229190717,26.5082884,-81.9443677,1,,
"POINT (-81.9438471 26.5080676)",87309,7229190721,26.5080676,-81.9438471,3,,
"POINT (-81.9440901 26.5083201)",87310,7229190722,26.5083201,-81.9440901,1,,
"POINT (-81.9440724 26.5080549)",87311,7229190723,26.5080549,-81.9440724,3,,
"POINT (-81.9443522 26.5084551)",87312,7229190724,26.5084551,-81.9443522,1,,
"POINT (-81.936923 26.5089534)",87334,7229435722,26.5089534,-81.936923,3,,
"POINT (-81.9369255 26.5083275)",87335,7229435724,26.5083275,-81.9369255,1,,
"POINT (-81.9589777 26.514374)",87344,7229676010,26.514374,-81.9589777,3,,
"POINT (-81.9584617 26.5140335)",87345,7229676019,26.5140335,-81.9584617,1,,
"POINT (-81.9569114 26.5247637)",87346,7229690994,26.5247637,-81.9569114,3,,
"POINT (-81.9569286 26.5248679)",87347,7229690999,26.5248679,-81.9569286,1,,
"POINT (-81.9350366 26.5000197)",87355,7230223144,26.5000197,-81.9350366,3,,
"POINT (-81.9347751 26.5000213)",87356,7230223146,26.5000213,-81.9347751,3,,
"POINT (-81.9347776 26.4995648)",87357,7230223149,26.4995648,-81.9347776,1,,
"POINT (-81.9264323 26.5307511)",87367,7238836380,26.5307511,-81.9264323,1,,
"POINT (-81.9285045 26.5201681)",87368,7241231556,26.5201681,-81.9285045,3,,
"POINT (-81.9284879 26.5200269)",87369,7241231557,26.5200269,-81.9284879,1,,
"POINT (-81.9396327 26.4875782)",87370,7241244359,26.4875782,-81.9396327,3,,
"POINT (-81.9396412 26.4877863)",87371,7241244361,26.4877863,-81.9396412,3,,
"POINT (-81.9392631 26.487795)",87372,7241244363,26.487795,-81.9392631,3,,
"POINT (-81.9392587 26.4875838)",87373,7241244366,26.4875838,-81.9392587,3,,
"POINT (-81.9761279 26.4997341)",87374,7241282932,26.4997341,-81.9761279,3,,
"POINT (-81.9760492 26.500067)",87375,7241282936,26.500067,-81.9760492,1,,
"POINT (-81.9452166 26.4937547)",87376,7241782756,26.4937547,-81.9452166,3,,
"POINT (-81.9443048 26.4935765)",87377,7241782761,26.4935765,-81.9443048,1,,
"POINT (-81.9348207 26.5180922)",87379,7244233477,26.5180922,-81.9348207,3,,
"POINT (-81.9356538 26.5172515)",87380,7244233483,26.5172515,-81.9356538,3,,
"POINT (-81.9355241 26.5179579)",87381,7244267786,26.5179579,-81.9355241,3,,
"POINT (-81.9355009 26.5172527)",87382,7244267787,26.5172527,-81.9355009,3,,
"POINT (-81.9352773 26.5172572)",87383,7244267788,26.5172572,-81.9352773,3,,
"POINT (-81.9545023 26.4556586)",87386,7248969646,26.4556586,-81.9545023,3,,
"POINT (-81.9549751 26.4552494)",87387,7248969651,26.4552494,-81.9549751,3,,
"POINT (-81.9444966 26.4584805)",87392,7249086631,26.4584805,-81.9444966,3,,
"POINT (-81.9437393 26.458094)",87393,7249086637,26.458094,-81.9437393,3,,
"POINT (-81.9541943 26.4643197)",87395,7249222043,26.4643197,-81.9541943,3,,
"POINT (-81.9542177 26.4642748)",87396,7249222044,26.4642748,-81.9542177,4,,
"POINT (-81.9548036 26.4640096)",87397,7249222046,26.4640096,-81.9548036,1,,
"POINT (-81.9523833 26.5197219)",87400,7256898737,26.5197219,-81.9523833,3,,
"POINT (-81.9523394 26.5191424)",87401,7256898742,26.5191424,-81.9523394,1,,
"POINT (-81.9354549 26.5065254)",87402,7256968416,26.5065254,-81.9354549,3,,
"POINT (-81.9351754 26.5064833)",87403,7256968419,26.5064833,-81.9351754,3,,
"POINT (-81.933954 26.5065019)",87404,7256968420,26.5065019,-81.933954,1,,
"POINT (-81.9347054 26.5064904)",87405,7256968421,26.5064904,-81.9347054,3,,
"POINT (-81.9346988 26.5063056)",87406,7256968422,26.5063056,-81.9346988,1,,
"POINT (-81.9351731 26.5063006)",87407,7256968423,26.5063006,-81.9351731,1,,
"POINT (-81.9477091 26.4821659)",87408,7257168356,26.4821659,-81.9477091,3,,
"POINT (-81.9472616 26.4821462)",87409,7257168363,26.4821462,-81.9472616,1,,
"POINT (-81.9339681 26.4895471)",87410,7260148008,26.4895471,-81.9339681,3,,
"POINT (-81.93397 26.4894311)",87411,7260148014,26.4894311,-81.93397,3,,
"POINT (-81.9345535 26.4895392)",87412,7260148015,26.4895392,-81.9345535,3,,
"POINT (-81.9339679 26.4893584)",87413,7260148019,26.4893584,-81.9339679,3,,
"POINT (-81.9514428 26.5007385)",87414,7262585933,26.5007385,-81.9514428,3,,
"POINT (-81.9513293 26.5007434)",87415,7262585934,26.5007434,-81.9513293,3,,
"POINT (-81.9513316 26.5009045)",87416,7262585935,26.5009045,-81.9513316,1,,
"POINT (-81.9513232 26.5005997)",87417,7262585936,26.5005997,-81.9513232,1,,
"POINT (-81.9549503 26.5247938)",87425,7271696164,26.5247938,-81.9549503,3,,
"POINT (-81.9547647 26.5238785)",87426,7271696166,26.5238785,-81.9547647,1,,
"POINT (-81.9411185 26.5153772)",87427,7278755279,26.5153772,-81.9411185,3,,
"POINT (-81.9410106 26.5153779)",87428,7278755280,26.5153779,-81.9410106,3,,
"POINT (-81.9501239 26.5153659)",87433,7281683944,26.5153659,-81.9501239,3,,
"POINT (-81.9347499 26.4979637)",87442,7291383243,26.4979637,-81.9347499,3,,
"POINT (-81.9347546 26.4984767)",87443,7291383244,26.4984767,-81.9347546,1,,
"POINT (-81.9430961 26.487049)",87444,7298786019,26.487049,-81.9430961,3,,
"POINT (-81.942154 26.4875283)",87445,7298786035,26.4875283,-81.942154,3,,
"POINT (-81.9434991 26.502217)",87446,7300866164,26.502217,-81.9434991,3,,
"POINT (-81.9434926 26.501975)",87447,7300866169,26.501975,-81.9434926,3,,
"POINT (-81.9370881 26.4913597)",87448,7301054968,26.4913597,-81.9370881,3,,
"POINT (-81.9372475 26.4910504)",87449,7301054970,26.4910504,-81.9372475,3,,
"POINT (-81.9345305 26.515048)",87452,7305473427,26.515048,-81.9345305,1,,
"POINT (-81.9351992 26.5089751)",87455,7305956854,26.5089751,-81.9351992,3,,
"POINT (-81.9663577 26.5008955)",87456,7308243175,26.5008955,-81.9663577,3,,
"POINT (-81.9662039 26.5007288)",87457,7308243177,26.5007288,-81.9662039,3,,
"POINT (-81.9655307 26.5015338)",87458,7308243180,26.5015338,-81.9655307,3,,
"POINT (-81.9655676 26.501213)",87459,7308243181,26.501213,-81.9655676,3,,
"POINT (-81.96606 26.5008383)",87460,7308243184,26.5008383,-81.96606,3,,
"POINT (-81.9662694 26.5002549)",87461,7308246386,26.5002549,-81.9662694,1,,
"POINT (-81.9758237 26.4948806)",87464,7308549137,26.4948806,-81.9758237,3,,
"POINT (-81.9759853 26.4952937)",87465,7308549140,26.4952937,-81.9759853,1,,
"POINT (-81.9490386 26.5218915)",87468,7324784688,26.5218915,-81.9490386,1,,
"POINT (-81.950678 26.461311)",87469,7328205632,26.461311,-81.950678,3,,
"POINT (-81.9506153 26.4621847)",87470,7328205635,26.4621847,-81.9506153,3,,
"POINT (-81.9506656 26.4614638)",87471,7328205643,26.4614638,-81.9506656,3,,
"POINT (-81.9283704 26.4448038)",87484,7348791469,26.4448038,-81.9283704,3,,
"POINT (-81.9285025 26.4446936)",87485,7348791478,26.4446936,-81.9285025,3,,
"POINT (-81.9480082 26.481995)",87497,7388218519,26.481995,-81.9480082,3,,
"POINT (-81.9478041 26.4817086)",87498,7388218521,26.4817086,-81.9478041,1,,
"POINT (-81.9717709 26.4967801)",87499,7388219137,26.4967801,-81.9717709,3,,
"POINT (-81.971656 26.4966486)",87500,7388219138,26.4966486,-81.971656,3,,
"POINT (-81.9700174 26.4961997)",87501,7388219151,26.4961997,-81.9700174,1,,
"POINT (-81.970831 26.4965689)",87502,7388219159,26.4965689,-81.970831,1,,
"POINT (-81.9472446 26.501482)",87504,7409487172,26.501482,-81.9472446,3,,
"POINT (-81.9472427 26.5013262)",87505,7409487173,26.5013262,-81.9472427,1,,
"POINT (-81.9472293 26.5009145)",87506,7409487175,26.5009145,-81.9472293,1,,
"POINT (-81.9476672 26.502357)",87507,7409487178,26.502357,-81.9476672,1,,
"POINT (-81.9489304 26.5223315)",87510,7433000525,26.5223315,-81.9489304,1,,
"POINT (-81.9486532 26.5223349)",87511,7433000526,26.5223349,-81.9486532,3,,
"POINT (-81.9547563 26.4791136)",87512,7433178911,26.4791136,-81.9547563,3,,
"POINT (-81.9534246 26.479169)",87513,7433178912,26.479169,-81.9534246,3,,
"POINT (-81.9434781 26.4586878)",87514,7436086220,26.4586878,-81.9434781,1,,
"POINT (-81.9435207 26.5030412)",87519,7441635154,26.5030412,-81.9435207,3,,
"POINT (-81.9431953 26.5030421)",87520,7441635155,26.5030421,-81.9431953,3,,
"POINT (-81.9431907 26.5028123)",87521,7441635156,26.5028123,-81.9431907,1,,
"POINT (-81.9431934 26.5031818)",87522,7441635157,26.5031818,-81.9431934,1,,
"POINT (-81.9438729 26.5025415)",87523,7441635158,26.5025415,-81.9438729,3,,
"POINT (-81.943885 26.5032442)",87524,7441635160,26.5032442,-81.943885,1,,
"POINT (-81.951387 26.4657576)",87526,7456537825,26.4657576,-81.951387,3,,
"POINT (-81.9511869 26.465722)",87527,7456537826,26.465722,-81.9511869,3,,
"POINT (-81.9760341 26.4993952)",87528,7457249301,26.4993952,-81.9760341,1,,
"POINT (-81.9483654 26.5075935)",87531,7459089344,26.5075935,-81.9483654,1,,
"POINT (-81.9483794 26.5086956)",87532,7459089345,26.5086956,-81.9483794,1,,
"POINT (-81.9483772 26.5085213)",87533,7459089346,26.5085213,-81.9483772,3,,
"POINT (-81.9482145 26.5085254)",87534,7459089347,26.5085254,-81.9482145,4,,
"POINT (-81.9483721 26.5081233)",87535,7459089348,26.5081233,-81.9483721,3,,
"POINT (-81.9482085 26.5081336)",87536,7459089349,26.5081336,-81.9482085,4,,
"POINT (-81.9483671 26.5077309)",87537,7459089350,26.5077309,-81.9483671,3,,
"POINT (-81.9482009 26.5077333)",87538,7459089351,26.5077333,-81.9482009,3,,
"POINT (-81.9709764 26.4932253)",87551,7497937774,26.4932253,-81.9709764,3,,
"POINT (-81.970975 26.4932014)",87552,7497937775,26.4932014,-81.970975,3,,
"POINT (-81.9709985 26.4927537)",87553,7497937778,26.4927537,-81.9709985,3,,
"POINT (-81.9709361 26.4927548)",87554,7497937779,26.4927548,-81.9709361,2,,
"POINT (-81.9709372 26.4930659)",87555,7497937781,26.4930659,-81.9709372,3,,
"POINT (-81.9710089 26.493066)",87556,7497937782,26.493066,-81.9710089,4,,
"POINT (-81.9715815 26.4927709)",87557,7497937784,26.4927709,-81.9715815,2,,
"POINT (-81.9710665 26.4927528)",87558,7497970587,26.4927528,-81.9710665,3,,
"POINT (-81.9710782 26.4930659)",87559,7497970589,26.4930659,-81.9710782,3,,
"POINT (-81.955361 26.4667763)",87560,7506129661,26.4667763,-81.955361,1,,
"POINT (-81.9450895 26.4588336)",87566,7543696303,26.4588336,-81.9450895,5,,
"POINT (-81.9344859 26.4951026)",87567,7547228660,26.4951026,-81.9344859,3,,
"POINT (-81.9401377 26.5127101)",87568,7549416017,26.5127101,-81.9401377,1,turning_loop,
"POINT (-81.9412664 26.5119157)",87569,7549416018,26.5119157,-81.9412664,1,turning_loop,
"POINT (-81.9613527 26.5136525)",87570,7558025740,26.5136525,-81.9613527,3,,
"POINT (-81.9613768 26.5131567)",87571,7558025741,26.5131567,-81.9613768,1,,
"POINT (-81.961365 26.5134008)",87572,7558025742,26.5134008,-81.961365,3,,
"POINT (-81.9613736 26.5132233)",87573,7558025753,26.5132233,-81.9613736,3,,
"POINT (-81.9510412 26.4867119)",87576,7561770887,26.4867119,-81.9510412,1,,
"POINT (-81.9189759 26.5242135)",87577,7562148367,26.5242135,-81.9189759,1,,
"POINT (-81.9394541 26.5018864)",87582,7562436735,26.5018864,-81.9394541,3,,
"POINT (-81.9601503 26.4984344)",87589,7562776212,26.4984344,-81.9601503,3,,
"POINT (-81.9599465 26.4981417)",87590,7562776219,26.4981417,-81.9599465,3,,
"POINT (-81.9651774 26.4903869)",87597,7564561204,26.4903869,-81.9651774,3,,
"POINT (-81.9666006 26.4902893)",87598,7564561208,26.4902893,-81.9666006,1,,
"POINT (-81.9762371 26.5018934)",87602,7564888366,26.5018934,-81.9762371,1,,
"POINT (-81.9762317 26.5013714)",87603,7564888367,26.5013714,-81.9762317,3,,
"POINT (-81.9761171 26.5011831)",87604,7564888370,26.5011831,-81.9761171,1,,
"POINT (-81.9762354 26.5017254)",87605,7564888371,26.5017254,-81.9762354,3,,
"POINT (-81.9762335 26.5015482)",87606,7564888374,26.5015482,-81.9762335,3,,
"POINT (-81.9465665 26.4828183)",87608,7564923201,26.4828183,-81.9465665,3,,
"POINT (-81.946072 26.4824048)",87609,7564923204,26.4824048,-81.946072,1,,
"POINT (-81.9444349 26.484921)",87610,7564923209,26.484921,-81.9444349,3,,
"POINT (-81.9447928 26.4841715)",87611,7564923210,26.4841715,-81.9447928,3,,
"POINT (-81.9441147 26.4847176)",87612,7564923212,26.4847176,-81.9441147,3,,
"POINT (-81.9480678 26.5085292)",87617,7565048168,26.5085292,-81.9480678,3,,
"POINT (-81.9480515 26.5079662)",87618,7565048169,26.5079662,-81.9480515,1,,
"POINT (-81.9480592 26.5081447)",87619,7565048170,26.5081447,-81.9480592,3,,
"POINT (-81.9480707 26.5087546)",87620,7565048171,26.5087546,-81.9480707,1,,
"POINT (-81.9457949 26.5071129)",87621,7565048172,26.5071129,-81.9457949,3,,
"POINT (-81.9458051 26.5073)",87622,7565066589,26.5073,-81.9458051,3,,
"POINT (-81.9463969 26.5075054)",87623,7565066590,26.5075054,-81.9463969,3,,
"POINT (-81.946181 26.5075637)",87624,7565066591,26.5075637,-81.946181,3,,
"POINT (-81.9414035 26.5155398)",87627,7565119449,26.5155398,-81.9414035,2,,
"POINT (-81.9418007 26.5157357)",87628,7565119451,26.5157357,-81.9418007,3,,
"POINT (-81.9431454 26.516416)",87629,7565119452,26.516416,-81.9431454,3,,
"POINT (-81.9431513 26.5167078)",87630,7565119454,26.5167078,-81.9431513,3,,
"POINT (-81.9435854 26.5162421)",87631,7565119456,26.5162421,-81.9435854,2,,
"POINT (-81.9429847 26.5167116)",87632,7565119457,26.5167116,-81.9429847,3,,
"POINT (-81.9433056 26.517325)",87633,7565119458,26.517325,-81.9433056,3,,
"POINT (-81.9428276 26.5177438)",87634,7565119467,26.5177438,-81.9428276,3,,
"POINT (-81.9433473 26.5174373)",87635,7565119468,26.5174373,-81.9433473,3,,
"POINT (-81.9429149 26.5177811)",87636,7565119477,26.5177811,-81.9429149,3,,
"POINT (-81.9429679 26.5176465)",87637,7565119478,26.5176465,-81.9429679,2,,
"POINT (-81.9437562 26.5190419)",87638,7565119480,26.5190419,-81.9437562,3,,
"POINT (-81.9436917 26.5197488)",87639,7565119484,26.5197488,-81.9436917,3,,
"POINT (-81.9437059 26.5198611)",87642,7565128785,26.5198611,-81.9437059,3,,
"POINT (-81.9430037 26.519149)",87643,7565128786,26.519149,-81.9430037,3,,
"POINT (-81.943095 26.5190758)",87644,7565128791,26.5190758,-81.943095,2,,
"POINT (-81.924569 26.5306418)",87645,7565230656,26.5306418,-81.924569,3,,
"POINT (-81.9246351 26.5305389)",87646,7565230657,26.5305389,-81.9246351,3,,
"POINT (-81.924339 26.5299229)",87647,7565230662,26.5299229,-81.924339,3,,
"POINT (-81.9245277 26.5302067)",87648,7565230667,26.5302067,-81.9245277,3,,
"POINT (-81.9439548 26.4574714)",87649,7565677414,26.4574714,-81.9439548,3,,
"POINT (-81.944137 26.4574665)",87650,7565677417,26.4574665,-81.944137,3,,
"POINT (-81.9443393 26.4574611)",87651,7565677419,26.4574611,-81.9443393,3,,
"POINT (-81.9453708 26.458288)",87652,7565677420,26.458288,-81.9453708,3,,
"POINT (-81.9448046 26.4581075)",87653,7565677421,26.4581075,-81.9448046,1,,
"POINT (-81.9454646 26.4580713)",87654,7565677422,26.4580713,-81.9454646,3,,
"POINT (-81.9447905 26.45785)",87655,7565677423,26.45785,-81.9447905,1,,
"POINT (-81.9441493 26.4579851)",87656,7565677424,26.4579851,-81.9441493,3,,
"POINT (-81.9537223 26.4910405)",87658,7566427279,26.4910405,-81.9537223,3,,
"POINT (-81.9354631 26.5067805)",87664,7567863695,26.5067805,-81.9354631,3,,
"POINT (-81.9362623 26.5075803)",87665,7567863708,26.5075803,-81.9362623,1,,
"POINT (-81.9356005 26.5107748)",87666,7567863709,26.5107748,-81.9356005,3,,
"POINT (-81.9362524 26.5107578)",87667,7567863710,26.5107578,-81.9362524,3,,
"POINT (-81.9359489 26.5107653)",87668,7567863715,26.5107653,-81.9359489,3,,
"POINT (-81.9359488 26.5105229)",87669,7567863716,26.5105229,-81.9359488,1,,
"POINT (-81.9445227 26.5142201)",87670,7567883355,26.5142201,-81.9445227,3,,
"POINT (-81.944129 26.5142266)",87671,7567883358,26.5142266,-81.944129,3,,
"POINT (-81.9481454 26.4915515)",87678,7568526835,26.4915515,-81.9481454,1,,
"POINT (-81.948142 26.4908921)",87679,7568526836,26.4908921,-81.948142,3,,
"POINT (-81.9517379 26.4644584)",87680,7568532381,26.4644584,-81.9517379,3,,
"POINT (-81.9514842 26.4643909)",87681,7568532382,26.4643909,-81.9514842,3,,
"POINT (-81.9514394 26.4645335)",87682,7568532384,26.4645335,-81.9514394,1,,
"POINT (-81.9517688 26.4633249)",87683,7568548885,26.4633249,-81.9517688,1,,
"POINT (-81.9517146 26.4635326)",87684,7568548886,26.4635326,-81.9517146,3,,
"POINT (-81.9519783 26.4635833)",87685,7568548887,26.4635833,-81.9519783,4,,
"POINT (-81.9352482 26.5156832)",87692,7568635021,26.5156832,-81.9352482,3,,
"POINT (-81.9399025 26.4872402)",87693,7568739508,26.4872402,-81.9399025,3,,
"POINT (-81.9398807 26.4868257)",87694,7568739518,26.4868257,-81.9398807,3,,
"POINT (-81.9383914 26.5223341)",87701,7568911009,26.5223341,-81.9383914,3,,
"POINT (-81.9383191 26.5222586)",87702,7568911011,26.5222586,-81.9383191,3,,
"POINT (-81.9384631 26.5221266)",87703,7568911017,26.5221266,-81.9384631,3,,
"POINT (-81.9379718 26.5219945)",87704,7568911019,26.5219945,-81.9379718,1,,
"POINT (-81.9350276 26.4922545)",87709,7569690891,26.4922545,-81.9350276,3,,
"POINT (-81.9344061 26.4916521)",87710,7569690902,26.4916521,-81.9344061,3,,
"POINT (-81.9344339 26.4922729)",87711,7569690904,26.4922729,-81.9344339,3,,
"POINT (-81.9344079 26.4909256)",87712,7569690906,26.4909256,-81.9344079,3,,
"POINT (-81.9338422 26.4916406)",87713,7569690907,26.4916406,-81.9338422,3,,
"POINT (-81.9338162 26.4910455)",87714,7569690908,26.4910455,-81.9338162,3,,
"POINT (-81.9334021 26.4916508)",87715,7569690914,26.4916508,-81.9334021,3,,
"POINT (-81.9397747 26.4933158)",87716,7569694565,26.4933158,-81.9397747,3,,
"POINT (-81.9399947 26.493314)",87717,7569694566,26.493314,-81.9399947,3,,
"POINT (-81.940428 26.4929891)",87718,7569694582,26.4929891,-81.940428,3,,
"POINT (-81.9418031 26.4929685)",87719,7569701289,26.4929685,-81.9418031,3,,
"POINT (-81.9410785 26.4933647)",87720,7569701290,26.4933647,-81.9410785,3,,
"POINT (-81.9410737 26.4929795)",87721,7569701291,26.4929795,-81.9410737,3,,
"POINT (-81.9529767 26.4590894)",87726,7592286880,26.4590894,-81.9529767,3,,
"POINT (-81.9524657 26.459146)",87727,7592286884,26.459146,-81.9524657,3,,
"POINT (-81.9530646 26.4592857)",87728,7592299587,26.4592857,-81.9530646,3,,
"POINT (-81.9277058 26.5198094)",87730,7593999477,26.5198094,-81.9277058,3,,
"POINT (-81.9266171 26.5196452)",87731,7593999484,26.5196452,-81.9266171,3,,
"POINT (-81.9433474 26.4929351)",87733,7594085027,26.4929351,-81.9433474,3,,
"POINT (-81.9435373 26.4926916)",87734,7594085029,26.4926916,-81.9435373,3,,
"POINT (-81.9435091 26.4919724)",87735,7594085033,26.4919724,-81.9435091,3,,
"POINT (-81.9438782 26.4922095)",87736,7594085040,26.4922095,-81.9438782,3,,
"POINT (-81.9434954 26.4922064)",87737,7594085041,26.4922064,-81.9434954,3,,
"POINT (-81.943926 26.4919629)",87738,7594085043,26.4919629,-81.943926,3,,
"POINT (-81.9351891 26.4980734)",87739,7594300730,26.4980734,-81.9351891,3,,
"POINT (-81.9357962 26.4980749)",87740,7594300732,26.4980749,-81.9357962,3,,
"POINT (-81.9745145 26.4929642)",87743,7594437344,26.4929642,-81.9745145,3,,
"POINT (-81.9741354 26.4929735)",87744,7594437347,26.4929735,-81.9741354,3,,
"POINT (-81.9720446 26.5105852)",87746,7594611429,26.5105852,-81.9720446,3,,
"POINT (-81.9720403 26.5103497)",87747,7594611442,26.5103497,-81.9720403,3,,
"POINT (-81.9432859 26.5069594)",87761,7595024519,26.5069594,-81.9432859,3,,
"POINT (-81.9495128 26.5143121)",87762,7595558028,26.5143121,-81.9495128,3,,
"POINT (-81.9492493 26.5145133)",87763,7595558029,26.5145133,-81.9492493,1,,
"POINT (-81.9496949 26.5145017)",87764,7595558030,26.5145017,-81.9496949,3,,
"POINT (-81.9493756 26.5147504)",87765,7595558031,26.5147504,-81.9493756,1,,
"POINT (-81.9482245 26.5150675)",87766,7595558033,26.5150675,-81.9482245,3,,
"POINT (-81.9479232 26.5150811)",87767,7595558040,26.5150811,-81.9479232,3,,
"POINT (-81.948038 26.5152102)",87768,7595558041,26.5152102,-81.948038,3,,
"POINT (-81.9481184 26.5145937)",87769,7595558042,26.5145937,-81.9481184,1,,
"POINT (-81.9486587 26.5131634)",87770,7595558043,26.5131634,-81.9486587,3,,
"POINT (-81.9489071 26.5134266)",87771,7595558044,26.5134266,-81.9489071,4,,
"POINT (-81.9490502 26.513318)",87772,7595558046,26.513318,-81.9490502,4,,
"POINT (-81.9488112 26.5130456)",87773,7595558047,26.5130456,-81.9488112,3,,
"POINT (-81.9489574 26.5129327)",87774,7595558048,26.5129327,-81.9489574,3,,
"POINT (-81.9492017 26.5132031)",87775,7595558049,26.5132031,-81.9492017,4,,
"POINT (-81.9493 26.5135772)",87776,7595558051,26.5135772,-81.9493,3,,
"POINT (-81.949544 26.5129435)",87777,7595558052,26.5129435,-81.949544,3,,
"POINT (-81.9492929 26.5126737)",87778,7595558053,26.5126737,-81.9492929,3,,
"POINT (-81.9494042 26.5130496)",87779,7595558054,26.5130496,-81.9494042,3,,
"POINT (-81.9491559 26.5127795)",87780,7595558055,26.5127795,-81.9491559,3,,
"POINT (-81.9294282 26.5054501)",87787,7601159429,26.5054501,-81.9294282,3,,
"POINT (-81.9294197 26.5052232)",87788,7601159430,26.5052232,-81.9294197,4,,
"POINT (-81.9293209 26.50559)",87789,7601159440,26.50559,-81.9293209,3,,
"POINT (-81.9295538 26.5055741)",87790,7601159448,26.5055741,-81.9295538,3,,
"POINT (-81.9294256 26.5053966)",87791,7601159451,26.5053966,-81.9294256,4,,
"POINT (-81.9453305 26.4868625)",87797,7601265276,26.4868625,-81.9453305,3,,
"POINT (-81.9495612 26.4869137)",87799,7601284803,26.4869137,-81.9495612,3,,
"POINT (-81.9467859 26.4973652)",87803,7601386805,26.4973652,-81.9467859,3,,
"POINT (-81.9472847 26.4973722)",87804,7601386806,26.4973722,-81.9472847,1,,
"POINT (-81.9512419 26.5076708)",87805,7601402459,26.5076708,-81.9512419,3,,
"POINT (-81.9512543 26.5084931)",87806,7601402467,26.5084931,-81.9512543,3,,
"POINT (-81.9432504 26.4953857)",87822,7602278947,26.4953857,-81.9432504,3,,
"POINT (-81.9431251 26.49538)",87823,7602278948,26.49538,-81.9431251,3,,
"POINT (-81.9428701 26.4962881)",87824,7602278956,26.4962881,-81.9428701,3,,
"POINT (-81.9430869 26.4955811)",87825,7602278957,26.4955811,-81.9430869,3,,
"POINT (-81.9452891 26.4995274)",87826,7602571707,26.4995274,-81.9452891,2,,
"POINT (-81.9446558 26.4995274)",87827,7602571708,26.4995274,-81.9446558,2,,
"POINT (-81.944663 26.499925)",87828,7602571709,26.499925,-81.944663,3,,
"POINT (-81.9440011 26.5002796)",87829,7602571711,26.5002796,-81.9440011,3,,
"POINT (-81.9446603 26.4996847)",87830,7602571712,26.4996847,-81.9446603,3,,
"POINT (-81.9452905 26.4996826)",87831,7602571713,26.4996826,-81.9452905,3,,
"POINT (-81.9452998 26.4999103)",87832,7602571715,26.4999103,-81.9452998,3,,
"POINT (-81.9800786 26.5099347)",87833,7602598533,26.5099347,-81.9800786,3,,
"POINT (-81.9799043 26.5099038)",87834,7602598534,26.5099038,-81.9799043,3,,
"POINT (-81.9346786 26.5036085)",87839,7603010684,26.5036085,-81.9346786,3,,
"POINT (-81.9344611 26.505154)",87842,7603043594,26.505154,-81.9344611,1,,
"POINT (-81.9269185 26.5146759)",87843,7609363930,26.5146759,-81.9269185,1,,
"POINT (-81.9264226 26.5146926)",87844,7609363931,26.5146926,-81.9264226,3,,
"POINT (-81.9638171 26.5019024)",87845,7611328270,26.5019024,-81.9638171,3,,
"POINT (-81.9628993 26.5022119)",87846,7611328280,26.5022119,-81.9628993,1,,
"POINT (-81.9315713 26.4947087)",87847,7647740177,26.4947087,-81.9315713,3,,
"POINT (-81.9315511 26.4952487)",87848,7647740182,26.4952487,-81.9315511,3,,
"POINT (-81.9800788 26.5084813)",87857,7698050701,26.5084813,-81.9800788,3,,
"POINT (-81.9800448 26.508443)",87858,7698050712,26.508443,-81.9800448,3,,
"POINT (-81.9800198 26.5086737)",87859,7698050714,26.5086737,-81.9800198,3,,
"POINT (-81.9801892 26.5084723)",87860,7698050715,26.5084723,-81.9801892,4,,
"POINT (-81.9800852 26.5086753)",87861,7698050718,26.5086753,-81.9800852,4,,
"POINT (-81.9801961 26.5093846)",87862,7698050721,26.5093846,-81.9801961,3,,
"POINT (-81.9801006 26.5093851)",87863,7698050722,26.5093851,-81.9801006,3,,
"POINT (-81.9801946 26.5089235)",87864,7698050723,26.5089235,-81.9801946,3,,
"POINT (-81.9800907 26.5089284)",87865,7698050724,26.5089284,-81.9800907,3,,
"POINT (-81.9675572 26.5192176)",87869,7720669403,26.5192176,-81.9675572,3,,
"POINT (-81.9675555 26.5192759)",87870,7720669415,26.5192759,-81.9675555,3,,
"POINT (-81.945888 26.5084155)",87873,7783331522,26.5084155,-81.945888,3,,
"POINT (-81.9461838 26.5085534)",87874,7783331526,26.5085534,-81.9461838,3,,
"POINT (-81.9358698 26.5210568)",87875,7790408613,26.5210568,-81.9358698,3,,
"POINT (-81.9488402 26.5073777)",87883,7839685091,26.5073777,-81.9488402,3,,
"POINT (-81.948197 26.5075845)",87884,7839685092,26.5075845,-81.948197,3,,
"POINT (-81.943372 26.4972101)",87885,7844990173,26.4972101,-81.943372,3,,
"POINT (-81.9437389 26.4981564)",87886,7844990179,26.4981564,-81.9437389,3,,
"POINT (-81.9437751 26.4983586)",87887,7844990181,26.4983586,-81.9437751,3,,
"POINT (-81.9436297 26.4976023)",87888,7844990183,26.4976023,-81.9436297,3,,
"POINT (-81.9444238 26.4981397)",87889,7844990491,26.4981397,-81.9444238,3,,
"POINT (-81.9434349 26.4994846)",87890,7844990495,26.4994846,-81.9434349,3,,
"POINT (-81.9427314 26.4993319)",87891,7844990497,26.4993319,-81.9427314,3,,
"POINT (-81.9432342 26.5077785)",87892,7845594306,26.5077785,-81.9432342,3,,
"POINT (-81.9436331 26.5075152)",87893,7845594312,26.5075152,-81.9436331,3,,
"POINT (-81.9346681 26.5137307)",87894,7845618099,26.5137307,-81.9346681,3,,
"POINT (-81.9343083 26.514296)",87895,7845618104,26.514296,-81.9343083,1,,
"POINT (-81.9438432 26.5046745)",87896,7845639186,26.5046745,-81.9438432,1,,
"POINT (-81.9447636 26.505897)",87897,7845639199,26.505897,-81.9447636,3,,
"POINT (-81.9452479 26.505889)",87898,7845639200,26.505889,-81.9452479,3,,
"POINT (-81.9447668 26.5060161)",87899,7845639205,26.5060161,-81.9447668,3,,
"POINT (-81.9322557 26.5089941)",87900,7845696569,26.5089941,-81.9322557,3,,
"POINT (-81.9322073 26.5089206)",87901,7845696570,26.5089206,-81.9322073,2,,
"POINT (-81.9321706 26.5083115)",87902,7845696571,26.5083115,-81.9321706,3,,
"POINT (-81.9311335 26.508337)",87903,7845696572,26.508337,-81.9311335,1,,
"POINT (-81.9329353 26.5082934)",87904,7845696574,26.5082934,-81.9329353,1,,
"POINT (-81.9322522 26.5089336)",87905,7845696575,26.5089336,-81.9322522,3,,
"POINT (-81.9323069 26.5089173)",87906,7845696576,26.5089173,-81.9323069,2,,
"POINT (-81.9322696 26.5083092)",87907,7845696578,26.5083092,-81.9322696,3,,
"POINT (-81.9322988 26.5087841)",87908,7845696580,26.5087841,-81.9322988,3,,
"POINT (-81.9328503 26.5089853)",87909,7845696582,26.5089853,-81.9328503,3,,
"POINT (-81.9396623 26.5160296)",87910,7848313466,26.5160296,-81.9396623,3,,
"POINT (-81.9396071 26.5159361)",87911,7848313467,26.5159361,-81.9396071,3,,
"POINT (-81.940619 26.5199286)",87912,7849625474,26.5199286,-81.940619,3,,
"POINT (-81.9411957 26.5197812)",87913,7849625483,26.5197812,-81.9411957,3,,
"POINT (-81.9322008 26.5088126)",87914,7852425395,26.5088126,-81.9322008,2,,
"POINT (-81.9322996 26.5088062)",87915,7852425396,26.5088062,-81.9322996,2,,
"POINT (-81.9346592 26.5140361)",87918,7866751240,26.5140361,-81.9346592,1,,
"POINT (-81.9432147 26.5173449)",87919,7885727988,26.5173449,-81.9432147,3,,
"POINT (-81.9431958 26.5171882)",87920,7885727991,26.5171882,-81.9431958,3,,
"POINT (-81.9431921 26.5170876)",87921,7885727992,26.5170876,-81.9431921,3,,
"POINT (-81.9429896 26.5170939)",87922,7885727993,26.5170939,-81.9429896,3,,
"POINT (-81.9572582 26.5150742)",87923,7885770209,26.5150742,-81.9572582,3,,
"POINT (-81.9571048 26.5155101)",87924,7885770211,26.5155101,-81.9571048,1,,
"POINT (-81.9571503 26.5154196)",87925,7885770212,26.5154196,-81.9571503,3,,
"POINT (-81.9572374 26.5151708)",87926,7885770220,26.5151708,-81.9572374,3,,
"POINT (-81.9554128 26.5218737)",87930,7915422173,26.5218737,-81.9554128,3,,
"POINT (-81.9555691 26.5218737)",87931,7915422174,26.5218737,-81.9555691,3,,
"POINT (-81.9755859 26.5016669)",87932,7919080610,26.5016669,-81.9755859,3,,
"POINT (-81.9751387 26.5019049)",87933,7919080611,26.5019049,-81.9751387,1,,
"POINT (-81.9342481 26.4926267)",87934,7926862183,26.4926267,-81.9342481,3,,
"POINT (-81.9475246 26.4598943)",87935,7927797312,26.4598943,-81.9475246,1,,
"POINT (-81.947272 26.4596554)",87936,7927797317,26.4596554,-81.947272,3,,
"POINT (-81.9472696 26.459804)",87937,7927797318,26.459804,-81.9472696,3,,
"POINT (-81.9469227 26.4586159)",87938,7927797324,26.4586159,-81.9469227,3,,
"POINT (-81.9294172 26.4879471)",87943,7934054695,26.4879471,-81.9294172,1,,
"POINT (-81.9807623 26.5094105)",87944,7937324968,26.5094105,-81.9807623,1,,
"POINT (-81.9593785 26.4580427)",87948,7938792247,26.4580427,-81.9593785,1,,
"POINT (-81.9426463 26.5157051)",87949,7941536128,26.5157051,-81.9426463,3,,
"POINT (-81.9426281 26.5152556)",87950,7941536129,26.5152556,-81.9426281,1,,
"POINT (-81.9513403 26.4908427)",87951,7941574535,26.4908427,-81.9513403,3,,
"POINT (-81.9354143 26.5052873)",87952,7942164575,26.5052873,-81.9354143,3,,
"POINT (-81.9339325 26.5055998)",87953,7942164579,26.5055998,-81.9339325,1,,
"POINT (-81.9393425 26.5036191)",87954,7942727719,26.5036191,-81.9393425,3,,
"POINT (-81.9393353 26.5033038)",87955,7942727720,26.5033038,-81.9393353,1,,
"POINT (-81.9435526 26.5042343)",87958,7953427925,26.5042343,-81.9435526,3,,
"POINT (-81.9441455 26.5042204)",87959,7953427927,26.5042204,-81.9441455,1,,
"POINT (-81.9437998 26.5045116)",87960,7953427928,26.5045116,-81.9437998,1,,
"POINT (-81.9437935 26.5042265)",87961,7953427929,26.5042265,-81.9437935,4,,
"POINT (-81.9437873 26.5039637)",87962,7953427930,26.5039637,-81.9437873,1,,
"POINT (-81.9275897 26.4454468)",87964,8110846039,26.4454468,-81.9275897,3,,
"POINT (-81.9549111 26.5242637)",88079,8158221047,26.5242637,-81.9549111,3,,
"POINT (-81.9522242 26.4705595)",88081,8166457496,26.4705595,-81.9522242,1,,
"POINT (-81.9520868 26.470866)",88082,8166457497,26.470866,-81.9520868,3,,
"POINT (-81.9521352 26.470883)",88083,8166457498,26.470883,-81.9521352,3,,
"POINT (-81.9520261 26.4711462)",88084,8166457499,26.4711462,-81.9520261,1,,
"POINT (-81.9520159 26.4704865)",88085,8166457500,26.4704865,-81.9520159,1,,
"POINT (-81.9520629 26.4555762)",88090,8192978029,26.4555762,-81.9520629,1,,
"POINT (-81.9435864 26.5056013)",88108,8270652513,26.5056013,-81.9435864,3,,
"POINT (-81.9432506 26.5056146)",88109,8270652514,26.5056146,-81.9432506,1,,
"POINT (-81.9446107 26.5058994)",88110,8270652515,26.5058994,-81.9446107,3,,
"POINT (-81.9437875 26.505785)",88111,8270690117,26.505785,-81.9437875,3,,
"POINT (-81.945877 26.5062038)",88112,8270690118,26.5062038,-81.945877,3,,
"POINT (-81.9454952 26.5062055)",88113,8270690123,26.5062055,-81.9454952,3,,
"POINT (-81.9356026 26.5108438)",88115,8273189775,26.5108438,-81.9356026,3,,
"POINT (-81.93505 26.5107225)",88116,8273189778,26.5107225,-81.93505,1,,
"POINT (-81.935431 26.5123571)",88117,8273189779,26.5123571,-81.935431,3,,
"POINT (-81.9354098 26.5122146)",88118,8273189780,26.5122146,-81.9354098,3,,
"POINT (-81.9348022 26.5122049)",88119,8273189788,26.5122049,-81.9348022,3,,
"POINT (-81.9482309 26.5217629)",88134,8274049498,26.5217629,-81.9482309,3,,
"POINT (-81.9485913 26.5224524)",88135,8274049499,26.5224524,-81.9485913,3,,
"POINT (-81.9485715 26.5229256)",88136,8274049501,26.5229256,-81.9485715,1,,
"POINT (-81.9501367 26.5172539)",88137,8276733516,26.5172539,-81.9501367,3,,
"POINT (-81.9506043 26.5174609)",88138,8276741922,26.5174609,-81.9506043,1,,
"POINT (-81.9251684 26.520298)",88151,8277141152,26.520298,-81.9251684,3,,
"POINT (-81.9346341 26.4932523)",88155,8277279042,26.4932523,-81.9346341,4,,
"POINT (-81.9339942 26.4932299)",88156,8277279051,26.4932299,-81.9339942,3,,
"POINT (-81.9352708 26.4932949)",88157,8277279054,26.4932949,-81.9352708,1,,
"POINT (-81.9573549 26.5132523)",88167,8277759639,26.5132523,-81.9573549,3,,
"POINT (-81.9573208 26.5131576)",88168,8277759640,26.5131576,-81.9573208,3,,
"POINT (-81.9570012 26.5140664)",88169,8277759653,26.5140664,-81.9570012,3,,
"POINT (-81.9563037 26.5141038)",88170,8277759655,26.5141038,-81.9563037,1,,
"POINT (-81.956715 26.5140824)",88171,8277759656,26.5140824,-81.956715,3,,
"POINT (-81.9569972 26.5138145)",88172,8277759661,26.5138145,-81.9569972,3,,
"POINT (-81.9570205 26.5148559)",88173,8277759664,26.5148559,-81.9570205,3,,
"POINT (-81.9565356 26.5150644)",88174,8277759669,26.5150644,-81.9565356,1,,
"POINT (-81.9538777 26.4587104)",88183,8278573202,26.4587104,-81.9538777,3,,
"POINT (-81.9536133 26.4593705)",88184,8278573206,26.4593705,-81.9536133,1,,
"POINT (-81.9734397 26.5147125)",88189,8280940584,26.5147125,-81.9734397,3,,
"POINT (-81.9735136 26.5160101)",88190,8280940595,26.5160101,-81.9735136,3,,
"POINT (-81.9519115 26.4638266)",88191,8281228431,26.4638266,-81.9519115,3,,
"POINT (-81.9521305 26.4638725)",88192,8281228432,26.4638725,-81.9521305,3,,
"POINT (-81.9528106 26.4641339)",88193,8281228435,26.4641339,-81.9528106,2,,
"POINT (-81.9528373 26.4640338)",88194,8281228436,26.4640338,-81.9528373,3,,
"POINT (-81.9525276 26.4639627)",88195,8281228437,26.4639627,-81.9525276,3,,
"POINT (-81.9524907 26.4640731)",88196,8281228438,26.4640731,-81.9524907,3,,
"POINT (-81.9530487 26.4638365)",88197,8281228439,26.4638365,-81.9530487,3,,
"POINT (-81.9528961 26.4637966)",88198,8281228441,26.4637966,-81.9528961,3,,
"POINT (-81.9528218 26.4640918)",88199,8281228442,26.4640918,-81.9528218,3,,
"POINT (-81.9529736 26.4641215)",88200,8281228443,26.4641215,-81.9529736,3,,
"POINT (-81.9509572 26.4647536)",88201,8281228444,26.4647536,-81.9509572,3,,
"POINT (-81.9508698 26.4640348)",88202,8281228448,26.4640348,-81.9508698,3,,
"POINT (-81.9507363 26.463989)",88203,8281228449,26.463989,-81.9507363,3,,
"POINT (-81.9508776 26.4635349)",88204,8281228450,26.4635349,-81.9508776,3,,
"POINT (-81.9515542 26.46413)",88205,8281228453,26.46413,-81.9515542,3,,
"POINT (-81.9512133 26.4640526)",88206,8281228454,26.4640526,-81.9512133,4,,
"POINT (-81.9509146 26.463988)",88207,8281228455,26.463988,-81.9509146,3,,
"POINT (-81.951033 26.4635739)",88208,8281228456,26.4635739,-81.951033,3,,
"POINT (-81.9508193 26.4641848)",88209,8281228457,26.4641848,-81.9508193,2,,
"POINT (-81.9273841 26.491161)",88210,8281441666,26.491161,-81.9273841,1,,
"POINT (-81.9294889 26.49113)",88211,8281441673,26.49113,-81.9294889,3,,
"POINT (-81.9280647 26.4927797)",88212,8281441674,26.4927797,-81.9280647,3,,
"POINT (-81.9280221 26.4927808)",88213,8281441680,26.4927808,-81.9280221,3,,
"POINT (-81.938655 26.5162146)",88239,8288176852,26.5162146,-81.938655,3,,
"POINT (-81.9386567 26.5163309)",88240,8288176853,26.5163309,-81.9386567,3,,
"POINT (-81.9382824 26.515654)",88241,8288176865,26.515654,-81.9382824,3,,
"POINT (-81.9383863 26.5156829)",88242,8288176867,26.5156829,-81.9383863,3,,
"POINT (-81.9360404 26.5141223)",88249,8288272433,26.5141223,-81.9360404,2,,
"POINT (-81.9356924 26.5141274)",88250,8288272435,26.5141274,-81.9356924,3,traffic_signals,
"POINT (-81.9371702 26.5140384)",88251,8288272436,26.5140384,-81.9371702,3,,
"POINT (-81.9604148 26.5136657)",88255,8288377996,26.5136657,-81.9604148,3,,
"POINT (-81.9604067 26.5132543)",88256,8288377997,26.5132543,-81.9604067,1,,
"POINT (-81.9589799 26.5144641)",88257,8288377998,26.5144641,-81.9589799,3,,
"POINT (-81.9586386 26.5150585)",88258,8288378010,26.5150585,-81.9586386,3,,
"POINT (-81.955056 26.5099348)",88260,8288430272,26.5099348,-81.955056,3,,
"POINT (-81.9555742 26.5097895)",88261,8288430279,26.5097895,-81.9555742,1,,
"POINT (-81.9705983 26.5157746)",88264,8288481973,26.5157746,-81.9705983,3,,
"POINT (-81.9710161 26.5170893)",88265,8288481998,26.5170893,-81.9710161,1,,
"POINT (-81.9700363 26.5157845)",88266,8288481999,26.5157845,-81.9700363,3,,
"POINT (-81.9707504 26.5166565)",88267,8288482015,26.5166565,-81.9707504,3,,
"POINT (-81.9484038 26.4933383)",88274,8288634317,26.4933383,-81.9484038,3,,
"POINT (-81.9481984 26.4929799)",88275,8288634323,26.4929799,-81.9481984,1,,
"POINT (-81.9736895 26.4931946)",88280,8288687069,26.4931946,-81.9736895,3,,
"POINT (-81.9730447 26.4932019)",88281,8288687072,26.4932019,-81.9730447,3,,
"POINT (-81.9734806 26.492839)",88282,8288687080,26.492839,-81.9734806,3,,
"POINT (-81.9736831 26.4928272)",88283,8288687081,26.4928272,-81.9736831,3,,
"POINT (-81.9735103 26.4931966)",88284,8288687084,26.4931966,-81.9735103,3,,
"POINT (-81.9440883 26.4847014)",88292,8288815999,26.4847014,-81.9440883,3,,
"POINT (-81.9509858 26.4677513)",88295,8288856664,26.4677513,-81.9509858,3,,
"POINT (-81.950989 26.4673023)",88296,8288856670,26.4673023,-81.950989,3,,
"POINT (-81.9466801 26.4962385)",88297,8288907125,26.4962385,-81.9466801,1,,
"POINT (-81.9466613 26.4965716)",88298,8288907128,26.4965716,-81.9466613,3,,
"POINT (-81.9467408 26.497145)",88299,8288907132,26.497145,-81.9467408,1,,
"POINT (-81.9464821 26.4965709)",88300,8288907133,26.4965709,-81.9464821,4,,
"POINT (-81.9373129 26.5230321)",88301,8288957125,26.5230321,-81.9373129,3,,
"POINT (-81.9370602 26.5226484)",88302,8288957128,26.5226484,-81.9370602,1,,
"POINT (-81.9433561 26.4931662)",88305,8289046889,26.4931662,-81.9433561,3,,
"POINT (-81.9445154 26.4935774)",88306,8289046898,26.4935774,-81.9445154,3,,
"POINT (-81.9295946 26.4437789)",88307,8289061909,26.4437789,-81.9295946,3,,
"POINT (-81.9291782 26.443492)",88308,8289061914,26.443492,-81.9291782,1,,
"POINT (-81.9455723 26.4578222)",88316,8289187852,26.4578222,-81.9455723,3,,
"POINT (-81.9508662 26.4906889)",88317,8289196490,26.4906889,-81.9508662,3,,
"POINT (-81.9509954 26.4915957)",88318,8289196493,26.4915957,-81.9509954,1,,
"POINT (-81.9751183 26.5005258)",88319,8289227254,26.5005258,-81.9751183,3,,
"POINT (-81.9753725 26.5006031)",88320,8289227257,26.5006031,-81.9753725,3,,
"POINT (-81.9197253 26.5274832)",88334,8290139771,26.5274832,-81.9197253,3,,
"POINT (-81.9201376 26.5274082)",88335,8290139774,26.5274082,-81.9201376,3,,
"POINT (-81.9625618 26.5132111)",88336,8290162756,26.5132111,-81.9625618,1,,
"POINT (-81.9626982 26.5136305)",88337,8290162763,26.5136305,-81.9626982,3,,
"POINT (-81.9514226 26.5022992)",88350,8291958047,26.5022992,-81.9514226,3,,
"POINT (-81.9509008 26.5020781)",88351,8291958054,26.5020781,-81.9509008,3,,
"POINT (-81.9569514 26.5244459)",88352,8291967432,26.5244459,-81.9569514,3,,
"POINT (-81.9565572 26.5242054)",88353,8291967434,26.5242054,-81.9565572,1,,
"POINT (-81.9434912 26.5140532)",88354,8291982207,26.5140532,-81.9434912,3,,
"POINT (-81.93405 26.5081609)",88355,8292010025,26.5081609,-81.93405,1,,
"POINT (-81.9336216 26.5084898)",88356,8292010032,26.5084898,-81.9336216,3,,
"POINT (-81.9677962 26.4982637)",88359,8292090594,26.4982637,-81.9677962,3,,
"POINT (-81.9680797 26.4982106)",88360,8292090597,26.4982106,-81.9680797,3,,
"POINT (-81.9682746 26.4980266)",88361,8292090601,26.4980266,-81.9682746,1,,
"POINT (-81.9677932 26.49808)",88362,8292090605,26.49808,-81.9677932,3,,
"POINT (-81.9315524 26.5019453)",88363,8292112681,26.5019453,-81.9315524,1,,
"POINT (-81.9455041 26.4535694)",88366,8292117455,26.4535694,-81.9455041,3,,
"POINT (-81.9457525 26.4537643)",88367,8292117458,26.4537643,-81.9457525,1,,
"POINT (-81.9349504 26.5157382)",88368,8292143730,26.5157382,-81.9349504,3,,
"POINT (-81.9344845 26.5166466)",88369,8292143739,26.5166466,-81.9344845,3,,
"POINT (-81.9395949 26.4945523)",88370,8292148313,26.4945523,-81.9395949,1,,
"POINT (-81.9516851 26.4791624)",88371,8292155295,26.4791624,-81.9516851,3,,
"POINT (-81.9516758 26.479027)",88372,8292155296,26.479027,-81.9516758,3,,
"POINT (-81.9522691 26.4790022)",88373,8292155298,26.4790022,-81.9522691,1,,
"POINT (-81.9512051 26.4789432)",88374,8292155303,26.4789432,-81.9512051,3,,
"POINT (-81.9521423 26.4790069)",88375,8292155304,26.4790069,-81.9521423,3,,
"POINT (-81.9521891 26.4791354)",88376,8292155305,26.4791354,-81.9521891,3,,
"POINT (-81.9505167 26.4602811)",88377,8292161645,26.4602811,-81.9505167,1,,
"POINT (-81.9468141 26.5087372)",88387,8323583095,26.5087372,-81.9468141,3,,
"POINT (-81.9468059 26.5081896)",88388,8323583096,26.5081896,-81.9468059,1,,
"POINT (-81.9683313 26.491562)",88608,8382597140,26.491562,-81.9683313,3,,
"POINT (-81.9680681 26.4915688)",88609,8382597142,26.4915688,-81.9680681,3,,
"POINT (-81.9685339 26.502945)",88613,8397721090,26.502945,-81.9685339,1,,
"POINT (-81.9678688 26.502945)",88614,8397721094,26.502945,-81.9678688,3,,
"POINT (-81.9485426 26.5234222)",88619,8403614576,26.5234222,-81.9485426,3,,
"POINT (-81.9485394 26.52323)",88620,8403614577,26.52323,-81.9485394,1,,
"POINT (-81.93072 26.4895912)",88621,8403681706,26.4895912,-81.93072,3,,
"POINT (-81.9307128 26.4885619)",88622,8403681710,26.4885619,-81.9307128,1,,
"POINT (-81.9770639 26.499711)",88624,8403725167,26.499711,-81.9770639,3,,
"POINT (-81.9770639 26.4994648)",88625,8403725168,26.4994648,-81.9770639,1,,
"POINT (-81.9766699 26.499718)",88626,8403725169,26.499718,-81.9766699,3,,
"POINT (-81.9766609 26.499467)",88627,8403725170,26.499467,-81.9766609,1,,
"POINT (-81.952279 26.5101527)",88628,8403790580,26.5101527,-81.952279,3,,
"POINT (-81.9522827 26.5099835)",88629,8403790583,26.5099835,-81.9522827,3,,
"POINT (-81.9450211 26.5058894)",88631,8403886921,26.5058894,-81.9450211,3,,
"POINT (-81.9654937 26.5021311)",88632,8404740392,26.5021311,-81.9654937,3,,
"POINT (-81.9659177 26.5018357)",88633,8404740395,26.5018357,-81.9659177,3,,
"POINT (-81.9640135 26.5021052)",88634,8404740396,26.5021052,-81.9640135,3,,
"POINT (-81.9639696 26.502732)",88635,8404740404,26.502732,-81.9639696,3,,
"POINT (-81.9570516 26.5150007)",88636,8404826310,26.5150007,-81.9570516,3,,
"POINT (-81.9566425 26.5151719)",88637,8404826315,26.5151719,-81.9566425,1,,
"POINT (-81.9589122 26.5133032)",88638,8404826316,26.5133032,-81.9589122,3,,
"POINT (-81.9457155 26.5198303)",88639,8404845219,26.5198303,-81.9457155,3,,
"POINT (-81.9458051 26.5215007)",88640,8404845226,26.5215007,-81.9458051,1,,
"POINT (-81.9589732 26.5132295)",88641,8404863817,26.5132295,-81.9589732,3,,
"POINT (-81.9455144 26.4979241)",88644,8404956518,26.4979241,-81.9455144,3,,
"POINT (-81.9456341 26.4977561)",88645,8404956522,26.4977561,-81.9456341,1,,
"POINT (-81.9463499 26.4977311)",88646,8404956525,26.4977311,-81.9463499,1,,
"POINT (-81.9465161 26.5001288)",88647,8404956526,26.5001288,-81.9465161,3,,
"POINT (-81.9464153 26.5001261)",88648,8404956527,26.5001261,-81.9464153,3,,
"POINT (-81.9464044 26.5002778)",88649,8404956529,26.5002778,-81.9464044,1,,
"POINT (-81.9463912 26.4999463)",88650,8404956532,26.4999463,-81.9463912,1,,
"POINT (-81.9455638 26.5001214)",88651,8404956533,26.5001214,-81.9455638,3,,
"POINT (-81.9456605 26.5001201)",88652,8404956534,26.5001201,-81.9456605,3,,
"POINT (-81.9457005 26.5002354)",88653,8404956537,26.5002354,-81.9457005,1,,
"POINT (-81.9456922 26.499974)",88654,8404956540,26.499974,-81.9456922,1,,
"POINT (-81.9454991 26.4972758)",88655,8404956541,26.4972758,-81.9454991,3,,
"POINT (-81.9455881 26.4972723)",88656,8404956542,26.4972723,-81.9455881,3,,
"POINT (-81.9456096 26.4974093)",88657,8404956544,26.4974093,-81.9456096,1,,
"POINT (-81.9456145 26.4970982)",88658,8404956547,26.4970982,-81.9456145,1,,
"POINT (-81.9463642 26.4972635)",88659,8404956548,26.4972635,-81.9463642,3,,
"POINT (-81.9463288 26.4971186)",88660,8404956551,26.4971186,-81.9463288,1,,
"POINT (-81.9463237 26.4974153)",88661,8404956553,26.4974153,-81.9463237,1,,
"POINT (-81.9463189 26.4965839)",88662,8404956554,26.4965839,-81.9463189,3,,
"POINT (-81.9462913 26.4964406)",88663,8404956556,26.4964406,-81.9462913,1,,
"POINT (-81.9463124 26.4967519)",88664,8404956559,26.4967519,-81.9463124,1,,
"POINT (-81.9454837 26.4966239)",88665,8404956560,26.4966239,-81.9454837,3,,
"POINT (-81.9455842 26.4966217)",88666,8404956561,26.4966217,-81.9455842,3,,
"POINT (-81.9456045 26.4967817)",88667,8404956564,26.4967817,-81.9456045,1,,
"POINT (-81.9456094 26.4964588)",88668,8404956566,26.4964588,-81.9456094,1,,
"POINT (-81.9465608 26.4960503)",88669,8404956567,26.4960503,-81.9465608,3,,
"POINT (-81.9462719 26.4959022)",88670,8404956572,26.4959022,-81.9462719,3,,
"POINT (-81.9455955 26.4959149)",88671,8404956573,26.4959149,-81.9455955,3,,
"POINT (-81.9454728 26.4961275)",88672,8404956577,26.4961275,-81.9454728,3,,
"POINT (-81.9463821 26.4996874)",88680,8405162177,26.4996874,-81.9463821,1,,
"POINT (-81.9463729 26.4993354)",88681,8405162178,26.4993354,-81.9463729,1,,
"POINT (-81.9465844 26.4995336)",88682,8405162179,26.4995336,-81.9465844,3,,
"POINT (-81.9463783 26.4995416)",88683,8405162180,26.4995416,-81.9463783,3,,
"POINT (-81.9551487 26.5190935)",88684,8405206864,26.5190935,-81.9551487,3,,
"POINT (-81.9482379 26.5009132)",88685,8405406644,26.5009132,-81.9482379,1,,
"POINT (-81.9481145 26.500754)",88686,8405406647,26.500754,-81.9481145,3,,
"POINT (-81.9505962 26.5014333)",88687,8405406648,26.5014333,-81.9505962,3,,
"POINT (-81.9505933 26.5012515)",88688,8405406649,26.5012515,-81.9505933,1,,
"POINT (-81.952256 26.4625723)",88697,8406747606,26.4625723,-81.952256,3,,
"POINT (-81.9528106 26.4627047)",88698,8406747607,26.4627047,-81.9528106,1,,
"POINT (-81.9638396 26.514902)",88699,8406856731,26.514902,-81.9638396,3,,
"POINT (-81.9633206 26.5148767)",88700,8406856733,26.5148767,-81.9633206,1,,
"POINT (-81.9410347 26.4875582)",88701,8406895193,26.4875582,-81.9410347,3,,
"POINT (-81.9404011 26.4875671)",88702,8406895200,26.4875671,-81.9404011,3,,
"POINT (-81.957732 26.5079975)",88705,8406901098,26.5079975,-81.957732,3,,
"POINT (-81.957195 26.5082349)",88706,8406901102,26.5082349,-81.957195,1,,
"POINT (-81.9399604 26.525034)",88714,8406944603,26.525034,-81.9399604,1,,
"POINT (-81.9757241 26.5020434)",88715,8406957848,26.5020434,-81.9757241,3,,
"POINT (-81.9756066 26.5020972)",88716,8406957850,26.5020972,-81.9756066,3,,
"POINT (-81.9776802 26.5015238)",88717,8406957861,26.5015238,-81.9776802,3,,
"POINT (-81.9776825 26.5017139)",88718,8406957862,26.5017139,-81.9776825,1,,
"POINT (-81.9472339 26.4824373)",88720,8407017076,26.4824373,-81.9472339,3,,
"POINT (-81.9467751 26.4820037)",88721,8407017078,26.4820037,-81.9467751,1,,
"POINT (-81.947096 26.482245)",88722,8407017080,26.482245,-81.947096,3,,
"POINT (-81.9469241 26.4823431)",88723,8407017081,26.4823431,-81.9469241,2,,
"POINT (-81.9469802 26.4825821)",88724,8407017083,26.4825821,-81.9469802,3,,
"POINT (-81.9730623 26.4980995)",88737,8407929789,26.4980995,-81.9730623,3,,
"POINT (-81.9726905 26.4987241)",88738,8407929798,26.4987241,-81.9726905,1,,
"POINT (-81.9711593 26.4974636)",88739,8407929799,26.4974636,-81.9711593,3,,
"POINT (-81.9713076 26.4977318)",88740,8407929802,26.4977318,-81.9713076,1,,
"POINT (-81.9714355 26.4976497)",88741,8407929805,26.4976497,-81.9714355,1,,
"POINT (-81.9819876 26.5026959)",88745,8410891085,26.5026959,-81.9819876,3,,
"POINT (-81.9818881 26.5022779)",88746,8410891098,26.5022779,-81.9818881,3,,
"POINT (-81.9410763 26.4931917)",88751,8411063042,26.4931917,-81.9410763,4,,
"POINT (-81.9404412 26.4931954)",88752,8411063043,26.4931954,-81.9404412,3,,
"POINT (-81.9458272 26.454061)",88753,8411625776,26.454061,-81.9458272,1,,
"POINT (-81.9819842 26.4976584)",88758,8411815728,26.4976584,-81.9819842,3,,
"POINT (-81.9816269 26.4985053)",88759,8411815729,26.4985053,-81.9816269,1,,
"POINT (-81.9814482 26.4984884)",88760,8411815731,26.4984884,-81.9814482,3,,
"POINT (-81.9815899 26.4988376)",88761,8411815735,26.4988376,-81.9815899,1,,
"POINT (-81.9813976 26.4988043)",88762,8411815736,26.4988043,-81.9813976,4,,
"POINT (-81.9811417 26.4988003)",88763,8411815737,26.4988003,-81.9811417,1,,
"POINT (-81.9811971 26.4989382)",88764,8411815738,26.4989382,-81.9811971,1,,
"POINT (-81.9813841 26.4989301)",88765,8411815739,26.4989301,-81.9813841,3,,
"POINT (-81.9812603 26.4992139)",88766,8411815740,26.4992139,-81.9812603,1,,
"POINT (-81.9814197 26.4991731)",88767,8411815741,26.4991731,-81.9814197,3,,
"POINT (-81.9696532 26.4983608)",88768,8411831027,26.4983608,-81.9696532,3,,
"POINT (-81.9693518 26.4981284)",88769,8411831029,26.4981284,-81.9693518,1,,
"POINT (-81.9635872 26.5030247)",88770,8411831030,26.5030247,-81.9635872,3,,
"POINT (-81.9631559 26.5025376)",88771,8411831032,26.5025376,-81.9631559,1,,
"POINT (-81.9717975 26.5157608)",88822,8452696882,26.5157608,-81.9717975,3,,
"POINT (-81.9716981 26.5162013)",88823,8452696887,26.5162013,-81.9716981,3,,
"POINT (-81.9596067 26.4935912)",88833,8577498226,26.4935912,-81.9596067,3,,
"POINT (-81.9596568 26.4936474)",88834,8577498229,26.4936474,-81.9596568,3,,
"POINT (-81.9596534 26.4936034)",88835,8577498233,26.4936034,-81.9596534,3,,
"POINT (-81.9599164 26.4935985)",88836,8577498234,26.4935985,-81.9599164,3,,
"POINT (-81.9447879 26.4838265)",88837,8594588503,26.4838265,-81.9447879,3,,
"POINT (-81.9442524 26.4834018)",88838,8594588508,26.4834018,-81.9442524,1,,
"POINT (-81.926948 26.5180732)",88841,8595401157,26.5180732,-81.926948,1,,
"POINT (-81.9589547 26.5149753)",88843,8631605801,26.5149753,-81.9589547,3,,
"POINT (-81.9591047 26.5151072)",88844,8631605802,26.5151072,-81.9591047,3,,
"POINT (-81.9386251 26.5307559)",88852,8670147136,26.5307559,-81.9386251,2,,
"POINT (-81.9384901 26.5307823)",88853,8670147140,26.5307823,-81.9384901,2,,
"POINT (-81.9476475 26.4594659)",88854,8704194476,26.4594659,-81.9476475,3,,
"POINT (-81.9474325 26.4594669)",88855,8704194477,26.4594669,-81.9474325,3,,
"POINT (-81.956672 26.5245253)",88856,8708796857,26.5245253,-81.956672,3,,
"POINT (-81.9564446 26.5247711)",88857,8708796858,26.5247711,-81.9564446,1,,
"POINT (-81.9513687 26.5278402)",88860,8770791941,26.5278402,-81.9513687,1,,
"POINT (-81.9512299 26.5274939)",88861,8770791942,26.5274939,-81.9512299,3,,
"POINT (-81.951463 26.5272857)",88862,8770791943,26.5272857,-81.951463,3,,
"POINT (-81.9513833 26.5273864)",88863,8770791950,26.5273864,-81.9513833,3,,
"POINT (-81.9365069 26.49305)",88864,8775835114,26.49305,-81.9365069,3,,
"POINT (-81.9365035 26.4928598)",88865,8775835115,26.4928598,-81.9365035,3,,
"POINT (-81.9441186 26.4961929)",88866,8775984628,26.4961929,-81.9441186,1,,
"POINT (-81.9438018 26.4961851)",88867,8775984629,26.4961851,-81.9438018,3,,
"POINT (-81.9343098 26.4451082)",88878,8776543597,26.4451082,-81.9343098,3,,
"POINT (-81.9340826 26.4449316)",88879,8776543600,26.4449316,-81.9340826,1,,
"POINT (-81.9322148 26.4469375)",88880,8776543601,26.4469375,-81.9322148,3,,
"POINT (-81.9318787 26.4473925)",88881,8776543607,26.4473925,-81.9318787,1,,
"POINT (-81.9423048 26.4931554)",88893,8776944745,26.4931554,-81.9423048,3,,
"POINT (-81.9418104 26.493171)",88894,8776944746,26.493171,-81.9418104,4,,
"POINT (-81.9427374 26.4927)",88895,8776944756,26.4927,-81.9427374,3,,
"POINT (-81.9590043 26.4567031)",88898,8793154921,26.4567031,-81.9590043,3,,
"POINT (-81.9592924 26.4569275)",88899,8793154923,26.4569275,-81.9592924,1,,
"POINT (-81.9518032 26.4642206)",88900,8793196277,26.4642206,-81.9518032,3,,
"POINT (-81.9522869 26.4645771)",88901,8793196282,26.4645771,-81.9522869,3,,
"POINT (-81.9516982 26.464603)",88902,8793196287,26.464603,-81.9516982,3,,
"POINT (-81.9525195 26.4649193)",88903,8793196288,26.4649193,-81.9525195,3,,
"POINT (-81.9399951 26.4476804)",88904,8793390779,26.4476804,-81.9399951,3,,
"POINT (-81.9402371 26.4471467)",88905,8793390781,26.4471467,-81.9402371,1,,
"POINT (-81.9374598 26.5303267)",88912,8793734050,26.5303267,-81.9374598,3,,
"POINT (-81.9376553 26.5308804)",88913,8793734056,26.5308804,-81.9376553,1,,
"POINT (-81.9582273 26.5150632)",88914,8793764194,26.5150632,-81.9582273,3,,
"POINT (-81.9582191 26.5151583)",88915,8793764195,26.5151583,-81.9582191,3,,
"POINT (-81.9448091 26.5079461)",88916,8793988975,26.5079461,-81.9448091,3,,
"POINT (-81.9463443 26.4829452)",88917,8794052334,26.4829452,-81.9463443,3,,
"POINT (-81.9460456 26.4824822)",88918,8794052336,26.4824822,-81.9460456,1,,
"POINT (-81.9462351 26.482785)",88919,8794052337,26.482785,-81.9462351,3,,
"POINT (-81.9460327 26.4831232)",88920,8794052340,26.4831232,-81.9460327,3,,
"POINT (-81.9321818 26.495343)",88925,8794097991,26.495343,-81.9321818,3,,
"POINT (-81.9321634 26.4947098)",88926,8794097992,26.4947098,-81.9321634,3,,
"POINT (-81.9321659 26.4948778)",88927,8794097993,26.4948778,-81.9321659,3,,
"POINT (-81.9328448 26.4946991)",88928,8794097995,26.4946991,-81.9328448,3,,
"POINT (-81.9326375 26.4948675)",88929,8794097996,26.4948675,-81.9326375,3,,
"POINT (-81.9326349 26.4947024)",88930,8794097997,26.4947024,-81.9326349,3,,
"POINT (-81.9323848 26.4948713)",88931,8794097998,26.4948713,-81.9323848,3,,
"POINT (-81.9323781 26.4947064)",88932,8794097999,26.4947064,-81.9323781,3,,
"POINT (-81.9266345 26.5212524)",88938,8794274246,26.5212524,-81.9266345,3,,
"POINT (-81.9262431 26.5217978)",88939,8794274252,26.5217978,-81.9262431,1,,
"POINT (-81.9472603 26.5152568)",88940,8794539264,26.5152568,-81.9472603,1,,
"POINT (-81.9460576 26.5165159)",88941,8794539275,26.5165159,-81.9460576,3,,
"POINT (-81.9682776 26.4943516)",88944,8794688411,26.4943516,-81.9682776,3,,
"POINT (-81.9682437 26.4948117)",88945,8794688415,26.4948117,-81.9682437,1,,
"POINT (-81.9481169 26.4589177)",88947,8796853443,26.4589177,-81.9481169,3,,
"POINT (-81.9478384 26.4584761)",88948,8796853449,26.4584761,-81.9478384,3,,
"POINT (-81.9743403 26.4997675)",88964,8897654263,26.4997675,-81.9743403,1,,
"POINT (-81.9553493 26.4654231)",88965,8900391071,26.4654231,-81.9553493,3,,
"POINT (-81.9553021 26.465325)",88966,8900391079,26.465325,-81.9553021,3,,
"POINT (-81.9555571 26.4652132)",88967,8900391080,26.4652132,-81.9555571,3,,
"POINT (-81.9556164 26.4653194)",88968,8900391081,26.4653194,-81.9556164,3,,
"POINT (-81.9743036 26.5044675)",88973,8984818092,26.5044675,-81.9743036,3,,
"POINT (-81.9741075 26.5044707)",88974,8984818101,26.5044707,-81.9741075,3,,
"POINT (-81.9403459 26.499364)",88988,9068789964,26.499364,-81.9403459,1,turning_loop,
"POINT (-81.9458098 26.4910203)",88989,9068789969,26.4910203,-81.9458098,1,turning_circle,
"POINT (-81.9421774 26.4805867)",88990,9068789972,26.4805867,-81.9421774,1,turning_loop,
"POINT (-81.946801 26.4538081)",88991,9072265089,26.4538081,-81.946801,1,turning_loop,
"POINT (-81.9295977 26.5126963)",89011,9355097893,26.5126963,-81.9295977,3,,
"POINT (-81.9274128 26.5114643)",89012,9355097894,26.5114643,-81.9274128,3,,
"POINT (-81.9504069 26.4514995)",89013,9391373725,26.4514995,-81.9504069,1,,
"POINT (-81.9432397 26.5196198)",89062,10021297556,26.5196198,-81.9432397,3,,
"POINT (-81.9436474 26.5197156)",89063,10021297560,26.5197156,-81.9436474,3,,
"POINT (-81.9447137 26.4884341)",89064,10021964336,26.4884341,-81.9447137,3,,
"POINT (-81.9450873 26.4884457)",89065,10021964340,26.4884457,-81.9450873,3,,
"POINT (-81.944726 26.5120642)",89066,10022533150,26.5120642,-81.944726,3,,
"POINT (-81.9447828 26.5121508)",89067,10022533152,26.5121508,-81.9447828,3,,
"POINT (-81.944347 26.4850397)",89072,10023889932,26.4850397,-81.944347,3,,
"POINT (-81.9439959 26.4848248)",89073,10023889933,26.4848248,-81.9439959,3,,
"POINT (-81.9442577 26.5178972)",89074,10024008596,26.5178972,-81.9442577,3,,
"POINT (-81.9445768 26.5175442)",89075,10024008601,26.5175442,-81.9445768,3,,
"POINT (-81.9445954 26.5173319)",89076,10024008604,26.5173319,-81.9445954,3,,
"POINT (-81.9446399 26.5176083)",89077,10024008605,26.5176083,-81.9446399,3,,
"POINT (-81.9538975 26.50893)",89078,10024131619,26.50893,-81.9538975,3,,
"POINT (-81.9808992 26.4938033)",89083,10028259145,26.4938033,-81.9808992,3,,
"POINT (-81.9800213 26.4938169)",89084,10028259146,26.4938169,-81.9800213,3,,
"POINT (-81.9800037 26.4943482)",89085,10028259147,26.4943482,-81.9800037,1,,
"POINT (-81.9800216 26.4937755)",89086,10028259148,26.4937755,-81.9800216,3,,
"POINT (-81.9812539 26.4940207)",89088,10028259174,26.4940207,-81.9812539,3,,
"POINT (-81.981937 26.494399)",89089,10028259180,26.494399,-81.981937,3,,
"POINT (-81.9819872 26.4942232)",89091,10028259182,26.4942232,-81.9819872,4,,
"POINT (-81.981275 26.4942215)",89092,10028259183,26.4942215,-81.981275,3,,
"POINT (-81.9809689 26.4939899)",89093,10028259188,26.4939899,-81.9809689,3,,
"POINT (-81.9806833 26.4938067)",89094,10028259192,26.4938067,-81.9806833,3,,
"POINT (-81.9336169 26.4953236)",89124,10168159455,26.4953236,-81.9336169,3,,
"POINT (-81.933611 26.4951324)",89125,10168159456,26.4951324,-81.933611,3,,
"POINT (-81.9336833 26.4946871)",89126,10168159459,26.4946871,-81.9336833,3,,
"POINT (-81.9332719 26.4951372)",89127,10168159460,26.4951372,-81.9332719,1,,
"POINT (-81.9371251 26.4945619)",89130,10241695048,26.4945619,-81.9371251,3,,
"POINT (-81.9374526 26.4951339)",89131,10241695051,26.4951339,-81.9374526,3,,
"POINT (-81.9374303 26.4945578)",89132,10241695052,26.4945578,-81.9374303,3,,
"POINT (-81.9375348 26.4945565)",89133,10241695056,26.4945565,-81.9375348,3,,
"POINT (-81.9374462 26.4949685)",89134,10241695059,26.4949685,-81.9374462,3,,
"POINT (-81.9340011 26.5113213)",89135,10560672207,26.5113213,-81.9340011,3,,
"POINT (-81.9339926 26.5110858)",89136,10560672208,26.5110858,-81.9339926,1,,
"POINT (-81.9192906 26.5227341)",89139,10734517283,26.5227341,-81.9192906,3,,
"POINT (-81.9192856 26.5226404)",89140,10734517284,26.5226404,-81.9192856,3,,
"POINT (-81.9456561 26.5022638)",89143,10856356744,26.5022638,-81.9456561,3,,
"POINT (-81.9456586 26.5024644)",89144,10856356745,26.5024644,-81.9456586,3,,
"POINT (-81.9375332 26.4930347)",89150,10904550100,26.4930347,-81.9375332,3,,
"POINT (-81.9373526 26.4931899)",89151,10904569614,26.4931899,-81.9373526,3,,
"POINT (-81.9406278 26.512138)",89152,11029473371,26.512138,-81.9406278,3,,
"POINT (-81.9405401 26.5122013)",89153,11029473372,26.5122013,-81.9405401,3,,
"POINT (-81.9432173 26.4911439)",89154,11043605608,26.4911439,-81.9432173,3,,
"POINT (-81.9429284 26.4911415)",89155,11043605609,26.4911415,-81.9429284,3,,
"POINT (-81.9429318 26.4913525)",89156,11043605610,26.4913525,-81.9429318,1,,
"POINT (-81.9429934 26.4907001)",89157,11043605616,26.4907001,-81.9429934,1,,
"POINT (-81.9429869 26.4907829)",89158,11043605617,26.4907829,-81.9429869,3,,
"POINT (-81.9500704 26.4972634)",89159,11104673914,26.4972634,-81.9500704,1,,
"POINT (-81.9498444 26.4982481)",89160,11104673915,26.4982481,-81.9498444,3,,
"POINT (-81.9500907 26.497999)",89161,11104673917,26.497999,-81.9500907,1,,
"POINT (-81.9500231 26.498178)",89162,11104673918,26.498178,-81.9500231,3,,
"POINT (-81.9498837 26.4981359)",89163,11104673919,26.4981359,-81.9498837,3,,
"POINT (-81.9450106 26.5010706)",89164,11149512850,26.5010706,-81.9450106,3,,
"POINT (-81.943983 26.5010834)",89165,11149512852,26.5010834,-81.943983,3,,
"POINT (-81.9438104 26.5010889)",89166,11149512855,26.5010889,-81.9438104,3,,
"POINT (-81.9531671 26.4585484)",89168,11458897845,26.4585484,-81.9531671,3,,
"POINT (-81.9531941 26.4584251)",89169,11458897846,26.4584251,-81.9531941,3,,
"POINT (-81.9528029 26.4584771)",89170,11458897851,26.4584771,-81.9528029,3,,
"POINT (-81.9532743 26.4584346)",89171,11458897852,26.4584346,-81.9532743,3,,
"POINT (-81.9535515 26.4584581)",89172,11458897854,26.4584581,-81.9535515,1,,
"POINT (-81.9298737 26.5094356)",89173,11486139695,26.5094356,-81.9298737,3,,
"POINT (-81.9293167 26.5095902)",89174,11486139698,26.5095902,-81.9293167,3,,
"POINT (-81.9274423 26.5101877)",89175,11486139705,26.5101877,-81.9274423,3,,
"POINT (-81.9345649 26.5000242)",89176,11524308152,26.5000242,-81.9345649,3,,
"POINT (-81.9525063 26.4589857)",89177,11696334035,26.4589857,-81.9525063,3,,
"POINT (-81.952934 26.4592556)",89178,11696334036,26.4592556,-81.952934,4,,
"POINT (-81.9524336 26.4592968)",89179,11696334039,26.4592968,-81.9524336,3,,
"POINT (-81.9521833 26.4596169)",89180,11696334044,26.4596169,-81.9521833,1,,
"POINT (-81.9528432 26.4521032)",89181,11905992715,26.4521032,-81.9528432,3,,
"POINT (-81.953025 26.4515932)",89182,11905992717,26.4515932,-81.953025,1,,
"POINT (-81.9450082 26.5155845)",89183,11912226759,26.5155845,-81.9450082,3,,
"POINT (-81.93139 26.4952518)",89184,12003541741,26.4952518,-81.93139,3,,
"POINT (-81.9314579 26.4946708)",89185,12003541742,26.4946708,-81.9314579,3,,
